ISO-10303-21;
HEADER;
FILE_DESCRIPTION (( 'STEP AP214' ),
    '1' );
FILE_NAME ('4inch P4C5г╟©г-V1.0.STEP',
    '2026-08-17T10:13:49',
    ( 'Windows User' ),
    ( 'P R C' ),
    'SwSTEP 2.0',
    'SolidWorks 2022',
    '' );
FILE_SCHEMA (( 'AUTOMOTIVE_DESIGN' ));
ENDSEC;

DATA;
#1 = DIRECTION ( 'NONE',  ( 0.000000000000000000, 0.000000000000000000, -1.000000000000000000 ) ) ;
#2 = LINE ( 'NONE', #2762, #657 ) ;
#3 = CARTESIAN_POINT ( 'NONE',  ( 22.95000000000000284, 39.40948300754050848, 16.94999999999999929 ) ) ;
#4 = EDGE_CURVE ( 'NONE', #726, #3590, #1604, .T. ) ;
#5 = ORIENTED_EDGE ( 'NONE', *, *, #782, .F. ) ;
#6 = ORIENTED_EDGE ( 'NONE', *, *, #1325, .F. ) ;
#7 = CARTESIAN_POINT ( 'NONE',  ( 41.45000000000000284, 39.40948300754050848, 42.05481555856610498 ) ) ;
#8 = FACE_OUTER_BOUND ( 'NONE', #674, .T. ) ;
#9 = VERTEX_POINT ( 'NONE', #3515 ) ;
#10 = ADVANCED_FACE ( 'NONE', ( #3909 ), #5050, .T. ) ;
#11 = ORIENTED_EDGE ( 'NONE', *, *, #1738, .T. ) ;
#12 = CYLINDRICAL_SURFACE ( 'NONE', #5102, 1.299999999999999156 ) ;
#13 = DIRECTION ( 'NONE',  ( 0.000000000000000000, 0.000000000000000000, -1.000000000000000000 ) ) ;
#14 = LINE ( 'NONE', #1602, #4166 ) ;
#15 = VECTOR ( 'NONE', #3336, 1000.000000000000000 ) ;
#16 = DIRECTION ( 'NONE',  ( 0.000000000000000000, -1.000000000000000000, 0.000000000000000000 ) ) ;
#17 = VECTOR ( 'NONE', #4277, 1000.000000000000000 ) ;
#18 = EDGE_CURVE ( 'NONE', #1136, #1682, #2710, .T. ) ;
#19 = ORIENTED_EDGE ( 'NONE', *, *, #552, .T. ) ;
#20 = CARTESIAN_POINT ( 'NONE',  ( 42.05481555856604814, 39.40948300754050848, -41.45000000000000284 ) ) ;
#21 = EDGE_CURVE ( 'NONE', #4364, #1136, #4428, .T. ) ;
#22 = VECTOR ( 'NONE', #1701, 1000.000000000000000 ) ;
#23 = CARTESIAN_POINT ( 'NONE',  ( -40.95000000000001705, 39.11936130527004707, -31.74246572073424133 ) ) ;
#24 = CARTESIAN_POINT ( 'NONE',  ( 40.95000000000000284, 39.38228415664677584, -28.96495106215510162 ) ) ;
#25 = DIRECTION ( 'NONE',  ( 0.000000000000000000, -1.000000000000000000, 0.000000000000000000 ) ) ;
#26 = VERTEX_POINT ( 'NONE', #2257 ) ;
#27 = EDGE_CURVE ( 'NONE', #9, #1906, #4764, .T. ) ;
#28 = EDGE_LOOP ( 'NONE', ( #3879, #739, #4710, #2327 ) ) ;
#29 = DIRECTION ( 'NONE',  ( 1.000000000000000000, 0.000000000000000000, 0.000000000000000000 ) ) ;
#30 = CARTESIAN_POINT ( 'NONE',  ( -40.95000000000000284, 39.34533389498477618, 32.70017178299188743 ) ) ;
#31 = FACE_BOUND ( 'NONE', #1590, .T. ) ;
#32 = VERTEX_POINT ( 'NONE', #704 ) ;
#33 = VERTEX_POINT ( 'NONE', #2738 ) ;
#34 = LINE ( 'NONE', #1566, #4473 ) ;
#35 = AXIS2_PLACEMENT_3D ( 'NONE', #3921, #1071, #1544 ) ;
#36 = CARTESIAN_POINT ( 'NONE',  ( -22.95000000000000284, 39.40948300754050848, 17.94999999999999929 ) ) ;
#37 = ORIENTED_EDGE ( 'NONE', *, *, #2882, .F. ) ;
#38 = CARTESIAN_POINT ( 'NONE',  ( 37.75000000000000000, 37.40948300754050138, 32.95000000000000284 ) ) ;
#39 = DIRECTION ( 'NONE',  ( 0.000000000000000000, -0.9986295347545739443, -0.05233595624294379994 ) ) ;
#40 = CARTESIAN_POINT ( 'NONE',  ( -30.94999999999999929, 39.40948300754050848, 6.949999999999999289 ) ) ;
#41 = CARTESIAN_POINT ( 'NONE',  ( 22.95000000000000284, 39.40948300754050848, 17.44999999999999929 ) ) ;
#42 = FACE_OUTER_BOUND ( 'NONE', #4019, .T. ) ;
#43 = LINE ( 'NONE', #3614, #2066 ) ;
#44 = CARTESIAN_POINT ( 'NONE',  ( 40.95000000000000284, 39.40948300754050848, -28.55000000000000071 ) ) ;
#45 = EDGE_CURVE ( 'NONE', #2161, #1497, #3680, .T. ) ;
#46 = DIRECTION ( 'NONE',  ( 0.000000000000000000, 0.000000000000000000, -1.000000000000000000 ) ) ;
#47 = ORIENTED_EDGE ( 'NONE', *, *, #562, .T. ) ;
#48 = EDGE_CURVE ( 'NONE', #935, #2554, #272, .T. ) ;
#49 = ORIENTED_EDGE ( 'NONE', *, *, #1033, .T. ) ;
#50 = DIRECTION ( 'NONE',  ( 0.000000000000000000, 0.000000000000000000, -1.000000000000000000 ) ) ;
#51 = ADVANCED_FACE ( 'NONE', ( #3066 ), #440, .F. ) ;
#52 = DIRECTION ( 'NONE',  ( 0.000000000000000000, 0.000000000000000000, 1.000000000000000000 ) ) ;
#53 = EDGE_CURVE ( 'NONE', #5140, #3575, #3938, .T. ) ;
#54 = ORIENTED_EDGE ( 'NONE', *, *, #1528, .T. ) ;
#55 = PLANE ( 'NONE',  #1097 ) ;
#56 = ORIENTED_EDGE ( 'NONE', *, *, #3822, .F. ) ;
#57 = ORIENTED_EDGE ( 'NONE', *, *, #2023, .F. ) ;
#58 = CARTESIAN_POINT ( 'NONE',  ( -37.75000000000000000, 38.40948300754050138, -27.94999999999999929 ) ) ;
#59 = ADVANCED_FACE ( 'NONE', ( #1868 ), #2685, .F. ) ;
#60 = CARTESIAN_POINT ( 'NONE',  ( 40.75000000000000000, 47.95948300754049853, -40.75000000000000000 ) ) ;
#61 = EDGE_LOOP ( 'NONE', ( #1459, #2705, #3592, #876 ) ) ;
#62 = CIRCLE ( 'NONE', #2806, 2.499999999999998668 ) ;
#63 = DIRECTION ( 'NONE',  ( 0.000000000000000000, 1.000000000000000000, 0.000000000000000000 ) ) ;
#64 = DIRECTION ( 'NONE',  ( 0.000000000000000000, 0.000000000000000000, -1.000000000000000000 ) ) ;
#65 = LINE ( 'NONE', #1652, #3916 ) ;
#66 = AXIS2_PLACEMENT_3D ( 'NONE', #1654, #4362, #407 ) ;
#67 = CARTESIAN_POINT ( 'NONE',  ( 37.75000000000000000, 38.40948300754050138, -33.95000000000000284 ) ) ;
#68 = AXIS2_PLACEMENT_3D ( 'NONE', #3183, #1274, #4771 ) ;
#69 = ORIENTED_EDGE ( 'NONE', *, *, #1313, .T. ) ;
#70 = ADVANCED_FACE ( 'NONE', ( #5003 ), #3878, .F. ) ;
#71 = CARTESIAN_POINT ( 'NONE',  ( 18.25000000000000000, 44.94526944516740485, -15.24999999999999112 ) ) ;
#72 = AXIS2_PLACEMENT_3D ( 'NONE', #1285, #3688, #2493 ) ;
#73 = DIRECTION ( 'NONE',  ( 1.000000000000000000, 0.000000000000000000, 0.000000000000000000 ) ) ;
#74 = CARTESIAN_POINT ( 'NONE',  ( 40.95000000000000995, 39.24858921248492294, -32.25099416285218012 ) ) ;
#75 = DIRECTION ( 'NONE',  ( 0.000000000000000000, 1.000000000000000000, 0.000000000000000000 ) ) ;
#76 = ORIENTED_EDGE ( 'NONE', *, *, #3757, .T. ) ;
#77 = ORIENTED_EDGE ( 'NONE', *, *, #89, .T. ) ;
#78 = VECTOR ( 'NONE', #280, 1000.000000000000000 ) ;
#79 = DIRECTION ( 'NONE',  ( 0.000000000000000000, -1.000000000000000000, 0.000000000000000000 ) ) ;
#80 = FACE_OUTER_BOUND ( 'NONE', #1535, .T. ) ;
#81 = ADVANCED_FACE ( 'NONE', ( #310 ), #3800, .F. ) ;
#82 = DIRECTION ( 'NONE',  ( 0.000000000000000000, -1.000000000000000000, 0.000000000000000000 ) ) ;
#83 = ORIENTED_EDGE ( 'NONE', *, *, #4121, .F. ) ;
#84 = DIRECTION ( 'NONE',  ( 0.000000000000000000, 0.000000000000000000, -1.000000000000000000 ) ) ;
#85 = LINE ( 'NONE', #2921, #4148 ) ;
#86 = EDGE_LOOP ( 'NONE', ( #226, #3654, #4761, #801 ) ) ;
#87 = CIRCLE ( 'NONE', #3161, 0.5000000000000004441 ) ;
#88 = VECTOR ( 'NONE', #2621, 1000.000000000000000 ) ;
#89 = EDGE_CURVE ( 'NONE', #3565, #2744, #3762, .T. ) ;
#90 = DIRECTION ( 'NONE',  ( 0.000000000000000000, -1.000000000000000000, 0.000000000000000000 ) ) ;
#91 = CARTESIAN_POINT ( 'NONE',  ( 41.45000000000000284, 49.40948300754050138, -42.95000000000000284 ) ) ;
#92 = CIRCLE ( 'NONE', #4650, 1.500000000000001332 ) ;
#93 = DIRECTION ( 'NONE',  ( 1.000000000000000000, 0.000000000000000000, -4.336808689942015271E-16 ) ) ;
#94 = DIRECTION ( 'NONE',  ( 1.000000000000000000, 0.000000000000000000, 0.000000000000000000 ) ) ;
#95 = ORIENTED_EDGE ( 'NONE', *, *, #2485, .T. ) ;
#96 = DIRECTION ( 'NONE',  ( 0.000000000000000000, 0.000000000000000000, -1.000000000000000000 ) ) ;
#97 = CARTESIAN_POINT ( 'NONE',  ( -39.25000000000000000, 45.35948300754050422, 41.14999999999999858 ) ) ;
#98 = DIRECTION ( 'NONE',  ( 0.000000000000000000, -1.000000000000000000, 0.000000000000000000 ) ) ;
#99 = CARTESIAN_POINT ( 'NONE',  ( 40.95000000000000284, 39.33805535248217922, -32.66045546811152178 ) ) ;
#100 = FACE_BOUND ( 'NONE', #4463, .T. ) ;
#101 = ORIENTED_EDGE ( 'NONE', *, *, #302, .T. ) ;
#102 = VERTEX_POINT ( 'NONE', #1112 ) ;
#103 = CIRCLE ( 'NONE', #3086, 0.5000000000000000000 ) ;
#104 = DIRECTION ( 'NONE',  ( 1.000000000000000000, 0.000000000000000000, 0.000000000000000000 ) ) ;
#105 = CARTESIAN_POINT ( 'NONE',  ( -40.95000000000000995, 39.19747092888047746, 32.05296618882176318 ) ) ;
#106 = VERTEX_POINT ( 'NONE', #5026 ) ;
#107 = VECTOR ( 'NONE', #1951, 1000.000000000000000 ) ;
#108 = CARTESIAN_POINT ( 'NONE',  ( -3.348079085118084916E-15, 45.35948300754050422, -3.050000000000000266 ) ) ;
#109 = AXIS2_PLACEMENT_3D ( 'NONE', #4943, #4211, #1051 ) ;
#110 = ADVANCED_FACE ( 'NONE', ( #4292 ), #4627, .F. ) ;
#111 = CARTESIAN_POINT ( 'NONE',  ( 30.64999999999999858, 36.40948300754050138, -29.85000000000000142 ) ) ;
#112 = ORIENTED_EDGE ( 'NONE', *, *, #942, .F. ) ;
#113 = EDGE_CURVE ( 'NONE', #3463, #4116, #679, .T. ) ;
#114 = ORIENTED_EDGE ( 'NONE', *, *, #1703, .F. ) ;
#115 = AXIS2_PLACEMENT_3D ( 'NONE', #1493, #1079, #298 ) ;
#116 = CARTESIAN_POINT ( 'NONE',  ( -18.25000000000000000, 41.15948300754050138, -15.25000000000000000 ) ) ;
#117 = CARTESIAN_POINT ( 'NONE',  ( -22.95000000000000284, 45.35948300754050422, 7.450000000000000178 ) ) ;
#118 = DIRECTION ( 'NONE',  ( -1.000000000000000000, 0.000000000000000000, 0.000000000000000000 ) ) ;
#119 = EDGE_CURVE ( 'NONE', #879, #922, #1245, .T. ) ;
#120 = CARTESIAN_POINT ( 'NONE',  ( 40.95000000000003126, 39.01650571233554388, 30.73264490763975587 ) ) ;
#121 = ORIENTED_EDGE ( 'NONE', *, *, #2776, .F. ) ;
#122 = DIRECTION ( 'NONE',  ( 0.000000000000000000, 0.000000000000000000, -1.000000000000000000 ) ) ;
#123 = CARTESIAN_POINT ( 'NONE',  ( 42.95000000000000284, 49.40948300754050138, -42.95000000000000284 ) ) ;
#124 = DIRECTION ( 'NONE',  ( 0.000000000000000000, 0.000000000000000000, -1.000000000000000000 ) ) ;
#125 = CARTESIAN_POINT ( 'NONE',  ( -42.95000000000000284, 49.40948300754050138, 41.45000000000000284 ) ) ;
#126 = CARTESIAN_POINT ( 'NONE',  ( -40.95000000000000284, 39.40948300754050848, 41.45000000000000284 ) ) ;
#127 = ORIENTED_EDGE ( 'NONE', *, *, #1385, .F. ) ;
#128 = FACE_OUTER_BOUND ( 'NONE', #2917, .T. ) ;
#129 = CARTESIAN_POINT ( 'NONE',  ( -40.95000000000000284, 39.32240143157338963, 32.57918109131197326 ) ) ;
#130 = VERTEX_POINT ( 'NONE', #1272 ) ;
#131 = ORIENTED_EDGE ( 'NONE', *, *, #1509, .T. ) ;
#132 = EDGE_CURVE ( 'NONE', #4370, #2110, #855, .T. ) ;
#133 = CARTESIAN_POINT ( 'NONE',  ( -40.75000000000000000, 47.95948300754049853, 42.25000000000000000 ) ) ;
#134 = PLANE ( 'NONE',  #4724 ) ;
#135 = ORIENTED_EDGE ( 'NONE', *, *, #1115, .T. ) ;
#136 = ORIENTED_EDGE ( 'NONE', *, *, #3797, .T. ) ;
#137 = DIRECTION ( 'NONE',  ( 0.000000000000000000, 0.000000000000000000, 1.000000000000000000 ) ) ;
#138 = DIRECTION ( 'NONE',  ( 0.000000000000000000, 0.000000000000000000, 1.000000000000000000 ) ) ;
#139 = CARTESIAN_POINT ( 'NONE',  ( -18.25000000000000000, 43.25948300754050280, 24.25000000000000000 ) ) ;
#140 = CARTESIAN_POINT ( 'NONE',  ( 40.95000000000002416, 39.22822925777873593, 32.17328299958295190 ) ) ;
#141 = VECTOR ( 'NONE', #887, 1000.000000000000000 ) ;
#142 = ORIENTED_EDGE ( 'NONE', *, *, #813, .T. ) ;
#143 = LINE ( 'NONE', #2932, #1191 ) ;
#144 = CARTESIAN_POINT ( 'NONE',  ( -30.94999999999999929, 49.40948300754050138, -12.05000000000000071 ) ) ;
#145 = CARTESIAN_POINT ( 'NONE',  ( 30.64999999999999858, 36.40948300754050138, -29.85000000000000142 ) ) ;
#146 = ORIENTED_EDGE ( 'NONE', *, *, #2561, .T. ) ;
#147 = AXIS2_PLACEMENT_3D ( 'NONE', #4812, #4469, #800 ) ;
#148 = CARTESIAN_POINT ( 'NONE',  ( 22.95000000000000284, 39.40948300754050848, 6.949999999999999289 ) ) ;
#149 = DIRECTION ( 'NONE',  ( 0.000000000000000000, 0.000000000000000000, -1.000000000000000000 ) ) ;
#150 = CIRCLE ( 'NONE', #230, 0.6048155585660839328 ) ;
#151 = ORIENTED_EDGE ( 'NONE', *, *, #3405, .T. ) ;
#152 = VECTOR ( 'NONE', #473, 1000.000000000000000 ) ;
#153 = CARTESIAN_POINT ( 'NONE',  ( -22.95000000000000284, 39.40948300754050848, -22.55000000000000071 ) ) ;
#154 = ADVANCED_FACE ( 'NONE', ( #1561, #758 ), #2033, .T. ) ;
#155 = DIRECTION ( 'NONE',  ( 0.000000000000000000, 1.000000000000000000, 0.000000000000000000 ) ) ;
#156 = CIRCLE ( 'NONE', #1145, 2.499999999999998668 ) ;
#157 = ORIENTED_EDGE ( 'NONE', *, *, #2052, .T. ) ;
#158 = CARTESIAN_POINT ( 'NONE',  ( -40.95000000000000995, 39.35622461932108251, -32.76270409108522585 ) ) ;
#159 = CIRCLE ( 'NONE', #2402, 3.999999999999996447 ) ;
#160 = DIRECTION ( 'NONE',  ( -1.000000000000000000, 0.000000000000000000, 2.423362248163175334E-16 ) ) ;
#161 = ORIENTED_EDGE ( 'NONE', *, *, #4536, .T. ) ;
#162 = VERTEX_POINT ( 'NONE', #3 ) ;
#163 = DIRECTION ( 'NONE',  ( 0.000000000000000000, -1.000000000000000000, 0.000000000000000000 ) ) ;
#164 = DIRECTION ( 'NONE',  ( -1.000000000000000000, 0.000000000000000000, -4.336808689942015271E-16 ) ) ;
#165 = CARTESIAN_POINT ( 'NONE',  ( -37.75000000000000000, 38.00948300754050280, -30.20000000000000284 ) ) ;
#166 = VECTOR ( 'NONE', #4962, 1000.000000000000000 ) ;
#167 = CARTESIAN_POINT ( 'NONE',  ( 40.95000000000002416, 39.21342093681928986, 29.78495555464958855 ) ) ;
#168 = EDGE_LOOP ( 'NONE', ( #1299, #3695, #4582, #5028, #1716, #4453 ) ) ;
#169 = CARTESIAN_POINT ( 'NONE',  ( 37.75000000000000000, 37.40948300754050138, -30.94999999999999929 ) ) ;
#170 = DIRECTION ( 'NONE',  ( 0.000000000000000000, 1.000000000000000000, 0.000000000000000000 ) ) ;
#171 = DIRECTION ( 'NONE',  ( 1.000000000000000000, 0.000000000000000000, 0.000000000000000000 ) ) ;
#172 = LINE ( 'NONE', #3345, #2749 ) ;
#173 = FACE_OUTER_BOUND ( 'NONE', #2825, .T. ) ;
#174 = EDGE_CURVE ( 'NONE', #106, #1906, #1589, .T. ) ;
#175 = ADVANCED_FACE ( 'NONE', ( #419, #31, #2057, #3598, #3231, #3542, #2418, #1617, #3207, #470, #1666 ), #55, .T. ) ;
#176 = ORIENTED_EDGE ( 'NONE', *, *, #1142, .F. ) ;
#177 = CARTESIAN_POINT ( 'NONE',  ( 24.25000000000000000, 43.25948300754050280, 19.46392568124259981 ) ) ;
#178 = CARTESIAN_POINT ( 'NONE',  ( 37.75000000000000000, 39.40948300754050848, 30.94999999999999929 ) ) ;
#179 = VECTOR ( 'NONE', #3972, 1000.000000000000000 ) ;
#180 = EDGE_CURVE ( 'NONE', #1081, #4375, #3255, .T. ) ;
#181 = AXIS2_PLACEMENT_3D ( 'NONE', #2272, #4667, #2293 ) ;
#182 = ORIENTED_EDGE ( 'NONE', *, *, #3582, .T. ) ;
#183 = DIRECTION ( 'NONE',  ( 1.000000000000000000, 0.000000000000000000, 0.000000000000000000 ) ) ;
#184 = AXIS2_PLACEMENT_3D ( 'NONE', #1278, #189, #1779 ) ;
#185 = CARTESIAN_POINT ( 'NONE',  ( -19.25000000000000000, 44.35948300754050422, 19.46392568124259981 ) ) ;
#186 = VERTEX_POINT ( 'NONE', #2368 ) ;
#187 = EDGE_LOOP ( 'NONE', ( #2414, #1640 ) ) ;
#188 = LINE ( 'NONE', #2975, #1257 ) ;
#189 = DIRECTION ( 'NONE',  ( 0.000000000000000000, -1.000000000000000000, 0.000000000000000000 ) ) ;
#190 = AXIS2_PLACEMENT_3D ( 'NONE', #2963, #622, #1816 ) ;
#191 = CARTESIAN_POINT ( 'NONE',  ( -32.25000000000000000, 43.25948300754050280, 41.14999999999999858 ) ) ;
#192 = CARTESIAN_POINT ( 'NONE',  ( 40.95000000000003126, 39.01805232408924695, 31.15380003010909959 ) ) ;
#193 = ORIENTED_EDGE ( 'NONE', *, *, #1997, .T. ) ;
#194 = VECTOR ( 'NONE', #1885, 1000.000000000000000 ) ;
#195 = EDGE_LOOP ( 'NONE', ( #2565, #1986 ) ) ;
#196 = PLANE ( 'NONE',  #4858 ) ;
#197 = DIRECTION ( 'NONE',  ( 1.000000000000000000, 0.000000000000000000, 0.000000000000000000 ) ) ;
#198 = DIRECTION ( 'NONE',  ( 0.000000000000000000, 0.000000000000000000, 1.000000000000000000 ) ) ;
#199 = AXIS2_PLACEMENT_3D ( 'NONE', #4252, #1855, #1907 ) ;
#200 = DIRECTION ( 'NONE',  ( 0.000000000000000000, -1.000000000000000000, 0.000000000000000000 ) ) ;
#201 = ORIENTED_EDGE ( 'NONE', *, *, #1710, .T. ) ;
#202 = EDGE_CURVE ( 'NONE', #2137, #2893, #2940, .T. ) ;
#203 = DIRECTION ( 'NONE',  ( 0.000000000000000000, 1.000000000000000000, 0.000000000000000000 ) ) ;
#204 = CARTESIAN_POINT ( 'NONE',  ( -22.95000000000000284, 49.40948300754050138, -13.05000000000000071 ) ) ;
#205 = EDGE_CURVE ( 'NONE', #3091, #4069, #4851, .T. ) ;
#206 = ORIENTED_EDGE ( 'NONE', *, *, #2590, .T. ) ;
#207 = ADVANCED_FACE ( 'NONE', ( #1195 ), #2817, .T. ) ;
#208 = LINE ( 'NONE', #2576, #5054 ) ;
#209 = EDGE_CURVE ( 'NONE', #2820, #2841, #2792, .T. ) ;
#210 = DIRECTION ( 'NONE',  ( 0.000000000000000000, 0.000000000000000000, -1.000000000000000000 ) ) ;
#211 = ORIENTED_EDGE ( 'NONE', *, *, #3578, .F. ) ;
#212 = VERTEX_POINT ( 'NONE', #3940 ) ;
#213 = CARTESIAN_POINT ( 'NONE',  ( -12.25000000000000000, 35.85948300754049711, -36.75000000000000000 ) ) ;
#214 = ADVANCED_FACE ( 'NONE', ( #2765 ), #2450, .F. ) ;
#215 = CARTESIAN_POINT ( 'NONE',  ( -40.95000000000000284, 39.17497464688475617, 29.93764355142287670 ) ) ;
#216 = CARTESIAN_POINT ( 'NONE',  ( 37.75000000000000000, 37.40948300754050138, 33.95000000000000284 ) ) ;
#217 = CARTESIAN_POINT ( 'NONE',  ( 40.95000000000002416, 39.36911875541631645, 32.84300533986039738 ) ) ;
#218 = ORIENTED_EDGE ( 'NONE', *, *, #2615, .T. ) ;
#219 = VERTEX_POINT ( 'NONE', #3962 ) ;
#220 = EDGE_CURVE ( 'NONE', #2340, #4917, #4374, .T. ) ;
#221 = CARTESIAN_POINT ( 'NONE',  ( -22.95000000000000284, 45.35948300754050422, 7.950000000000000178 ) ) ;
#222 = DIRECTION ( 'NONE',  ( 0.000000000000000000, 0.000000000000000000, -1.000000000000000000 ) ) ;
#223 = FACE_OUTER_BOUND ( 'NONE', #998, .T. ) ;
#224 = DIRECTION ( 'NONE',  ( -1.674039542559039894E-16, 0.000000000000000000, -1.000000000000000000 ) ) ;
#225 = EDGE_CURVE ( 'NONE', #2684, #3993, #1691, .T. ) ;
#226 = ORIENTED_EDGE ( 'NONE', *, *, #4012, .F. ) ;
#227 = DIRECTION ( 'NONE',  ( 0.000000000000000000, 0.000000000000000000, 1.000000000000000000 ) ) ;
#228 = CIRCLE ( 'NONE', #3302, 1.300000000000002487 ) ;
#229 = FACE_OUTER_BOUND ( 'NONE', #2453, .T. ) ;
#230 = AXIS2_PLACEMENT_3D ( 'NONE', #3110, #3059, #3499 ) ;
#231 = AXIS2_PLACEMENT_3D ( 'NONE', #2713, #4658, #1871 ) ;
#232 = ORIENTED_EDGE ( 'NONE', *, *, #1500, .F. ) ;
#233 = CARTESIAN_POINT ( 'NONE',  ( 42.25000000000000000, 49.40948300754050138, -40.75000000000000000 ) ) ;
#234 = AXIS2_PLACEMENT_3D ( 'NONE', #628, #1504, #3093 ) ;
#235 = AXIS2_PLACEMENT_3D ( 'NONE', #2361, #3825, #3433 ) ;
#236 = CARTESIAN_POINT ( 'NONE',  ( 30.94999999999999929, 49.40948300754050138, 7.450000000000000178 ) ) ;
#237 = CARTESIAN_POINT ( 'NONE',  ( 37.75000000000000000, 36.40948300754050138, 30.94999999999999929 ) ) ;
#238 = ADVANCED_FACE ( 'NONE', ( #2085 ), #4452, .F. ) ;
#239 = ORIENTED_EDGE ( 'NONE', *, *, #3323, .T. ) ;
#240 = VECTOR ( 'NONE', #1341, 1000.000000000000000 ) ;
#241 = FACE_OUTER_BOUND ( 'NONE', #4863, .T. ) ;
#242 = DIRECTION ( 'NONE',  ( 0.000000000000000000, -1.000000000000000000, 0.000000000000000000 ) ) ;
#243 = DIRECTION ( 'NONE',  ( -1.000000000000000000, 0.000000000000000000, 1.674039542559039894E-16 ) ) ;
#244 = DIRECTION ( 'NONE',  ( 0.000000000000000000, 0.000000000000000000, -1.000000000000000000 ) ) ;
#245 = VERTEX_POINT ( 'NONE', #1690 ) ;
#246 = EDGE_CURVE ( 'NONE', #4678, #4774, #3643, .T. ) ;
#247 = VERTEX_POINT ( 'NONE', #1713 ) ;
#248 = DIRECTION ( 'NONE',  ( -1.000000000000000000, 0.000000000000000000, 0.000000000000000000 ) ) ;
#249 = DIRECTION ( 'NONE',  ( 0.000000000000000000, 0.000000000000000000, -1.000000000000000000 ) ) ;
#250 = LINE ( 'NONE', #4726, #3553 ) ;
#251 = CIRCLE ( 'NONE', #4992, 4.000000000000000000 ) ;
#252 = AXIS2_PLACEMENT_3D ( 'NONE', #1839, #3430, #1106 ) ;
#253 = ORIENTED_EDGE ( 'NONE', *, *, #1842, .T. ) ;
#254 = CYLINDRICAL_SURFACE ( 'NONE', #3019, 1.500000000000001332 ) ;
#255 = LINE ( 'NONE', #3062, #3826 ) ;
#256 = ORIENTED_EDGE ( 'NONE', *, *, #4590, .F. ) ;
#257 = CARTESIAN_POINT ( 'NONE',  ( -40.95000000000000284, 39.07016810344305213, -30.38596763560439484 ) ) ;
#258 = AXIS2_PLACEMENT_3D ( 'NONE', #1676, #63, #2799 ) ;
#259 = FACE_OUTER_BOUND ( 'NONE', #3142, .T. ) ;
#260 = DIRECTION ( 'NONE',  ( -1.000000000000000000, 0.000000000000000000, 0.000000000000000000 ) ) ;
#261 = ORIENTED_EDGE ( 'NONE', *, *, #2644, .F. ) ;
#262 = ORIENTED_EDGE ( 'NONE', *, *, #4976, .F. ) ;
#263 = AXIS2_PLACEMENT_3D ( 'NONE', #376, #4751, #1963 ) ;
#264 = CARTESIAN_POINT ( 'NONE',  ( 37.75000000000000000, 36.40948300754050138, 28.94999999999999929 ) ) ;
#265 = DIRECTION ( 'NONE',  ( 0.000000000000000000, 1.000000000000000000, 0.000000000000000000 ) ) ;
#266 = CARTESIAN_POINT ( 'NONE',  ( -19.25000000000000000, 45.35948300754050422, 19.46392568124259981 ) ) ;
#267 = EDGE_CURVE ( 'NONE', #2303, #789, #2869, .T. ) ;
#268 = EDGE_CURVE ( 'NONE', #3685, #4352, #1185, .T. ) ;
#269 = LINE ( 'NONE', #1513, #2553 ) ;
#270 = VERTEX_POINT ( 'NONE', #1633 ) ;
#271 = ORIENTED_EDGE ( 'NONE', *, *, #5045, .T. ) ;
#272 = CIRCLE ( 'NONE', #1015, 0.7500000000000006661 ) ;
#273 = DIRECTION ( 'NONE',  ( 1.000000000000000000, 0.000000000000000000, 0.000000000000000000 ) ) ;
#274 = SURFACE_SIDE_STYLE ('',( #294 ) ) ;
#275 = DIRECTION ( 'NONE',  ( 0.000000000000000000, 0.000000000000000000, -1.000000000000000000 ) ) ;
#276 = ADVANCED_FACE ( 'NONE', ( #443 ), #2843, .T. ) ;
#277 = CARTESIAN_POINT ( 'NONE',  ( -22.95000000000000284, 39.40948300754050848, -22.05000000000000071 ) ) ;
#278 = EDGE_LOOP ( 'NONE', ( #2787, #271 ) ) ;
#279 = DIRECTION ( 'NONE',  ( 0.000000000000000000, 0.000000000000000000, 1.000000000000000000 ) ) ;
#280 = DIRECTION ( 'NONE',  ( 0.000000000000000000, -1.000000000000000000, 0.000000000000000000 ) ) ;
#281 = VERTEX_POINT ( 'NONE', #907 ) ;
#282 = ADVANCED_FACE ( 'NONE', ( #4091 ), #4871, .T. ) ;
#283 = CARTESIAN_POINT ( 'NONE',  ( -15.35000000000000142, 33.40948300754050138, -28.55000000000000071 ) ) ;
#284 = DIRECTION ( 'NONE',  ( 0.000000000000000000, -1.000000000000000000, 0.000000000000000000 ) ) ;
#285 = EDGE_CURVE ( 'NONE', #990, #3379, #2051, .T. ) ;
#286 = EDGE_LOOP ( 'NONE', ( #1748, #334, #3083, #1314 ) ) ;
#287 = ORIENTED_EDGE ( 'NONE', *, *, #3268, .T. ) ;
#288 = DIRECTION ( 'NONE',  ( 0.000000000000000000, -1.000000000000000000, 0.000000000000000000 ) ) ;
#289 = CYLINDRICAL_SURFACE ( 'NONE', #2157, 0.5000000000000004441 ) ;
#290 = CARTESIAN_POINT ( 'NONE',  ( -15.35000000000000142, 39.40948300754050848, 39.95000000000000284 ) ) ;
#291 = ORIENTED_EDGE ( 'NONE', *, *, #1342, .T. ) ;
#292 = VERTEX_POINT ( 'NONE', #882 ) ;
#293 = DIRECTION ( 'NONE',  ( 4.336808689942015271E-16, 0.000000000000000000, 1.000000000000000000 ) ) ;
#294 = SURFACE_STYLE_FILL_AREA ( #2620 ) ;
#295 = DIRECTION ( 'NONE',  ( 0.000000000000000000, 0.000000000000000000, -1.000000000000000000 ) ) ;
#296 = DIRECTION ( 'NONE',  ( -1.000000000000000000, 0.000000000000000000, 0.000000000000000000 ) ) ;
#297 = ORIENTED_EDGE ( 'NONE', *, *, #4561, .T. ) ;
#298 = DIRECTION ( 'NONE',  ( 0.000000000000000000, 0.000000000000000000, -1.000000000000000000 ) ) ;
#299 = LINE ( 'NONE', #5067, #4312 ) ;
#300 = CARTESIAN_POINT ( 'NONE',  ( 30.64999999999999858, 33.40948300754050138, -29.85000000000000142 ) ) ;
#301 = AXIS2_PLACEMENT_3D ( 'NONE', #4135, #200, #4112 ) ;
#302 = EDGE_CURVE ( 'NONE', #1532, #3855, #4396, .T. ) ;
#303 = ORIENTED_EDGE ( 'NONE', *, *, #3405, .F. ) ;
#304 = B_SPLINE_CURVE_WITH_KNOTS ( 'NONE', 3,
 ( #4348, #1824, #4200, #2367, #609, #993, #1849, #3806, #1588, #4559, #1455, #5030, #3415, #3047, #3027, #2584, #3781, #4633, #215, #3005, #5129, #4585, #1065, #1018, #2665, #1558, #3147, #684, #2613, #2108, #2814, #3671, #4013, #2053, #4092, #2790, #4872, #4397, #4765, #4424, #2081, #522, #1292, #3693, #3254, #860, #105, #4848, #1634, #2498, #2417, #1692, #129, #4373, #30, #2003, #2891, #494, #832, #1663, #2844 ),
 .UNSPECIFIED., .F., .F.,
 ( 4, 1, 1, 1, 1, 2, 2, 1, 1, 1, 1, 2, 2, 2, 1, 1, 2, 2, 1, 2, 2, 1, 1, 1, 1, 2, 2, 1, 1, 2, 2, 1, 1, 2, 2, 1, 1, 1, 1, 2, 2, 4 ),
 ( 0.000000000000000000, 0.06249999999996710964, 0.09374999999994959587, 0.1093749999999418659, 0.1171874999999392847, 0.1210937499999389932, 0.1249999999999386879, 0.1874999999999392430, 0.2187499999999390488, 0.2343749999999389655, 0.2421874999999384936, 0.2460937499999386879, 0.2499999999999388822, 0.3124999999999409916, 0.3437499999999404920, 0.3593749999999402700, 0.3671874999999406031, 0.3749999999999409361, 0.4374999999999420464, 0.4687499999999423794, 0.4999999999999427125, 0.5624999999999410472, 0.5937499999999433786, 0.6093749999999428235, 0.6171874999999422684, 0.6210937499999438227, 0.6249999999999453770, 0.6562499999999570344, 0.6718749999999649170, 0.6796874999999689138, 0.6874999999999729106, 0.7187499999999835687, 0.7343749999999883427, 0.7421874999999912292, 0.7499999999999941158, 0.8125000000000257572, 0.8437500000000415223, 0.8593750000000489608, 0.8671875000000527356, 0.8710937500000518474, 0.8750000000000509592, 1.000000000000000000 ),
 .UNSPECIFIED. ) ;
#305 = ORIENTED_EDGE ( 'NONE', *, *, #951, .F. ) ;
#306 = DIRECTION ( 'NONE',  ( -0.000000000000000000, 1.000000000000000000, 0.000000000000000000 ) ) ;
#307 = AXIS2_PLACEMENT_3D ( 'NONE', #1828, #3419, #5010 ) ;
#308 = VECTOR ( 'NONE', #1454, 1000.000000000000000 ) ;
#309 = DIRECTION ( 'NONE',  ( 0.000000000000000000, 1.000000000000000000, 0.000000000000000000 ) ) ;
#310 = FACE_OUTER_BOUND ( 'NONE', #4007, .T. ) ;
#311 = ORIENTED_EDGE ( 'NONE', *, *, #1295, .F. ) ;
#312 = VERTEX_POINT ( 'NONE', #2106 ) ;
#313 = AXIS2_PLACEMENT_3D ( 'NONE', #2024, #124, #4033 ) ;
#314 = DIRECTION ( 'NONE',  ( 0.000000000000000000, 0.000000000000000000, -1.000000000000000000 ) ) ;
#315 = PLANE ( 'NONE',  #1664 ) ;
#316 = PRESENTATION_LAYER_ASSIGNMENT (  '', '', ( #1983 ) ) ;
#317 = PLANE ( 'NONE',  #3468 ) ;
#318 = EDGE_LOOP ( 'NONE', ( #5034, #5147, #1954, #5155 ) ) ;
#319 = ORIENTED_EDGE ( 'NONE', *, *, #4125, .F. ) ;
#320 = CARTESIAN_POINT ( 'NONE',  ( 22.95000000000000284, 39.40948300754050848, -13.05000000000000071 ) ) ;
#321 = FACE_OUTER_BOUND ( 'NONE', #2091, .T. ) ;
#322 = DIRECTION ( 'NONE',  ( 0.000000000000000000, -1.000000000000000000, 0.000000000000000000 ) ) ;
#323 = DIRECTION ( 'NONE',  ( 0.000000000000000000, 0.000000000000000000, -1.000000000000000000 ) ) ;
#324 = EDGE_LOOP ( 'NONE', ( #1915, #1030 ) ) ;
#325 = CARTESIAN_POINT ( 'NONE',  ( 7.784571598445918681E-15, 45.35948300754050422, 17.94999999999999929 ) ) ;
#326 = FACE_OUTER_BOUND ( 'NONE', #4870, .T. ) ;
#327 = ADVANCED_FACE ( 'NONE', ( #128 ), #3280, .F. ) ;
#328 = LINE ( 'NONE', #1945, #3975 ) ;
#329 = VECTOR ( 'NONE', #2316, 1000.000000000000000 ) ;
#330 = EDGE_LOOP ( 'NONE', ( #856, #3030, #37, #4043 ) ) ;
#331 = CIRCLE ( 'NONE', #2083, 2.000000000000001776 ) ;
#332 = ADVANCED_FACE ( 'NONE', ( #1662 ), #695, .T. ) ;
#333 = ORIENTED_EDGE ( 'NONE', *, *, #2864, .F. ) ;
#334 = ORIENTED_EDGE ( 'NONE', *, *, #4720, .T. ) ;
#335 = CARTESIAN_POINT ( 'NONE',  ( 41.95000000000000284, 37.40948300754050138, -42.95000000000000284 ) ) ;
#336 = AXIS2_PLACEMENT_3D ( 'NONE', #4803, #1678, #1231 ) ;
#337 = EDGE_CURVE ( 'NONE', #2197, #3548, #3684, .T. ) ;
#338 = ORIENTED_EDGE ( 'NONE', *, *, #2092, .F. ) ;
#339 = DIRECTION ( 'NONE',  ( 0.000000000000000000, 0.000000000000000000, -1.000000000000000000 ) ) ;
#340 = ORIENTED_EDGE ( 'NONE', *, *, #1715, .F. ) ;
#341 = ORIENTED_EDGE ( 'NONE', *, *, #4316, .F. ) ;
#342 = CARTESIAN_POINT ( 'NONE',  ( 30.94999999999999929, 45.35948300754050422, -2.550000000000000266 ) ) ;
#343 = LINE ( 'NONE', #1931, #1487 ) ;
#344 = DIRECTION ( 'NONE',  ( 0.000000000000000000, -1.000000000000000000, 0.000000000000000000 ) ) ;
#345 = ORIENTED_EDGE ( 'NONE', *, *, #3260, .T. ) ;
#346 = VECTOR ( 'NONE', #2583, 1000.000000000000000 ) ;
#347 = CIRCLE ( 'NONE', #3838, 1.000000000000000888 ) ;
#348 = VERTEX_POINT ( 'NONE', #1269 ) ;
#349 = DIRECTION ( 'NONE',  ( 0.000000000000000000, 0.000000000000000000, 1.000000000000000000 ) ) ;
#350 = DIRECTION ( 'NONE',  ( 0.000000000000000000, 0.000000000000000000, -1.000000000000000000 ) ) ;
#351 = LINE ( 'NONE', #3424, #1397 ) ;
#352 = AXIS2_PLACEMENT_3D ( 'NONE', #2118, #3701, #4124 ) ;
#353 = DIRECTION ( 'NONE',  ( 0.000000000000000000, 1.000000000000000000, 0.000000000000000000 ) ) ;
#354 = ORIENTED_EDGE ( 'NONE', *, *, #1778, .T. ) ;
#355 = CARTESIAN_POINT ( 'NONE',  ( -42.95000000000000284, 39.40948300754050848, -41.45000000000000284 ) ) ;
#356 = CARTESIAN_POINT ( 'NONE',  ( -40.95000000000003126, 39.09183522330258853, -31.61930852242383239 ) ) ;
#357 = CARTESIAN_POINT ( 'NONE',  ( -30.94999999999999929, 39.40948300754050848, -12.55000000000000071 ) ) ;
#358 = VECTOR ( 'NONE', #2129, 1000.000000000000000 ) ;
#359 = LINE ( 'NONE', #5124, #1638 ) ;
#360 = ORIENTED_EDGE ( 'NONE', *, *, #4899, .F. ) ;
#361 = VERTEX_POINT ( 'NONE', #3714 ) ;
#362 = VERTEX_POINT ( 'NONE', #2497 ) ;
#363 = AXIS2_PLACEMENT_3D ( 'NONE', #3084, #2702, #1130 ) ;
#364 = DIRECTION ( 'NONE',  ( 1.000000000000000000, 0.000000000000000000, -4.336808689942015271E-16 ) ) ;
#365 = CARTESIAN_POINT ( 'NONE',  ( 37.75000000000000000, 37.40948300754050138, -30.94999999999999929 ) ) ;
#366 = EDGE_CURVE ( 'NONE', #2110, #1398, #4449, .T. ) ;
#367 = DIRECTION ( 'NONE',  ( 0.000000000000000000, -1.000000000000000000, 0.000000000000000000 ) ) ;
#368 = ORIENTED_EDGE ( 'NONE', *, *, #4626, .T. ) ;
#369 = ORIENTED_EDGE ( 'NONE', *, *, #535, .T. ) ;
#370 = DIRECTION ( 'NONE',  ( -1.000000000000000000, 0.000000000000000000, 0.000000000000000000 ) ) ;
#371 = DIRECTION ( 'NONE',  ( -1.756682000989169763E-16, 0.000000000000000000, -1.000000000000000000 ) ) ;
#372 = ORIENTED_EDGE ( 'NONE', *, *, #1127, .F. ) ;
#373 = VERTEX_POINT ( 'NONE', #4474 ) ;
#374 = ADVANCED_FACE ( 'NONE', ( #1340 ), #4021, .T. ) ;
#375 = DIRECTION ( 'NONE',  ( 0.000000000000000000, 1.000000000000000000, 0.000000000000000000 ) ) ;
#376 = CARTESIAN_POINT ( 'NONE',  ( 37.75000000000000000, 37.40948300754050138, 30.94999999999999929 ) ) ;
#377 = PLANE ( 'NONE',  #839 ) ;
#378 = CARTESIAN_POINT ( 'NONE',  ( 40.75000000000000000, 49.40948300754050138, 42.25000000000000000 ) ) ;
#379 = ORIENTED_EDGE ( 'NONE', *, *, #2979, .F. ) ;
#380 = DIRECTION ( 'NONE',  ( 0.000000000000000000, -1.000000000000000000, 0.000000000000000000 ) ) ;
#381 = CARTESIAN_POINT ( 'NONE',  ( -37.75000000000000000, 36.40948300754050138, -30.20000000000000284 ) ) ;
#382 = EDGE_CURVE ( 'NONE', #760, #4395, #2524, .T. ) ;
#383 = CARTESIAN_POINT ( 'NONE',  ( -22.95000000000000284, 45.35948300754050422, -2.050000000000000266 ) ) ;
#384 = EDGE_CURVE ( 'NONE', #4069, #1735, #4768, .T. ) ;
#385 = PLANE ( 'NONE',  #3580 ) ;
#386 = ORIENTED_EDGE ( 'NONE', *, *, #1291, .F. ) ;
#387 = B_SPLINE_CURVE_WITH_KNOTS ( 'NONE', 3,
 ( #3783, #4104, #3704, #1755, #217, #2488, #4563, #534, #2905, #2513, #4534, #895, #4462, #2143, #2121, #140, #1726, #3339, #4488, #3392, #921, #3368, #2195, #4079, #4881, #1704, #997, #192, #3313, #1361, #2537, #120, #510, #2955, #969, #3291, #3682, #2096, #2562, #1304, #4153, #1803, #3729, #4907, #1382, #4983, #2586, #4128, #167, #3758, #4178, #1330, #2929, #4514, #1781, #583, #2167, #554, #4957, #4933, #2980 ),
 .UNSPECIFIED., .F., .F.,
 ( 4, 1, 1, 1, 1, 2, 2, 1, 1, 1, 1, 2, 2, 2, 1, 1, 2, 2, 1, 2, 2, 1, 1, 1, 1, 2, 2, 1, 1, 2, 2, 1, 1, 2, 2, 1, 1, 1, 1, 2, 2, 4 ),
 ( 0.000000000000000000, 0.06250000000004518608, 0.09375000000006777912, 0.1093750000000811295, 0.1171875000000874995, 0.1210937500000887207, 0.1250000000000899281, 0.1875000000000827671, 0.2187500000000796585, 0.2343750000000785483, 0.2421875000000775491, 0.2460937500000783817, 0.2500000000000792144, 0.3125000000000727751, 0.3437500000000716094, 0.3593750000000731082, 0.3671875000000734413, 0.3750000000000737743, 0.4375000000000679456, 0.4687500000000650036, 0.5000000000000620615, 0.5625000000000515143, 0.5937500000000449640, 0.6093750000000417444, 0.6171875000000391909, 0.6210937500000383027, 0.6250000000000373035, 0.6562500000000293099, 0.6718750000000254241, 0.6796875000000234257, 0.6875000000000214273, 0.7187500000000154321, 0.7343750000000129896, 0.7421875000000113243, 0.7500000000000096589, 0.8125000000000023315, 0.8437499999999971134, 0.8593749999999945599, 0.8671874999999936717, 0.8710937499999936717, 0.8749999999999935607, 1.000000000000000000 ),
 .UNSPECIFIED. ) ;
#388 = ORIENTED_EDGE ( 'NONE', *, *, #3658, .T. ) ;
#389 = DIRECTION ( 'NONE',  ( 0.000000000000000000, 0.000000000000000000, -1.000000000000000000 ) ) ;
#390 = CARTESIAN_POINT ( 'NONE',  ( -41.45000000000000284, 37.40948300754050138, 41.45000000000000284 ) ) ;
#391 = DIRECTION ( 'NONE',  ( 0.000000000000000000, -1.000000000000000000, 0.000000000000000000 ) ) ;
#392 = ORIENTED_EDGE ( 'NONE', *, *, #2021, .T. ) ;
#393 = EDGE_LOOP ( 'NONE', ( #4219, #2950, #756, #764 ) ) ;
#394 = DIRECTION ( 'NONE',  ( 8.794542337018028906E-17, 0.000000000000000000, 1.000000000000000000 ) ) ;
#395 = AXIS2_PLACEMENT_3D ( 'NONE', #1187, #4036, #2786 ) ;
#396 = EDGE_CURVE ( 'NONE', #32, #913, #858, .T. ) ;
#397 = DIRECTION ( 'NONE',  ( 0.000000000000000000, -1.000000000000000000, 0.000000000000000000 ) ) ;
#398 = EDGE_LOOP ( 'NONE', ( #4913, #4291, #3421, #4243 ) ) ;
#399 = VECTOR ( 'NONE', #3860, 1000.000000000000000 ) ;
#400 = VECTOR ( 'NONE', #1321, 1000.000000000000000 ) ;
#401 = ORIENTED_EDGE ( 'NONE', *, *, #1516, .F. ) ;
#402 = CARTESIAN_POINT ( 'NONE',  ( 8.250000000000000000, 45.35948300754050422, 0.000000000000000000 ) ) ;
#403 = DIRECTION ( 'NONE',  ( -0.05233595624294379994, -0.9986295347545739443, -7.263072954586360947E-16 ) ) ;
#404 = CARTESIAN_POINT ( 'NONE',  ( 41.45000000000000284, 37.40948300754050138, 41.95000000000000284 ) ) ;
#405 = AXIS2_PLACEMENT_3D ( 'NONE', #1979, #2005, #3149 ) ;
#406 = ADVANCED_FACE ( 'NONE', ( #2546 ), #955, .T. ) ;
#407 = DIRECTION ( 'NONE',  ( 0.000000000000000000, 0.000000000000000000, 1.000000000000000000 ) ) ;
#408 = VERTEX_POINT ( 'NONE', #3377 ) ;
#409 = DIRECTION ( 'NONE',  ( 0.000000000000000000, 1.000000000000000000, 0.000000000000000000 ) ) ;
#410 = CARTESIAN_POINT ( 'NONE',  ( -40.95000000000002416, 39.13055046125037251, -30.11461817329844948 ) ) ;
#411 = CIRCLE ( 'NONE', #2906, 1.299999999999999156 ) ;
#412 = CARTESIAN_POINT ( 'NONE',  ( 40.95000000000000284, 39.35622461932108251, -29.13729590891408705 ) ) ;
#413 = FACE_OUTER_BOUND ( 'NONE', #475, .T. ) ;
#414 = ORIENTED_EDGE ( 'NONE', *, *, #4284, .T. ) ;
#415 = ORIENTED_EDGE ( 'NONE', *, *, #4819, .F. ) ;
#416 = LINE ( 'NONE', #1215, #3593 ) ;
#417 = DIRECTION ( 'NONE',  ( 0.000000000000000000, -1.000000000000000000, 0.000000000000000000 ) ) ;
#418 = AXIS2_PLACEMENT_3D ( 'NONE', #2517, #1785, #2171 ) ;
#419 = FACE_BOUND ( 'NONE', #5137, .T. ) ;
#420 = EDGE_LOOP ( 'NONE', ( #3531, #2444, #3052, #2001 ) ) ;
#421 = VECTOR ( 'NONE', #4949, 1000.000000000000000 ) ;
#422 = EDGE_LOOP ( 'NONE', ( #1005, #4813, #4655, #5027 ) ) ;
#423 = LINE ( 'NONE', #4354, #730 ) ;
#424 = DIRECTION ( 'NONE',  ( 0.000000000000000000, 0.000000000000000000, -1.000000000000000000 ) ) ;
#425 = ORIENTED_EDGE ( 'NONE', *, *, #4622, .T. ) ;
#426 = LINE ( 'NONE', #402, #3081 ) ;
#427 = ADVANCED_FACE ( 'NONE', ( #5020 ), #1861, .F. ) ;
#428 = DIRECTION ( 'NONE',  ( 1.000000000000000000, 0.000000000000000000, 0.000000000000000000 ) ) ;
#429 = DIRECTION ( 'NONE',  ( 0.000000000000000000, -1.000000000000000000, 0.000000000000000000 ) ) ;
#430 = ADVANCED_FACE ( 'NONE', ( #671 ), #4855, .T. ) ;
#431 = AXIS2_PLACEMENT_3D ( 'NONE', #4531, #578, #2164 ) ;
#432 = DIRECTION ( 'NONE',  ( 0.000000000000000000, 0.000000000000000000, -1.000000000000000000 ) ) ;
#433 = ADVANCED_FACE ( 'NONE', ( #1006 ), #254, .T. ) ;
#434 = FACE_OUTER_BOUND ( 'NONE', #3064, .T. ) ;
#435 = EDGE_CURVE ( 'NONE', #3621, #3362, #1371, .T. ) ;
#436 = AXIS2_PLACEMENT_3D ( 'NONE', #3265, #4930, #2165 ) ;
#437 = DIRECTION ( 'NONE',  ( 0.000000000000000000, 0.000000000000000000, -1.000000000000000000 ) ) ;
#438 = CARTESIAN_POINT ( 'NONE',  ( 40.95000000000000995, 39.23728497901011281, -29.69033763535082571 ) ) ;
#439 = DIRECTION ( 'NONE',  ( 1.000000000000000000, 0.000000000000000000, 0.000000000000000000 ) ) ;
#440 = TOROIDAL_SURFACE ( 'NONE', #3184, 4.000000000000000000, 1.000000000000000000 ) ;
#441 = ORIENTED_EDGE ( 'NONE', *, *, #1715, .T. ) ;
#442 = VERTEX_POINT ( 'NONE', #2600 ) ;
#443 = FACE_OUTER_BOUND ( 'NONE', #4775, .T. ) ;
#444 = ADVANCED_FACE ( 'NONE', ( #3820 ), #1031, .T. ) ;
#445 = AXIS2_PLACEMENT_3D ( 'NONE', #861, #837, #1170 ) ;
#446 = FACE_OUTER_BOUND ( 'NONE', #3120, .T. ) ;
#447 = EDGE_LOOP ( 'NONE', ( #1044, #1884, #3098, #4564 ) ) ;
#448 = CARTESIAN_POINT ( 'NONE',  ( -15.35000000000000142, 33.40948300754050138, -28.55000000000000071 ) ) ;
#449 = ORIENTED_EDGE ( 'NONE', *, *, #2658, .T. ) ;
#450 = ORIENTED_EDGE ( 'NONE', *, *, #4032, .T. ) ;
#451 = CARTESIAN_POINT ( 'NONE',  ( 37.75000000000000000, 38.00948300754050280, -30.94999999999999929 ) ) ;
#452 = AXIS2_PLACEMENT_3D ( 'NONE', #2671, #3053, #1936 ) ;
#453 = ADVANCED_FACE ( 'NONE', ( #4621 ), #4995, .F. ) ;
#454 = FACE_OUTER_BOUND ( 'NONE', #4147, .T. ) ;
#455 = ORIENTED_EDGE ( 'NONE', *, *, #27, .F. ) ;
#456 = LINE ( 'NONE', #116, #179 ) ;
#457 = DIRECTION ( 'NONE',  ( 0.000000000000000000, 1.000000000000000000, 0.000000000000000000 ) ) ;
#458 = CARTESIAN_POINT ( 'NONE',  ( 37.75000000000000000, 38.00948300754050280, -30.94999999999999929 ) ) ;
#459 = LINE ( 'NONE', #4805, #2299 ) ;
#460 = ORIENTED_EDGE ( 'NONE', *, *, #4142, .F. ) ;
#461 = DIRECTION ( 'NONE',  ( 0.000000000000000000, 1.000000000000000000, 0.000000000000000000 ) ) ;
#462 = CARTESIAN_POINT ( 'NONE',  ( 37.75000000000000000, 36.40948300754050138, 30.20000000000000284 ) ) ;
#463 = CARTESIAN_POINT ( 'NONE',  ( 40.95000000000000284, 39.21624085699870932, -32.12597621153577876 ) ) ;
#464 = LINE ( 'NONE', #2047, #2892 ) ;
#465 = ORIENTED_EDGE ( 'NONE', *, *, #3323, .F. ) ;
#466 = ORIENTED_EDGE ( 'NONE', *, *, #720, .T. ) ;
#467 = DIRECTION ( 'NONE',  ( 0.000000000000000000, -1.000000000000000000, 0.000000000000000000 ) ) ;
#468 = CARTESIAN_POINT ( 'NONE',  ( 30.64999999999999858, 33.40948300754050138, -27.25000000000000000 ) ) ;
#469 = ADVANCED_FACE ( 'NONE', ( #2251 ), #4351, .T. ) ;
#470 = FACE_BOUND ( 'NONE', #420, .T. ) ;
#471 = ORIENTED_EDGE ( 'NONE', *, *, #113, .T. ) ;
#472 = VERTEX_POINT ( 'NONE', #3429 ) ;
#473 = DIRECTION ( 'NONE',  ( -1.000000000000000000, 0.000000000000000000, 0.000000000000000000 ) ) ;
#474 = DIRECTION ( 'NONE',  ( 0.000000000000000000, -1.000000000000000000, 0.000000000000000000 ) ) ;
#475 = EDGE_LOOP ( 'NONE', ( #69, #4044 ) ) ;
#476 = CIRCLE ( 'NONE', #4966, 2.500000000000002220 ) ;
#477 = CARTESIAN_POINT ( 'NONE',  ( 42.95000000000000284, 49.40948300754050138, -41.45000000000000284 ) ) ;
#478 = DIRECTION ( 'NONE',  ( 0.000000000000000000, 1.000000000000000000, 0.000000000000000000 ) ) ;
#479 = DIRECTION ( 'NONE',  ( 0.000000000000000000, -1.000000000000000000, 0.000000000000000000 ) ) ;
#480 = AXIS2_PLACEMENT_3D ( 'NONE', #3809, #4611, #244 ) ;
#481 = DIRECTION ( 'NONE',  ( 0.000000000000000000, 0.000000000000000000, 1.000000000000000000 ) ) ;
#482 = VECTOR ( 'NONE', #3533, 1000.000000000000000 ) ;
#483 = ORIENTED_EDGE ( 'NONE', *, *, #757, .T. ) ;
#484 = DIRECTION ( 'NONE',  ( 1.000000000000000000, 0.000000000000000000, 0.000000000000000000 ) ) ;
#485 = AXIS2_PLACEMENT_3D ( 'NONE', #1322, #4875, #4900 ) ;
#486 = AXIS2_PLACEMENT_3D ( 'NONE', #4003, #1334, #1685 ) ;
#487 = CARTESIAN_POINT ( 'NONE',  ( -32.25000000000000000, 45.35948300754050422, 41.14999999999999858 ) ) ;
#488 = CARTESIAN_POINT ( 'NONE',  ( 40.94999999999999574, 39.14124878322355272, -31.82918120014259600 ) ) ;
#489 = DIRECTION ( 'NONE',  ( 0.000000000000000000, 1.000000000000000000, 0.000000000000000000 ) ) ;
#490 = ORIENTED_EDGE ( 'NONE', *, *, #817, .T. ) ;
#491 = EDGE_LOOP ( 'NONE', ( #4637, #1894, #2564, #1320 ) ) ;
#492 = AXIS2_PLACEMENT_3D ( 'NONE', #2911, #198, #2103 ) ;
#493 = CARTESIAN_POINT ( 'NONE',  ( 30.64999999999999858, 36.40948300754050138, 37.44999999999999574 ) ) ;
#494 = CARTESIAN_POINT ( 'NONE',  ( -40.95000000000000995, 39.35105440506298180, 32.73240053853709242 ) ) ;
#495 = EDGE_CURVE ( 'NONE', #2759, #5120, #1609, .T. ) ;
#496 = ADVANCED_FACE ( 'NONE', ( #5042 ), #1434, .T. ) ;
#497 = DIRECTION ( 'NONE',  ( 0.000000000000000000, 0.000000000000000000, -1.000000000000000000 ) ) ;
#498 = ORIENTED_EDGE ( 'NONE', *, *, #4293, .T. ) ;
#499 = CARTESIAN_POINT ( 'NONE',  ( -30.94999999999999929, 39.40948300754050848, -12.05000000000000071 ) ) ;
#500 = EDGE_CURVE ( 'NONE', #3517, #2462, #3038, .T. ) ;
#501 =( BOUNDED_CURVE ( )  B_SPLINE_CURVE ( 3, ( #3195, #71, #2463, #3244 ),
 .UNSPECIFIED., .F., .T. ) 
 B_SPLINE_CURVE_WITH_KNOTS ( ( 4, 4 ),
 ( 0.000000000000000000, 1.570796326794895004 ),
 .UNSPECIFIED. ) 
 CURVE ( )  GEOMETRIC_REPRESENTATION_ITEM ( )  RATIONAL_B_SPLINE_CURVE ( ( 1.000000000000000000, 0.8047378541243649375, 0.8047378541243649375, 1.000000000000000000 ) ) 
 REPRESENTATION_ITEM ( '' )  );
#502 = DIRECTION ( 'NONE',  ( 0.000000000000000000, -1.000000000000000000, 0.000000000000000000 ) ) ;
#503 = ORIENTED_EDGE ( 'NONE', *, *, #3105, .T. ) ;
#504 = VECTOR ( 'NONE', #4157, 1000.000000000000000 ) ;
#505 = AXIS2_PLACEMENT_3D ( 'NONE', #4989, #952, #1417 ) ;
#506 = ORIENTED_EDGE ( 'NONE', *, *, #1882, .F. ) ;
#507 = CARTESIAN_POINT ( 'NONE',  ( 41.45000000000000284, 39.40948300754050848, -42.05481555856610498 ) ) ;
#508 = CARTESIAN_POINT ( 'NONE',  ( -42.95000000000000284, 49.40948300754050138, -41.45000000000000284 ) ) ;
#509 = PLANE ( 'NONE',  #3492 ) ;
#510 = CARTESIAN_POINT ( 'NONE',  ( 40.95000000000002416, 39.04097310519568254, 30.54983769460342202 ) ) ;
#511 = ADVANCED_FACE ( 'NONE', ( #3744 ), #4524, .F. ) ;
#512 = ORIENTED_EDGE ( 'NONE', *, *, #656, .T. ) ;
#513 = CARTESIAN_POINT ( 'NONE',  ( -37.75000000000000000, 38.40948300754050138, 26.95000000000000284 ) ) ;
#514 = DIRECTION ( 'NONE',  ( 0.000000000000000000, 0.000000000000000000, 1.000000000000000000 ) ) ;
#515 = DIRECTION ( 'NONE',  ( 0.000000000000000000, -1.000000000000000000, 0.000000000000000000 ) ) ;
#516 = DIRECTION ( 'NONE',  ( 0.000000000000000000, -1.000000000000000000, 0.000000000000000000 ) ) ;
#517 = DIRECTION ( 'NONE',  ( 0.000000000000000000, 0.000000000000000000, 1.000000000000000000 ) ) ;
#518 = ADVANCED_FACE ( 'NONE', ( #4163 ), #2859, .F. ) ;
#519 = EDGE_LOOP ( 'NONE', ( #3812, #4509 ) ) ;
#520 = CIRCLE ( 'NONE', #677, 1.000000000000000888 ) ;
#521 = DIRECTION ( 'NONE',  ( 0.000000000000000000, -1.000000000000000000, 0.000000000000000000 ) ) ;
#522 = CARTESIAN_POINT ( 'NONE',  ( -40.95000000000000284, 39.13055046124930669, 31.78538182669415235 ) ) ;
#523 = EDGE_LOOP ( 'NONE', ( #1537, #5019, #506, #3874 ) ) ;
#524 = AXIS2_PLACEMENT_3D ( 'NONE', #237, #284, #1536 ) ;
#525 = CARTESIAN_POINT ( 'NONE',  ( -3.447762908503895028E-15, 45.35948300754050422, 7.950000000000000178 ) ) ;
#526 = AXIS2_PLACEMENT_3D ( 'NONE', #2914, #1241, #4918 ) ;
#527 = DIRECTION ( 'NONE',  ( 0.000000000000000000, -1.000000000000000000, 0.000000000000000000 ) ) ;
#528 = VERTEX_POINT ( 'NONE', #2991 ) ;
#529 = ORIENTED_EDGE ( 'NONE', *, *, #4164, .T. ) ;
#530 = CIRCLE ( 'NONE', #1023, 1.000000000000000888 ) ;
#531 = DIRECTION ( 'NONE',  ( 0.000000000000000000, 0.000000000000000000, 1.000000000000000000 ) ) ;
#532 = CARTESIAN_POINT ( 'NONE',  ( 37.75000000000000000, 38.40948300754050138, 30.94999999999999929 ) ) ;
#533 = DIRECTION ( 'NONE',  ( 1.000000000000000000, 0.000000000000000000, 0.000000000000000000 ) ) ;
#534 = CARTESIAN_POINT ( 'NONE',  ( 40.95000000000003126, 39.35622461932110383, 32.76270409108676063 ) ) ;
#535 = EDGE_CURVE ( 'NONE', #270, #3200, #610, .T. ) ;
#536 = ORIENTED_EDGE ( 'NONE', *, *, #936, .F. ) ;
#537 = DIRECTION ( 'NONE',  ( -1.000000000000000000, 0.000000000000000000, 0.000000000000000000 ) ) ;
#538 = FACE_OUTER_BOUND ( 'NONE', #2618, .T. ) ;
#539 = LINE ( 'NONE', #4839, #3143 ) ;
#540 = CARTESIAN_POINT ( 'NONE',  ( 22.95000000000000284, 49.40948300754050138, 7.450000000000000178 ) ) ;
#541 = CARTESIAN_POINT ( 'NONE',  ( 30.64999999999999858, 33.40948300754050138, -28.55000000000000071 ) ) ;
#542 = ORIENTED_EDGE ( 'NONE', *, *, #1440, .F. ) ;
#543 = CARTESIAN_POINT ( 'NONE',  ( 41.95000000000000284, 37.40948300754050138, -41.45000000000000284 ) ) ;
#544 = CARTESIAN_POINT ( 'NONE',  ( -41.45000000000000284, 39.40948300754050848, 42.95000000000000284 ) ) ;
#545 = VERTEX_POINT ( 'NONE', #2360 ) ;
#546 = CARTESIAN_POINT ( 'NONE',  ( -41.95000000000000284, 37.40948300754050138, -41.45000000000000284 ) ) ;
#547 = EDGE_LOOP ( 'NONE', ( #1508, #1022, #5, #3751 ) ) ;
#548 = EDGE_LOOP ( 'NONE', ( #1788, #1555, #1424, #2881 ) ) ;
#549 = DIRECTION ( 'NONE',  ( 0.000000000000000000, -1.000000000000000000, 0.000000000000000000 ) ) ;
#550 = DIRECTION ( 'NONE',  ( 1.000000000000000000, 0.000000000000000000, 4.336808689942015271E-16 ) ) ;
#551 = CARTESIAN_POINT ( 'NONE',  ( -42.05481555856610498, 39.40948300754050848, 41.45000000000000284 ) ) ;
#552 = EDGE_CURVE ( 'NONE', #4352, #3565, #4365, .T. ) ;
#553 = EDGE_CURVE ( 'NONE', #3517, #2598, #2726, .T. ) ;
#554 = CARTESIAN_POINT ( 'NONE',  ( 40.95000000000002416, 39.35105440506300312, 29.16759946146291682 ) ) ;
#555 = VECTOR ( 'NONE', #439, 1000.000000000000000 ) ;
#556 = ORIENTED_EDGE ( 'NONE', *, *, #1250, .T. ) ;
#557 = DIRECTION ( 'NONE',  ( 0.000000000000000000, -1.000000000000000000, 0.000000000000000000 ) ) ;
#558 = PLANE ( 'NONE',  #3824 ) ;
#559 = CARTESIAN_POINT ( 'NONE',  ( -37.75000000000000000, 37.40948300754050138, -30.94999999999999929 ) ) ;
#560 = VECTOR ( 'NONE', #2317, 1000.000000000000000 ) ;
#561 = DIRECTION ( 'NONE',  ( 0.000000000000000000, 1.000000000000000000, 0.000000000000000000 ) ) ;
#562 = EDGE_CURVE ( 'NONE', #2688, #245, #2754, .T. ) ;
#563 = AXIS2_PLACEMENT_3D ( 'NONE', #4687, #3071, #3832 ) ;
#564 = LINE ( 'NONE', #3297, #1805 ) ;
#565 = AXIS2_PLACEMENT_3D ( 'NONE', #1939, #1049, #2649 ) ;
#566 = ORIENTED_EDGE ( 'NONE', *, *, #2501, .T. ) ;
#567 = CIRCLE ( 'NONE', #1815, 3.000000000000002665 ) ;
#568 = DIRECTION ( 'NONE',  ( 0.000000000000000000, 0.000000000000000000, 1.000000000000000000 ) ) ;
#569 = DIRECTION ( 'NONE',  ( 0.000000000000000000, 0.000000000000000000, 1.000000000000000000 ) ) ;
#570 = AXIS2_PLACEMENT_3D ( 'NONE', #3722, #527, #605 ) ;
#571 = EDGE_LOOP ( 'NONE', ( #151, #2552, #4704, #1167 ) ) ;
#572 = ORIENTED_EDGE ( 'NONE', *, *, #4798, .T. ) ;
#573 = CARTESIAN_POINT ( 'NONE',  ( -40.95000000000002416, 39.38228415664677584, -32.93504893783792653 ) ) ;
#574 = AXIS2_PLACEMENT_3D ( 'NONE', #1271, #3620, #52 ) ;
#575 = DIRECTION ( 'NONE',  ( 4.336808689942015271E-16, 0.000000000000000000, -1.000000000000000000 ) ) ;
#576 = ORIENTED_EDGE ( 'NONE', *, *, #5021, .T. ) ;
#577 = ORIENTED_EDGE ( 'NONE', *, *, #2626, .F. ) ;
#578 = DIRECTION ( 'NONE',  ( 0.000000000000000000, -1.000000000000000000, 0.000000000000000000 ) ) ;
#579 = DIRECTION ( 'NONE',  ( 0.000000000000000000, 0.000000000000000000, 1.000000000000000000 ) ) ;
#580 = DIRECTION ( 'NONE',  ( 0.000000000000000000, -1.000000000000000000, 0.000000000000000000 ) ) ;
#581 = AXIS2_PLACEMENT_3D ( 'NONE', #2148, #1284, #618 ) ;
#582 = VECTOR ( 'NONE', #1468, 1000.000000000000000 ) ;
#583 = CARTESIAN_POINT ( 'NONE',  ( 40.95000000000003837, 39.34833575221153978, 29.18300426923782709 ) ) ;
#584 = ORIENTED_EDGE ( 'NONE', *, *, #4064, .T. ) ;
#585 = ADVANCED_FACE ( 'NONE', ( #797 ), #5094, .F. ) ;
#586 = VERTEX_POINT ( 'NONE', #1526 ) ;
#587 = EDGE_CURVE ( 'NONE', #1988, #4928, #4259, .T. ) ;
#588 = AXIS2_PLACEMENT_3D ( 'NONE', #2512, #2585, #4177 ) ;
#589 = DIRECTION ( 'NONE',  ( 0.000000000000000000, 0.000000000000000000, 1.000000000000000000 ) ) ;
#590 = ADVANCED_FACE ( 'NONE', ( #2298 ), #697, .T. ) ;
#591 = DIRECTION ( 'NONE',  ( 0.000000000000000000, 1.000000000000000000, 0.000000000000000000 ) ) ;
#592 = PLANE ( 'NONE',  #4557 ) ;
#593 = LINE ( 'NONE', #2127, #3132 ) ;
#594 = EDGE_CURVE ( 'NONE', #1485, #840, #5022, .T. ) ;
#595 = EDGE_CURVE ( 'NONE', #281, #2744, #2277, .T. ) ;
#596 = VERTEX_POINT ( 'NONE', #3978 ) ;
#597 = CARTESIAN_POINT ( 'NONE',  ( 37.75000000000000000, 39.40948300754050848, -26.95000000000000284 ) ) ;
#598 = CIRCLE ( 'NONE', #2508, 1.500000000000001332 ) ;
#599 = AXIS2_PLACEMENT_3D ( 'NONE', #2337, #4788, #3176 ) ;
#600 = EDGE_CURVE ( 'NONE', #881, #3699, #4673, .T. ) ;
#601 = VERTEX_POINT ( 'NONE', #5121 ) ;
#602 = LINE ( 'NONE', #2997, #1727 ) ;
#603 = VECTOR ( 'NONE', #1677, 1000.000000000000000 ) ;
#604 = FACE_OUTER_BOUND ( 'NONE', #1465, .T. ) ;
#605 = DIRECTION ( 'NONE',  ( 0.000000000000000000, 0.000000000000000000, -1.000000000000000000 ) ) ;
#606 = ORIENTED_EDGE ( 'NONE', *, *, #951, .T. ) ;
#607 = EDGE_LOOP ( 'NONE', ( #4877, #415, #483, #750 ) ) ;
#608 = CYLINDRICAL_SURFACE ( 'NONE', #4753, 0.5000000000000004441 ) ;
#609 = CARTESIAN_POINT ( 'NONE',  ( -40.95000000000000995, 39.36911875541633776, 29.05699466014493026 ) ) ;
#610 = CIRCLE ( 'NONE', #1019, 1.500000000000001332 ) ;
#611 = CARTESIAN_POINT ( 'NONE',  ( -37.75000000000000000, 38.00948300754050280, 30.94999999999999929 ) ) ;
#612 = EDGE_CURVE ( 'NONE', #3271, #1121, #5148, .T. ) ;
#613 = LINE ( 'NONE', #2880, #1977 ) ;
#614 = VERTEX_POINT ( 'NONE', #4311 ) ;
#615 = CIRCLE ( 'NONE', #35, 0.5000000000000004441 ) ;
#616 = VERTEX_POINT ( 'NONE', #2328 ) ;
#617 = DIRECTION ( 'NONE',  ( 0.000000000000000000, 1.000000000000000000, 0.000000000000000000 ) ) ;
#618 = DIRECTION ( 'NONE',  ( 0.000000000000000000, 0.000000000000000000, 1.000000000000000000 ) ) ;
#619 = PLANE ( 'NONE',  #492 ) ;
#620 = DIRECTION ( 'NONE',  ( 0.000000000000000000, 0.000000000000000000, -1.000000000000000000 ) ) ;
#621 = EDGE_LOOP ( 'NONE', ( #2388, #857, #1038, #2745 ) ) ;
#622 = DIRECTION ( 'NONE',  ( 0.000000000000000000, -1.000000000000000000, 0.000000000000000000 ) ) ;
#623 = DIRECTION ( 'NONE',  ( 0.000000000000000000, 0.000000000000000000, 1.000000000000000000 ) ) ;
#624 = EDGE_LOOP ( 'NONE', ( #2788, #838, #2957, #1214 ) ) ;
#625 = CARTESIAN_POINT ( 'NONE',  ( 30.94999999999999929, 39.40948300754050848, 6.949999999999999289 ) ) ;
#626 = EDGE_CURVE ( 'NONE', #2820, #2210, #5066, .T. ) ;
#627 = DIRECTION ( 'NONE',  ( 1.000000000000000000, 0.000000000000000000, 0.000000000000000000 ) ) ;
#628 = CARTESIAN_POINT ( 'NONE',  ( -40.75000000000000000, 49.40948300754050138, 40.75000000000000000 ) ) ;
#629 = ORIENTED_EDGE ( 'NONE', *, *, #1897, .T. ) ;
#630 = EDGE_LOOP ( 'NONE', ( #5041, #1014 ) ) ;
#631 = CARTESIAN_POINT ( 'NONE',  ( -15.35000000000000142, 33.40948300754050138, 37.44999999999999574 ) ) ;
#632 = DIRECTION ( 'NONE',  ( 0.000000000000000000, -1.000000000000000000, 0.000000000000000000 ) ) ;
#633 = PLANE ( 'NONE',  #3740 ) ;
#634 = CARTESIAN_POINT ( 'NONE',  ( -40.75000000000000000, 47.95948300754049853, -42.25000000000000000 ) ) ;
#635 = ORIENTED_EDGE ( 'NONE', *, *, #1636, .T. ) ;
#636 = ORIENTED_EDGE ( 'NONE', *, *, #3173, .F. ) ;
#637 = PLANE ( 'NONE',  #3434 ) ;
#638 = ADVANCED_BREP_SHAPE_REPRESENTATION ( '4inch P4C5\X2\524d58f3\X0\-V1.0', ( #2180, #405 ), #4394 ) ;
#639 = LINE ( 'NONE', #3815, #1827 ) ;
#640 = CARTESIAN_POINT ( 'NONE',  ( -37.75000000000000000, 38.00948300754050280, -31.69999999999999929 ) ) ;
#641 = VERTEX_POINT ( 'NONE', #3928 ) ;
#642 = DIRECTION ( 'NONE',  ( 0.000000000000000000, -1.000000000000000000, 0.000000000000000000 ) ) ;
#643 = CIRCLE ( 'NONE', #889, 1.000000000000000888 ) ;
#644 = DIRECTION ( 'NONE',  ( 0.000000000000000000, 0.000000000000000000, -1.000000000000000000 ) ) ;
#645 = VECTOR ( 'NONE', #3449, 1000.000000000000000 ) ;
#646 = CIRCLE ( 'NONE', #3387, 4.000000000000000000 ) ;
#647 = VERTEX_POINT ( 'NONE', #1578 ) ;
#648 = EDGE_CURVE ( 'NONE', #3438, #4630, #3061, .T. ) ;
#649 = CARTESIAN_POINT ( 'NONE',  ( -41.45000000000000284, 49.40948300754050138, 42.95000000000000284 ) ) ;
#650 = ADVANCED_FACE ( 'NONE', ( #4698 ), #4644, .F. ) ;
#651 = AXIS2_PLACEMENT_3D ( 'NONE', #1353, #4073, #2113 ) ;
#652 = CARTESIAN_POINT ( 'NONE',  ( 30.64999999999999858, 36.40948300754050138, 36.14999999999999858 ) ) ;
#653 = DIRECTION ( 'NONE',  ( 0.000000000000000000, -1.000000000000000000, 0.000000000000000000 ) ) ;
#654 = ORIENTED_EDGE ( 'NONE', *, *, #612, .F. ) ;
#655 = ORIENTED_EDGE ( 'NONE', *, *, #1410, .F. ) ;
#656 = EDGE_CURVE ( 'NONE', #4917, #3402, #4111, .T. ) ;
#657 = VECTOR ( 'NONE', #3541, 1000.000000000000000 ) ;
#658 = LINE ( 'NONE', #3490, #4062 ) ;
#659 = CARTESIAN_POINT ( 'NONE',  ( 40.75000000000000000, 49.40948300754050138, 40.75000000000000000 ) ) ;
#660 = DIRECTION ( 'NONE',  ( 0.000000000000000000, 0.000000000000000000, -1.000000000000000000 ) ) ;
#661 = CARTESIAN_POINT ( 'NONE',  ( 40.95000000000000284, 39.40948300754050848, 40.95000000000000284 ) ) ;
#662 = EDGE_LOOP ( 'NONE', ( #3773, #3309 ) ) ;
#663 = VERTEX_POINT ( 'NONE', #355 ) ;
#664 = DIRECTION ( 'NONE',  ( -1.642341752404079701E-16, 0.000000000000000000, -1.000000000000000000 ) ) ;
#665 = CARTESIAN_POINT ( 'NONE',  ( 18.25000000000000000, 41.15948300754050138, -15.25000000000000000 ) ) ;
#666 = DIRECTION ( 'NONE',  ( 0.000000000000000000, 1.000000000000000000, 0.000000000000000000 ) ) ;
#667 = CARTESIAN_POINT ( 'NONE',  ( -15.35000000000000142, 36.40948300754050138, 37.44999999999999574 ) ) ;
#668 = EDGE_CURVE ( 'NONE', #3334, #863, #1942, .T. ) ;
#669 = AXIS2_PLACEMENT_3D ( 'NONE', #3382, #3141, #3776 ) ;
#670 = ORIENTED_EDGE ( 'NONE', *, *, #4570, .T. ) ;
#671 = FACE_OUTER_BOUND ( 'NONE', #2029, .T. ) ;
#672 = DIRECTION ( 'NONE',  ( -0.000000000000000000, 1.000000000000000000, 0.000000000000000000 ) ) ;
#673 = ADVANCED_FACE ( 'NONE', ( #3135 ), #4729, .T. ) ;
#674 = EDGE_LOOP ( 'NONE', ( #112, #4959, #2842, #1563 ) ) ;
#675 = CARTESIAN_POINT ( 'NONE',  ( -40.95000000000003126, 39.05707642384906109, -30.45505612944948837 ) ) ;
#676 = VECTOR ( 'NONE', #4245, 1000.000000000000000 ) ;
#677 = AXIS2_PLACEMENT_3D ( 'NONE', #2220, #1416, #3467 ) ;
#678 =( LENGTH_UNIT ( ) NAMED_UNIT ( * ) SI_UNIT ( .MILLI., .METRE. ) );
#679 = LINE ( 'NONE', #4042, #2017 ) ;
#680 = VERTEX_POINT ( 'NONE', #1262 ) ;
#681 = ORIENTED_EDGE ( 'NONE', *, *, #3425, .T. ) ;
#682 = AXIS2_PLACEMENT_3D ( 'NONE', #659, #1040, #1433 ) ;
#683 = DIRECTION ( 'NONE',  ( 0.000000000000000000, 1.000000000000000000, 0.000000000000000000 ) ) ;
#684 = CARTESIAN_POINT ( 'NONE',  ( -40.95000000000000995, 39.01805232409098068, 30.74619996987683024 ) ) ;
#685 = LINE ( 'NONE', #5009, #1999 ) ;
#686 = VECTOR ( 'NONE', #2234, 1000.000000000000000 ) ;
#687 = CARTESIAN_POINT ( 'NONE',  ( 40.75000000000000000, 47.95948300754049853, 42.25000000000000000 ) ) ;
#688 = EDGE_LOOP ( 'NONE', ( #1200, #1479, #311, #2725 ) ) ;
#689 = ORIENTED_EDGE ( 'NONE', *, *, #4820, .T. ) ;
#690 = DIRECTION ( 'NONE',  ( 1.000000000000000000, 0.000000000000000000, -4.336808689942015271E-16 ) ) ;
#691 = PLANE ( 'NONE',  #181 ) ;
#692 = CARTESIAN_POINT ( 'NONE',  ( -15.35000000000000142, 33.40948300754050138, -28.55000000000000071 ) ) ;
#693 = ADVANCED_FACE ( 'NONE', ( #42 ), #3521, .F. ) ;
#694 = CARTESIAN_POINT ( 'NONE',  ( 30.64999999999999858, 33.40948300754050138, 34.95000000000000284 ) ) ;
#695 = TOROIDAL_SURFACE ( 'NONE', #4105, 2.000000000000000000, 1.000000000000000000 ) ;
#696 = ORIENTED_EDGE ( 'NONE', *, *, #2439, .F. ) ;
#697 = CYLINDRICAL_SURFACE ( 'NONE', #1940, 2.499999999999998668 ) ;
#698 = CONICAL_SURFACE ( 'NONE', #2442, 0.5000000000000004441, 0.05235987755983064623 ) ;
#699 = DIRECTION ( 'NONE',  ( 0.000000000000000000, -1.000000000000000000, 0.000000000000000000 ) ) ;
#700 = EDGE_LOOP ( 'NONE', ( #114, #4508, #1172, #4628 ) ) ;
#701 = ORIENTED_EDGE ( 'NONE', *, *, #936, .T. ) ;
#702 = DIRECTION ( 'NONE',  ( -0.9986295347545739443, 0.05233595624294379994, 2.507617994319746187E-16 ) ) ;
#703 = FILL_AREA_STYLE_COLOUR ( '', #899 ) ;
#704 = CARTESIAN_POINT ( 'NONE',  ( -22.95000000000000284, 45.35948300754050422, 16.94999999999999929 ) ) ;
#705 = VERTEX_POINT ( 'NONE', #1209 ) ;
#706 = ORIENTED_EDGE ( 'NONE', *, *, #21, .F. ) ;
#707 = LINE ( 'NONE', #2315, #3258 ) ;
#708 = CARTESIAN_POINT ( 'NONE',  ( 30.64999999999999858, 33.40948300754050138, 37.44999999999999574 ) ) ;
#709 = LINE ( 'NONE', #1904, #2973 ) ;
#710 = ORIENTED_EDGE ( 'NONE', *, *, #2354, .F. ) ;
#711 = ORIENTED_EDGE ( 'NONE', *, *, #1729, .F. ) ;
#712 = PLANE ( 'NONE',  #1523 ) ;
#713 = ADVANCED_FACE ( 'NONE', ( #1234 ), #2908, .F. ) ;
#714 = LINE ( 'NONE', #5036, #1423 ) ;
#715 = CARTESIAN_POINT ( 'NONE',  ( -41.45000000000000284, 39.40948300754050848, 41.45000000000000284 ) ) ;
#716 = EDGE_CURVE ( 'NONE', #2503, #2034, #4415, .T. ) ;
#717 = LINE ( 'NONE', #5119, #2471 ) ;
#718 = ORIENTED_EDGE ( 'NONE', *, *, #1681, .F. ) ;
#719 = DIRECTION ( 'NONE',  ( 0.000000000000000000, -1.000000000000000000, 0.000000000000000000 ) ) ;
#720 = EDGE_CURVE ( 'NONE', #647, #4556, #4789, .T. ) ;
#721 = LINE ( 'NONE', #2730, #825 ) ;
#722 = LINE ( 'NONE', #2607, #3162 ) ;
#723 = ORIENTED_EDGE ( 'NONE', *, *, #1616, .T. ) ;
#724 = CIRCLE ( 'NONE', #4215, 0.5000000000000000000 ) ;
#725 = ORIENTED_EDGE ( 'NONE', *, *, #4561, .F. ) ;
#726 = VERTEX_POINT ( 'NONE', #2074 ) ;
#727 = DIRECTION ( 'NONE',  ( 0.000000000000000000, 0.000000000000000000, -1.000000000000000000 ) ) ;
#728 = VECTOR ( 'NONE', #5017, 1000.000000000000000 ) ;
#729 = VERTEX_POINT ( 'NONE', #2861 ) ;
#730 = VECTOR ( 'NONE', #3967, 1000.000000000000000 ) ;
#731 = DIRECTION ( 'NONE',  ( 0.000000000000000000, -1.000000000000000000, 0.000000000000000000 ) ) ;
#732 = EDGE_LOOP ( 'NONE', ( #4448, #2452, #815, #3341 ) ) ;
#733 = EDGE_LOOP ( 'NONE', ( #2539, #1927, #2676, #176 ) ) ;
#734 = FACE_OUTER_BOUND ( 'NONE', #1705, .T. ) ;
#735 = CARTESIAN_POINT ( 'NONE',  ( 6.110532055886869715E-15, 45.35948300754050422, 7.950000000000000178 ) ) ;
#736 = CARTESIAN_POINT ( 'NONE',  ( 37.75000000000000000, 38.40948300754050138, 27.94999999999999929 ) ) ;
#737 = ORIENTED_EDGE ( 'NONE', *, *, #2331, .F. ) ;
#738 = CIRCLE ( 'NONE', #915, 1.000000000000000888 ) ;
#739 = ORIENTED_EDGE ( 'NONE', *, *, #1291, .T. ) ;
#740 = DIRECTION ( 'NONE',  ( 0.000000000000000000, 0.000000000000000000, 1.000000000000000000 ) ) ;
#741 = CARTESIAN_POINT ( 'NONE',  ( -37.75000000000000000, 38.00948300754050280, 30.20000000000000284 ) ) ;
#742 = CARTESIAN_POINT ( 'NONE',  ( 37.75000000000000000, 36.40948300754050138, -30.94999999999999929 ) ) ;
#743 = CARTESIAN_POINT ( 'NONE',  ( -15.35000000000000142, 33.40948300754050138, -31.05000000000000071 ) ) ;
#744 = EDGE_CURVE ( 'NONE', #4172, #4300, #873, .T. ) ;
#745 = ORIENTED_EDGE ( 'NONE', *, *, #3514, .T. ) ;
#746 = DIRECTION ( 'NONE',  ( -1.000000000000000000, 0.000000000000000000, 4.336808689942015271E-16 ) ) ;
#747 = FACE_OUTER_BOUND ( 'NONE', #2898, .T. ) ;
#748 = CARTESIAN_POINT ( 'NONE',  ( -41.45000000000000284, 39.40948300754050848, -40.95000000000000284 ) ) ;
#749 = CIRCLE ( 'NONE', #3322, 4.000000000000000000 ) ;
#750 = ORIENTED_EDGE ( 'NONE', *, *, #3260, .F. ) ;
#751 = AXIS2_PLACEMENT_3D ( 'NONE', #692, #1938, #2248 ) ;
#752 = VERTEX_POINT ( 'NONE', #4083 ) ;
#753 = ORIENTED_EDGE ( 'NONE', *, *, #220, .T. ) ;
#754 = FACE_OUTER_BOUND ( 'NONE', #1196, .T. ) ;
#755 = VECTOR ( 'NONE', #3702, 1000.000000000000000 ) ;
#756 = ORIENTED_EDGE ( 'NONE', *, *, #3237, .T. ) ;
#757 = EDGE_CURVE ( 'NONE', #4523, #4074, #530, .T. ) ;
#758 = FACE_OUTER_BOUND ( 'NONE', #195, .T. ) ;
#759 = ORIENTED_EDGE ( 'NONE', *, *, #4723, .T. ) ;
#760 = VERTEX_POINT ( 'NONE', #20 ) ;
#761 = CARTESIAN_POINT ( 'NONE',  ( -22.95000000000000284, 39.40948300754050848, -2.550000000000000266 ) ) ;
#762 = DIRECTION ( 'NONE',  ( 0.000000000000000000, 1.000000000000000000, 0.000000000000000000 ) ) ;
#763 = PLANE ( 'NONE',  #4972 ) ;
#764 = ORIENTED_EDGE ( 'NONE', *, *, #4470, .F. ) ;
#765 = CIRCLE ( 'NONE', #2679, 1.500000000000001332 ) ;
#766 = ORIENTED_EDGE ( 'NONE', *, *, #4381, .F. ) ;
#767 = CARTESIAN_POINT ( 'NONE',  ( 37.75000000000000000, 36.40948300754050138, 30.94999999999999929 ) ) ;
#768 = EDGE_CURVE ( 'NONE', #1171, #2848, #1772, .T. ) ;
#769 = CARTESIAN_POINT ( 'NONE',  ( -30.94999999999999929, 49.40948300754050138, -12.55000000000000071 ) ) ;
#770 = CARTESIAN_POINT ( 'NONE',  ( 42.95000000000000284, 49.40948300754050138, -41.45000000000000284 ) ) ;
#771 = DIRECTION ( 'NONE',  ( 0.000000000000000000, 0.000000000000000000, -1.000000000000000000 ) ) ;
#772 = VERTEX_POINT ( 'NONE', #1606 ) ;
#773 = CARTESIAN_POINT ( 'NONE',  ( -15.35000000000000142, 33.40948300754050138, -28.55000000000000071 ) ) ;
#774 = CARTESIAN_POINT ( 'NONE',  ( -40.95000000000000995, 39.34833575221346535, -29.18300426922886359 ) ) ;
#775 = CARTESIAN_POINT ( 'NONE',  ( -37.75000000000000000, 37.40948300754050138, 27.94999999999999929 ) ) ;
#776 = CARTESIAN_POINT ( 'NONE',  ( -42.25000000000000000, 47.95948300754049853, 40.75000000000000000 ) ) ;
#777 = VERTEX_POINT ( 'NONE', #1683 ) ;
#778 = EDGE_LOOP ( 'NONE', ( #2509, #1919, #566, #3934 ) ) ;
#779 = ORIENTED_EDGE ( 'NONE', *, *, #202, .F. ) ;
#780 = CIRCLE ( 'NONE', #3690, 1.500000000000001332 ) ;
#781 = PLANE ( 'NONE',  #4010 ) ;
#782 = EDGE_CURVE ( 'NONE', #614, #796, #501, .T. ) ;
#783 = DIRECTION ( 'NONE',  ( 0.000000000000000000, 1.000000000000000000, 0.000000000000000000 ) ) ;
#784 = ORIENTED_EDGE ( 'NONE', *, *, #3894, .T. ) ;
#785 = ORIENTED_EDGE ( 'NONE', *, *, #2183, .T. ) ;
#786 = LINE ( 'NONE', #4045, #152 ) ;
#787 = ADVANCED_FACE ( 'NONE', ( #4782 ), #3272, .F. ) ;
#788 = CARTESIAN_POINT ( 'NONE',  ( -30.94999999999999929, 39.40948300754050848, -2.550000000000000266 ) ) ;
#789 = VERTEX_POINT ( 'NONE', #898 ) ;
#790 = ORIENTED_EDGE ( 'NONE', *, *, #1534, .F. ) ;
#791 = CARTESIAN_POINT ( 'NONE',  ( 30.64999999999999858, 36.40948300754050138, -28.55000000000000071 ) ) ;
#792 = DIRECTION ( 'NONE',  ( 0.000000000000000000, 0.000000000000000000, -1.000000000000000000 ) ) ;
#793 = DIRECTION ( 'NONE',  ( 0.000000000000000000, 0.000000000000000000, -1.000000000000000000 ) ) ;
#794 = FACE_BOUND ( 'NONE', #1239, .T. ) ;
#795 = EDGE_CURVE ( 'NONE', #752, #472, #4355, .T. ) ;
#796 = VERTEX_POINT ( 'NONE', #1283 ) ;
#797 = FACE_OUTER_BOUND ( 'NONE', #1698, .T. ) ;
#798 = CARTESIAN_POINT ( 'NONE',  ( -40.95000000000001705, 39.17533459720754507, -29.93399240368274761 ) ) ;
#799 = CARTESIAN_POINT ( 'NONE',  ( 40.94999999999998863, 39.35105440506296759, -32.73240053853692899 ) ) ;
#800 = DIRECTION ( 'NONE',  ( 0.000000000000000000, 0.000000000000000000, -1.000000000000000000 ) ) ;
#801 = ORIENTED_EDGE ( 'NONE', *, *, #4562, .F. ) ;
#802 = ORIENTED_EDGE ( 'NONE', *, *, #1731, .F. ) ;
#803 = FACE_OUTER_BOUND ( 'NONE', #3624, .T. ) ;
#804 = DIRECTION ( 'NONE',  ( 0.000000000000000000, -1.000000000000000000, 0.000000000000000000 ) ) ;
#805 = CIRCLE ( 'NONE', #1463, 0.5000000000000000000 ) ;
#806 = CARTESIAN_POINT ( 'NONE',  ( -15.35000000000000142, 36.40948300754050138, 38.75000000000000000 ) ) ;
#807 = ADVANCED_FACE ( 'NONE', ( #434 ), #2022, .T. ) ;
#808 = ORIENTED_EDGE ( 'NONE', *, *, #2435, .T. ) ;
#809 = ORIENTED_EDGE ( 'NONE', *, *, #3757, .F. ) ;
#810 = EDGE_CURVE ( 'NONE', #614, #4556, #3218, .T. ) ;
#811 = LINE ( 'NONE', #4479, #2648 ) ;
#812 = AXIS2_PLACEMENT_3D ( 'NONE', #1812, #2912, #4991 ) ;
#813 = EDGE_CURVE ( 'NONE', #361, #1870, #4940, .T. ) ;
#814 = PLANE ( 'NONE',  #4144 ) ;
#815 = ORIENTED_EDGE ( 'NONE', *, *, #45, .T. ) ;
#816 = CIRCLE ( 'NONE', #2476, 0.7500000000000006661 ) ;
#817 = EDGE_CURVE ( 'NONE', #3145, #2773, #780, .T. ) ;
#818 = CIRCLE ( 'NONE', #3226, 0.5000000000000000000 ) ;
#819 = DIRECTION ( 'NONE',  ( 1.000000000000000000, 0.000000000000000000, 0.000000000000000000 ) ) ;
#820 = CARTESIAN_POINT ( 'NONE',  ( -37.75000000000000000, 36.40948300754050138, -30.94999999999999929 ) ) ;
#821 = LINE ( 'NONE', #770, #2162 ) ;
#822 = CARTESIAN_POINT ( 'NONE',  ( -18.25000000000000000, 41.15948300754050138, 24.25000000000000000 ) ) ;
#823 = CARTESIAN_POINT ( 'NONE',  ( -37.75000000000000000, 38.40948300754050138, 30.94999999999999929 ) ) ;
#824 = CARTESIAN_POINT ( 'NONE',  ( -40.95000000000001705, 39.24858921249247601, -29.64900583711179749 ) ) ;
#825 = VECTOR ( 'NONE', #3848, 1000.000000000000000 ) ;
#826 = CARTESIAN_POINT ( 'NONE',  ( 40.95000000000000284, 39.36177651242239506, -29.10368031218121487 ) ) ;
#827 = EDGE_CURVE ( 'NONE', #1166, #3458, #1441, .T. ) ;
#828 = DIRECTION ( 'NONE',  ( 0.000000000000000000, -1.000000000000000000, 0.000000000000000000 ) ) ;
#829 = EDGE_LOOP ( 'NONE', ( #4303, #291, #4457, #718 ) ) ;
#830 = EDGE_LOOP ( 'NONE', ( #2259, #5132, #3454, #2343 ) ) ;
#831 = DIRECTION ( 'NONE',  ( 0.000000000000000000, 1.000000000000000000, 0.000000000000000000 ) ) ;
#832 = CARTESIAN_POINT ( 'NONE',  ( -40.95000000000001705, 39.39040428020090445, 32.95923077945667501 ) ) ;
#833 = ADVANCED_FACE ( 'NONE', ( #2984 ), #698, .T. ) ;
#834 = VECTOR ( 'NONE', #4861, 1000.000000000000000 ) ;
#835 = CIRCLE ( 'NONE', #3741, 0.7500000000000006661 ) ;
#836 = PRODUCT_CONTEXT ( 'NONE', #1520, 'mechanical' ) ;
#837 = DIRECTION ( 'NONE',  ( 0.000000000000000000, 0.000000000000000000, 1.000000000000000000 ) ) ;
#838 = ORIENTED_EDGE ( 'NONE', *, *, #2644, .T. ) ;
#839 = AXIS2_PLACEMENT_3D ( 'NONE', #458, #479, #793 ) ;
#840 = VERTEX_POINT ( 'NONE', #4206 ) ;
#841 = CARTESIAN_POINT ( 'NONE',  ( 39.25000000000000000, 45.35948300754050422, -37.75000000000000000 ) ) ;
#842 = CARTESIAN_POINT ( 'NONE',  ( 30.64999999999999858, 33.40948300754050138, 37.44999999999999574 ) ) ;
#843 = EDGE_LOOP ( 'NONE', ( #2706, #1293, #4770, #2587 ) ) ;
#844 = CARTESIAN_POINT ( 'NONE',  ( 18.25000000000000000, 44.35948300754050422, -16.25000000000000000 ) ) ;
#845 = CARTESIAN_POINT ( 'NONE',  ( -41.45000000000000284, 37.40948300754050138, 41.95000000000000284 ) ) ;
#846 = DIRECTION ( 'NONE',  ( 0.000000000000000000, 0.000000000000000000, -1.000000000000000000 ) ) ;
#847 = VECTOR ( 'NONE', #3997, 1000.000000000000000 ) ;
#848 = CARTESIAN_POINT ( 'NONE',  ( -40.95000000000000284, 39.40948300754050848, 40.95000000000000284 ) ) ;
#849 = AXIS2_PLACEMENT_3D ( 'NONE', #3092, #4763, #29 ) ;
#850 = DIRECTION ( 'NONE',  ( 0.000000000000000000, 0.000000000000000000, 1.000000000000000000 ) ) ;
#851 = LINE ( 'NONE', #2518, #4145 ) ;
#852 = CARTESIAN_POINT ( 'NONE',  ( 40.95000000000000284, 39.13730949413067606, -31.81315306165293677 ) ) ;
#853 = ADVANCED_FACE ( 'NONE', ( #1831 ), #196, .F. ) ;
#854 = DIRECTION ( 'NONE',  ( 0.000000000000000000, -1.000000000000000000, 0.000000000000000000 ) ) ;
#855 = CIRCLE ( 'NONE', #4591, 2.499999999999998668 ) ;
#856 = ORIENTED_EDGE ( 'NONE', *, *, #3355, .T. ) ;
#857 = ORIENTED_EDGE ( 'NONE', *, *, #3217, .T. ) ;
#858 = LINE ( 'NONE', #2447, #1352 ) ;
#859 = VECTOR ( 'NONE', #2652, 1000.000000000000000 ) ;
#860 = CARTESIAN_POINT ( 'NONE',  ( -40.95000000000001705, 39.17533459720616662, 31.96600759631754229 ) ) ;
#861 = CARTESIAN_POINT ( 'NONE',  ( 30.94999999999999929, 49.40948300754050138, -23.05000000000000071 ) ) ;
#862 = AXIS2_PLACEMENT_3D ( 'NONE', #767, #5059, #740 ) ;
#863 = VERTEX_POINT ( 'NONE', #4910 ) ;
#864 = ORIENTED_EDGE ( 'NONE', *, *, #2448, .T. ) ;
#865 = DIRECTION ( 'NONE',  ( -1.674039542559039894E-16, 0.000000000000000000, -1.000000000000000000 ) ) ;
#866 = CARTESIAN_POINT ( 'NONE',  ( -41.45000000000000284, 49.40948300754050138, 41.45000000000000284 ) ) ;
#867 = ORIENTED_EDGE ( 'NONE', *, *, #3263, .F. ) ;
#868 = LINE ( 'NONE', #3311, #3012 ) ;
#869 = DIRECTION ( 'NONE',  ( 0.000000000000000000, 0.000000000000000000, -1.000000000000000000 ) ) ;
#870 = DIRECTION ( 'NONE',  ( 0.000000000000000000, -1.000000000000000000, 0.000000000000000000 ) ) ;
#871 = VERTEX_POINT ( 'NONE', #1363 ) ;
#872 = ADVANCED_FACE ( 'NONE', ( #4592 ), #637, .F. ) ;
#873 = LINE ( 'NONE', #1656, #2030 ) ;
#874 = EDGE_CURVE ( 'NONE', #3450, #4869, #2608, .T. ) ;
#875 = LINE ( 'NONE', #3635, #4067 ) ;
#876 = ORIENTED_EDGE ( 'NONE', *, *, #3478, .T. ) ;
#877 = CARTESIAN_POINT ( 'NONE',  ( 40.95000000000000995, 39.08654842528177653, -30.30538744579927979 ) ) ;
#878 = CARTESIAN_POINT ( 'NONE',  ( -40.75000000000000000, 49.40948300754050138, 42.25000000000000000 ) ) ;
#879 = VERTEX_POINT ( 'NONE', #3787 ) ;
#880 = EDGE_CURVE ( 'NONE', #3811, #3000, #3342, .T. ) ;
#881 = VERTEX_POINT ( 'NONE', #221 ) ;
#882 = CARTESIAN_POINT ( 'NONE',  ( -37.75000000000000000, 37.40948300754050138, -33.95000000000000284 ) ) ;
#883 = CARTESIAN_POINT ( 'NONE',  ( -42.25000000000000000, 47.95948300754049853, -42.25000000000000000 ) ) ;
#884 = CARTESIAN_POINT ( 'NONE',  ( -15.35000000000000142, 36.40948300754050138, -28.55000000000000071 ) ) ;
#885 = EDGE_LOOP ( 'NONE', ( #3394, #3954, #1846, #49, #297, #5078, #2982, #4204 ) ) ;
#886 = CARTESIAN_POINT ( 'NONE',  ( -32.25000000000000000, 45.35948300754050422, 19.46392568124259981 ) ) ;
#887 = DIRECTION ( 'NONE',  ( 0.000000000000000000, -1.000000000000000000, 0.000000000000000000 ) ) ;
#888 = VERTEX_POINT ( 'NONE', #1001 ) ;
#889 = AXIS2_PLACEMENT_3D ( 'NONE', #1368, #1027, #2520 ) ;
#890 = ORIENTED_EDGE ( 'NONE', *, *, #4413, .T. ) ;
#891 = CARTESIAN_POINT ( 'NONE',  ( 42.25000000000000000, 47.95948300754049853, -42.25000000000000000 ) ) ;
#892 = CARTESIAN_POINT ( 'NONE',  ( -22.95000000000000284, 45.35948300754050422, -12.55000000000000071 ) ) ;
#893 = CARTESIAN_POINT ( 'NONE',  ( 30.94999999999999929, 49.40948300754050138, 16.94999999999999929 ) ) ;
#894 = VECTOR ( 'NONE', #3049, 1000.000000000000000 ) ;
#895 = CARTESIAN_POINT ( 'NONE',  ( 40.95000000000000995, 39.27286981110512443, 32.35651680784128814 ) ) ;
#896 = CIRCLE ( 'NONE', #2144, 2.499999999999998668 ) ;
#897 = ORIENTED_EDGE ( 'NONE', *, *, #3989, .T. ) ;
#898 = CARTESIAN_POINT ( 'NONE',  ( 30.94999999999999929, 39.40948300754050848, -2.050000000000000266 ) ) ;
#899 = COLOUR_RGB ( '',1.000000000000000000, 1.000000000000000000, 1.000000000000000000 ) ;
#900 = FACE_OUTER_BOUND ( 'NONE', #3743, .T. ) ;
#901 = AXIS2_PLACEMENT_3D ( 'NONE', #3956, #1843, #2329 ) ;
#902 = CARTESIAN_POINT ( 'NONE',  ( 39.25000000000000000, 45.35948300754050422, -37.75000000000000000 ) ) ;
#903 = CARTESIAN_POINT ( 'NONE',  ( 40.94999999999999574, 39.09183522330732075, -30.28069147755542900 ) ) ;
#904 = LINE ( 'NONE', #4760, #5134 ) ;
#905 = ORIENTED_EDGE ( 'NONE', *, *, #1207, .T. ) ;
#906 = AXIS2_PLACEMENT_3D ( 'NONE', #1396, #4212, #4546 ) ;
#907 = CARTESIAN_POINT ( 'NONE',  ( -30.94999999999999929, 45.35948300754050422, -23.05000000000000071 ) ) ;
#908 = CARTESIAN_POINT ( 'NONE',  ( -41.45000000000000284, 39.40948300754050848, -42.95000000000000284 ) ) ;
#909 = ORIENTED_EDGE ( 'NONE', *, *, #744, .F. ) ;
#910 = CARTESIAN_POINT ( 'NONE',  ( -37.75000000000000000, 36.40948300754050138, 27.94999999999999929 ) ) ;
#911 = EDGE_CURVE ( 'NONE', #4295, #1847, #1757, .T. ) ;
#912 = LINE ( 'NONE', #4146, #3808 ) ;
#913 = VERTEX_POINT ( 'NONE', #1025 ) ;
#914 = AXIS2_PLACEMENT_3D ( 'NONE', #611, #580, #2978 ) ;
#915 = AXIS2_PLACEMENT_3D ( 'NONE', #3842, #4668, #2273 ) ;
#916 = ORIENTED_EDGE ( 'NONE', *, *, #3803, .T. ) ;
#917 = LINE ( 'NONE', #2510, #4581 ) ;
#918 = ADVANCED_FACE ( 'NONE', ( #1807 ), #2780, .T. ) ;
#919 = CYLINDRICAL_SURFACE ( 'NONE', #352, 2.499999999999998668 ) ;
#920 = CARTESIAN_POINT ( 'NONE',  ( 19.25000000000000000, 45.35948300754050422, 19.46392568124259981 ) ) ;
#921 = CARTESIAN_POINT ( 'NONE',  ( 40.95000000000002416, 39.11936130527666222, 31.74246572076465256 ) ) ;
#922 = VERTEX_POINT ( 'NONE', #1784 ) ;
#923 = ADVANCED_FACE ( 'NONE', ( #2170 ), #3813, .F. ) ;
#924 = DIRECTION ( 'NONE',  ( 0.000000000000000000, -1.000000000000000000, 0.000000000000000000 ) ) ;
#925 = DIRECTION ( 'NONE',  ( 0.000000000000000000, 0.000000000000000000, -1.000000000000000000 ) ) ;
#926 = DIRECTION ( 'NONE',  ( -1.000000000000000000, 0.000000000000000000, 0.000000000000000000 ) ) ;
#927 = VECTOR ( 'NONE', #4175, 1000.000000000000000 ) ;
#928 = CARTESIAN_POINT ( 'NONE',  ( 37.75000000000000000, 39.40948300754050848, -34.95000000000000284 ) ) ;
#929 = CIRCLE ( 'NONE', #3930, 0.5000000000000004441 ) ;
#930 = CARTESIAN_POINT ( 'NONE',  ( -30.94999999999999929, 45.35948300754050422, 6.949999999999999289 ) ) ;
#931 = ORIENTED_EDGE ( 'NONE', *, *, #4279, .T. ) ;
#932 = AXIS2_PLACEMENT_3D ( 'NONE', #335, #702, #1895 ) ;
#933 = CARTESIAN_POINT ( 'NONE',  ( -15.35000000000000142, 33.40948300754050138, -26.05000000000000071 ) ) ;
#934 = DIRECTION ( 'NONE',  ( 0.000000000000000000, -1.000000000000000000, 0.000000000000000000 ) ) ;
#935 = VERTEX_POINT ( 'NONE', #3371 ) ;
#936 = EDGE_CURVE ( 'NONE', #5120, #1055, #3397, .T. ) ;
#937 = CARTESIAN_POINT ( 'NONE',  ( 37.75000000000000000, 36.40948300754050138, -30.94999999999999929 ) ) ;
#938 = EDGE_CURVE ( 'NONE', #705, #1775, #143, .T. ) ;
#939 = CYLINDRICAL_SURFACE ( 'NONE', #3715, 0.5000000000000004441 ) ;
#940 = VERTEX_POINT ( 'NONE', #3316 ) ;
#941 = ORIENTED_EDGE ( 'NONE', *, *, #1883, .T. ) ;
#942 = EDGE_CURVE ( 'NONE', #1240, #4678, #3612, .T. ) ;
#943 = DIRECTION ( 'NONE',  ( 0.000000000000000000, 0.000000000000000000, -1.000000000000000000 ) ) ;
#944 = CARTESIAN_POINT ( 'NONE',  ( 22.95000000000000284, 45.35948300754050422, -2.550000000000000266 ) ) ;
#945 = DIRECTION ( 'NONE',  ( 0.000000000000000000, 0.000000000000000000, -1.000000000000000000 ) ) ;
#946 = DIRECTION ( 'NONE',  ( 1.000000000000000000, 0.000000000000000000, 0.000000000000000000 ) ) ;
#947 = ORIENTED_EDGE ( 'NONE', *, *, #4522, .T. ) ;
#948 = CARTESIAN_POINT ( 'NONE',  ( -30.94999999999999929, 49.40948300754050138, 7.950000000000000178 ) ) ;
#949 = CARTESIAN_POINT ( 'NONE',  ( -32.25000000000000000, 43.25948300754050280, 19.46392568124259981 ) ) ;
#950 = CYLINDRICAL_SURFACE ( 'NONE', #1892, 1.000000000000000888 ) ;
#951 = EDGE_CURVE ( 'NONE', #1782, #3412, #3010, .T. ) ;
#952 = DIRECTION ( 'NONE',  ( 0.000000000000000000, -1.000000000000000000, 0.000000000000000000 ) ) ;
#953 = CARTESIAN_POINT ( 'NONE',  ( 37.75000000000000000, 38.00948300754050280, 30.94999999999999929 ) ) ;
#954 = ORIENTED_EDGE ( 'NONE', *, *, #4541, .T. ) ;
#955 = CYLINDRICAL_SURFACE ( 'NONE', #2352, 2.499999999999998668 ) ;
#956 = CARTESIAN_POINT ( 'NONE',  ( 37.75000000000000000, 39.40948300754050848, -30.94999999999999929 ) ) ;
#957 = EDGE_LOOP ( 'NONE', ( #2793, #3618, #1383, #5004 ) ) ;
#958 = DIRECTION ( 'NONE',  ( 0.000000000000000000, 1.000000000000000000, 0.000000000000000000 ) ) ;
#959 = EDGE_CURVE ( 'NONE', #3819, #1081, #973, .T. ) ;
#960 = CARTESIAN_POINT ( 'NONE',  ( -19.25000000000000000, 45.35948300754050422, -16.25000000000000000 ) ) ;
#961 = ORIENTED_EDGE ( 'NONE', *, *, #1369, .F. ) ;
#962 = EDGE_CURVE ( 'NONE', #616, #130, #1518, .T. ) ;
#963 = ORIENTED_EDGE ( 'NONE', *, *, #4499, .T. ) ;
#964 = CARTESIAN_POINT ( 'NONE',  ( 18.25000000000000000, 41.15948300754050138, -15.25000000000000000 ) ) ;
#965 = LINE ( 'NONE', #4955, #22 ) ;
#966 = EDGE_CURVE ( 'NONE', #4664, #2308, #615, .T. ) ;
#967 = DIRECTION ( 'NONE',  ( 1.000000000000000000, 0.000000000000000000, -2.638362701105410028E-16 ) ) ;
#968 = ADVANCED_FACE ( 'NONE', ( #1098 ), #1177, .T. ) ;
#969 = CARTESIAN_POINT ( 'NONE',  ( 40.95000000000003126, 39.06609548873144888, 30.40682085720420957 ) ) ;
#970 = EDGE_LOOP ( 'NONE', ( #3332, #1971, #972, #1688 ) ) ;
#971 = CIRCLE ( 'NONE', #812, 0.7500000000000006661 ) ;
#972 = ORIENTED_EDGE ( 'NONE', *, *, #4363, .F. ) ;
#973 = LINE ( 'NONE', #2566, #2268 ) ;
#974 = DIRECTION ( 'NONE',  ( 0.000000000000000000, 1.000000000000000000, 0.000000000000000000 ) ) ;
#975 = AXIS2_PLACEMENT_3D ( 'NONE', #1042, #2242, #1852 ) ;
#976 = FACE_OUTER_BOUND ( 'NONE', #4154, .T. ) ;
#977 = CIRCLE ( 'NONE', #3058, 2.999999999999999112 ) ;
#978 = ADVANCED_FACE ( 'NONE', ( #5035 ), #712, .F. ) ;
#979 = DIRECTION ( 'NONE',  ( 0.000000000000000000, -1.000000000000000000, 0.000000000000000000 ) ) ;
#980 = ORIENTED_EDGE ( 'NONE', *, *, #1864, .F. ) ;
#981 = AXIS2_PLACEMENT_3D ( 'NONE', #2410, #3708, #2440 ) ;
#982 = DIRECTION ( 'NONE',  ( 1.000000000000000000, 0.000000000000000000, -3.199700324694274933E-16 ) ) ;
#983 = DIRECTION ( 'NONE',  ( 0.000000000000000000, 0.000000000000000000, -1.000000000000000000 ) ) ;
#984 = AXIS2_PLACEMENT_3D ( 'NONE', #4856, #502, #1773 ) ;
#985 = ORIENTED_EDGE ( 'NONE', *, *, #1253, .T. ) ;
#986 = EDGE_CURVE ( 'NONE', #772, #4295, #4719, .T. ) ;
#987 = CARTESIAN_POINT ( 'NONE',  ( -42.95000000000000284, 39.40948300754050848, 42.95000000000000284 ) ) ;
#988 = DIRECTION ( 'NONE',  ( 0.000000000000000000, 1.000000000000000000, 0.000000000000000000 ) ) ;
#989 = FACE_OUTER_BOUND ( 'NONE', #3939, .T. ) ;
#990 = VERTEX_POINT ( 'NONE', #1571 ) ;
#991 = EDGE_LOOP ( 'NONE', ( #2365, #2942, #4769, #4149 ) ) ;
#992 = CARTESIAN_POINT ( 'NONE',  ( -18.25000000000000000, 41.15948300754050138, -15.25000000000000000 ) ) ;
#993 = CARTESIAN_POINT ( 'NONE',  ( -40.95000000000000995, 39.36177651242239506, 29.10368031218113316 ) ) ;
#994 = DIRECTION ( 'NONE',  ( 0.000000000000000000, 0.000000000000000000, 1.000000000000000000 ) ) ;
#995 = CIRCLE ( 'NONE', #4572, 0.7500000000000006661 ) ;
#996 = VECTOR ( 'NONE', #2887, 1000.000000000000000 ) ;
#997 = CARTESIAN_POINT ( 'NONE',  ( 40.95000000000001705, 39.03179187656984794, 31.29964512842573043 ) ) ;
#998 = EDGE_LOOP ( 'NONE', ( #1548, #4672, #1768, #3369 ) ) ;
#999 = ORIENTED_EDGE ( 'NONE', *, *, #782, .T. ) ;
#1000 = VECTOR ( 'NONE', #4412, 1000.000000000000000 ) ;
#1001 = CARTESIAN_POINT ( 'NONE',  ( -39.25000000000000000, 47.95948300754049853, 41.14999999999999858 ) ) ;
#1002 = DIRECTION ( 'NONE',  ( 0.000000000000000000, 0.000000000000000000, -1.000000000000000000 ) ) ;
#1003 = DIRECTION ( 'NONE',  ( 0.000000000000000000, 0.000000000000000000, -1.000000000000000000 ) ) ;
#1004 = CARTESIAN_POINT ( 'NONE',  ( 41.45000000000000284, 49.40948300754050138, -41.45000000000000284 ) ) ;
#1005 = ORIENTED_EDGE ( 'NONE', *, *, #1318, .T. ) ;
#1006 = FACE_OUTER_BOUND ( 'NONE', #2196, .T. ) ;
#1007 = EDGE_CURVE ( 'NONE', #4181, #5103, #2271, .T. ) ;
#1008 = CARTESIAN_POINT ( 'NONE',  ( -22.95000000000000284, 39.40948300754050848, -13.05000000000000071 ) ) ;
#1009 = CIRCLE ( 'NONE', #2422, 2.000000000000001776 ) ;
#1010 = AXIS2_PLACEMENT_3D ( 'NONE', #3788, #1832, #222 ) ;
#1011 = ORIENTED_EDGE ( 'NONE', *, *, #1070, .T. ) ;
#1012 = CARTESIAN_POINT ( 'NONE',  ( 30.94999999999999929, 49.40948300754050138, 7.950000000000000178 ) ) ;
#1013 = CARTESIAN_POINT ( 'NONE',  ( -41.95000000000000284, 37.40948300754050138, -42.95000000000000284 ) ) ;
#1014 = ORIENTED_EDGE ( 'NONE', *, *, #3871, .T. ) ;
#1015 = AXIS2_PLACEMENT_3D ( 'NONE', #1821, #3023, #2660 ) ;
#1016 = ORIENTED_EDGE ( 'NONE', *, *, #938, .F. ) ;
#1017 = DIRECTION ( 'NONE',  ( 0.000000000000000000, 1.000000000000000000, 0.000000000000000000 ) ) ;
#1018 = CARTESIAN_POINT ( 'NONE',  ( -40.95000000000001705, 39.08654842528198969, 30.30538744579849464 ) ) ;
#1019 = AXIS2_PLACEMENT_3D ( 'NONE', #2181, #409, #2783 ) ;
#1020 = CARTESIAN_POINT ( 'NONE',  ( -42.05481555856610498, 39.40948300754050848, -41.45000000000000284 ) ) ;
#1021 = DIRECTION ( 'NONE',  ( 0.000000000000000000, 0.000000000000000000, 1.000000000000000000 ) ) ;
#1022 = ORIENTED_EDGE ( 'NONE', *, *, #3512, .F. ) ;
#1023 = AXIS2_PLACEMENT_3D ( 'NONE', #3634, #537, #2123 ) ;
#1024 = EDGE_LOOP ( 'NONE', ( #1622, #2256, #725, #4796 ) ) ;
#1025 = CARTESIAN_POINT ( 'NONE',  ( -30.94999999999999929, 45.35948300754050422, 16.94999999999999929 ) ) ;
#1026 = CARTESIAN_POINT ( 'NONE',  ( 40.95000000000000284, 39.40948300754050848, -41.45000000000000284 ) ) ;
#1027 = DIRECTION ( 'NONE',  ( -1.000000000000000000, 0.000000000000000000, 0.000000000000000000 ) ) ;
#1028 = ADVANCED_FACE ( 'NONE', ( #5087 ), #4750, .F. ) ;
#1029 = ADVANCED_FACE ( 'NONE', ( #2775 ), #1153, .T. ) ;
#1030 = ORIENTED_EDGE ( 'NONE', *, *, #21, .T. ) ;
#1031 = CYLINDRICAL_SURFACE ( 'NONE', #4931, 2.999999999999999112 ) ;
#1032 = CARTESIAN_POINT ( 'NONE',  ( 30.94999999999999929, 49.40948300754050138, -23.05000000000000071 ) ) ;
#1033 = EDGE_CURVE ( 'NONE', #4928, #3465, #2320, .T. ) ;
#1034 = ORIENTED_EDGE ( 'NONE', *, *, #2021, .F. ) ;
#1035 = CARTESIAN_POINT ( 'NONE',  ( -40.95000000000001705, 39.06609548873149862, -30.40682085720704819 ) ) ;
#1036 = CARTESIAN_POINT ( 'NONE',  ( -22.95000000000000284, 49.40948300754050138, 17.44999999999999929 ) ) ;
#1037 = ORIENTED_EDGE ( 'NONE', *, *, #1670, .F. ) ;
#1038 = ORIENTED_EDGE ( 'NONE', *, *, #1976, .T. ) ;
#1039 = DIRECTION ( 'NONE',  ( 0.000000000000000000, -1.000000000000000000, 0.000000000000000000 ) ) ;
#1040 = DIRECTION ( 'NONE',  ( 0.000000000000000000, -1.000000000000000000, 0.000000000000000000 ) ) ;
#1041 = DIRECTION ( 'NONE',  ( 0.000000000000000000, 1.000000000000000000, 0.000000000000000000 ) ) ;
#1042 = CARTESIAN_POINT ( 'NONE',  ( -41.45000000000000284, 49.40948300754050138, -41.45000000000000284 ) ) ;
#1043 = EDGE_LOOP ( 'NONE', ( #3539, #11, #2280, #2335 ) ) ;
#1044 = ORIENTED_EDGE ( 'NONE', *, *, #2764, .F. ) ;
#1045 = DIRECTION ( 'NONE',  ( 0.000000000000000000, 0.000000000000000000, -1.000000000000000000 ) ) ;
#1046 = EDGE_CURVE ( 'NONE', #888, #2114, #3863, .T. ) ;
#1047 = DIRECTION ( 'NONE',  ( -1.000000000000000000, 0.000000000000000000, 0.000000000000000000 ) ) ;
#1048 = PLANE ( 'NONE',  #751 ) ;
#1049 = DIRECTION ( 'NONE',  ( 0.000000000000000000, 0.000000000000000000, -1.000000000000000000 ) ) ;
#1050 = ORIENTED_EDGE ( 'NONE', *, *, #3645, .F. ) ;
#1051 = DIRECTION ( 'NONE',  ( 0.000000000000000000, 0.000000000000000000, -1.000000000000000000 ) ) ;
#1052 = AXIS2_PLACEMENT_3D ( 'NONE', #2385, #489, #3983 ) ;
#1053 = DIRECTION ( 'NONE',  ( 0.000000000000000000, -1.000000000000000000, 0.000000000000000000 ) ) ;
#1054 = AXIS2_PLACEMENT_3D ( 'NONE', #4143, #1374, #1770 ) ;
#1055 = VERTEX_POINT ( 'NONE', #320 ) ;
#1056 = CARTESIAN_POINT ( 'NONE',  ( -40.95000000000001705, 39.14124878322340351, -30.07081879985738482 ) ) ;
#1057 = CIRCLE ( 'NONE', #984, 1.300000000000002487 ) ;
#1058 = SURFACE_SIDE_STYLE ('',( #2609 ) ) ;
#1059 = CARTESIAN_POINT ( 'NONE',  ( 40.75000000000000000, 47.95948300754049853, 40.75000000000000000 ) ) ;
#1060 = ORIENTED_EDGE ( 'NONE', *, *, #4244, .F. ) ;
#1061 = ORIENTED_EDGE ( 'NONE', *, *, #2235, .F. ) ;
#1062 = AXIS2_PLACEMENT_3D ( 'NONE', #3301, #2964, #623 ) ;
#1063 = CARTESIAN_POINT ( 'NONE',  ( 22.95000000000000284, 39.40948300754050848, -12.05000000000000071 ) ) ;
#1064 = EDGE_CURVE ( 'NONE', #2893, #3590, #4682, .T. ) ;
#1065 = CARTESIAN_POINT ( 'NONE',  ( -40.95000000000000284, 39.09183522330768312, 30.28069147755402568 ) ) ;
#1066 = CARTESIAN_POINT ( 'NONE',  ( -42.25000000000000000, 47.95948300754049853, -42.25000000000000000 ) ) ;
#1067 = FACE_OUTER_BOUND ( 'NONE', #1176, .T. ) ;
#1068 = EDGE_LOOP ( 'NONE', ( #4358, #1144 ) ) ;
#1069 = ORIENTED_EDGE ( 'NONE', *, *, #3328, .F. ) ;
#1070 = EDGE_CURVE ( 'NONE', #1611, #3438, #4028, .T. ) ;
#1071 = DIRECTION ( 'NONE',  ( 0.000000000000000000, -1.000000000000000000, 0.000000000000000000 ) ) ;
#1072 = DIRECTION ( 'NONE',  ( 0.000000000000000000, 0.000000000000000000, -1.000000000000000000 ) ) ;
#1073 = CIRCLE ( 'NONE', #2500, 4.000000000000000000 ) ;
#1074 = DIRECTION ( 'NONE',  ( 0.000000000000000000, 1.000000000000000000, 0.000000000000000000 ) ) ;
#1075 = CARTESIAN_POINT ( 'NONE',  ( -37.75000000000000000, 38.00948300754050280, 30.94999999999999929 ) ) ;
#1076 = EDGE_CURVE ( 'NONE', #362, #162, #3108, .T. ) ;
#1077 = VECTOR ( 'NONE', #2721, 1000.000000000000000 ) ;
#1078 = ORIENTED_EDGE ( 'NONE', *, *, #1883, .F. ) ;
#1079 = DIRECTION ( 'NONE',  ( 0.000000000000000000, -1.000000000000000000, 0.000000000000000000 ) ) ;
#1080 = LINE ( 'NONE', #2680, #4323 ) ;
#1081 = VERTEX_POINT ( 'NONE', #2353 ) ;
#1082 = CIRCLE ( 'NONE', #4920, 2.000000000000001776 ) ;
#1083 = CIRCLE ( 'NONE', #1503, 2.999999999999999112 ) ;
#1084 = FILL_AREA_STYLE ('',( #703 ) ) ;
#1085 = CARTESIAN_POINT ( 'NONE',  ( 37.75000000000000000, 36.40948300754050138, 30.94999999999999929 ) ) ;
#1086 = ADVANCED_FACE ( 'NONE', ( #3446 ), #4666, .F. ) ;
#1087 = VERTEX_POINT ( 'NONE', #4276 ) ;
#1088 = ORIENTED_EDGE ( 'NONE', *, *, #4441, .F. ) ;
#1089 = ADVANCED_FACE ( 'NONE', ( #3950 ), #1876, .F. ) ;
#1090 = AXIS2_PLACEMENT_3D ( 'NONE', #390, #2239, #4223 ) ;
#1091 = CARTESIAN_POINT ( 'NONE',  ( -37.75000000000000000, 36.40948300754050138, 30.20000000000000284 ) ) ;
#1092 = CARTESIAN_POINT ( 'NONE',  ( -22.95000000000000284, 39.40948300754050848, -23.05000000000000071 ) ) ;
#1093 = DIRECTION ( 'NONE',  ( 0.000000000000000000, 1.000000000000000000, 0.000000000000000000 ) ) ;
#1094 = ORIENTED_EDGE ( 'NONE', *, *, #3818, .F. ) ;
#1095 = ADVANCED_FACE ( 'NONE', ( #5116 ), #2746, .T. ) ;
#1096 = ORIENTED_EDGE ( 'NONE', *, *, #587, .F. ) ;
#1097 = AXIS2_PLACEMENT_3D ( 'NONE', #4818, #2872, #4794 ) ;
#1098 = FACE_OUTER_BOUND ( 'NONE', #3768, .T. ) ;
#1099 =( NAMED_UNIT ( * ) SI_UNIT ( $, .STERADIAN. ) SOLID_ANGLE_UNIT ( ) );
#1100 = DIRECTION ( 'NONE',  ( 0.000000000000000000, 0.000000000000000000, -1.000000000000000000 ) ) ;
#1101 = DIRECTION ( 'NONE',  ( -1.000000000000000000, 0.000000000000000000, 4.336808689942015271E-16 ) ) ;
#1102 = VECTOR ( 'NONE', #3585, 1000.000000000000000 ) ;
#1103 = ORIENTED_EDGE ( 'NONE', *, *, #3963, .F. ) ;
#1104 = DIRECTION ( 'NONE',  ( 0.000000000000000000, 1.000000000000000000, 0.000000000000000000 ) ) ;
#1105 = VECTOR ( 'NONE', #3496, 1000.000000000000000 ) ;
#1106 = DIRECTION ( 'NONE',  ( 0.000000000000000000, 0.000000000000000000, -1.000000000000000000 ) ) ;
#1107 = CARTESIAN_POINT ( 'NONE',  ( -37.75000000000000000, 38.40948300754050138, -30.94999999999999929 ) ) ;
#1108 = EDGE_LOOP ( 'NONE', ( #3668, #253, #2419, #449, #5115, #954, #3913, #2058 ) ) ;
#1109 = ORIENTED_EDGE ( 'NONE', *, *, #4657, .T. ) ;
#1110 = CARTESIAN_POINT ( 'NONE',  ( -40.95000000000000284, 39.40948300754050848, -40.95000000000000284 ) ) ;
#1111 = CARTESIAN_POINT ( 'NONE',  ( 18.25000000000000000, 44.35948300754050422, 19.46392568124259981 ) ) ;
#1112 = CARTESIAN_POINT ( 'NONE',  ( -37.75000000000000000, 38.00948300754050280, 30.20000000000000284 ) ) ;
#1113 = VERTEX_POINT ( 'NONE', #1300 ) ;
#1114 = EDGE_LOOP ( 'NONE', ( #4275, #4952, #2819, #3639 ) ) ;
#1115 = EDGE_CURVE ( 'NONE', #1121, #1775, #426, .T. ) ;
#1116 = CARTESIAN_POINT ( 'NONE',  ( 30.94999999999999929, 45.35948300754050422, 16.94999999999999929 ) ) ;
#1117 = DIRECTION ( 'NONE',  ( 1.000000000000000000, 0.000000000000000000, 0.000000000000000000 ) ) ;
#1118 = ADVANCED_FACE ( 'NONE', ( #1989 ), #12, .F. ) ;
#1119 = EDGE_CURVE ( 'NONE', #3621, #373, #1524, .T. ) ;
#1120 = LINE ( 'NONE', #3075, #399 ) ;
#1121 = VERTEX_POINT ( 'NONE', #3288 ) ;
#1122 = EDGE_LOOP ( 'NONE', ( #4167, #2227, #1568, #4852 ) ) ;
#1123 = ADVANCED_FACE ( 'NONE', ( #4436 ), #1838, .T. ) ;
#1124 = CARTESIAN_POINT ( 'NONE',  ( -12.25000000000000000, 35.85948300754049711, -37.75000000000000000 ) ) ;
#1125 = CARTESIAN_POINT ( 'NONE',  ( 41.45000000000000284, 39.40948300754050848, 40.95000000000000284 ) ) ;
#1126 = CARTESIAN_POINT ( 'NONE',  ( 30.94999999999999929, 49.40948300754050138, -2.050000000000000266 ) ) ;
#1127 = EDGE_CURVE ( 'NONE', #373, #1514, #1009, .T. ) ;
#1128 = DIRECTION ( 'NONE',  ( -0.000000000000000000, 1.000000000000000000, 0.000000000000000000 ) ) ;
#1129 = ORIENTED_EDGE ( 'NONE', *, *, #4193, .T. ) ;
#1130 = DIRECTION ( 'NONE',  ( 0.000000000000000000, 0.000000000000000000, -1.000000000000000000 ) ) ;
#1131 = LINE ( 'NONE', #4313, #78 ) ;
#1132 = EDGE_CURVE ( 'NONE', #2890, #1135, #2428, .T. ) ;
#1133 = DIRECTION ( 'NONE',  ( 0.000000000000000000, -1.000000000000000000, 0.000000000000000000 ) ) ;
#1134 = ORIENTED_EDGE ( 'NONE', *, *, #1033, .F. ) ;
#1135 = VERTEX_POINT ( 'NONE', #1600 ) ;
#1136 = VERTEX_POINT ( 'NONE', #2458 ) ;
#1137 = CYLINDRICAL_SURFACE ( 'NONE', #2925, 1.500000000000001332 ) ;
#1138 = CIRCLE ( 'NONE', #975, 1.500000000000001332 ) ;
#1139 = ORIENTED_EDGE ( 'NONE', *, *, #1325, .T. ) ;
#1140 = TOROIDAL_SURFACE ( 'NONE', #4717, 4.000000000000000000, 1.000000000000000000 ) ;
#1141 = DIRECTION ( 'NONE',  ( 0.000000000000000000, -1.000000000000000000, 0.000000000000000000 ) ) ;
#1142 = EDGE_CURVE ( 'NONE', #472, #1667, #1082, .T. ) ;
#1143 = ORIENTED_EDGE ( 'NONE', *, *, #668, .T. ) ;
#1144 = ORIENTED_EDGE ( 'NONE', *, *, #1345, .F. ) ;
#1145 = AXIS2_PLACEMENT_3D ( 'NONE', #283, #3001, #1427 ) ;
#1146 = CIRCLE ( 'NONE', #3647, 1.300000000000002487 ) ;
#1147 = DIRECTION ( 'NONE',  ( 0.000000000000000000, -1.000000000000000000, 0.000000000000000000 ) ) ;
#1148 = CARTESIAN_POINT ( 'NONE',  ( -37.75000000000000000, 38.40948300754050138, -33.95000000000000284 ) ) ;
#1149 = CARTESIAN_POINT ( 'NONE',  ( 30.64999999999999858, 33.40948300754050138, -28.55000000000000071 ) ) ;
#1150 = ORIENTED_EDGE ( 'NONE', *, *, #1076, .F. ) ;
#1151 = CIRCLE ( 'NONE', #252, 0.5000000000000004441 ) ;
#1152 = ORIENTED_EDGE ( 'NONE', *, *, #5039, .T. ) ;
#1153 = PLANE ( 'NONE',  #452 ) ;
#1154 = CARTESIAN_POINT ( 'NONE',  ( 30.94999999999999929, 45.35948300754050422, -22.05000000000000071 ) ) ;
#1155 = LINE ( 'NONE', #3974, #3250 ) ;
#1156 = CARTESIAN_POINT ( 'NONE',  ( -37.75000000000000000, 38.00948300754050280, -30.20000000000000284 ) ) ;
#1157 = EDGE_CURVE ( 'NONE', #913, #2820, #4008, .T. ) ;
#1158 = VERTEX_POINT ( 'NONE', #507 ) ;
#1159 = DIRECTION ( 'NONE',  ( 0.000000000000000000, 1.000000000000000000, 0.000000000000000000 ) ) ;
#1160 = CARTESIAN_POINT ( 'NONE',  ( -40.95000000000002416, 39.12067312332118263, -30.15557486387391606 ) ) ;
#1161 = DIRECTION ( 'NONE',  ( -1.000000000000000000, 0.000000000000000000, 0.000000000000000000 ) ) ;
#1162 = CARTESIAN_POINT ( 'NONE',  ( -15.35000000000000142, 39.40948300754050848, -28.55000000000000071 ) ) ;
#1163 = VERTEX_POINT ( 'NONE', #3678 ) ;
#1164 = AXIS2_PLACEMENT_3D ( 'NONE', #2698, #322, #4208 ) ;
#1165 = EDGE_CURVE ( 'NONE', #3495, #4994, #4382, .T. ) ;
#1166 = VERTEX_POINT ( 'NONE', #2067 ) ;
#1167 = ORIENTED_EDGE ( 'NONE', *, *, #2455, .T. ) ;
#1168 = CARTESIAN_POINT ( 'NONE',  ( 22.95000000000000284, 45.35948300754050422, 7.450000000000000178 ) ) ;
#1169 = DIRECTION ( 'NONE',  ( 0.000000000000000000, 0.000000000000000000, 1.000000000000000000 ) ) ;
#1170 = DIRECTION ( 'NONE',  ( 1.000000000000000000, 0.000000000000000000, 0.000000000000000000 ) ) ;
#1171 = VERTEX_POINT ( 'NONE', #477 ) ;
#1172 = ORIENTED_EDGE ( 'NONE', *, *, #3040, .F. ) ;
#1173 = LINE ( 'NONE', #3626, #3804 ) ;
#1174 = CARTESIAN_POINT ( 'NONE',  ( 40.75000000000000000, 49.40948300754050138, -42.25000000000000000 ) ) ;
#1175 = ORIENTED_EDGE ( 'NONE', *, *, #4610, .F. ) ;
#1176 = EDGE_LOOP ( 'NONE', ( #3223, #1756, #3713, #3617 ) ) ;
#1177 = CYLINDRICAL_SURFACE ( 'NONE', #862, 3.000000000000002665 ) ;
#1178 = CARTESIAN_POINT ( 'NONE',  ( 22.95000000000000284, 45.35948300754050422, -23.05000000000000071 ) ) ;
#1179 = LINE ( 'NONE', #3952, #4327 ) ;
#1180 = LINE ( 'NONE', #848, #2895 ) ;
#1181 = ORIENTED_EDGE ( 'NONE', *, *, #1194, .T. ) ;
#1182 = DIRECTION ( 'NONE',  ( 0.000000000000000000, 0.000000000000000000, 1.000000000000000000 ) ) ;
#1183 = CARTESIAN_POINT ( 'NONE',  ( -40.95000000000001705, 39.05816751566821665, -31.45835789155523798 ) ) ;
#1184 = CARTESIAN_POINT ( 'NONE',  ( 40.94999999999999574, 39.00994101347398413, -30.88485549187668511 ) ) ;
#1185 = CIRCLE ( 'NONE', #3347, 0.5000000000000004441 ) ;
#1186 = EDGE_CURVE ( 'NONE', #5106, #614, #2901, .T. ) ;
#1187 = CARTESIAN_POINT ( 'NONE',  ( -41.45000000000000284, 37.40948300754050138, -41.45000000000000284 ) ) ;
#1188 = EDGE_LOOP ( 'NONE', ( #2178, #1925, #4213, #1854, #1822, #4709 ) ) ;
#1189 = EDGE_CURVE ( 'NONE', #4857, #4496, #2376, .T. ) ;
#1190 = EDGE_LOOP ( 'NONE', ( #1060, #2373 ) ) ;
#1191 = VECTOR ( 'NONE', #4538, 1000.000000000000000 ) ;
#1192 = CARTESIAN_POINT ( 'NONE',  ( 1.088413428209745891E-15, 45.35948300754050422, -22.05000000000000071 ) ) ;
#1193 = DIRECTION ( 'NONE',  ( 0.000000000000000000, 0.000000000000000000, -1.000000000000000000 ) ) ;
#1194 = EDGE_CURVE ( 'NONE', #2202, #1941, #456, .T. ) ;
#1195 = FACE_OUTER_BOUND ( 'NONE', #4458, .T. ) ;
#1196 = EDGE_LOOP ( 'NONE', ( #3969, #606, #2633, #2604 ) ) ;
#1197 = ORIENTED_EDGE ( 'NONE', *, *, #4455, .T. ) ;
#1198 = CARTESIAN_POINT ( 'NONE',  ( -32.25000000000000000, 43.25948300754050280, 19.46392568124259981 ) ) ;
#1199 = DIRECTION ( 'NONE',  ( 0.000000000000000000, 0.000000000000000000, -1.000000000000000000 ) ) ;
#1200 = ORIENTED_EDGE ( 'NONE', *, *, #1165, .T. ) ;
#1201 = ORIENTED_EDGE ( 'NONE', *, *, #3300, .F. ) ;
#1202 = CARTESIAN_POINT ( 'NONE',  ( -37.75000000000000000, 36.40948300754050138, -30.94999999999999929 ) ) ;
#1203 = EDGE_CURVE ( 'NONE', #1946, #2034, #4459, .T. ) ;
#1204 = DIRECTION ( 'NONE',  ( 0.000000000000000000, -1.000000000000000000, 0.000000000000000000 ) ) ;
#1205 = CARTESIAN_POINT ( 'NONE',  ( 22.95000000000000284, 45.35948300754050422, 6.949999999999999289 ) ) ;
#1206 = CARTESIAN_POINT ( 'NONE',  ( 41.45000000000000284, 49.40948300754050138, 42.95000000000000284 ) ) ;
#1207 = EDGE_CURVE ( 'NONE', #772, #1240, #2403, .T. ) ;
#1208 = EDGE_LOOP ( 'NONE', ( #2236, #1370, #670, #864 ) ) ;
#1209 = CARTESIAN_POINT ( 'NONE',  ( 8.250000000000000000, 39.40948300754050848, -37.75000000000000000 ) ) ;
#1210 = CARTESIAN_POINT ( 'NONE',  ( -40.95000000000002416, 39.34533389498847100, -29.19982821699105457 ) ) ;
#1211 = CARTESIAN_POINT ( 'NONE',  ( 40.95000000000000284, 39.08440161042742034, -31.58445019004845733 ) ) ;
#1212 = CARTESIAN_POINT ( 'NONE',  ( -15.35000000000000142, 36.40948300754050138, 37.44999999999999574 ) ) ;
#1213 = VERTEX_POINT ( 'NONE', #2015 ) ;
#1214 = ORIENTED_EDGE ( 'NONE', *, *, #366, .F. ) ;
#1215 = CARTESIAN_POINT ( 'NONE',  ( -40.75000000000000000, 47.95948300754049853, -42.25000000000000000 ) ) ;
#1216 = FACE_BOUND ( 'NONE', #2574, .T. ) ;
#1217 = AXIS2_PLACEMENT_3D ( 'NONE', #3199, #1659, #1582 ) ;
#1218 = DIRECTION ( 'NONE',  ( 0.000000000000000000, -1.000000000000000000, 0.000000000000000000 ) ) ;
#1219 = ORIENTED_EDGE ( 'NONE', *, *, #3780, .T. ) ;
#1220 = VERTEX_POINT ( 'NONE', #1623 ) ;
#1221 = DIRECTION ( 'NONE',  ( 0.000000000000000000, 0.000000000000000000, 1.000000000000000000 ) ) ;
#1222 = AXIS2_PLACEMENT_3D ( 'NONE', #3269, #2461, #94 ) ;
#1223 = AXIS2_PLACEMENT_3D ( 'NONE', #2421, #2795, #4070 ) ;
#1224 = CARTESIAN_POINT ( 'NONE',  ( -42.95000000000000284, 49.40948300754050138, -41.45000000000000284 ) ) ;
#1225 = ORIENTED_EDGE ( 'NONE', *, *, #3546, .T. ) ;
#1226 = VECTOR ( 'NONE', #3185, 1000.000000000000000 ) ;
#1227 = VECTOR ( 'NONE', #4518, 1000.000000000000000 ) ;
#1228 = EDGE_CURVE ( 'NONE', #5107, #772, #4844, .T. ) ;
#1229 = DIRECTION ( 'NONE',  ( -1.642341752404079701E-16, 0.000000000000000000, -1.000000000000000000 ) ) ;
#1230 = FACE_OUTER_BOUND ( 'NONE', #700, .T. ) ;
#1231 = DIRECTION ( 'NONE',  ( 0.000000000000000000, 0.000000000000000000, 1.000000000000000000 ) ) ;
#1232 = VECTOR ( 'NONE', #5075, 1000.000000000000000 ) ;
#1233 = FACE_BOUND ( 'NONE', #4530, .T. ) ;
#1234 = FACE_OUTER_BOUND ( 'NONE', #3157, .T. ) ;
#1235 = DIRECTION ( 'NONE',  ( 0.000000000000000000, -1.000000000000000000, 0.000000000000000000 ) ) ;
#1236 = VECTOR ( 'NONE', #2131, 1000.000000000000000 ) ;
#1237 = CARTESIAN_POINT ( 'NONE',  ( 40.95000000000000995, 39.24958788647870023, -29.64031608400237516 ) ) ;
#1238 = DIRECTION ( 'NONE',  ( 0.000000000000000000, 1.000000000000000000, 0.000000000000000000 ) ) ;
#1239 = EDGE_LOOP ( 'NONE', ( #1297, #4643 ) ) ;
#1240 = VERTEX_POINT ( 'NONE', #4024 ) ;
#1241 = DIRECTION ( 'NONE',  ( 0.000000000000000000, -1.000000000000000000, 0.000000000000000000 ) ) ;
#1242 = FACE_OUTER_BOUND ( 'NONE', #1783, .T. ) ;
#1243 = AXIS2_PLACEMENT_3D ( 'NONE', #4326, #762, #3522 ) ;
#1244 = CIRCLE ( 'NONE', #4978, 0.5000000000000004441 ) ;
#1245 = LINE ( 'NONE', #1639, #4671 ) ;
#1246 = ORIENTED_EDGE ( 'NONE', *, *, #1228, .T. ) ;
#1247 = CIRCLE ( 'NONE', #588, 4.000000000000000000 ) ;
#1248 = ORIENTED_EDGE ( 'NONE', *, *, #1579, .T. ) ;
#1249 = CARTESIAN_POINT ( 'NONE',  ( -30.94999999999999929, 45.35948300754050422, -22.05000000000000071 ) ) ;
#1250 = EDGE_CURVE ( 'NONE', #4180, #4300, #1593, .T. ) ;
#1251 = DIRECTION ( 'NONE',  ( 0.000000000000000000, 1.000000000000000000, 0.000000000000000000 ) ) ;
#1252 = ORIENTED_EDGE ( 'NONE', *, *, #2821, .T. ) ;
#1253 = EDGE_CURVE ( 'NONE', #1941, #3811, #1777, .T. ) ;
#1254 = CARTESIAN_POINT ( 'NONE',  ( 41.45000000000000284, 39.40948300754050848, 41.45000000000000284 ) ) ;
#1255 = FACE_OUTER_BOUND ( 'NONE', #1347, .T. ) ;
#1256 = DIRECTION ( 'NONE',  ( 0.000000000000000000, 1.000000000000000000, 0.000000000000000000 ) ) ;
#1257 = VECTOR ( 'NONE', #3364, 1000.000000000000000 ) ;
#1258 = ADVANCED_FACE ( 'NONE', ( #241 ), #608, .F. ) ;
#1259 = CARTESIAN_POINT ( 'NONE',  ( -30.94999999999999929, 49.40948300754050138, 16.94999999999999929 ) ) ;
#1260 = VECTOR ( 'NONE', #5061, 1000.000000000000000 ) ;
#1261 = ORIENTED_EDGE ( 'NONE', *, *, #4990, .F. ) ;
#1262 = CARTESIAN_POINT ( 'NONE',  ( -37.75000000000000000, 36.40948300754050138, -31.69999999999999929 ) ) ;
#1263 = VECTOR ( 'NONE', #1950, 1000.000000000000000 ) ;
#1264 = CARTESIAN_POINT ( 'NONE',  ( -32.25000000000000000, 45.35948300754050422, 19.46392568124259981 ) ) ;
#1265 = CARTESIAN_POINT ( 'NONE',  ( 40.95000000000000995, 39.35477135131133508, -29.14587917117639293 ) ) ;
#1266 = DIRECTION ( 'NONE',  ( 1.674039542559044824E-16, 0.000000000000000000, 1.000000000000000000 ) ) ;
#1267 = ORIENTED_EDGE ( 'NONE', *, *, #1157, .T. ) ;
#1268 = ORIENTED_EDGE ( 'NONE', *, *, #4244, .T. ) ;
#1269 = CARTESIAN_POINT ( 'NONE',  ( -22.95000000000000284, 45.35948300754050422, -13.05000000000000071 ) ) ;
#1270 = VECTOR ( 'NONE', #391, 1000.000000000000000 ) ;
#1271 = CARTESIAN_POINT ( 'NONE',  ( 41.45000000000000284, 37.40948300754050138, 41.45000000000000284 ) ) ;
#1272 = CARTESIAN_POINT ( 'NONE',  ( 30.94999999999999929, 39.40948300754050848, 7.950000000000000178 ) ) ;
#1273 = EDGE_LOOP ( 'NONE', ( #1129, #4892, #2048, #3949 ) ) ;
#1274 = DIRECTION ( 'NONE',  ( 0.000000000000000000, 1.000000000000000000, 0.000000000000000000 ) ) ;
#1275 = DIRECTION ( 'NONE',  ( 0.000000000000000000, -1.000000000000000000, 0.000000000000000000 ) ) ;
#1276 = EDGE_LOOP ( 'NONE', ( #2369, #1619, #4999, #3705 ) ) ;
#1277 = DIRECTION ( 'NONE',  ( 0.000000000000000000, -1.000000000000000000, 0.000000000000000000 ) ) ;
#1278 = CARTESIAN_POINT ( 'NONE',  ( 37.75000000000000000, 36.40948300754050138, -30.94999999999999929 ) ) ;
#1279 = LINE ( 'NONE', #3728, #755 ) ;
#1280 = ADVANCED_FACE ( 'NONE', ( #2211 ), #4199, .F. ) ;
#1281 = DIRECTION ( 'NONE',  ( 0.000000000000000000, 1.000000000000000000, 0.000000000000000000 ) ) ;
#1282 = ORIENTED_EDGE ( 'NONE', *, *, #3478, .F. ) ;
#1283 = CARTESIAN_POINT ( 'NONE',  ( 19.25000000000000000, 45.35948300754050422, -16.25000000000000000 ) ) ;
#1284 = DIRECTION ( 'NONE',  ( 0.000000000000000000, -1.000000000000000000, 0.000000000000000000 ) ) ;
#1285 = CARTESIAN_POINT ( 'NONE',  ( -30.94999999999999929, 49.40948300754050138, -3.050000000000000266 ) ) ;
#1286 = CARTESIAN_POINT ( 'NONE',  ( 40.95000000000000284, 39.23187045898983172, -29.71211939423620052 ) ) ;
#1287 = CYLINDRICAL_SURFACE ( 'NONE', #3220, 1.300000000000002487 ) ;
#1288 = EDGE_LOOP ( 'NONE', ( #4902, #4548, #4336, #1764 ) ) ;
#1289 = ORIENTED_EDGE ( 'NONE', *, *, #2430, .F. ) ;
#1290 = CARTESIAN_POINT ( 'NONE',  ( -42.25000000000000000, 47.95948300754049853, 42.25000000000000000 ) ) ;
#1291 = EDGE_CURVE ( 'NONE', #32, #3450, #1357, .T. ) ;
#1292 = CARTESIAN_POINT ( 'NONE',  ( -40.95000000000000995, 39.13730949413056237, 31.81315306165238255 ) ) ;
#1293 = ORIENTED_EDGE ( 'NONE', *, *, #48, .F. ) ;
#1294 = CARTESIAN_POINT ( 'NONE',  ( -40.95000000000002416, 39.35846707777243125, -32.77616929700750603 ) ) ;
#1295 = EDGE_CURVE ( 'NONE', #3509, #2386, #1823, .T. ) ;
#1296 = CARTESIAN_POINT ( 'NONE',  ( -30.94999999999999929, 49.40948300754050138, -22.55000000000000071 ) ) ;
#1297 = ORIENTED_EDGE ( 'NONE', *, *, #4064, .F. ) ;
#1298 = AXIS2_PLACEMENT_3D ( 'NONE', #2443, #25, #517 ) ;
#1299 = ORIENTED_EDGE ( 'NONE', *, *, #1670, .T. ) ;
#1300 = CARTESIAN_POINT ( 'NONE',  ( 40.95000000000000284, 39.40948300754050848, 28.55000000000000071 ) ) ;
#1301 = DIRECTION ( 'NONE',  ( 0.000000000000000000, 0.000000000000000000, 1.000000000000000000 ) ) ;
#1302 = PLANE ( 'NONE',  #3667 ) ;
#1303 = AXIS2_PLACEMENT_3D ( 'NONE', #4027, #1281, #4335 ) ;
#1304 = CARTESIAN_POINT ( 'NONE',  ( 40.95000000000002416, 39.09945448122984857, 30.24623934222599075 ) ) ;
#1305 = CIRCLE ( 'NONE', #4220, 0.5000000000000004441 ) ;
#1306 = ORIENTED_EDGE ( 'NONE', *, *, #2398, .F. ) ;
#1307 = DIRECTION ( 'NONE',  ( 0.000000000000000000, 0.000000000000000000, 1.000000000000000000 ) ) ;
#1308 = VECTOR ( 'NONE', #3022, 1000.000000000000000 ) ;
#1309 = CARTESIAN_POINT ( 'NONE',  ( -40.95000000000000284, 37.40948300754050138, 40.95000000000000284 ) ) ;
#1310 = DIRECTION ( 'NONE',  ( 1.000000000000000000, 0.000000000000000000, -1.642341752404079701E-16 ) ) ;
#1311 = CYLINDRICAL_SURFACE ( 'NONE', #4647, 0.5000000000000004441 ) ;
#1312 = CARTESIAN_POINT ( 'NONE',  ( 39.25000000000000000, 47.95948300754049853, -37.75000000000000000 ) ) ;
#1313 = EDGE_CURVE ( 'NONE', #4821, #1166, #4420, .T. ) ;
#1314 = ORIENTED_EDGE ( 'NONE', *, *, #4981, .T. ) ;
#1315 = CIRCLE ( 'NONE', #1062, 0.5000000000000004441 ) ;
#1316 = DIRECTION ( 'NONE',  ( 0.000000000000000000, -1.000000000000000000, 0.000000000000000000 ) ) ;
#1317 = CARTESIAN_POINT ( 'NONE',  ( -30.94999999999999929, 39.40948300754050848, 17.94999999999999929 ) ) ;
#1318 = EDGE_CURVE ( 'NONE', #2202, #614, #2117, .T. ) ;
#1319 = ORIENTED_EDGE ( 'NONE', *, *, #4059, .T. ) ;
#1320 = ORIENTED_EDGE ( 'NONE', *, *, #1475, .T. ) ;
#1321 = DIRECTION ( 'NONE',  ( 0.000000000000000000, 1.000000000000000000, 0.000000000000000000 ) ) ;
#1322 = CARTESIAN_POINT ( 'NONE',  ( 41.45000000000000284, 39.40948300754050848, 40.95000000000000284 ) ) ;
#1323 = ORIENTED_EDGE ( 'NONE', *, *, #3901, .F. ) ;
#1324 = CIRCLE ( 'NONE', #2667, 2.999999999999999112 ) ;
#1325 = EDGE_CURVE ( 'NONE', #4774, #3181, #598, .T. ) ;
#1326 = ORIENTED_EDGE ( 'NONE', *, *, #594, .T. ) ;
#1327 = DIRECTION ( 'NONE',  ( 0.000000000000000000, 0.000000000000000000, -1.000000000000000000 ) ) ;
#1328 = PLANE ( 'NONE',  #3597 ) ;
#1329 = LINE ( 'NONE', #2536, #2241 ) ;
#1330 = CARTESIAN_POINT ( 'NONE',  ( 40.95000000000000995, 39.28670624615816820, 29.49073465037409036 ) ) ;
#1331 = ORIENTED_EDGE ( 'NONE', *, *, #1295, .T. ) ;
#1332 = DIRECTION ( 'NONE',  ( 0.000000000000000000, 1.000000000000000000, 0.000000000000000000 ) ) ;
#1333 = CARTESIAN_POINT ( 'NONE',  ( 22.95000000000000284, 45.35948300754050422, 7.950000000000000178 ) ) ;
#1334 = DIRECTION ( 'NONE',  ( 0.000000000000000000, 1.000000000000000000, 0.000000000000000000 ) ) ;
#1335 = VECTOR ( 'NONE', #3655, 1000.000000000000000 ) ;
#1336 = DIRECTION ( 'NONE',  ( 0.000000000000000000, -1.000000000000000000, 0.000000000000000000 ) ) ;
#1337 = CARTESIAN_POINT ( 'NONE',  ( 37.75000000000000000, 39.40948300754050848, 26.95000000000000284 ) ) ;
#1338 = ORIENTED_EDGE ( 'NONE', *, *, #205, .F. ) ;
#1339 = VECTOR ( 'NONE', #242, 1000.000000000000000 ) ;
#1340 = FACE_OUTER_BOUND ( 'NONE', #733, .T. ) ;
#1341 = DIRECTION ( 'NONE',  ( 0.000000000000000000, -1.000000000000000000, 0.000000000000000000 ) ) ;
#1342 = EDGE_CURVE ( 'NONE', #1893, #3685, #917, .T. ) ;
#1343 = EDGE_CURVE ( 'NONE', #2693, #1213, #2556, .T. ) ;
#1344 = AXIS2_PLACEMENT_3D ( 'NONE', #3411, #2632, #260 ) ;
#1345 = EDGE_CURVE ( 'NONE', #3458, #4697, #3333, .T. ) ;
#1346 = ORIENTED_EDGE ( 'NONE', *, *, #4290, .T. ) ;
#1347 = EDGE_LOOP ( 'NONE', ( #723, #218, #3286, #3298 ) ) ;
#1348 = ADVANCED_FACE ( 'NONE', ( #3779 ), #3310, .F. ) ;
#1349 = VECTOR ( 'NONE', #746, 1000.000000000000000 ) ;
#1350 = CARTESIAN_POINT ( 'NONE',  ( -40.95000000000001705, 39.35477135131165483, -32.75412082882523634 ) ) ;
#1351 = EDGE_CURVE ( 'NONE', #1611, #3362, #3502, .T. ) ;
#1352 = VECTOR ( 'NONE', #3403, 1000.000000000000000 ) ;
#1353 = CARTESIAN_POINT ( 'NONE',  ( -37.75000000000000000, 38.00948300754050280, 30.94999999999999929 ) ) ;
#1354 = EDGE_LOOP ( 'NONE', ( #1798, #2169, #5077, #54 ) ) ;
#1355 = EDGE_LOOP ( 'NONE', ( #2004, #3445, #759, #4977 ) ) ;
#1356 = VECTOR ( 'NONE', #1104, 1000.000000000000000 ) ;
#1357 = LINE ( 'NONE', #2612, #2010 ) ;
#1358 = ADVANCED_FACE ( 'NONE', ( #1751, #2952 ), #3388, .T. ) ;
#1359 = LINE ( 'NONE', #1380, #1928 ) ;
#1360 = DIRECTION ( 'NONE',  ( 0.000000000000000000, 1.000000000000000000, 0.000000000000000000 ) ) ;
#1361 = CARTESIAN_POINT ( 'NONE',  ( 40.95000000000003126, 39.00994101347343701, 31.01514450812576129 ) ) ;
#1362 = EDGE_LOOP ( 'NONE', ( #1901, #3747, #201, #386 ) ) ;
#1363 = CARTESIAN_POINT ( 'NONE',  ( -41.45000000000000284, 37.40948300754050138, -41.95000000000000284 ) ) ;
#1364 = CARTESIAN_POINT ( 'NONE',  ( -41.45000000000000284, 39.40948300754050848, -42.95000000000000284 ) ) ;
#1365 = DIRECTION ( 'NONE',  ( 0.000000000000000000, 0.000000000000000000, 1.000000000000000000 ) ) ;
#1366 = ORIENTED_EDGE ( 'NONE', *, *, #2597, .T. ) ;
#1367 = CARTESIAN_POINT ( 'NONE',  ( -42.95000000000000284, 39.40948300754050848, 41.45000000000000284 ) ) ;
#1368 = CARTESIAN_POINT ( 'NONE',  ( 37.75000000000000000, 37.40948300754050138, 28.94999999999999929 ) ) ;
#1369 = EDGE_CURVE ( 'NONE', #362, #1532, #188, .T. ) ;
#1370 = ORIENTED_EDGE ( 'NONE', *, *, #1007, .T. ) ;
#1371 = LINE ( 'NONE', #3847, #3270 ) ;
#1372 = CARTESIAN_POINT ( 'NONE',  ( -22.95000000000000284, 49.40948300754050138, 7.450000000000000178 ) ) ;
#1373 = ORIENTED_EDGE ( 'NONE', *, *, #4, .F. ) ;
#1374 = DIRECTION ( 'NONE',  ( 0.000000000000000000, 1.000000000000000000, 0.000000000000000000 ) ) ;
#1375 = DIRECTION ( 'NONE',  ( 0.000000000000000000, 0.000000000000000000, -1.000000000000000000 ) ) ;
#1376 = DIRECTION ( 'NONE',  ( 0.000000000000000000, 0.000000000000000000, 1.000000000000000000 ) ) ;
#1377 = ORIENTED_EDGE ( 'NONE', *, *, #4095, .F. ) ;
#1378 = EDGE_LOOP ( 'NONE', ( #1403, #696, #4728, #4612 ) ) ;
#1379 = DIRECTION ( 'NONE',  ( 0.000000000000000000, 0.000000000000000000, 1.000000000000000000 ) ) ;
#1380 = CARTESIAN_POINT ( 'NONE',  ( 30.64999999999999858, 33.40948300754050138, 34.95000000000000284 ) ) ;
#1381 = LINE ( 'NONE', #2903, #1669 ) ;
#1382 = CARTESIAN_POINT ( 'NONE',  ( 40.95000000000001705, 39.15665355912568657, 30.00860250822832853 ) ) ;
#1383 = ORIENTED_EDGE ( 'NONE', *, *, #4072, .F. ) ;
#1384 = VECTOR ( 'NONE', #1238, 1000.000000000000000 ) ;
#1385 = EDGE_CURVE ( 'NONE', #2350, #3862, #4954, .T. ) ;
#1386 = ORIENTED_EDGE ( 'NONE', *, *, #3646, .F. ) ;
#1387 = DIRECTION ( 'NONE',  ( 1.000000000000000000, 0.000000000000000000, 0.000000000000000000 ) ) ;
#1388 = DIRECTION ( 'NONE',  ( 0.000000000000000000, 1.000000000000000000, 0.000000000000000000 ) ) ;
#1389 = VECTOR ( 'NONE', #1483, 1000.000000000000000 ) ;
#1390 = DIRECTION ( 'NONE',  ( 0.000000000000000000, 0.000000000000000000, -1.000000000000000000 ) ) ;
#1391 = VECTOR ( 'NONE', #3154, 1000.000000000000000 ) ;
#1392 = CARTESIAN_POINT ( 'NONE',  ( -22.95000000000000284, 45.35948300754050422, -22.05000000000000071 ) ) ;
#1393 = EDGE_LOOP ( 'NONE', ( #1152, #4800 ) ) ;
#1394 = VECTOR ( 'NONE', #926, 1000.000000000000000 ) ;
#1395 = DIRECTION ( 'NONE',  ( 0.000000000000000000, 1.000000000000000000, 0.000000000000000000 ) ) ;
#1396 = CARTESIAN_POINT ( 'NONE',  ( 37.75000000000000000, 39.40948300754050848, 30.94999999999999929 ) ) ;
#1397 = VECTOR ( 'NONE', #1074, 1000.000000000000000 ) ;
#1398 = VERTEX_POINT ( 'NONE', #4979 ) ;
#1399 = DIRECTION ( 'NONE',  ( -1.000000000000000000, 0.000000000000000000, 0.000000000000000000 ) ) ;
#1400 = LINE ( 'NONE', #3477, #421 ) ;
#1401 =( NAMED_UNIT ( * ) SI_UNIT ( $, .STERADIAN. ) SOLID_ANGLE_UNIT ( ) );
#1402 = ORIENTED_EDGE ( 'NONE', *, *, #4651, .T. ) ;
#1403 = ORIENTED_EDGE ( 'NONE', *, *, #1616, .F. ) ;
#1404 = FACE_OUTER_BOUND ( 'NONE', #1515, .T. ) ;
#1405 = CARTESIAN_POINT ( 'NONE',  ( -30.94999999999999929, 49.40948300754050138, 16.94999999999999929 ) ) ;
#1406 = CARTESIAN_POINT ( 'NONE',  ( 0.000000000000000000, 47.95948300754049853, 0.000000000000000000 ) ) ;
#1407 = ADVANCED_FACE ( 'NONE', ( #1404 ), #3004, .T. ) ;
#1408 = VECTOR ( 'NONE', #2958, 1000.000000000000000 ) ;
#1409 = AXIS2_PLACEMENT_3D ( 'NONE', #4699, #3534, #3139 ) ;
#1410 = EDGE_CURVE ( 'NONE', #647, #796, #3857, .T. ) ;
#1411 = LINE ( 'NONE', #3835, #2391 ) ;
#1412 = ORIENTED_EDGE ( 'NONE', *, *, #626, .T. ) ;
#1413 = ORIENTED_EDGE ( 'NONE', *, *, #1469, .T. ) ;
#1414 = AXIS2_PLACEMENT_3D ( 'NONE', #4384, #2041, #2378 ) ;
#1415 = DIRECTION ( 'NONE',  ( 0.000000000000000000, 1.000000000000000000, 0.000000000000000000 ) ) ;
#1416 = DIRECTION ( 'NONE',  ( -1.000000000000000000, 0.000000000000000000, 0.000000000000000000 ) ) ;
#1417 = DIRECTION ( 'NONE',  ( 0.000000000000000000, 0.000000000000000000, -1.000000000000000000 ) ) ;
#1418 = EDGE_CURVE ( 'NONE', #2554, #1721, #707, .T. ) ;
#1419 = DIRECTION ( 'NONE',  ( 0.000000000000000000, -1.000000000000000000, 0.000000000000000000 ) ) ;
#1420 = ORIENTED_EDGE ( 'NONE', *, *, #1070, .F. ) ;
#1421 = DIRECTION ( 'NONE',  ( 0.000000000000000000, 0.000000000000000000, -1.000000000000000000 ) ) ;
#1422 = FACE_OUTER_BOUND ( 'NONE', #3856, .T. ) ;
#1423 = VECTOR ( 'NONE', #4693, 1000.000000000000000 ) ;
#1424 = ORIENTED_EDGE ( 'NONE', *, *, #3072, .F. ) ;
#1425 = EDGE_CURVE ( 'NONE', #3761, #1584, #3929, .T. ) ;
#1426 = LINE ( 'NONE', #649, #482 ) ;
#1427 = DIRECTION ( 'NONE',  ( 0.000000000000000000, 0.000000000000000000, -1.000000000000000000 ) ) ;
#1428 = DIRECTION ( 'NONE',  ( 0.000000000000000000, -1.000000000000000000, 0.000000000000000000 ) ) ;
#1429 = EDGE_CURVE ( 'NONE', #3986, #4267, #4268, .T. ) ;
#1430 = ORIENTED_EDGE ( 'NONE', *, *, #4241, .F. ) ;
#1431 = ORIENTED_EDGE ( 'NONE', *, *, #4434, .F. ) ;
#1432 = DIRECTION ( 'NONE',  ( 0.000000000000000000, -1.000000000000000000, 0.000000000000000000 ) ) ;
#1433 = DIRECTION ( 'NONE',  ( 4.163336342344333240E-14, 0.000000000000000000, 1.000000000000000000 ) ) ;
#1434 = TOROIDAL_SURFACE ( 'NONE', #3607, 2.000000000000000000, 1.000000000000000000 ) ;
#1435 = DIRECTION ( 'NONE',  ( -0.000000000000000000, 1.000000000000000000, 0.000000000000000000 ) ) ;
#1436 = CARTESIAN_POINT ( 'NONE',  ( 30.94999999999999929, 45.35948300754050422, -13.05000000000000071 ) ) ;
#1437 = ORIENTED_EDGE ( 'NONE', *, *, #4622, .F. ) ;
#1438 = VECTOR ( 'NONE', #461, 1000.000000000000000 ) ;
#1439 = ORIENTED_EDGE ( 'NONE', *, *, #2559, .T. ) ;
#1440 = EDGE_CURVE ( 'NONE', #2853, #4703, #3100, .T. ) ;
#1441 = LINE ( 'NONE', #4130, #2528 ) ;
#1442 = FACE_OUTER_BOUND ( 'NONE', #2662, .T. ) ;
#1443 = CARTESIAN_POINT ( 'NONE',  ( 41.45000000000000284, 39.40948300754050848, -41.45000000000000284 ) ) ;
#1444 = VERTEX_POINT ( 'NONE', #1063 ) ;
#1445 = DIRECTION ( 'NONE',  ( 0.000000000000000000, 0.000000000000000000, -1.000000000000000000 ) ) ;
#1446 = FACE_OUTER_BOUND ( 'NONE', #2245, .T. ) ;
#1447 = EDGE_CURVE ( 'NONE', #601, #247, #818, .T. ) ;
#1448 = ORIENTED_EDGE ( 'NONE', *, *, #4653, .T. ) ;
#1449 = LINE ( 'NONE', #3931, #1565 ) ;
#1450 = DIRECTION ( 'NONE',  ( 0.000000000000000000, -1.000000000000000000, 0.000000000000000000 ) ) ;
#1451 = CARTESIAN_POINT ( 'NONE',  ( -37.75000000000000000, 38.40948300754050138, 30.94999999999999929 ) ) ;
#1452 = ORIENTED_EDGE ( 'NONE', *, *, #2630, .T. ) ;
#1453 = ORIENTED_EDGE ( 'NONE', *, *, #2769, .T. ) ;
#1454 = DIRECTION ( 'NONE',  ( 1.000000000000000000, 0.000000000000000000, 4.336808689942015271E-16 ) ) ;
#1455 = CARTESIAN_POINT ( 'NONE',  ( -40.95000000000000995, 39.31413809908774226, 29.36265825199474122 ) ) ;
#1456 = PLANE ( 'NONE',  #2082 ) ;
#1457 = DIRECTION ( 'NONE',  ( 0.000000000000000000, 0.000000000000000000, -1.000000000000000000 ) ) ;
#1458 = EDGE_LOOP ( 'NONE', ( #2013, #354, #401, #766 ) ) ;
#1459 = ORIENTED_EDGE ( 'NONE', *, *, #2626, .T. ) ;
#1460 = CARTESIAN_POINT ( 'NONE',  ( 30.94999999999999929, 39.40948300754050848, -23.05000000000000071 ) ) ;
#1461 = LINE ( 'NONE', #3841, #17 ) ;
#1462 = CARTESIAN_POINT ( 'NONE',  ( 41.45000000000000284, 37.40948300754050138, -41.95000000000000284 ) ) ;
#1463 = AXIS2_PLACEMENT_3D ( 'NONE', #788, #2372, #2012 ) ;
#1464 = CYLINDRICAL_SURFACE ( 'NONE', #3136, 0.7500000000000006661 ) ;
#1465 = EDGE_LOOP ( 'NONE', ( #706, #2064, #206, #2766 ) ) ;
#1466 = CARTESIAN_POINT ( 'NONE',  ( 30.64999999999999858, 33.40948300754050138, -28.55000000000000071 ) ) ;
#1467 = AXIS2_PLACEMENT_3D ( 'NONE', #1763, #1419, #3346 ) ;
#1468 = DIRECTION ( 'NONE',  ( -1.000000000000000000, 0.000000000000000000, 0.000000000000000000 ) ) ;
#1469 = EDGE_CURVE ( 'NONE', #3590, #726, #2392, .T. ) ;
#1470 = CIRCLE ( 'NONE', #5138, 0.5000000000000004441 ) ;
#1471 = EDGE_CURVE ( 'NONE', #4472, #2623, #646, .T. ) ;
#1472 = CIRCLE ( 'NONE', #1560, 0.5000000000000004441 ) ;
#1473 = ORIENTED_EDGE ( 'NONE', *, *, #1369, .T. ) ;
#1474 = AXIS2_PLACEMENT_3D ( 'NONE', #1697, #1275, #1376 ) ;
#1475 = EDGE_CURVE ( 'NONE', #2035, #2922, #3459, .T. ) ;
#1476 = CARTESIAN_POINT ( 'NONE',  ( -18.25000000000000000, 44.35948300754050422, 19.46392568124259981 ) ) ;
#1477 = ORIENTED_EDGE ( 'NONE', *, *, #2864, .T. ) ;
#1478 = ORIENTED_EDGE ( 'NONE', *, *, #2023, .T. ) ;
#1479 = ORIENTED_EDGE ( 'NONE', *, *, #2870, .T. ) ;
#1480 = AXIS2_PLACEMENT_3D ( 'NONE', #3595, #4816, #1615 ) ;
#1481 = DIRECTION ( 'NONE',  ( 0.000000000000000000, 0.000000000000000000, 1.000000000000000000 ) ) ;
#1482 = DIRECTION ( 'NONE',  ( 0.000000000000000000, 0.000000000000000000, -1.000000000000000000 ) ) ;
#1483 = DIRECTION ( 'NONE',  ( 0.000000000000000000, -1.000000000000000000, 0.000000000000000000 ) ) ;
#1484 = ORIENTED_EDGE ( 'NONE', *, *, #3321, .F. ) ;
#1485 = VERTEX_POINT ( 'NONE', #4607 ) ;
#1486 = CARTESIAN_POINT ( 'NONE',  ( 37.75000000000000000, 39.40948300754050848, 30.94999999999999929 ) ) ;
#1487 = VECTOR ( 'NONE', #5110, 1000.000000000000000 ) ;
#1488 = CONICAL_SURFACE ( 'NONE', #1409, 0.5000000000000004441, 0.05235987755983064623 ) ;
#1489 = DIRECTION ( 'NONE',  ( 0.000000000000000000, -1.000000000000000000, 0.000000000000000000 ) ) ;
#1490 = DIRECTION ( 'NONE',  ( -1.000000000000000000, 0.000000000000000000, 0.000000000000000000 ) ) ;
#1491 = VECTOR ( 'NONE', #2801, 1000.000000000000000 ) ;
#1492 = EDGE_LOOP ( 'NONE', ( #5099, #3060 ) ) ;
#1493 = CARTESIAN_POINT ( 'NONE',  ( -30.94999999999999929, 49.40948300754050138, -2.550000000000000266 ) ) ;
#1494 = CARTESIAN_POINT ( 'NONE',  ( 37.75000000000000000, 38.40948300754050138, -30.94999999999999929 ) ) ;
#1495 = DIRECTION ( 'NONE',  ( -1.000000000000000000, 0.000000000000000000, 0.000000000000000000 ) ) ;
#1496 = EDGE_CURVE ( 'NONE', #545, #2303, #2138, .T. ) ;
#1497 = VERTEX_POINT ( 'NONE', #1091 ) ;
#1498 = ORIENTED_EDGE ( 'NONE', *, *, #535, .F. ) ;
#1499 = CARTESIAN_POINT ( 'NONE',  ( -40.75000000000000000, 49.40948300754050138, -40.75000000000000000 ) ) ;
#1500 = EDGE_CURVE ( 'NONE', #281, #1562, #2300, .T. ) ;
#1501 = EDGE_CURVE ( 'NONE', #212, #2712, #658, .T. ) ;
#1502 = AXIS2_PLACEMENT_3D ( 'NONE', #2926, #4929, #943 ) ;
#1503 = AXIS2_PLACEMENT_3D ( 'NONE', #2040, #2829, #350 ) ;
#1504 = DIRECTION ( 'NONE',  ( 0.000000000000000000, -1.000000000000000000, 0.000000000000000000 ) ) ;
#1505 = ADVANCED_FACE ( 'NONE', ( #5079 ), #1140, .F. ) ;
#1506 = DIRECTION ( 'NONE',  ( 0.000000000000000000, 0.000000000000000000, -1.000000000000000000 ) ) ;
#1507 = EDGE_LOOP ( 'NONE', ( #261, #1814, #2291, #584 ) ) ;
#1508 = ORIENTED_EDGE ( 'NONE', *, *, #3582, .F. ) ;
#1509 = EDGE_CURVE ( 'NONE', #1948, #2258, #2223, .T. ) ;
#1510 = TOROIDAL_SURFACE ( 'NONE', #3507, 2.000000000000000000, 1.000000000000000000 ) ;
#1511 = DIRECTION ( 'NONE',  ( 0.000000000000000000, 1.000000000000000000, 0.000000000000000000 ) ) ;
#1512 = DIRECTION ( 'NONE',  ( -1.000000000000000000, 0.000000000000000000, 4.336808689942015271E-16 ) ) ;
#1513 = CARTESIAN_POINT ( 'NONE',  ( 30.64999999999999858, 36.40948300754050138, 36.14999999999999858 ) ) ;
#1514 = VERTEX_POINT ( 'NONE', #264 ) ;
#1515 = EDGE_LOOP ( 'NONE', ( #3376, #2250, #2156, #3232 ) ) ;
#1516 = EDGE_CURVE ( 'NONE', #3031, #4577, #977, .T. ) ;
#1517 = VECTOR ( 'NONE', #79, 1000.000000000000000 ) ;
#1518 = LINE ( 'NONE', #3466, #3101 ) ;
#1519 =( LENGTH_UNIT ( ) NAMED_UNIT ( * ) SI_UNIT ( .MILLI., .METRE. ) );
#1520 = APPLICATION_CONTEXT ( 'automotive_design' ) ;
#1521 = LINE ( 'NONE', #3109, #1077 ) ;
#1522 = CYLINDRICAL_SURFACE ( 'NONE', #4301, 0.7500000000000006661 ) ;
#1523 = AXIS2_PLACEMENT_3D ( 'NONE', #3078, #4304, #273 ) ;
#1524 = CIRCLE ( 'NONE', #2850, 1.000000000000000888 ) ;
#1525 = ORIENTED_EDGE ( 'NONE', *, *, #600, .T. ) ;
#1526 = CARTESIAN_POINT ( 'NONE',  ( -15.35000000000000142, 36.40948300754050138, -27.25000000000000000 ) ) ;
#1527 = CARTESIAN_POINT ( 'NONE',  ( -12.25000000000000000, 35.85948300754049711, -36.75000000000000000 ) ) ;
#1528 = EDGE_CURVE ( 'NONE', #3846, #789, #2689, .T. ) ;
#1529 = CARTESIAN_POINT ( 'NONE',  ( 30.94999999999999929, 49.40948300754050138, -22.55000000000000071 ) ) ;
#1530 = ORIENTED_EDGE ( 'NONE', *, *, #2699, .T. ) ;
#1531 = ORIENTED_EDGE ( 'NONE', *, *, #4272, .T. ) ;
#1532 = VERTEX_POINT ( 'NONE', #1116 ) ;
#1533 = FACE_OUTER_BOUND ( 'NONE', #2860, .T. ) ;
#1534 = EDGE_CURVE ( 'NONE', #596, #3846, #3046, .T. ) ;
#1535 = EDGE_LOOP ( 'NONE', ( #1413, #3186 ) ) ;
#1536 = DIRECTION ( 'NONE',  ( 0.000000000000000000, 0.000000000000000000, -1.000000000000000000 ) ) ;
#1537 = ORIENTED_EDGE ( 'NONE', *, *, #2433, .T. ) ;
#1538 = ORIENTED_EDGE ( 'NONE', *, *, #552, .F. ) ;
#1539 = CARTESIAN_POINT ( 'NONE',  ( -40.75000000000000000, 47.95948300754049853, 40.75000000000000000 ) ) ;
#1540 = FACE_BOUND ( 'NONE', #4376, .T. ) ;
#1541 = CARTESIAN_POINT ( 'NONE',  ( -37.75000000000000000, 39.40948300754050848, 30.94999999999999929 ) ) ;
#1542 = ORIENTED_EDGE ( 'NONE', *, *, #1313, .F. ) ;
#1543 = EDGE_LOOP ( 'NONE', ( #4113, #4310, #3628, #256 ) ) ;
#1544 = DIRECTION ( 'NONE',  ( 0.000000000000000000, 0.000000000000000000, 1.000000000000000000 ) ) ;
#1545 = DIRECTION ( 'NONE',  ( 0.000000000000000000, 1.000000000000000000, 0.000000000000000000 ) ) ;
#1546 = ADVANCED_FACE ( 'NONE', ( #734 ), #5109, .F. ) ;
#1547 = DIRECTION ( 'NONE',  ( 0.000000000000000000, 0.000000000000000000, -1.000000000000000000 ) ) ;
#1548 = ORIENTED_EDGE ( 'NONE', *, *, #1343, .F. ) ;
#1549 = DIRECTION ( 'NONE',  ( -1.674039542559039894E-16, 0.000000000000000000, -1.000000000000000000 ) ) ;
#1550 = CARTESIAN_POINT ( 'NONE',  ( -40.95000000000001705, 39.19992695377562342, -32.06055734284392855 ) ) ;
#1551 = CARTESIAN_POINT ( 'NONE',  ( -15.35000000000000142, 36.40948300754050138, 36.14999999999999858 ) ) ;
#1552 = EDGE_CURVE ( 'NONE', #1661, #3698, #4325, .T. ) ;
#1553 = DIRECTION ( 'NONE',  ( 8.211708762020388642E-17, 0.000000000000000000, 1.000000000000000000 ) ) ;
#1554 = ORIENTED_EDGE ( 'NONE', *, *, #2225, .T. ) ;
#1555 = ORIENTED_EDGE ( 'NONE', *, *, #1955, .F. ) ;
#1556 = ORIENTED_EDGE ( 'NONE', *, *, #2478, .T. ) ;
#1557 = LINE ( 'NONE', #1110, #3426 ) ;
#1558 = CARTESIAN_POINT ( 'NONE',  ( -40.95000000000000284, 39.05816751566943879, 30.44164210843241847 ) ) ;
#1559 = CIRCLE ( 'NONE', #3224, 0.6048155585660839328 ) ;
#1560 = AXIS2_PLACEMENT_3D ( 'NONE', #4020, #3994, #1671 ) ;
#1561 = FACE_BOUND ( 'NONE', #3791, .T. ) ;
#1562 = VERTEX_POINT ( 'NONE', #1249 ) ;
#1563 = ORIENTED_EDGE ( 'NONE', *, *, #3217, .F. ) ;
#1564 = AXIS2_PLACEMENT_3D ( 'NONE', #185, #4097, #2531 ) ;
#1565 = VECTOR ( 'NONE', #4109, 1000.000000000000000 ) ;
#1566 = CARTESIAN_POINT ( 'NONE',  ( 41.45000000000000284, 37.40948300754050138, 40.95000000000000284 ) ) ;
#1567 = CARTESIAN_POINT ( 'NONE',  ( -40.75000000000000000, 49.40948300754050138, 42.25000000000000000 ) ) ;
#1568 = ORIENTED_EDGE ( 'NONE', *, *, #4118, .T. ) ;
#1569 = AXIS2_PLACEMENT_3D ( 'NONE', #2229, #155, #569 ) ;
#1570 = ORIENTED_EDGE ( 'NONE', *, *, #2206, .T. ) ;
#1571 = CARTESIAN_POINT ( 'NONE',  ( -41.45000000000000284, 37.40948300754050138, 41.95000000000000284 ) ) ;
#1572 = EDGE_CURVE ( 'NONE', #442, #1398, #896, .T. ) ;
#1573 = DIRECTION ( 'NONE',  ( 0.000000000000000000, 0.000000000000000000, 1.000000000000000000 ) ) ;
#1574 = CARTESIAN_POINT ( 'NONE',  ( -12.25000000000000000, 39.40948300754050848, -37.75000000000000000 ) ) ;
#1575 = ADVANCED_FACE ( 'NONE', ( #4430 ), #2009, .F. ) ;
#1576 = LINE ( 'NONE', #3555, #4547 ) ;
#1577 = ORIENTED_EDGE ( 'NONE', *, *, #267, .F. ) ;
#1578 = CARTESIAN_POINT ( 'NONE',  ( -19.25000000000000000, 45.35948300754050422, -16.25000000000000000 ) ) ;
#1579 = EDGE_CURVE ( 'NONE', #26, #3606, #1173, .T. ) ;
#1580 = CARTESIAN_POINT ( 'NONE',  ( -40.95000000000002416, 39.00880093750662070, -30.87775523205096206 ) ) ;
#1581 = CARTESIAN_POINT ( 'NONE',  ( 40.94999999999999574, 39.20703116829379553, -32.09021561500947683 ) ) ;
#1582 = DIRECTION ( 'NONE',  ( 0.000000000000000000, 0.000000000000000000, -1.000000000000000000 ) ) ;
#1583 = AXIS2_PLACEMENT_3D ( 'NONE', #144, #2985, #4085 ) ;
#1584 = VERTEX_POINT ( 'NONE', #58 ) ;
#1585 = VECTOR ( 'NONE', #4134, 1000.000000000000000 ) ;
#1586 = VERTEX_POINT ( 'NONE', #499 ) ;
#1587 = DIRECTION ( 'NONE',  ( 0.000000000000000000, -1.000000000000000000, 0.000000000000000000 ) ) ;
#1588 = CARTESIAN_POINT ( 'NONE',  ( -40.95000000000000284, 39.35477135131129955, 29.14587917117663451 ) ) ;
#1589 = LINE ( 'NONE', #5130, #107 ) ;
#1590 = EDGE_LOOP ( 'NONE', ( #471, #3432, #5011, #4197 ) ) ;
#1591 = ORIENTED_EDGE ( 'NONE', *, *, #174, .T. ) ;
#1592 = DIRECTION ( 'NONE',  ( 0.000000000000000000, -1.000000000000000000, 0.000000000000000000 ) ) ;
#1593 = CIRCLE ( 'NONE', #3837, 1.500000000000001332 ) ;
#1594 = VECTOR ( 'NONE', #403, 1000.000000000000000 ) ;
#1595 = EDGE_CURVE ( 'NONE', #4172, #1213, #5139, .T. ) ;
#1596 = DIRECTION ( 'NONE',  ( 0.000000000000000000, 0.000000000000000000, -1.000000000000000000 ) ) ;
#1597 = ORIENTED_EDGE ( 'NONE', *, *, #2967, .T. ) ;
#1598 = CIRCLE ( 'NONE', #682, 1.500000000000001332 ) ;
#1599 = VERTEX_POINT ( 'NONE', #841 ) ;
#1600 = CARTESIAN_POINT ( 'NONE',  ( 18.25000000000000000, 43.25948300754050280, 24.25000000000000000 ) ) ;
#1601 = CARTESIAN_POINT ( 'NONE',  ( 30.94999999999999929, 45.35948300754050422, -2.050000000000000266 ) ) ;
#1602 = CARTESIAN_POINT ( 'NONE',  ( -30.94999999999999929, 49.40948300754050138, 6.949999999999999289 ) ) ;
#1603 = FACE_BOUND ( 'NONE', #286, .T. ) ;
#1604 = CIRCLE ( 'NONE', #3266, 2.000000000000001776 ) ;
#1605 = ORIENTED_EDGE ( 'NONE', *, *, #2791, .T. ) ;
#1606 = CARTESIAN_POINT ( 'NONE',  ( 42.25000000000000000, 47.95948300754049853, 40.75000000000000000 ) ) ;
#1607 = CARTESIAN_POINT ( 'NONE',  ( -40.95000000000000995, 39.01805232408929669, -31.15380003010618282 ) ) ;
#1608 = CARTESIAN_POINT ( 'NONE',  ( 40.95000000000000995, 39.03179187657196536, -30.60035487155635892 ) ) ;
#1609 = CIRCLE ( 'NONE', #3095, 0.5000000000000004441 ) ;
#1610 = CARTESIAN_POINT ( 'NONE',  ( -39.25000000000000000, 45.35948300754050422, 41.14999999999999858 ) ) ;
#1611 = VERTEX_POINT ( 'NONE', #2874 ) ;
#1612 = ORIENTED_EDGE ( 'NONE', *, *, #2472, .T. ) ;
#1613 = AXIS2_PLACEMENT_3D ( 'NONE', #169, #3032, #1045 ) ;
#1614 = CARTESIAN_POINT ( 'NONE',  ( 39.25000000000000000, 47.95948300754049853, 41.14999999999999858 ) ) ;
#1615 = DIRECTION ( 'NONE',  ( 0.000000000000000000, 0.000000000000000000, -1.000000000000000000 ) ) ;
#1616 = EDGE_CURVE ( 'NONE', #4274, #641, #1472, .T. ) ;
#1617 = FACE_BOUND ( 'NONE', #957, .T. ) ;
#1618 = ORIENTED_EDGE ( 'NONE', *, *, #396, .F. ) ;
#1619 = ORIENTED_EDGE ( 'NONE', *, *, #3035, .F. ) ;
#1620 = CYLINDRICAL_SURFACE ( 'NONE', #4631, 3.000000000000002665 ) ;
#1621 = FACE_OUTER_BOUND ( 'NONE', #4679, .T. ) ;
#1622 = ORIENTED_EDGE ( 'NONE', *, *, #1203, .T. ) ;
#1623 = CARTESIAN_POINT ( 'NONE',  ( -40.95000000000000284, 39.40948300754050848, 33.34999999999999432 ) ) ;
#1624 = FACE_OUTER_BOUND ( 'NONE', #4853, .T. ) ;
#1625 = CARTESIAN_POINT ( 'NONE',  ( -15.35000000000000142, 39.40948300754050848, 34.95000000000000284 ) ) ;
#1626 = FACE_OUTER_BOUND ( 'NONE', #3208, .T. ) ;
#1627 = DIRECTION ( 'NONE',  ( 0.000000000000000000, 0.000000000000000000, 1.000000000000000000 ) ) ;
#1628 = CARTESIAN_POINT ( 'NONE',  ( 30.94999999999999929, 45.35948300754050422, 7.950000000000000178 ) ) ;
#1629 = CARTESIAN_POINT ( 'NONE',  ( 40.95000000000000284, 39.40948300754050848, -28.64204207079410125 ) ) ;
#1630 = DIRECTION ( 'NONE',  ( 0.000000000000000000, 0.000000000000000000, 1.000000000000000000 ) ) ;
#1631 = ORIENTED_EDGE ( 'NONE', *, *, #4817, .F. ) ;
#1632 = ORIENTED_EDGE ( 'NONE', *, *, #4723, .F. ) ;
#1633 = CARTESIAN_POINT ( 'NONE',  ( 41.45000000000000284, 49.40948300754050138, 42.95000000000000284 ) ) ;
#1634 = CARTESIAN_POINT ( 'NONE',  ( -40.95000000000000995, 39.21342093681923302, 32.11504444535045621 ) ) ;
#1635 = ADVANCED_FACE ( 'NONE', ( #2822 ), #1620, .T. ) ;
#1636 = EDGE_CURVE ( 'NONE', #1532, #2688, #1305, .T. ) ;
#1637 = EDGE_LOOP ( 'NONE', ( #4427, #5071, #790, #2580 ) ) ;
#1638 = VECTOR ( 'NONE', #1553, 1000.000000000000000 ) ;
#1639 = CARTESIAN_POINT ( 'NONE',  ( 30.64999999999999858, 33.40948300754050138, -26.05000000000000071 ) ) ;
#1640 = ORIENTED_EDGE ( 'NONE', *, *, #1127, .T. ) ;
#1641 = ORIENTED_EDGE ( 'NONE', *, *, #4142, .T. ) ;
#1642 = DIRECTION ( 'NONE',  ( 0.000000000000000000, 1.000000000000000000, 0.000000000000000000 ) ) ;
#1643 = VECTOR ( 'NONE', #3493, 1000.000000000000000 ) ;
#1644 = EDGE_CURVE ( 'NONE', #3723, #1946, #786, .T. ) ;
#1645 = AXIS2_PLACEMENT_3D ( 'NONE', #3748, #1793, #3774 ) ;
#1646 = DIRECTION ( 'NONE',  ( 0.000000000000000000, 1.000000000000000000, 0.000000000000000000 ) ) ;
#1647 = VERTEX_POINT ( 'NONE', #4402 ) ;
#1648 = CIRCLE ( 'NONE', #4550, 2.499999999999998668 ) ;
#1649 = CIRCLE ( 'NONE', #4725, 0.5000000000000004441 ) ;
#1650 = CARTESIAN_POINT ( 'NONE',  ( -32.25000000000000000, 45.35948300754050422, 19.46392568124259981 ) ) ;
#1651 = CYLINDRICAL_SURFACE ( 'NONE', #4921, 0.7500000000000006661 ) ;
#1652 = CARTESIAN_POINT ( 'NONE',  ( 2.762452970768789927E-15, 45.35948300754050422, -12.05000000000000071 ) ) ;
#1653 = AXIS2_PLACEMENT_3D ( 'NONE', #842, #2037, #3627 ) ;
#1654 = CARTESIAN_POINT ( 'NONE',  ( -37.75000000000000000, 38.40948300754050138, 30.94999999999999929 ) ) ;
#1655 = ORIENTED_EDGE ( 'NONE', *, *, #1203, .F. ) ;
#1656 = CARTESIAN_POINT ( 'NONE',  ( 42.95000000000000284, 39.40948300754050848, -42.95000000000000284 ) ) ;
#1657 = FACE_OUTER_BOUND ( 'NONE', #1114, .T. ) ;
#1658 = CARTESIAN_POINT ( 'NONE',  ( 37.75000000000000000, 38.40948300754050138, -27.94999999999999929 ) ) ;
#1659 = DIRECTION ( 'NONE',  ( 0.000000000000000000, -1.000000000000000000, 0.000000000000000000 ) ) ;
#1660 = EDGE_LOOP ( 'NONE', ( #4357, #2351, #809, #3510 ) ) ;
#1661 = VERTEX_POINT ( 'NONE', #3573 ) ;
#1662 = FACE_OUTER_BOUND ( 'NONE', #2983, .T. ) ;
#1663 = CARTESIAN_POINT ( 'NONE',  ( -40.95000000000000284, 39.40948300754050138, 33.16280605205623999 ) ) ;
#1664 = AXIS2_PLACEMENT_3D ( 'NONE', #1066, #2666, #1903 ) ;
#1665 = CIRCLE ( 'NONE', #4573, 0.7500000000000006661 ) ;
#1666 = FACE_OUTER_BOUND ( 'NONE', #4822, .T. ) ;
#1667 = VERTEX_POINT ( 'NONE', #4454 ) ;
#1668 = EDGE_CURVE ( 'NONE', #2297, #3819, #34, .T. ) ;
#1669 = VECTOR ( 'NONE', #3290, 1000.000000000000000 ) ;
#1670 = EDGE_CURVE ( 'NONE', #2462, #5106, #3210, .T. ) ;
#1671 = DIRECTION ( 'NONE',  ( 0.000000000000000000, 0.000000000000000000, 1.000000000000000000 ) ) ;
#1672 = EDGE_CURVE ( 'NONE', #2598, #219, #3234, .T. ) ;
#1673 = LINE ( 'NONE', #111, #141 ) ;
#1674 = ORIENTED_EDGE ( 'NONE', *, *, #4372, .F. ) ;
#1675 = ADVANCED_FACE ( 'NONE', ( #4745 ), #2768, .F. ) ;
#1676 = CARTESIAN_POINT ( 'NONE',  ( -30.94999999999999929, 45.35948300754050422, 17.44999999999999929 ) ) ;
#1677 = DIRECTION ( 'NONE',  ( 0.000000000000000000, -1.000000000000000000, 0.000000000000000000 ) ) ;
#1678 = DIRECTION ( 'NONE',  ( 0.000000000000000000, 1.000000000000000000, 0.000000000000000000 ) ) ;
#1679 = CARTESIAN_POINT ( 'NONE',  ( -18.25000000000000000, 44.35948300754050422, -15.25000000000000000 ) ) ;
#1680 = MECHANICAL_DESIGN_GEOMETRIC_PRESENTATION_REPRESENTATION (  '', ( #1840 ), #3503 ) ;
#1681 = EDGE_CURVE ( 'NONE', #4266, #4352, #423, .T. ) ;
#1682 = VERTEX_POINT ( 'NONE', #2059 ) ;
#1683 = CARTESIAN_POINT ( 'NONE',  ( -15.35000000000000142, 36.40948300754050138, 36.14999999999999858 ) ) ;
#1684 = DIRECTION ( 'NONE',  ( 0.000000000000000000, -1.000000000000000000, 0.000000000000000000 ) ) ;
#1685 = DIRECTION ( 'NONE',  ( 0.000000000000000000, 0.000000000000000000, 1.000000000000000000 ) ) ;
#1686 = CARTESIAN_POINT ( 'NONE',  ( 40.95000000000000995, 39.34533389498536593, -32.70017178299424643 ) ) ;
#1687 = CARTESIAN_POINT ( 'NONE',  ( -42.05481555856610498, 39.40948300754050848, -42.95000000000000284 ) ) ;
#1688 = ORIENTED_EDGE ( 'NONE', *, *, #2967, .F. ) ;
#1689 = ORIENTED_EDGE ( 'NONE', *, *, #2225, .F. ) ;
#1690 = CARTESIAN_POINT ( 'NONE',  ( 30.94999999999999929, 39.40948300754050848, 17.94999999999999929 ) ) ;
#1691 = CIRCLE ( 'NONE', #2774, 1.299999999999999156 ) ;
#1692 = CARTESIAN_POINT ( 'NONE',  ( -40.95000000000002416, 39.28670624615684659, 32.40926534961825212 ) ) ;
#1693 = EDGE_CURVE ( 'NONE', #2035, #4075, #2454, .T. ) ;
#1694 = AXIS2_PLACEMENT_3D ( 'NONE', #2834, #4387, #3686 ) ;
#1695 = ORIENTED_EDGE ( 'NONE', *, *, #1858, .F. ) ;
#1696 = CARTESIAN_POINT ( 'NONE',  ( -40.95000000000001705, 39.40253862007827479, -33.11382530948712599 ) ) ;
#1697 = CARTESIAN_POINT ( 'NONE',  ( 30.64999999999999858, 39.40948300754050848, -28.55000000000000071 ) ) ;
#1698 = EDGE_LOOP ( 'NONE', ( #1431, #753, #512, #2483 ) ) ;
#1699 = VERTEX_POINT ( 'NONE', #7 ) ;
#1700 = DIRECTION ( 'NONE',  ( 0.000000000000000000, 0.000000000000000000, -1.000000000000000000 ) ) ;
#1701 = DIRECTION ( 'NONE',  ( 0.000000000000000000, -1.000000000000000000, 0.000000000000000000 ) ) ;
#1702 = CARTESIAN_POINT ( 'NONE',  ( -12.25000000000000000, 39.40948300754050848, -36.75000000000000000 ) ) ;
#1703 = EDGE_CURVE ( 'NONE', #3621, #2853, #4893, .T. ) ;
#1704 = CARTESIAN_POINT ( 'NONE',  ( 40.95000000000002416, 39.05816751566817402, 31.45835789155733409 ) ) ;
#1705 = EDGE_LOOP ( 'NONE', ( #2913, #1338, #3880, #1377 ) ) ;
#1706 = CARTESIAN_POINT ( 'NONE',  ( 37.75000000000000000, 36.40948300754050138, -30.94999999999999929 ) ) ;
#1707 = FACE_OUTER_BOUND ( 'NONE', #2918, .T. ) ;
#1708 = DIRECTION ( 'NONE',  ( -1.000000000000000000, 0.000000000000000000, 0.000000000000000000 ) ) ;
#1709 = FACE_OUTER_BOUND ( 'NONE', #4393, .T. ) ;
#1710 = EDGE_CURVE ( 'NONE', #2480, #3450, #811, .T. ) ;
#1711 = PLANE ( 'NONE',  #4385 ) ;
#1712 = ORIENTED_EDGE ( 'NONE', *, *, #4307, .T. ) ;
#1713 = CARTESIAN_POINT ( 'NONE',  ( -22.95000000000000284, 39.40948300754050848, -2.050000000000000266 ) ) ;
#1714 = LINE ( 'NONE', #2526, #1741 ) ;
#1715 = EDGE_CURVE ( 'NONE', #1735, #5107, #208, .T. ) ;
#1716 = ORIENTED_EDGE ( 'NONE', *, *, #1132, .T. ) ;
#1717 = LINE ( 'NONE', #910, #400 ) ;
#1718 = DIRECTION ( 'NONE',  ( 0.000000000000000000, -1.000000000000000000, 0.000000000000000000 ) ) ;
#1719 = VERTEX_POINT ( 'NONE', #625 ) ;
#1720 = VECTOR ( 'NONE', #2077, 1000.000000000000000 ) ;
#1721 = VERTEX_POINT ( 'NONE', #3304 ) ;
#1722 = DIRECTION ( 'NONE',  ( 0.000000000000000000, 0.000000000000000000, 1.000000000000000000 ) ) ;
#1723 = DIRECTION ( 'NONE',  ( 0.000000000000000000, -1.000000000000000000, 0.000000000000000000 ) ) ;
#1724 = CARTESIAN_POINT ( 'NONE',  ( -41.45000000000000284, 49.40948300754050138, 41.45000000000000284 ) ) ;
#1725 = CIRCLE ( 'NONE', #66, 3.000000000000002665 ) ;
#1726 = CARTESIAN_POINT ( 'NONE',  ( 40.95000000000002416, 39.22607913858198003, 32.16469658052125880 ) ) ;
#1727 = VECTOR ( 'NONE', #4897, 1000.000000000000000 ) ;
#1728 = VERTEX_POINT ( 'NONE', #2134 ) ;
#1729 = EDGE_CURVE ( 'NONE', #212, #2598, #2966, .T. ) ;
#1730 = CARTESIAN_POINT ( 'NONE',  ( -41.45000000000000284, 39.40948300754050848, 41.45000000000000284 ) ) ;
#1731 = EDGE_CURVE ( 'NONE', #2027, #3861, #2158, .T. ) ;
#1732 = VECTOR ( 'NONE', #1718, 1000.000000000000000 ) ;
#1733 = FACE_OUTER_BOUND ( 'NONE', #523, .T. ) ;
#1734 = FACE_OUTER_BOUND ( 'NONE', #4122, .T. ) ;
#1735 = VERTEX_POINT ( 'NONE', #133 ) ;
#1736 = DIRECTION ( 'NONE',  ( 0.000000000000000000, 0.000000000000000000, 1.000000000000000000 ) ) ;
#1737 = CARTESIAN_POINT ( 'NONE',  ( 5.225854471380139261E-15, 45.35948300754050422, -12.05000000000000071 ) ) ;
#1738 = EDGE_CURVE ( 'NONE', #2893, #1870, #1717, .T. ) ;
#1739 = ADVANCED_FACE ( 'NONE', ( #2894 ), #3306, .F. ) ;
#1740 = VERTEX_POINT ( 'NONE', #2606 ) ;
#1741 = VECTOR ( 'NONE', #1767, 1000.000000000000000 ) ;
#1742 = CARTESIAN_POINT ( 'NONE',  ( 30.94999999999999929, 49.40948300754050138, 16.94999999999999929 ) ) ;
#1743 = CARTESIAN_POINT ( 'NONE',  ( -7.784571598445918681E-15, 45.35948300754050422, 17.94999999999999929 ) ) ;
#1744 = ORIENTED_EDGE ( 'NONE', *, *, #205, .T. ) ;
#1745 = AXIS2_PLACEMENT_3D ( 'NONE', #97, #514, #2101 ) ;
#1746 = CARTESIAN_POINT ( 'NONE',  ( -40.95000000000001705, 39.34043281233927303, -32.67032167930260300 ) ) ;
#1747 = LINE ( 'NONE', #3261, #1732 ) ;
#1748 = ORIENTED_EDGE ( 'NONE', *, *, #4408, .T. ) ;
#1749 = VECTOR ( 'NONE', #3163, 1000.000000000000000 ) ;
#1750 = ORIENTED_EDGE ( 'NONE', *, *, #587, .T. ) ;
#1751 = FACE_BOUND ( 'NONE', #4155, .T. ) ;
#1752 = DIRECTION ( 'NONE',  ( 0.000000000000000000, 0.000000000000000000, -1.000000000000000000 ) ) ;
#1753 = CARTESIAN_POINT ( 'NONE',  ( -37.75000000000000000, 39.40948300754050848, 34.95000000000000284 ) ) ;
#1754 = EDGE_CURVE ( 'NONE', #4180, #2773, #4527, .T. ) ;
#1755 = CARTESIAN_POINT ( 'NONE',  ( 40.95000000000004547, 39.38228415664679716, 32.93504893785442533 ) ) ;
#1756 = ORIENTED_EDGE ( 'NONE', *, *, #2845, .T. ) ;
#1757 = LINE ( 'NONE', #4936, #5100 ) ;
#1758 = CYLINDRICAL_SURFACE ( 'NONE', #4828, 0.5000000000000004441 ) ;
#1759 = CARTESIAN_POINT ( 'NONE',  ( 0.000000000000000000, 45.35948300754050422, -36.75000000000000000 ) ) ;
#1760 = VECTOR ( 'NONE', #2877, 1000.000000000000000 ) ;
#1761 = CARTESIAN_POINT ( 'NONE',  ( 41.45000000000000284, 39.40948300754050848, 41.45000000000000284 ) ) ;
#1762 = CIRCLE ( 'NONE', #4663, 0.5000000000000004441 ) ;
#1763 = CARTESIAN_POINT ( 'NONE',  ( -22.95000000000000284, 49.40948300754050138, -2.550000000000000266 ) ) ;
#1764 = ORIENTED_EDGE ( 'NONE', *, *, #382, .T. ) ;
#1765 = AXIS2_PLACEMENT_3D ( 'NONE', #532, #1723, #4077 ) ;
#1766 = DIRECTION ( 'NONE',  ( 0.000000000000000000, 1.000000000000000000, 0.000000000000000000 ) ) ;
#1767 = DIRECTION ( 'NONE',  ( 0.000000000000000000, 1.000000000000000000, 0.000000000000000000 ) ) ;
#1768 = ORIENTED_EDGE ( 'NONE', *, *, #3864, .F. ) ;
#1769 = VECTOR ( 'NONE', #1218, 1000.000000000000000 ) ;
#1770 = DIRECTION ( 'NONE',  ( 0.000000000000000000, 0.000000000000000000, 1.000000000000000000 ) ) ;
#1771 = EDGE_CURVE ( 'NONE', #586, #1485, #602, .T. ) ;
#1772 = CIRCLE ( 'NONE', #2358, 1.500000000000001332 ) ;
#1773 = DIRECTION ( 'NONE',  ( 0.000000000000000000, 0.000000000000000000, -1.000000000000000000 ) ) ;
#1774 = ORIENTED_EDGE ( 'NONE', *, *, #2212, .T. ) ;
#1775 = VERTEX_POINT ( 'NONE', #2530 ) ;
#1776 = AXIS2_PLACEMENT_3D ( 'NONE', #1486, #3840, #349 ) ;
#1777 = LINE ( 'NONE', #992, #4501 ) ;
#1778 = EDGE_CURVE ( 'NONE', #3153, #4577, #5049, .T. ) ;
#1779 = DIRECTION ( 'NONE',  ( 0.000000000000000000, 0.000000000000000000, -1.000000000000000000 ) ) ;
#1780 = DIRECTION ( 'NONE',  ( 1.000000000000000000, 0.000000000000000000, 0.000000000000000000 ) ) ;
#1781 = CARTESIAN_POINT ( 'NONE',  ( 40.95000000000000995, 39.34533389498510303, 29.19982821700633480 ) ) ;
#1782 = VERTEX_POINT ( 'NONE', #4168 ) ;
#1783 = EDGE_LOOP ( 'NONE', ( #3965, #3024, #1774, #4058 ) ) ;
#1784 = CARTESIAN_POINT ( 'NONE',  ( 30.64999999999999858, 39.40948300754050848, -26.05000000000000071 ) ) ;
#1785 = DIRECTION ( 'NONE',  ( 0.000000000000000000, -1.000000000000000000, 0.000000000000000000 ) ) ;
#1786 = CARTESIAN_POINT ( 'NONE',  ( -42.25000000000000000, 49.40948300754050138, 40.75000000000000000 ) ) ;
#1787 = CYLINDRICAL_SURFACE ( 'NONE', #4138, 0.7500000000000006661 ) ;
#1788 = ORIENTED_EDGE ( 'NONE', *, *, #4012, .T. ) ;
#1789 = DIRECTION ( 'NONE',  ( 0.000000000000000000, 0.000000000000000000, -1.000000000000000000 ) ) ;
#1790 = CARTESIAN_POINT ( 'NONE',  ( 0.000000000000000000, 39.40948300754050848, -36.75000000000000000 ) ) ;
#1791 = ORIENTED_EDGE ( 'NONE', *, *, #2505, .F. ) ;
#1792 = ADVANCED_FACE ( 'NONE', ( #4096 ), #2919, .T. ) ;
#1793 = DIRECTION ( 'NONE',  ( -1.000000000000000000, 0.000000000000000000, 0.000000000000000000 ) ) ;
#1794 = EDGE_CURVE ( 'NONE', #3601, #729, #3887, .T. ) ;
#1795 = CARTESIAN_POINT ( 'NONE',  ( 30.94999999999999929, 45.35948300754050422, 7.450000000000000178 ) ) ;
#1796 =( NAMED_UNIT ( * ) PLANE_ANGLE_UNIT ( ) SI_UNIT ( $, .RADIAN. ) );
#1797 = ORIENTED_EDGE ( 'NONE', *, *, #795, .T. ) ;
#1798 = ORIENTED_EDGE ( 'NONE', *, *, #4127, .T. ) ;
#1799 = ADVANCED_FACE ( 'NONE', ( #4195 ), #3380, .T. ) ;
#1800 = DIRECTION ( 'NONE',  ( 0.000000000000000000, -1.000000000000000000, 0.000000000000000000 ) ) ;
#1801 = DIRECTION ( 'NONE',  ( 0.000000000000000000, 0.000000000000000000, 1.000000000000000000 ) ) ;
#1802 = DIRECTION ( 'NONE',  ( 1.000000000000000000, 0.000000000000000000, 0.000000000000000000 ) ) ;
#1803 = CARTESIAN_POINT ( 'NONE',  ( 40.95000000000002416, 39.13055046125001724, 30.11461817330226864 ) ) ;
#1804 = ORIENTED_EDGE ( 'NONE', *, *, #4695, .T. ) ;
#1805 = VECTOR ( 'NONE', #3766, 1000.000000000000000 ) ;
#1806 = ORIENTED_EDGE ( 'NONE', *, *, #4676, .T. ) ;
#1807 = FACE_OUTER_BOUND ( 'NONE', #4061, .T. ) ;
#1808 = FACE_BOUND ( 'NONE', #4958, .T. ) ;
#1809 = AXIS2_PLACEMENT_3D ( 'NONE', #3605, #1646, #4022 ) ;
#1810 = LINE ( 'NONE', #3296, #1585 ) ;
#1811 = AXIS2_PLACEMENT_3D ( 'NONE', #4711, #1039, #5029 ) ;
#1812 = CARTESIAN_POINT ( 'NONE',  ( 37.75000000000000000, 36.40948300754050138, 30.94999999999999929 ) ) ;
#1813 = VECTOR ( 'NONE', #4799, 1000.000000000000000 ) ;
#1814 = ORIENTED_EDGE ( 'NONE', *, *, #5105, .F. ) ;
#1815 = AXIS2_PLACEMENT_3D ( 'NONE', #559, #3736, #2959 ) ;
#1816 = DIRECTION ( 'NONE',  ( 0.000000000000000000, 0.000000000000000000, -1.000000000000000000 ) ) ;
#1817 = LINE ( 'NONE', #2601, #3063 ) ;
#1818 = CIRCLE ( 'NONE', #2577, 0.5000000000000004441 ) ;
#1819 = ORIENTED_EDGE ( 'NONE', *, *, #495, .T. ) ;
#1820 = LINE ( 'NONE', #3408, #2729 ) ;
#1821 = CARTESIAN_POINT ( 'NONE',  ( 37.75000000000000000, 38.00948300754050280, -30.94999999999999929 ) ) ;
#1822 = ORIENTED_EDGE ( 'NONE', *, *, #4381, .T. ) ;
#1823 = LINE ( 'NONE', #213, #3591 ) ;
#1824 = CARTESIAN_POINT ( 'NONE',  ( -40.95000000000000284, 39.40948300754050138, 28.64204207079376729 ) ) ;
#1825 = FACE_OUTER_BOUND ( 'NONE', #1273, .T. ) ;
#1826 = CIRCLE ( 'NONE', #418, 0.5000000000000004441 ) ;
#1827 = VECTOR ( 'NONE', #666, 1000.000000000000000 ) ;
#1828 = CARTESIAN_POINT ( 'NONE',  ( 30.64999999999999858, 33.40948300754050138, 37.44999999999999574 ) ) ;
#1829 = ORIENTED_EDGE ( 'NONE', *, *, #3204, .T. ) ;
#1830 = ORIENTED_EDGE ( 'NONE', *, *, #817, .F. ) ;
#1831 = FACE_OUTER_BOUND ( 'NONE', #2811, .T. ) ;
#1832 = DIRECTION ( 'NONE',  ( 0.000000000000000000, -1.000000000000000000, 0.000000000000000000 ) ) ;
#1833 = FACE_OUTER_BOUND ( 'NONE', #3187, .T. ) ;
#1834 = EDGE_CURVE ( 'NONE', #4970, #312, #4117, .T. ) ;
#1835 = CARTESIAN_POINT ( 'NONE',  ( 40.95000000000000284, 37.40948300754050138, -40.95000000000000284 ) ) ;
#1836 = ORIENTED_EDGE ( 'NONE', *, *, #3237, .F. ) ;
#1837 = CARTESIAN_POINT ( 'NONE',  ( -15.35000000000000142, 33.40948300754050138, -28.55000000000000071 ) ) ;
#1838 = TOROIDAL_SURFACE ( 'NONE', #4662, 2.000000000000000000, 1.000000000000000000 ) ;
#1839 = CARTESIAN_POINT ( 'NONE',  ( -22.95000000000000284, 39.40948300754050848, 7.450000000000000178 ) ) ;
#1840 = STYLED_ITEM ( 'NONE', ( #4207 ), #2180 ) ;
#1841 = ORIENTED_EDGE ( 'NONE', *, *, #4953, .T. ) ;
#1842 = EDGE_CURVE ( 'NONE', #26, #863, #5143, .T. ) ;
#1843 = DIRECTION ( 'NONE',  ( 0.000000000000000000, -1.000000000000000000, 0.000000000000000000 ) ) ;
#1844 = DIRECTION ( 'NONE',  ( 0.000000000000000000, 0.000000000000000000, -1.000000000000000000 ) ) ;
#1845 = CARTESIAN_POINT ( 'NONE',  ( 30.64999999999999858, 36.40948300754050138, 37.44999999999999574 ) ) ;
#1846 = ORIENTED_EDGE ( 'NONE', *, *, #3483, .T. ) ;
#1847 = VERTEX_POINT ( 'NONE', #233 ) ;
#1848 = CARTESIAN_POINT ( 'NONE',  ( 37.75000000000000000, 38.40948300754050138, -30.94999999999999929 ) ) ;
#1849 = CARTESIAN_POINT ( 'NONE',  ( -40.95000000000000284, 39.35846707777243836, 29.12383070299117094 ) ) ;
#1850 = AXIS2_PLACEMENT_3D ( 'NONE', #884, #4068, #497 ) ;
#1851 = PLANE ( 'NONE',  #5069 ) ;
#1852 = DIRECTION ( 'NONE',  ( 0.000000000000000000, 0.000000000000000000, 1.000000000000000000 ) ) ;
#1853 = ORIENTED_EDGE ( 'NONE', *, *, #2826, .F. ) ;
#1854 = ORIENTED_EDGE ( 'NONE', *, *, #3734, .F. ) ;
#1855 = DIRECTION ( 'NONE',  ( -1.000000000000000000, 0.000000000000000000, 0.000000000000000000 ) ) ;
#1856 = EDGE_CURVE ( 'NONE', #2210, #4869, #1820, .T. ) ;
#1857 = DIRECTION ( 'NONE',  ( 0.000000000000000000, -1.000000000000000000, 0.000000000000000000 ) ) ;
#1858 = EDGE_CURVE ( 'NONE', #2515, #2773, #1426, .T. ) ;
#1859 = CARTESIAN_POINT ( 'NONE',  ( 37.75000000000000000, 38.40948300754050138, -26.95000000000000284 ) ) ;
#1860 = ORIENTED_EDGE ( 'NONE', *, *, #1475, .F. ) ;
#1861 = PLANE ( 'NONE',  #3850 ) ;
#1862 = EDGE_CURVE ( 'NONE', #2554, #935, #2563, .T. ) ;
#1863 = DIRECTION ( 'NONE',  ( 0.000000000000000000, 0.000000000000000000, -1.000000000000000000 ) ) ;
#1864 = EDGE_CURVE ( 'NONE', #840, #1485, #4973, .T. ) ;
#1865 = VERTEX_POINT ( 'NONE', #381 ) ;
#1866 = EDGE_CURVE ( 'NONE', #4821, #4697, #1449, .T. ) ;
#1867 =( NAMED_UNIT ( * ) PLANE_ANGLE_UNIT ( ) SI_UNIT ( $, .RADIAN. ) );
#1868 = FACE_OUTER_BOUND ( 'NONE', #3115, .T. ) ;
#1869 = ORIENTED_EDGE ( 'NONE', *, *, #1644, .F. ) ;
#1870 = VERTEX_POINT ( 'NONE', #4810 ) ;
#1871 = DIRECTION ( 'NONE',  ( 0.000000000000000000, 0.000000000000000000, 1.000000000000000000 ) ) ;
#1872 = FACE_BOUND ( 'NONE', #662, .T. ) ;
#1873 = CARTESIAN_POINT ( 'NONE',  ( -18.25000000000000000, 41.15948300754050138, -15.25000000000000000 ) ) ;
#1874 = EDGE_LOOP ( 'NONE', ( #3641, #1618, #1289, #4605 ) ) ;
#1875 = ORIENTED_EDGE ( 'NONE', *, *, #2401, .F. ) ;
#1876 = PLANE ( 'NONE',  #3772 ) ;
#1877 = DIRECTION ( 'NONE',  ( 0.000000000000000000, -1.000000000000000000, 0.000000000000000000 ) ) ;
#1878 = DIRECTION ( 'NONE',  ( 0.000000000000000000, 0.000000000000000000, 1.000000000000000000 ) ) ;
#1879 = VECTOR ( 'NONE', #224, 1000.000000000000000 ) ;
#1880 = DIRECTION ( 'NONE',  ( 0.000000000000000000, -1.000000000000000000, 0.000000000000000000 ) ) ;
#1881 = ADVANCED_FACE ( 'NONE', ( #1657 ), #3246, .T. ) ;
#1882 = EDGE_CURVE ( 'NONE', #2308, #2759, #851, .T. ) ;
#1883 = EDGE_CURVE ( 'NONE', #2868, #1647, #3230, .T. ) ;
#1884 = ORIENTED_EDGE ( 'NONE', *, *, #53, .F. ) ;
#1885 = DIRECTION ( 'NONE',  ( 2.511059313838565264E-16, 0.000000000000000000, 1.000000000000000000 ) ) ;
#1886 = AXIS2_PLACEMENT_3D ( 'NONE', #2549, #3284, #4504 ) ;
#1887 = CARTESIAN_POINT ( 'NONE',  ( 0.000000000000000000, 41.15948300754050138, 0.000000000000000000 ) ) ;
#1888 = EDGE_CURVE ( 'NONE', #3315, #871, #539, .T. ) ;
#1889 = PLANE ( 'NONE',  #2387 ) ;
#1890 = AXIS2_PLACEMENT_3D ( 'NONE', #5112, #1251, #4826 ) ;
#1891 = EDGE_CURVE ( 'NONE', #4421, #1699, #2125, .T. ) ;
#1892 = AXIS2_PLACEMENT_3D ( 'NONE', #4132, #1365, #171 ) ;
#1893 = VERTEX_POINT ( 'NONE', #4865 ) ;
#1894 = ORIENTED_EDGE ( 'NONE', *, *, #4080, .F. ) ;
#1895 = DIRECTION ( 'NONE',  ( 2.511059313838565264E-16, 0.000000000000000000, 1.000000000000000000 ) ) ;
#1896 = VECTOR ( 'NONE', #4926, 1000.000000000000000 ) ;
#1897 = EDGE_CURVE ( 'NONE', #2739, #1055, #4887, .T. ) ;
#1898 = CARTESIAN_POINT ( 'NONE',  ( 22.95000000000000284, 49.40948300754050138, 17.94999999999999929 ) ) ;
#1899 = CARTESIAN_POINT ( 'NONE',  ( -37.75000000000000000, 36.40948300754050138, 30.94999999999999929 ) ) ;
#1900 = ORIENTED_EDGE ( 'NONE', *, *, #2375, .F. ) ;
#1901 = ORIENTED_EDGE ( 'NONE', *, *, #396, .T. ) ;
#1902 = DIRECTION ( 'NONE',  ( 0.000000000000000000, 0.000000000000000000, 1.000000000000000000 ) ) ;
#1903 = DIRECTION ( 'NONE',  ( 0.000000000000000000, 1.000000000000000000, 0.000000000000000000 ) ) ;
#1904 = CARTESIAN_POINT ( 'NONE',  ( -15.35000000000000142, 36.40948300754050138, -29.85000000000000142 ) ) ;
#1905 = ORIENTED_EDGE ( 'NONE', *, *, #5114, .F. ) ;
#1906 = VERTEX_POINT ( 'NONE', #462 ) ;
#1907 = DIRECTION ( 'NONE',  ( 0.000000000000000000, 0.000000000000000000, 1.000000000000000000 ) ) ;
#1908 = EDGE_CURVE ( 'NONE', #4395, #3315, #3810, .T. ) ;
#1909 = CARTESIAN_POINT ( 'NONE',  ( 22.95000000000000284, 45.35948300754050422, -12.05000000000000071 ) ) ;
#1910 = VECTOR ( 'NONE', #1388, 1000.000000000000000 ) ;
#1911 = CIRCLE ( 'NONE', #3912, 0.6048155585660839328 ) ;
#1912 = PLANE ( 'NONE',  #3074 ) ;
#1913 = CARTESIAN_POINT ( 'NONE',  ( 24.25000000000000000, 43.25948300754050280, 41.14999999999999858 ) ) ;
#1914 = AXIS2_PLACEMENT_3D ( 'NONE', #2857, #4438, #869 ) ;
#1915 = ORIENTED_EDGE ( 'NONE', *, *, #4793, .T. ) ;
#1916 = CARTESIAN_POINT ( 'NONE',  ( -30.94999999999999929, 49.40948300754050138, -23.05000000000000071 ) ) ;
#1917 = DIRECTION ( 'NONE',  ( 0.000000000000000000, -1.000000000000000000, 0.000000000000000000 ) ) ;
#1918 = CARTESIAN_POINT ( 'NONE',  ( 30.64999999999999858, 33.40948300754050138, 37.44999999999999574 ) ) ;
#1919 = ORIENTED_EDGE ( 'NONE', *, *, #1418, .T. ) ;
#1920 = ORIENTED_EDGE ( 'NONE', *, *, #1888, .T. ) ;
#1921 = ORIENTED_EDGE ( 'NONE', *, *, #4626, .F. ) ;
#1922 = CARTESIAN_POINT ( 'NONE',  ( -37.75000000000000000, 36.40948300754050138, 31.69999999999999929 ) ) ;
#1923 = VECTOR ( 'NONE', #819, 1000.000000000000000 ) ;
#1924 = VECTOR ( 'NONE', #428, 1000.000000000000000 ) ;
#1925 = ORIENTED_EDGE ( 'NONE', *, *, #3711, .F. ) ;
#1926 = ORIENTED_EDGE ( 'NONE', *, *, #3734, .T. ) ;
#1927 = ORIENTED_EDGE ( 'NONE', *, *, #2045, .F. ) ;
#1928 = VECTOR ( 'NONE', #478, 1000.000000000000000 ) ;
#1929 = DIRECTION ( 'NONE',  ( 0.000000000000000000, 0.000000000000000000, 1.000000000000000000 ) ) ;
#1930 = ADVANCED_FACE ( 'NONE', ( #2886 ), #3274, .F. ) ;
#1931 = CARTESIAN_POINT ( 'NONE',  ( 4.436492513327829426E-15, 45.35948300754050422, -2.050000000000000266 ) ) ;
#1932 = DIRECTION ( 'NONE',  ( 0.000000000000000000, 0.000000000000000000, -1.000000000000000000 ) ) ;
#1933 = ORIENTED_EDGE ( 'NONE', *, *, #1891, .T. ) ;
#1934 = ORIENTED_EDGE ( 'NONE', *, *, #1794, .F. ) ;
#1935 = AXIS2_PLACEMENT_3D ( 'NONE', #2469, #4114, #4423 ) ;
#1936 = DIRECTION ( 'NONE',  ( 0.000000000000000000, -1.000000000000000000, 0.000000000000000000 ) ) ;
#1937 = FACE_OUTER_BOUND ( 'NONE', #2099, .T. ) ;
#1938 = DIRECTION ( 'NONE',  ( 0.000000000000000000, -1.000000000000000000, 0.000000000000000000 ) ) ;
#1939 = CARTESIAN_POINT ( 'NONE',  ( -32.25000000000000000, 43.25948300754050280, 19.46392568124259981 ) ) ;
#1940 = AXIS2_PLACEMENT_3D ( 'NONE', #1466, #1994, #1182 ) ;
#1941 = VERTEX_POINT ( 'NONE', #4466 ) ;
#1942 = LINE ( 'NONE', #3532, #4772 ) ;
#1943 = CARTESIAN_POINT ( 'NONE',  ( -40.95000000000001705, 39.04097310519578201, -30.54983769461256315 ) ) ;
#1944 = DIRECTION ( 'NONE',  ( 0.000000000000000000, -1.000000000000000000, 0.000000000000000000 ) ) ;
#1945 = CARTESIAN_POINT ( 'NONE',  ( 39.25000000000000000, 47.95948300754049853, -37.75000000000000000 ) ) ;
#1946 = VERTEX_POINT ( 'NONE', #1264 ) ;
#1947 = EDGE_LOOP ( 'NONE', ( #4442, #4845, #2794, #808 ) ) ;
#1948 = VERTEX_POINT ( 'NONE', #145 ) ;
#1949 = PLANE ( 'NONE',  #849 ) ;
#1950 = DIRECTION ( 'NONE',  ( 0.000000000000000000, 1.000000000000000000, 0.000000000000000000 ) ) ;
#1951 = DIRECTION ( 'NONE',  ( 0.000000000000000000, -1.000000000000000000, 0.000000000000000000 ) ) ;
#1952 = ADVANCED_FACE ( 'NONE', ( #1734 ), #2836, .F. ) ;
#1953 = ORIENTED_EDGE ( 'NONE', *, *, #1115, .F. ) ;
#1954 = ORIENTED_EDGE ( 'NONE', *, *, #2183, .F. ) ;
#1955 = EDGE_CURVE ( 'NONE', #1599, #4288, #3318, .T. ) ;
#1956 = DIRECTION ( 'NONE',  ( 0.000000000000000000, 1.000000000000000000, 0.000000000000000000 ) ) ;
#1957 = CARTESIAN_POINT ( 'NONE',  ( -15.35000000000000142, 33.40948300754050138, 38.75000000000000000 ) ) ;
#1958 = ORIENTED_EDGE ( 'NONE', *, *, #2112, .T. ) ;
#1959 = PRODUCT_DEFINITION_SHAPE ( 'NONE', 'NONE',  #4777 ) ;
#1960 = EDGE_CURVE ( 'NONE', #3575, #5140, #1146, .T. ) ;
#1961 = ORIENTED_EDGE ( 'NONE', *, *, #4127, .F. ) ;
#1962 = DIRECTION ( 'NONE',  ( 0.000000000000000000, -1.000000000000000000, 0.000000000000000000 ) ) ;
#1963 = DIRECTION ( 'NONE',  ( 0.000000000000000000, 0.000000000000000000, -1.000000000000000000 ) ) ;
#1964 = CARTESIAN_POINT ( 'NONE',  ( -41.45000000000000284, 49.40948300754050138, -42.95000000000000284 ) ) ;
#1965 = DIRECTION ( 'NONE',  ( 0.000000000000000000, 1.000000000000000000, 0.000000000000000000 ) ) ;
#1966 = EDGE_LOOP ( 'NONE', ( #909, #4317, #3731, #1556 ) ) ;
#1967 = CARTESIAN_POINT ( 'NONE',  ( -18.25000000000000000, 41.15948300754050138, 19.46392568124259981 ) ) ;
#1968 = CARTESIAN_POINT ( 'NONE',  ( -40.95000000000001705, 39.08426728830084329, -31.58382629631375949 ) ) ;
#1969 = CARTESIAN_POINT ( 'NONE',  ( 40.95000000000000995, 39.07016810344271818, -31.51403236439609401 ) ) ;
#1970 = DIRECTION ( 'NONE',  ( 0.000000000000000000, -3.194257733223110508E-15, -1.000000000000000000 ) ) ;
#1971 = ORIENTED_EDGE ( 'NONE', *, *, #3096, .F. ) ;
#1972 = CIRCLE ( 'NONE', #147, 0.5000000000000000000 ) ;
#1973 = ORIENTED_EDGE ( 'NONE', *, *, #2995, .F. ) ;
#1974 = DIRECTION ( 'NONE',  ( 0.000000000000000000, -1.000000000000000000, 0.000000000000000000 ) ) ;
#1975 = CARTESIAN_POINT ( 'NONE',  ( -18.25000000000000000, 41.15948300754050138, -15.25000000000000000 ) ) ;
#1976 = EDGE_CURVE ( 'NONE', #4827, #186, #4493, .T. ) ;
#1977 = VECTOR ( 'NONE', #2639, 1000.000000000000000 ) ;
#1978 = AXIS2_PLACEMENT_3D ( 'NONE', #451, #2088, #84 ) ;
#1979 = CARTESIAN_POINT ( 'NONE',  ( 0.000000000000000000, 0.000000000000000000, 0.000000000000000000 ) ) ;
#1980 = DIRECTION ( 'NONE',  ( 0.000000000000000000, 0.000000000000000000, -1.000000000000000000 ) ) ;
#1981 = ORIENTED_EDGE ( 'NONE', *, *, #3358, .T. ) ;
#1982 = ORIENTED_EDGE ( 'NONE', *, *, #4363, .T. ) ;
#1983 = STYLED_ITEM ( 'NONE', ( #3455 ), #638 ) ;
#1984 = DIRECTION ( 'NONE',  ( 0.000000000000000000, -1.000000000000000000, 0.000000000000000000 ) ) ;
#1985 = CARTESIAN_POINT ( 'NONE',  ( -15.35000000000000142, 36.40948300754050138, 37.44999999999999574 ) ) ;
#1986 = ORIENTED_EDGE ( 'NONE', *, *, #1142, .T. ) ;
#1987 = AXIS2_PLACEMENT_3D ( 'NONE', #4165, #4919, #644 ) ;
#1988 = VERTEX_POINT ( 'NONE', #2934 ) ;
#1989 = FACE_OUTER_BOUND ( 'NONE', #3920, .T. ) ;
#1990 = LINE ( 'NONE', #3998, #1924 ) ;
#1991 = DIRECTION ( 'NONE',  ( 1.000000000000000000, 0.000000000000000000, 0.000000000000000000 ) ) ;
#1992 = FACE_BOUND ( 'NONE', #1068, .T. ) ;
#1993 = ORIENTED_EDGE ( 'NONE', *, *, #595, .F. ) ;
#1994 = DIRECTION ( 'NONE',  ( 0.000000000000000000, 1.000000000000000000, 0.000000000000000000 ) ) ;
#1995 = CARTESIAN_POINT ( 'NONE',  ( -40.95000000000000995, 39.15665355912634027, -30.00860250822845643 ) ) ;
#1996 = CARTESIAN_POINT ( 'NONE',  ( 40.95000000000000284, 39.06609548873091597, -31.49317914279379238 ) ) ;
#1997 = EDGE_CURVE ( 'NONE', #33, #4395, #2075, .T. ) ;
#1998 = FACE_OUTER_BOUND ( 'NONE', #447, .T. ) ;
#1999 = VECTOR ( 'NONE', #3006, 1000.000000000000000 ) ;
#2000 = ORIENTED_EDGE ( 'NONE', *, *, #768, .F. ) ;
#2001 = ORIENTED_EDGE ( 'NONE', *, *, #3694, .F. ) ;
#2002 = DIRECTION ( 'NONE',  ( 0.000000000000000000, 0.000000000000000000, 1.000000000000000000 ) ) ;
#2003 = CARTESIAN_POINT ( 'NONE',  ( -40.95000000000000284, 39.34833575221134083, 32.71699573076114120 ) ) ;
#2004 = ORIENTED_EDGE ( 'NONE', *, *, #1771, .F. ) ;
#2005 = DIRECTION ( 'NONE',  ( 0.000000000000000000, 0.000000000000000000, 1.000000000000000000 ) ) ;
#2006 = DIRECTION ( 'NONE',  ( 0.000000000000000000, 0.000000000000000000, -1.000000000000000000 ) ) ;
#2007 = EDGE_LOOP ( 'NONE', ( #3121, #3428, #2136, #1744 ) ) ;
#2008 = ORIENTED_EDGE ( 'NONE', *, *, #2832, .T. ) ;
#2009 = CYLINDRICAL_SURFACE ( 'NONE', #1978, 0.7500000000000006661 ) ;
#2010 = VECTOR ( 'NONE', #1432, 1000.000000000000000 ) ;
#2011 = AXIS2_PLACEMENT_3D ( 'NONE', #4988, #3630, #64 ) ;
#2012 = DIRECTION ( 'NONE',  ( 0.000000000000000000, 0.000000000000000000, -1.000000000000000000 ) ) ;
#2013 = ORIENTED_EDGE ( 'NONE', *, *, #2769, .F. ) ;
#2014 = AXIS2_PLACEMENT_3D ( 'NONE', #2140, #4532, #1801 ) ;
#2015 = CARTESIAN_POINT ( 'NONE',  ( 41.45000000000000284, 39.40948300754050848, -42.95000000000000284 ) ) ;
#2016 = CARTESIAN_POINT ( 'NONE',  ( -22.95000000000000284, 49.40948300754050138, -12.05000000000000071 ) ) ;
#2017 = VECTOR ( 'NONE', #4399, 1000.000000000000000 ) ;
#2018 = LINE ( 'NONE', #1964, #1749 ) ;
#2019 = FACE_BOUND ( 'NONE', #3964, .T. ) ;
#2020 = AXIS2_PLACEMENT_3D ( 'NONE', #1290, #3227, #4894 ) ;
#2021 = EDGE_CURVE ( 'NONE', #2502, #3111, #43, .T. ) ;
#2022 = CYLINDRICAL_SURFACE ( 'NONE', #3021, 2.999999999999999112 ) ;
#2023 = EDGE_CURVE ( 'NONE', #4375, #2297, #875, .T. ) ;
#2024 = CARTESIAN_POINT ( 'NONE',  ( -19.25000000000000000, 44.35948300754050422, -15.25000000000000000 ) ) ;
#2025 = DIRECTION ( 'NONE',  ( 8.794542337018028906E-17, 0.000000000000000000, 1.000000000000000000 ) ) ;
#2026 = CARTESIAN_POINT ( 'NONE',  ( -15.35000000000000142, 33.40948300754050138, 37.44999999999999574 ) ) ;
#2027 = VERTEX_POINT ( 'NONE', #1628 ) ;
#2028 = EDGE_CURVE ( 'NONE', #1055, #1444, #1649, .T. ) ;
#2029 = EDGE_LOOP ( 'NONE', ( #3174, #1797, #1306, #1900 ) ) ;
#2030 = VECTOR ( 'NONE', #4491, 1000.000000000000000 ) ;
#2031 = CARTESIAN_POINT ( 'NONE',  ( -41.45000000000000284, 37.40948300754050138, 41.95000000000000284 ) ) ;
#2032 = PLANE ( 'NONE',  #2827 ) ;
#2033 = PLANE ( 'NONE',  #2347 ) ;
#2034 = VERTEX_POINT ( 'NONE', #487 ) ;
#2035 = VERTEX_POINT ( 'NONE', #2542 ) ;
#2036 = CARTESIAN_POINT ( 'NONE',  ( 30.94999999999999929, 45.35948300754050422, 17.44999999999999929 ) ) ;
#2037 = DIRECTION ( 'NONE',  ( 0.000000000000000000, -1.000000000000000000, 0.000000000000000000 ) ) ;
#2038 = ORIENTED_EDGE ( 'NONE', *, *, #1119, .F. ) ;
#2039 = DIRECTION ( 'NONE',  ( 1.000000000000000000, 0.000000000000000000, 0.000000000000000000 ) ) ;
#2040 = CARTESIAN_POINT ( 'NONE',  ( 37.75000000000000000, 37.40948300754050138, 30.94999999999999929 ) ) ;
#2041 = DIRECTION ( 'NONE',  ( 0.000000000000000000, -1.000000000000000000, 0.000000000000000000 ) ) ;
#2042 = CARTESIAN_POINT ( 'NONE',  ( 37.75000000000000000, 37.40948300754050138, -33.95000000000000284 ) ) ;
#2043 = ORIENTED_EDGE ( 'NONE', *, *, #1250, .F. ) ;
#2044 = DIRECTION ( 'NONE',  ( 1.615574832108784706E-16, 0.000000000000000000, 1.000000000000000000 ) ) ;
#2045 = EDGE_CURVE ( 'NONE', #292, #752, #567, .T. ) ;
#2046 = CARTESIAN_POINT ( 'NONE',  ( 40.94999999999999574, 39.09987110665320387, -30.24367874869480133 ) ) ;
#2047 = CARTESIAN_POINT ( 'NONE',  ( 41.45000000000000284, 37.40948300754050138, 41.95000000000000284 ) ) ;
#2048 = ORIENTED_EDGE ( 'NONE', *, *, #1897, .F. ) ;
#2049 = ADVANCED_FACE ( 'NONE', ( #4938 ), #950, .T. ) ;
#2050 = ORIENTED_EDGE ( 'NONE', *, *, #2120, .F. ) ;
#2051 = LINE ( 'NONE', #2031, #3188 ) ;
#2052 = EDGE_CURVE ( 'NONE', #2386, #1121, #2149, .T. ) ;
#2053 = CARTESIAN_POINT ( 'NONE',  ( -40.94999999999999574, 39.05707642384813028, 31.44494387055158668 ) ) ;
#2054 = APPLICATION_CONTEXT ( 'automotive_design' ) ;
#2055 = ADVANCED_FACE ( 'NONE', ( #803 ), #5101, .F. ) ;
#2056 = CIRCLE ( 'NONE', #1298, 3.000000000000002665 ) ;
#2057 = FACE_BOUND ( 'NONE', #1947, .T. ) ;
#2058 = ORIENTED_EDGE ( 'NONE', *, *, #2112, .F. ) ;
#2059 = CARTESIAN_POINT ( 'NONE',  ( 30.64999999999999858, 39.40948300754050848, 39.95000000000000284 ) ) ;
#2060 = CIRCLE ( 'NONE', #4968, 0.5000000000000004441 ) ;
#2061 = VECTOR ( 'NONE', #1399, 1000.000000000000000 ) ;
#2062 = EDGE_CURVE ( 'NONE', #1562, #4266, #4738, .T. ) ;
#2063 = DIRECTION ( 'NONE',  ( 0.000000000000000000, 0.000000000000000000, -1.000000000000000000 ) ) ;
#2064 = ORIENTED_EDGE ( 'NONE', *, *, #2499, .T. ) ;
#2065 = CIRCLE ( 'NONE', #1653, 1.300000000000002487 ) ;
#2066 = VECTOR ( 'NONE', #2044, 1000.000000000000000 ) ;
#2067 = CARTESIAN_POINT ( 'NONE',  ( -15.35000000000000142, 33.40948300754050138, 34.95000000000000284 ) ) ;
#2068 = DIRECTION ( 'NONE',  ( -1.000000000000000000, 0.000000000000000000, 8.794542337018028906E-17 ) ) ;
#2069 = CARTESIAN_POINT ( 'NONE',  ( -22.95000000000000284, 39.40948300754050848, 16.94999999999999929 ) ) ;
#2070 = DIRECTION ( 'NONE',  ( 0.000000000000000000, 0.000000000000000000, 1.000000000000000000 ) ) ;
#2071 = CIRCLE ( 'NONE', #4161, 2.000000000000001776 ) ;
#2072 = VERTEX_POINT ( 'NONE', #4681 ) ;
#2073 = ADVANCED_FACE ( 'NONE', ( #2389 ), #4551, .F. ) ;
#2074 = CARTESIAN_POINT ( 'NONE',  ( -37.75000000000000000, 36.40948300754050138, 32.95000000000000284 ) ) ;
#2075 = LINE ( 'NONE', #4445, #1227 ) ;
#2076 = CARTESIAN_POINT ( 'NONE',  ( 40.95000000000002416, 39.21342093681924013, -32.11504444535050595 ) ) ;
#2077 = DIRECTION ( 'NONE',  ( 0.000000000000000000, -1.000000000000000000, 0.000000000000000000 ) ) ;
#2078 = ORIENTED_EDGE ( 'NONE', *, *, #2478, .F. ) ;
#2079 = ORIENTED_EDGE ( 'NONE', *, *, #1385, .T. ) ;
#2080 = CARTESIAN_POINT ( 'NONE',  ( 30.94999999999999929, 49.40948300754050138, -2.050000000000000266 ) ) ;
#2081 = CARTESIAN_POINT ( 'NONE',  ( -40.95000000000000284, 39.12067312331953417, 31.74442513611457883 ) ) ;
#2082 = AXIS2_PLACEMENT_3D ( 'NONE', #4269, #1435, #1802 ) ;
#2083 = AXIS2_PLACEMENT_3D ( 'NONE', #2986, #516, #2960 ) ;
#2084 = EDGE_CURVE ( 'NONE', #245, #3855, #4809, .T. ) ;
#2085 = FACE_OUTER_BOUND ( 'NONE', #2163, .T. ) ;
#2086 = EDGE_LOOP ( 'NONE', ( #4017, #4580, #1554, #4324 ) ) ;
#2087 = VECTOR ( 'NONE', #4956, 1000.000000000000000 ) ;
#2088 = DIRECTION ( 'NONE',  ( 0.000000000000000000, -1.000000000000000000, 0.000000000000000000 ) ) ;
#2089 = DIRECTION ( 'NONE',  ( 1.000000000000000000, 0.000000000000000000, 0.000000000000000000 ) ) ;
#2090 = ORIENTED_EDGE ( 'NONE', *, *, #1856, .T. ) ;
#2091 = EDGE_LOOP ( 'NONE', ( #3918, #1531, #3308, #4400 ) ) ;
#2092 = EDGE_CURVE ( 'NONE', #586, #2218, #2763, .T. ) ;
#2093 = DIRECTION ( 'NONE',  ( 0.000000000000000000, 0.000000000000000000, -1.000000000000000000 ) ) ;
#2094 = DIRECTION ( 'NONE',  ( 0.000000000000000000, 0.000000000000000000, 1.000000000000000000 ) ) ;
#2095 = DIRECTION ( 'NONE',  ( 1.000000000000000000, 0.000000000000000000, 0.000000000000000000 ) ) ;
#2096 = CARTESIAN_POINT ( 'NONE',  ( 40.95000000000002416, 39.07467922567897745, 30.36333168959601636 ) ) ;
#2097 = CIRCLE ( 'NONE', #2253, 0.5000000000000004441 ) ;
#2098 = ADVANCED_FACE ( 'NONE', ( #3566 ), #1949, .F. ) ;
#2099 = EDGE_LOOP ( 'NONE', ( #287, #345 ) ) ;
#2100 = DIRECTION ( 'NONE',  ( 1.000000000000000000, 0.000000000000000000, 0.000000000000000000 ) ) ;
#2101 = DIRECTION ( 'NONE',  ( 1.000000000000000000, 0.000000000000000000, 0.000000000000000000 ) ) ;
#2102 = CARTESIAN_POINT ( 'NONE',  ( -42.25000000000000000, 49.40948300754050138, -42.25000000000000000 ) ) ;
#2103 = DIRECTION ( 'NONE',  ( 1.000000000000000000, 0.000000000000000000, 0.000000000000000000 ) ) ;
#2104 = FACE_BOUND ( 'NONE', #2533, .T. ) ;
#2105 = ORIENTED_EDGE ( 'NONE', *, *, #4090, .F. ) ;
#2106 = CARTESIAN_POINT ( 'NONE',  ( -30.94999999999999929, 45.35948300754050422, -3.050000000000000266 ) ) ;
#2107 = AXIS2_PLACEMENT_3D ( 'NONE', #3769, #203, #4965 ) ;
#2108 = CARTESIAN_POINT ( 'NONE',  ( -40.95000000000000284, 39.00994101347405518, 30.88485549187699419 ) ) ;
#2109 = VECTOR ( 'NONE', #1332, 1000.000000000000000 ) ;
#2110 = VERTEX_POINT ( 'NONE', #2282 ) ;
#2111 = DIRECTION ( 'NONE',  ( 1.000000000000000000, 0.000000000000000000, 0.000000000000000000 ) ) ;
#2112 = EDGE_CURVE ( 'NONE', #3606, #1081, #1557, .T. ) ;
#2113 = DIRECTION ( 'NONE',  ( 0.000000000000000000, 0.000000000000000000, -1.000000000000000000 ) ) ;
#2114 = VERTEX_POINT ( 'NONE', #1614 ) ;
#2115 = EDGE_CURVE ( 'NONE', #186, #4774, #416, .T. ) ;
#2116 = ORIENTED_EDGE ( 'NONE', *, *, #2084, .F. ) ;
#2117 = LINE ( 'NONE', #964, #15 ) ;
#2118 = CARTESIAN_POINT ( 'NONE',  ( 30.64999999999999858, 33.40948300754050138, -28.55000000000000071 ) ) ;
#2119 = LINE ( 'NONE', #920, #2087 ) ;
#2120 = EDGE_CURVE ( 'NONE', #3861, #3463, #929, .T. ) ;
#2121 = CARTESIAN_POINT ( 'NONE',  ( 40.95000000000003837, 39.23187045899058489, 32.18788060576681431 ) ) ;
#2122 = ORIENTED_EDGE ( 'NONE', *, *, #1842, .F. ) ;
#2123 = DIRECTION ( 'NONE',  ( 0.000000000000000000, 0.000000000000000000, 1.000000000000000000 ) ) ;
#2124 = CYLINDRICAL_SURFACE ( 'NONE', #4742, 1.000000000000000888 ) ;
#2125 = LINE ( 'NONE', #3663, #3393 ) ;
#2126 = LINE ( 'NONE', #3399, #166 ) ;
#2127 = CARTESIAN_POINT ( 'NONE',  ( -30.94999999999999929, 39.40948300754050848, -13.05000000000000071 ) ) ;
#2128 = ORIENTED_EDGE ( 'NONE', *, *, #4403, .F. ) ;
#2129 = DIRECTION ( 'NONE',  ( -0.05233595624294379994, -0.9986295347545739443, 1.314186903724913899E-17 ) ) ;
#2130 = ADVANCED_FACE ( 'NONE', ( #2309 ), #4705, .F. ) ;
#2131 = DIRECTION ( 'NONE',  ( 0.000000000000000000, -1.000000000000000000, 0.000000000000000000 ) ) ;
#2132 = ORIENTED_EDGE ( 'NONE', *, *, #1888, .F. ) ;
#2133 = ADVANCED_FACE ( 'NONE', ( #3876 ), #781, .T. ) ;
#2134 = CARTESIAN_POINT ( 'NONE',  ( 37.75000000000000000, 38.00948300754050280, 31.69999999999999929 ) ) ;
#2135 = LINE ( 'NONE', #960, #2226 ) ;
#2136 = ORIENTED_EDGE ( 'NONE', *, *, #4372, .T. ) ;
#2137 = VERTEX_POINT ( 'NONE', #5073 ) ;
#2138 = CIRCLE ( 'NONE', #3721, 0.5000000000000000000 ) ;
#2139 = DIRECTION ( 'NONE',  ( 0.000000000000000000, 0.000000000000000000, -1.000000000000000000 ) ) ;
#2140 = CARTESIAN_POINT ( 'NONE',  ( 30.64999999999999858, 39.40948300754050848, 37.44999999999999574 ) ) ;
#2141 = DIRECTION ( 'NONE',  ( 0.000000000000000000, 0.000000000000000000, -1.000000000000000000 ) ) ;
#2142 = AXIS2_PLACEMENT_3D ( 'NONE', #4256, #3659, #432 ) ;
#2143 = CARTESIAN_POINT ( 'NONE',  ( 40.95000000000003837, 39.23728497901137047, 32.20966236465435628 ) ) ;
#2144 = AXIS2_PLACEMENT_3D ( 'NONE', #3257, #2397, #2371 ) ;
#2145 = EDGE_LOOP ( 'NONE', ( #2344, #2931 ) ) ;
#2146 = CARTESIAN_POINT ( 'NONE',  ( 30.64999999999999858, 36.40948300754050138, 37.44999999999999574 ) ) ;
#2147 = MECHANICAL_DESIGN_GEOMETRIC_PRESENTATION_REPRESENTATION (  '', ( #1983 ), #2383 ) ;
#2148 = CARTESIAN_POINT ( 'NONE',  ( 37.75000000000000000, 38.40948300754050138, -30.94999999999999929 ) ) ;
#2149 = LINE ( 'NONE', #1759, #2482 ) ;
#2150 = CARTESIAN_POINT ( 'NONE',  ( 30.64999999999999858, 33.40948300754050138, -31.05000000000000071 ) ) ;
#2151 = FACE_OUTER_BOUND ( 'NONE', #2545, .T. ) ;
#2152 = EDGE_LOOP ( 'NONE', ( #3875, #4433, #2971, #3262 ) ) ;
#2153 = CARTESIAN_POINT ( 'NONE',  ( -32.25000000000000000, 43.25948300754050280, 19.46392568124259981 ) ) ;
#2154 = EDGE_CURVE ( 'NONE', #2184, #186, #765, .T. ) ;
#2155 = CARTESIAN_POINT ( 'NONE',  ( -30.94999999999999929, 45.35948300754050422, 17.94999999999999929 ) ) ;
#2156 = ORIENTED_EDGE ( 'NONE', *, *, #1345, .T. ) ;
#2157 = AXIS2_PLACEMENT_3D ( 'NONE', #3461, #5055, #1482 ) ;
#2158 = LINE ( 'NONE', #525, #4302 ) ;
#2159 = AXIS2_PLACEMENT_3D ( 'NONE', #1494, #3087, #3113 ) ;
#2160 = DIRECTION ( 'NONE',  ( 0.000000000000000000, -1.000000000000000000, 0.000000000000000000 ) ) ;
#2161 = VERTEX_POINT ( 'NONE', #1922 ) ;
#2162 = VECTOR ( 'NONE', #1256, 1000.000000000000000 ) ;
#2163 = EDGE_LOOP ( 'NONE', ( #338, #3242, #1326, #1632 ) ) ;
#2164 = DIRECTION ( 'NONE',  ( 0.000000000000000000, 0.000000000000000000, -1.000000000000000000 ) ) ;
#2165 = DIRECTION ( 'NONE',  ( 0.000000000000000000, 0.000000000000000000, 1.000000000000000000 ) ) ;
#2166 = LINE ( 'NONE', #191, #4322 ) ;
#2167 = CARTESIAN_POINT ( 'NONE',  ( 40.95000000000001705, 39.35031087522197879, 29.17183215517849959 ) ) ;
#2168 = VERTEX_POINT ( 'NONE', #3511 ) ;
#2169 = ORIENTED_EDGE ( 'NONE', *, *, #2945, .T. ) ;
#2170 = FACE_OUTER_BOUND ( 'NONE', #3473, .T. ) ;
#2171 = DIRECTION ( 'NONE',  ( 0.000000000000000000, 0.000000000000000000, 1.000000000000000000 ) ) ;
#2172 = VECTOR ( 'NONE', #3264, 1000.000000000000000 ) ;
#2173 = CARTESIAN_POINT ( 'NONE',  ( 30.64999999999999858, 36.40948300754050138, -28.55000000000000071 ) ) ;
#2174 = CIRCLE ( 'NONE', #3178, 2.000000000000001776 ) ;
#2175 = DIRECTION ( 'NONE',  ( -1.000000000000000000, 0.000000000000000000, -4.336808689942015271E-16 ) ) ;
#2176 = ADVANCED_FACE ( 'NONE', ( #1533 ), #1137, .F. ) ;
#2177 = ADVANCED_FACE ( 'NONE', ( #754 ), #3937, .F. ) ;
#2178 = ORIENTED_EDGE ( 'NONE', *, *, #1778, .F. ) ;
#2179 = CIRCLE ( 'NONE', #1090, 0.5000000000000004441 ) ;
#2180 = MANIFOLD_SOLID_BREP ( 'NONE', #3603 ) ;
#2181 = CARTESIAN_POINT ( 'NONE',  ( 41.45000000000000284, 49.40948300754050138, 41.45000000000000284 ) ) ;
#2182 = LINE ( 'NONE', #1032, #1236 ) ;
#2183 = EDGE_CURVE ( 'NONE', #2370, #5103, #714, .T. ) ;
#2184 = VERTEX_POINT ( 'NONE', #3814 ) ;
#2185 = VECTOR ( 'NONE', #521, 1000.000000000000000 ) ;
#2186 = DIRECTION ( 'NONE',  ( 0.000000000000000000, -1.000000000000000000, 0.000000000000000000 ) ) ;
#2187 = DIRECTION ( 'NONE',  ( 0.000000000000000000, 0.000000000000000000, 1.000000000000000000 ) ) ;
#2188 = VECTOR ( 'NONE', #375, 1000.000000000000000 ) ;
#2189 = SURFACE_STYLE_USAGE ( .BOTH. , #1058 ) ;
#2190 = EDGE_LOOP ( 'NONE', ( #4484, #4343, #3041, #3044 ) ) ;
#2191 = VERTEX_POINT ( 'NONE', #1909 ) ;
#2192 = DIRECTION ( 'NONE',  ( 0.000000000000000000, -1.000000000000000000, 0.000000000000000000 ) ) ;
#2193 = CARTESIAN_POINT ( 'NONE',  ( -37.75000000000000000, 39.40948300754050848, -34.95000000000000284 ) ) ;
#2194 = FACE_OUTER_BOUND ( 'NONE', #548, .T. ) ;
#2195 = CARTESIAN_POINT ( 'NONE',  ( 40.95000000000001705, 39.09183522330575045, 31.61930852243848022 ) ) ;
#2196 = EDGE_LOOP ( 'NONE', ( #3437, #3489, #360, #3002 ) ) ;
#2197 = VERTEX_POINT ( 'NONE', #4616 ) ;
#2198 = CARTESIAN_POINT ( 'NONE',  ( 8.250000000000000000, 35.85948300754049711, -37.75000000000000000 ) ) ;
#2199 = DIRECTION ( 'NONE',  ( 0.000000000000000000, 0.000000000000000000, -1.000000000000000000 ) ) ;
#2200 = CARTESIAN_POINT ( 'NONE',  ( -37.75000000000000000, 36.40948300754050138, 33.95000000000000284 ) ) ;
#2201 = CARTESIAN_POINT ( 'NONE',  ( 30.64999999999999858, 39.40948300754050848, -28.55000000000000071 ) ) ;
#2202 = VERTEX_POINT ( 'NONE', #665 ) ;
#2203 = DIRECTION ( 'NONE',  ( 4.336808689942015271E-16, 0.000000000000000000, 1.000000000000000000 ) ) ;
#2204 = DIRECTION ( 'NONE',  ( 0.000000000000000000, 0.000000000000000000, -1.000000000000000000 ) ) ;
#2205 = EDGE_CURVE ( 'NONE', #2744, #3685, #2697, .T. ) ;
#2206 = EDGE_CURVE ( 'NONE', #4630, #2285, #3055, .T. ) ;
#2207 = ORIENTED_EDGE ( 'NONE', *, *, #757, .F. ) ;
#2208 = DIRECTION ( 'NONE',  ( 0.000000000000000000, 0.000000000000000000, 1.000000000000000000 ) ) ;
#2209 = DIRECTION ( 'NONE',  ( 0.000000000000000000, 0.000000000000000000, -1.000000000000000000 ) ) ;
#2210 = VERTEX_POINT ( 'NONE', #3079 ) ;
#2211 = FACE_OUTER_BOUND ( 'NONE', #830, .T. ) ;
#2212 = EDGE_CURVE ( 'NONE', #102, #1497, #4253, .T. ) ;
#2213 = LINE ( 'NONE', #1975, #1263 ) ;
#2214 = DIRECTION ( 'NONE',  ( 0.000000000000000000, 1.000000000000000000, 0.000000000000000000 ) ) ;
#2215 = CARTESIAN_POINT ( 'NONE',  ( -37.75000000000000000, 38.40948300754050138, -34.95000000000000284 ) ) ;
#2216 = ORIENTED_EDGE ( 'NONE', *, *, #1469, .F. ) ;
#2217 = VECTOR ( 'NONE', #627, 1000.000000000000000 ) ;
#2218 = VERTEX_POINT ( 'NONE', #3447 ) ;
#2219 = DIRECTION ( 'NONE',  ( 0.000000000000000000, 0.000000000000000000, -1.000000000000000000 ) ) ;
#2220 = CARTESIAN_POINT ( 'NONE',  ( -37.75000000000000000, 38.40948300754050138, -26.95000000000000284 ) ) ;
#2221 = CIRCLE ( 'NONE', #3979, 1.300000000000002487 ) ;
#2222 = DIRECTION ( 'NONE',  ( -1.756682000989169763E-16, 0.000000000000000000, -1.000000000000000000 ) ) ;
#2223 = CIRCLE ( 'NONE', #563, 1.299999999999999156 ) ;
#2224 = PLANE ( 'NONE',  #565 ) ;
#2225 = EDGE_CURVE ( 'NONE', #4472, #1584, #520, .T. ) ;
#2226 = VECTOR ( 'NONE', #4482, 1000.000000000000000 ) ;
#2227 = ORIENTED_EDGE ( 'NONE', *, *, #1440, .T. ) ;
#2228 = DIRECTION ( 'NONE',  ( 0.000000000000000000, 1.000000000000000000, 0.000000000000000000 ) ) ;
#2229 = CARTESIAN_POINT ( 'NONE',  ( 30.64999999999999858, 33.40948300754050138, 37.44999999999999574 ) ) ;
#2230 = VECTOR ( 'NONE', #4575, 1000.000000000000000 ) ;
#2231 = ORIENTED_EDGE ( 'NONE', *, *, #4793, .F. ) ;
#2232 = CARTESIAN_POINT ( 'NONE',  ( -40.95000000000002416, 39.33805535248794882, -29.23954453186093261 ) ) ;
#2233 = CARTESIAN_POINT ( 'NONE',  ( -15.35000000000000142, 36.40948300754050138, -28.55000000000000071 ) ) ;
#2234 = DIRECTION ( 'NONE',  ( 0.000000000000000000, 1.000000000000000000, 0.000000000000000000 ) ) ;
#2235 = EDGE_CURVE ( 'NONE', #4447, #212, #1461, .T. ) ;
#2236 = ORIENTED_EDGE ( 'NONE', *, *, #2401, .T. ) ;
#2237 = ORIENTED_EDGE ( 'NONE', *, *, #180, .T. ) ;
#2238 = DIRECTION ( 'NONE',  ( 1.000000000000000000, 0.000000000000000000, 0.000000000000000000 ) ) ;
#2239 = DIRECTION ( 'NONE',  ( 0.000000000000000000, 1.000000000000000000, 0.000000000000000000 ) ) ;
#2240 = CARTESIAN_POINT ( 'NONE',  ( 37.75000000000000000, 39.40948300754050848, -30.94999999999999929 ) ) ;
#2241 = VECTOR ( 'NONE', #4560, 1000.000000000000000 ) ;
#2242 = DIRECTION ( 'NONE',  ( 0.000000000000000000, 1.000000000000000000, 0.000000000000000000 ) ) ;
#2243 = ORIENTED_EDGE ( 'NONE', *, *, #1891, .F. ) ;
#2244 = EDGE_CURVE ( 'NONE', #2893, #2137, #2594, .T. ) ;
#2245 = EDGE_LOOP ( 'NONE', ( #1331, #157, #654, #2374 ) ) ;
#2246 = DIRECTION ( 'NONE',  ( 1.000000000000000000, 0.000000000000000000, 0.000000000000000000 ) ) ;
#2247 = SURFACE_STYLE_USAGE ( .BOTH. , #274 ) ;
#2248 = DIRECTION ( 'NONE',  ( 0.000000000000000000, 0.000000000000000000, -1.000000000000000000 ) ) ;
#2249 = CARTESIAN_POINT ( 'NONE',  ( -30.94999999999999929, 39.40948300754050848, 6.949999999999999289 ) ) ;
#2250 = ORIENTED_EDGE ( 'NONE', *, *, #827, .T. ) ;
#2251 = FACE_OUTER_BOUND ( 'NONE', #2190, .T. ) ;
#2252 = AXIS2_PLACEMENT_3D ( 'NONE', #631, #2192, #3414 ) ;
#2253 = AXIS2_PLACEMENT_3D ( 'NONE', #2431, #457, #138 ) ;
#2254 = PLANE ( 'NONE',  #4071 ) ;
#2255 = VECTOR ( 'NONE', #265, 1000.000000000000000 ) ;
#2256 = ORIENTED_EDGE ( 'NONE', *, *, #716, .F. ) ;
#2257 = CARTESIAN_POINT ( 'NONE',  ( -40.95000000000000284, 39.40948300754050848, -33.34999999999999432 ) ) ;
#2258 = VERTEX_POINT ( 'NONE', #4593 ) ;
#2259 = ORIENTED_EDGE ( 'NONE', *, *, #2439, .T. ) ;
#2260 = CARTESIAN_POINT ( 'NONE',  ( -37.75000000000000000, 39.40948300754050848, -30.94999999999999929 ) ) ;
#2261 = CARTESIAN_POINT ( 'NONE',  ( 24.25000000000000000, 45.35948300754050422, 19.46392568124259981 ) ) ;
#2262 = AXIS2_PLACEMENT_3D ( 'NONE', #2624, #2228, #279 ) ;
#2263 = DIRECTION ( 'NONE',  ( 0.000000000000000000, -1.000000000000000000, 0.000000000000000000 ) ) ;
#2264 = ADVANCED_FACE ( 'NONE', ( #321 ), #3497, .F. ) ;
#2265 = ADVANCED_FACE ( 'NONE', ( #4229 ), #691, .T. ) ;
#2266 = DIRECTION ( 'NONE',  ( 0.000000000000000000, -1.000000000000000000, 0.000000000000000000 ) ) ;
#2267 = EDGE_LOOP ( 'NONE', ( #76, #369, #784, #2974, #3948, #572, #392, #2523 ) ) ;
#2268 = VECTOR ( 'NONE', #4156, 1000.000000000000000 ) ;
#2269 = ORIENTED_EDGE ( 'NONE', *, *, #2028, .T. ) ;
#2270 = ADVANCED_FACE ( 'NONE', ( #5088 ), #3890, .T. ) ;
#2271 = LINE ( 'NONE', #1460, #2865 ) ;
#2272 = CARTESIAN_POINT ( 'NONE',  ( 37.75000000000000000, 38.00948300754050280, 30.94999999999999929 ) ) ;
#2273 = DIRECTION ( 'NONE',  ( 0.000000000000000000, 0.000000000000000000, -1.000000000000000000 ) ) ;
#2274 = ADVANCED_FACE ( 'NONE', ( #1808, #3398 ), #3423, .T. ) ;
#2275 = CARTESIAN_POINT ( 'NONE',  ( 41.95000000000000284, 37.40948300754050138, -41.45000000000000284 ) ) ;
#2276 = VERTEX_POINT ( 'NONE', #3190 ) ;
#2277 = LINE ( 'NONE', #1916, #4264 ) ;
#2278 = CARTESIAN_POINT ( 'NONE',  ( -18.25000000000000000, 43.25948300754050280, 24.25000000000000000 ) ) ;
#2279 = LINE ( 'NONE', #4974, #3068 ) ;
#2280 = ORIENTED_EDGE ( 'NONE', *, *, #4590, .T. ) ;
#2281 = ORIENTED_EDGE ( 'NONE', *, *, #4272, .F. ) ;
#2282 = CARTESIAN_POINT ( 'NONE',  ( -15.35000000000000142, 33.40948300754050138, -26.05000000000000071 ) ) ;
#2283 = DIRECTION ( 'NONE',  ( 0.000000000000000000, 0.000000000000000000, 1.000000000000000000 ) ) ;
#2284 = ADVANCED_FACE ( 'NONE', ( #1624 ), #1651, .F. ) ;
#2285 = VERTEX_POINT ( 'NONE', #3951 ) ;
#2286 = ORIENTED_EDGE ( 'NONE', *, *, #2045, .T. ) ;
#2287 = DIRECTION ( 'NONE',  ( 0.000000000000000000, -1.000000000000000000, 0.000000000000000000 ) ) ;
#2288 = DIRECTION ( 'NONE',  ( 0.000000000000000000, 1.000000000000000000, 0.000000000000000000 ) ) ;
#2289 = CARTESIAN_POINT ( 'NONE',  ( 30.64999999999999858, 39.40948300754050848, -31.05000000000000071 ) ) ;
#2290 = ORIENTED_EDGE ( 'NONE', *, *, #119, .F. ) ;
#2291 = ORIENTED_EDGE ( 'NONE', *, *, #366, .T. ) ;
#2292 = CARTESIAN_POINT ( 'NONE',  ( 42.25000000000000000, 49.40948300754050138, 40.75000000000000000 ) ) ;
#2293 = DIRECTION ( 'NONE',  ( 0.000000000000000000, 0.000000000000000000, -1.000000000000000000 ) ) ;
#2294 = DIRECTION ( 'NONE',  ( 0.000000000000000000, 0.000000000000000000, -1.000000000000000000 ) ) ;
#2295 = VECTOR ( 'NONE', #828, 1000.000000000000000 ) ;
#2296 = CARTESIAN_POINT ( 'NONE',  ( -41.45000000000000284, 39.40948300754050848, 42.05481555856610498 ) ) ;
#2297 = VERTEX_POINT ( 'NONE', #4832 ) ;
#2298 = FACE_OUTER_BOUND ( 'NONE', #4795, .T. ) ;
#2299 = VECTOR ( 'NONE', #2070, 1000.000000000000000 ) ;
#2300 = CIRCLE ( 'NONE', #231, 0.5000000000000004441 ) ;
#2301 = PLANE ( 'NONE',  #5070 ) ;
#2302 = CARTESIAN_POINT ( 'NONE',  ( 40.95000000000000284, 39.40948300754050848, -28.55000000000000071 ) ) ;
#2303 = VERTEX_POINT ( 'NONE', #1601 ) ;
#2304 = CIRCLE ( 'NONE', #2560, 3.000000000000002665 ) ;
#2305 = AXIS2_PLACEMENT_3D ( 'NONE', #4289, #3987, #727 ) ;
#2306 = ADVANCED_FACE ( 'NONE', ( #1255 ), #2856, .F. ) ;
#2307 = ORIENTED_EDGE ( 'NONE', *, *, #3198, .F. ) ;
#2308 = VERTEX_POINT ( 'NONE', #3923 ) ;
#2309 = FACE_OUTER_BOUND ( 'NONE', #2313, .T. ) ;
#2310 = ORIENTED_EDGE ( 'NONE', *, *, #1955, .T. ) ;
#2311 = VECTOR ( 'NONE', #2936, 1000.000000000000000 ) ;
#2312 = DIRECTION ( 'NONE',  ( 0.000000000000000000, 0.000000000000000000, -1.000000000000000000 ) ) ;
#2313 = EDGE_LOOP ( 'NONE', ( #193, #3543, #4294, #2415 ) ) ;
#2314 = ORIENTED_EDGE ( 'NONE', *, *, #3514, .F. ) ;
#2315 = CARTESIAN_POINT ( 'NONE',  ( 37.75000000000000000, 38.00948300754050280, -30.20000000000000284 ) ) ;
#2316 = DIRECTION ( 'NONE',  ( 1.000000000000000000, 0.000000000000000000, -4.336808689942015271E-16 ) ) ;
#2317 = DIRECTION ( 'NONE',  ( 0.000000000000000000, 0.000000000000000000, 1.000000000000000000 ) ) ;
#2318 = EDGE_LOOP ( 'NONE', ( #2380, #319, #4945, #4901 ) ) ;
#2319 = ORIENTED_EDGE ( 'NONE', *, *, #2235, .T. ) ;
#2320 = LINE ( 'NONE', #4359, #1105 ) ;
#2321 = DIRECTION ( 'NONE',  ( 0.000000000000000000, -1.000000000000000000, 0.000000000000000000 ) ) ;
#2322 = VECTOR ( 'NONE', #3448, 1000.000000000000000 ) ;
#2323 = CARTESIAN_POINT ( 'NONE',  ( 42.95000000000000284, 49.40948300754050138, 41.45000000000000284 ) ) ;
#2324 = EDGE_CURVE ( 'NONE', #940, #1647, #4437, .T. ) ;
#2325 = LINE ( 'NONE', #3427, #4055 ) ;
#2326 = VECTOR ( 'NONE', #3756, 1000.000000000000000 ) ;
#2327 = ORIENTED_EDGE ( 'NONE', *, *, #1856, .F. ) ;
#2328 = CARTESIAN_POINT ( 'NONE',  ( 22.95000000000000284, 39.40948300754050848, 7.950000000000000178 ) ) ;
#2329 = DIRECTION ( 'NONE',  ( 0.000000000000000000, 0.000000000000000000, -1.000000000000000000 ) ) ;
#2330 = DIRECTION ( 'NONE',  ( 0.000000000000000000, 0.000000000000000000, 1.000000000000000000 ) ) ;
#2331 = EDGE_CURVE ( 'NONE', #2853, #3621, #1083, .T. ) ;
#2332 = LINE ( 'NONE', #748, #2217 ) ;
#2333 = EDGE_LOOP ( 'NONE', ( #890, #2734, #3494, #4318 ) ) ;
#2334 = ADVANCED_FACE ( 'NONE', ( #4360, #1937 ), #5117, .T. ) ;
#2335 = ORIENTED_EDGE ( 'NONE', *, *, #3179, .F. ) ;
#2336 = EDGE_LOOP ( 'NONE', ( #4554, #3126, #19, #3014 ) ) ;
#2337 = CARTESIAN_POINT ( 'NONE',  ( -15.35000000000000142, 36.40948300754050138, -28.55000000000000071 ) ) ;
#2338 = AXIS2_PLACEMENT_3D ( 'NONE', #3914, #3439, #3545 ) ;
#2339 = ADVANCED_FACE ( 'NONE', ( #1230 ), #5006, .T. ) ;
#2340 = VERTEX_POINT ( 'NONE', #3130 ) ;
#2341 = VECTOR ( 'NONE', #2878, 1000.000000000000000 ) ;
#2342 = DIRECTION ( 'NONE',  ( 0.000000000000000000, 0.000000000000000000, -1.000000000000000000 ) ) ;
#2343 = ORIENTED_EDGE ( 'NONE', *, *, #2722, .F. ) ;
#2344 = ORIENTED_EDGE ( 'NONE', *, *, #48, .T. ) ;
#2345 = CARTESIAN_POINT ( 'NONE',  ( -1.674039542559040091E-15, 45.35948300754050422, 6.949999999999999289 ) ) ;
#2346 = FACE_OUTER_BOUND ( 'NONE', #1507, .T. ) ;
#2347 = AXIS2_PLACEMENT_3D ( 'NONE', #3623, #3648, #1980 ) ;
#2348 = CARTESIAN_POINT ( 'NONE',  ( 18.25000000000000000, 41.15948300754050138, -15.25000000000000000 ) ) ;
#2349 = EDGE_CURVE ( 'NONE', #3960, #2161, #4721, .T. ) ;
#2350 = VERTEX_POINT ( 'NONE', #1154 ) ;
#2351 = ORIENTED_EDGE ( 'NONE', *, *, #4610, .T. ) ;
#2352 = AXIS2_PLACEMENT_3D ( 'NONE', #1837, #1766, #568 ) ;
#2353 = CARTESIAN_POINT ( 'NONE',  ( -40.95000000000000284, 37.40948300754050138, -40.95000000000000284 ) ) ;
#2354 = EDGE_CURVE ( 'NONE', #4994, #2035, #2747, .T. ) ;
#2355 = DIRECTION ( 'NONE',  ( 0.000000000000000000, 0.000000000000000000, -1.000000000000000000 ) ) ;
#2356 = FACE_OUTER_BOUND ( 'NONE', #318, .T. ) ;
#2357 = DIRECTION ( 'NONE',  ( 0.000000000000000000, -1.000000000000000000, 0.000000000000000000 ) ) ;
#2358 = AXIS2_PLACEMENT_3D ( 'NONE', #4464, #4884, #1307 ) ;
#2359 = ORIENTED_EDGE ( 'NONE', *, *, #1343, .T. ) ;
#2360 = CARTESIAN_POINT ( 'NONE',  ( 30.94999999999999929, 45.35948300754050422, -3.050000000000000266 ) ) ;
#2361 = CARTESIAN_POINT ( 'NONE',  ( 37.75000000000000000, 38.00948300754050280, -30.94999999999999929 ) ) ;
#2362 = DIRECTION ( 'NONE',  ( 0.000000000000000000, 0.000000000000000000, 1.000000000000000000 ) ) ;
#2363 = CARTESIAN_POINT ( 'NONE',  ( -22.95000000000000284, 45.35948300754050422, -2.550000000000000266 ) ) ;
#2364 = ORIENTED_EDGE ( 'NONE', *, *, #4250, .T. ) ;
#2365 = ORIENTED_EDGE ( 'NONE', *, *, #3567, .F. ) ;
#2366 = CARTESIAN_POINT ( 'NONE',  ( -30.94999999999999929, 49.40948300754050138, 7.450000000000000178 ) ) ;
#2367 = CARTESIAN_POINT ( 'NONE',  ( -40.95000000000000995, 39.38228415664678295, 28.96495106215469306 ) ) ;
#2368 = CARTESIAN_POINT ( 'NONE',  ( -40.75000000000000000, 49.40948300754050138, -42.25000000000000000 ) ) ;
#2369 = ORIENTED_EDGE ( 'NONE', *, *, #1882, .T. ) ;
#2370 = VERTEX_POINT ( 'NONE', #1178 ) ;
#2371 = DIRECTION ( 'NONE',  ( 0.000000000000000000, 0.000000000000000000, 1.000000000000000000 ) ) ;
#2372 = DIRECTION ( 'NONE',  ( 0.000000000000000000, -1.000000000000000000, 0.000000000000000000 ) ) ;
#2373 = ORIENTED_EDGE ( 'NONE', *, *, #4925, .F. ) ;
#2374 = ORIENTED_EDGE ( 'NONE', *, *, #2838, .F. ) ;
#2375 = EDGE_CURVE ( 'NONE', #292, #1667, #347, .T. ) ;
#2376 = LINE ( 'NONE', #3213, #1923 ) ;
#2377 = LINE ( 'NONE', #3973, #1594 ) ;
#2378 = DIRECTION ( 'NONE',  ( 0.000000000000000000, 0.000000000000000000, -1.000000000000000000 ) ) ;
#2379 = PLANE ( 'NONE',  #1222 ) ;
#2380 = ORIENTED_EDGE ( 'NONE', *, *, #220, .F. ) ;
#2381 = DIRECTION ( 'NONE',  ( 0.000000000000000000, 0.000000000000000000, -1.000000000000000000 ) ) ;
#2382 = CARTESIAN_POINT ( 'NONE',  ( -40.95000000000003126, 39.21342093681962382, -29.78495555464966316 ) ) ;
#2383 =( GEOMETRIC_REPRESENTATION_CONTEXT ( 3 ) GLOBAL_UNCERTAINTY_ASSIGNED_CONTEXT ( ( #4985 ) ) GLOBAL_UNIT_ASSIGNED_CONTEXT ( ( #3877, #1796, #3513 ) ) REPRESENTATION_CONTEXT ( 'NONE', 'WORKASPACE' ) );
#2384 = CARTESIAN_POINT ( 'NONE',  ( 40.94999999999999574, 39.05816751566937484, -30.44164210843243268 ) ) ;
#2385 = CARTESIAN_POINT ( 'NONE',  ( -37.75000000000000000, 38.40948300754050138, -30.94999999999999929 ) ) ;
#2386 = VERTEX_POINT ( 'NONE', #4383 ) ;
#2387 = AXIS2_PLACEMENT_3D ( 'NONE', #5096, #1133, #210 ) ;
#2388 = ORIENTED_EDGE ( 'NONE', *, *, #246, .F. ) ;
#2389 = FACE_OUTER_BOUND ( 'NONE', #1458, .T. ) ;
#2390 = CARTESIAN_POINT ( 'NONE',  ( 39.25000000000000000, 45.35948300754050422, 41.14999999999999858 ) ) ;
#2391 = VECTOR ( 'NONE', #2266, 1000.000000000000000 ) ;
#2392 = CIRCLE ( 'NONE', #1811, 2.000000000000001776 ) ;
#2393 = DIRECTION ( 'NONE',  ( 0.000000000000000000, -1.000000000000000000, 0.000000000000000000 ) ) ;
#2394 = ORIENTED_EDGE ( 'NONE', *, *, #18, .T. ) ;
#2395 = EDGE_LOOP ( 'NONE', ( #5085, #4419, #4529, #3830 ) ) ;
#2396 = CIRCLE ( 'NONE', #1474, 2.499999999999998668 ) ;
#2397 = DIRECTION ( 'NONE',  ( 0.000000000000000000, -1.000000000000000000, 0.000000000000000000 ) ) ;
#2398 = EDGE_CURVE ( 'NONE', #1667, #472, #2174, .T. ) ;
#2399 = LINE ( 'NONE', #1224, #1813 ) ;
#2400 = EDGE_LOOP ( 'NONE', ( #2237, #2314, #4927, #1958 ) ) ;
#2401 = EDGE_CURVE ( 'NONE', #3862, #4181, #1762, .T. ) ;
#2402 = AXIS2_PLACEMENT_3D ( 'NONE', #178, #3353, #4967 ) ;
#2403 = LINE ( 'NONE', #891, #5084 ) ;
#2404 = CARTESIAN_POINT ( 'NONE',  ( 30.94999999999999929, 39.40948300754050848, -22.55000000000000071 ) ) ;
#2405 = FACE_OUTER_BOUND ( 'NONE', #778, .T. ) ;
#2406 = EDGE_CURVE ( 'NONE', #1740, #33, #2377, .T. ) ;
#2407 = FACE_BOUND ( 'NONE', #1190, .T. ) ;
#2408 = CIRCLE ( 'NONE', #669, 3.999999999999996447 ) ;
#2409 = AXIS2_PLACEMENT_3D ( 'NONE', #4158, #1003, #1336 ) ;
#2410 = CARTESIAN_POINT ( 'NONE',  ( -22.95000000000000284, 39.40948300754050848, -12.55000000000000071 ) ) ;
#2411 = CARTESIAN_POINT ( 'NONE',  ( 40.95000000000000284, 39.12067312331987523, -31.74442513611607097 ) ) ;
#2412 = LINE ( 'NONE', #3562, #1720 ) ;
#2413 = AXIS2_PLACEMENT_3D ( 'NONE', #3312, #4461, #118 ) ;
#2414 = ORIENTED_EDGE ( 'NONE', *, *, #3040, .T. ) ;
#2415 = ORIENTED_EDGE ( 'NONE', *, *, #2406, .T. ) ;
#2416 = CARTESIAN_POINT ( 'NONE',  ( -40.75000000000000000, 47.95948300754049853, 40.75000000000000000 ) ) ;
#2417 = CARTESIAN_POINT ( 'NONE',  ( -40.95000000000000284, 39.24858921248349475, 32.25099416284655973 ) ) ;
#2418 = FACE_BOUND ( 'NONE', #1378, .T. ) ;
#2419 = ORIENTED_EDGE ( 'NONE', *, *, #668, .F. ) ;
#2420 = ORIENTED_EDGE ( 'NONE', *, *, #3896, .T. ) ;
#2421 = CARTESIAN_POINT ( 'NONE',  ( 41.45000000000000284, 39.40948300754050848, -41.45000000000000284 ) ) ;
#2422 = AXIS2_PLACEMENT_3D ( 'NONE', #3189, #90, #3238 ) ;
#2423 = VECTOR ( 'NONE', #2321, 1000.000000000000000 ) ;
#2424 = DIRECTION ( 'NONE',  ( 0.000000000000000000, -1.000000000000000000, 0.000000000000000000 ) ) ;
#2425 = ORIENTED_EDGE ( 'NONE', *, *, #4080, .T. ) ;
#2426 = CIRCLE ( 'NONE', #3843, 0.5000000000000004441 ) ;
#2427 = EDGE_CURVE ( 'NONE', #4129, #545, #1990, .T. ) ;
#2428 = LINE ( 'NONE', #4831, #2172 ) ;
#2429 = EDGE_CURVE ( 'NONE', #4421, #990, #3609, .T. ) ;
#2430 = EDGE_CURVE ( 'NONE', #2210, #32, #2097, .T. ) ;
#2431 = CARTESIAN_POINT ( 'NONE',  ( -22.95000000000000284, 45.35948300754050422, 17.44999999999999929 ) ) ;
#2432 = FACE_OUTER_BOUND ( 'NONE', #2772, .T. ) ;
#2433 = EDGE_CURVE ( 'NONE', #4664, #5120, #4151, .T. ) ;
#2434 = DIRECTION ( 'NONE',  ( -1.000000000000000000, 0.000000000000000000, 0.000000000000000000 ) ) ;
#2435 = EDGE_CURVE ( 'NONE', #596, #4129, #103, .T. ) ;
#2436 = AXIS2_PLACEMENT_3D ( 'NONE', #4040, #4011, #3670 ) ;
#2437 = EDGE_LOOP ( 'NONE', ( #232, #4173, #3481, #4287 ) ) ;
#2438 = CARTESIAN_POINT ( 'NONE',  ( -18.66421356237310292, 45.35948300754051843, -15.66421356237309581 ) ) ;
#2439 = EDGE_CURVE ( 'NONE', #348, #4274, #868, .T. ) ;
#2440 = DIRECTION ( 'NONE',  ( 0.000000000000000000, 0.000000000000000000, -1.000000000000000000 ) ) ;
#2441 = CARTESIAN_POINT ( 'NONE',  ( 40.95000000000000284, 39.15665355912551604, -31.89139749177173755 ) ) ;
#2442 = AXIS2_PLACEMENT_3D ( 'NONE', #4960, #3763, #589 ) ;
#2443 = CARTESIAN_POINT ( 'NONE',  ( 37.75000000000000000, 38.40948300754050138, 30.94999999999999929 ) ) ;
#2444 = ORIENTED_EDGE ( 'NONE', *, *, #1429, .F. ) ;
#2445 = ORIENTED_EDGE ( 'NONE', *, *, #1447, .T. ) ;
#2446 = VECTOR ( 'NONE', #1962, 1000.000000000000000 ) ;
#2447 = CARTESIAN_POINT ( 'NONE',  ( 0.000000000000000000, 45.35948300754050422, 16.94999999999999929 ) ) ;
#2448 = EDGE_CURVE ( 'NONE', #3698, #3862, #4102, .T. ) ;
#2449 = CARTESIAN_POINT ( 'NONE',  ( 40.95000000000000284, 39.40948300754050848, -41.45000000000000284 ) ) ;
#2450 = PLANE ( 'NONE',  #4596 ) ;
#2451 = EDGE_CURVE ( 'NONE', #2303, #596, #3289, .T. ) ;
#2452 = ORIENTED_EDGE ( 'NONE', *, *, #2349, .T. ) ;
#2453 = EDGE_LOOP ( 'NONE', ( #4727, #2231, #2394, #4321 ) ) ;
#2454 = LINE ( 'NONE', #4824, #4389 ) ;
#2455 = EDGE_CURVE ( 'NONE', #2191, #2739, #4014, .T. ) ;
#2456 = FACE_OUTER_BOUND ( 'NONE', #2318, .T. ) ;
#2457 = ORIENTED_EDGE ( 'NONE', *, *, #285, .F. ) ;
#2458 = CARTESIAN_POINT ( 'NONE',  ( 30.64999999999999858, 33.40948300754050138, 39.95000000000000284 ) ) ;
#2459 = FACE_OUTER_BOUND ( 'NONE', #491, .T. ) ;
#2460 = LINE ( 'NONE', #40, #1491 ) ;
#2461 = DIRECTION ( 'NONE',  ( -0.000000000000000000, 1.000000000000000000, 0.000000000000000000 ) ) ;
#2462 = VERTEX_POINT ( 'NONE', #3755 ) ;
#2463 = CARTESIAN_POINT ( 'NONE',  ( 18.66421356237310292, 45.35948300754051843, -15.66421356237309581 ) ) ;
#2464 = DIRECTION ( 'NONE',  ( 0.000000000000000000, 1.000000000000000000, 0.000000000000000000 ) ) ;
#2465 = CARTESIAN_POINT ( 'NONE',  ( 40.95000000000000995, 39.00880093750535593, -31.02224476795109354 ) ) ;
#2466 = DIRECTION ( 'NONE',  ( 0.000000000000000000, 0.000000000000000000, -1.000000000000000000 ) ) ;
#2467 = ORIENTED_EDGE ( 'NONE', *, *, #2870, .F. ) ;
#2468 = EDGE_LOOP ( 'NONE', ( #2490, #1804, #2670, #161 ) ) ;
#2469 = CARTESIAN_POINT ( 'NONE',  ( -37.75000000000000000, 37.40948300754050138, -30.94999999999999929 ) ) ;
#2470 = CARTESIAN_POINT ( 'NONE',  ( 30.94999999999999929, 45.35948300754050422, 17.94999999999999929 ) ) ;
#2471 = VECTOR ( 'NONE', #3817, 1000.000000000000000 ) ;
#2472 = EDGE_CURVE ( 'NONE', #3362, #4703, #2682, .T. ) ;
#2473 = DIRECTION ( 'NONE',  ( 0.000000000000000000, 0.000000000000000000, -1.000000000000000000 ) ) ;
#2474 = ORIENTED_EDGE ( 'NONE', *, *, #962, .F. ) ;
#2475 = DIRECTION ( 'NONE',  ( -1.000000000000000000, 0.000000000000000000, 0.000000000000000000 ) ) ;
#2476 = AXIS2_PLACEMENT_3D ( 'NONE', #3583, #16, #3192 ) ;
#2477 = VECTOR ( 'NONE', #683, 1000.000000000000000 ) ;
#2478 = EDGE_CURVE ( 'NONE', #3200, #4300, #965, .T. ) ;
#2479 = CARTESIAN_POINT ( 'NONE',  ( -41.45000000000000284, 39.40948300754050848, -42.05481555856610498 ) ) ;
#2480 = VERTEX_POINT ( 'NONE', #4460 ) ;
#2481 = AXIS2_PLACEMENT_3D ( 'NONE', #2233, #1450, #2209 ) ;
#2482 = VECTOR ( 'NONE', #3344, 1000.000000000000000 ) ;
#2483 = ORIENTED_EDGE ( 'NONE', *, *, #2884, .F. ) ;
#2484 = DIRECTION ( 'NONE',  ( 0.000000000000000000, 1.000000000000000000, 0.000000000000000000 ) ) ;
#2485 = EDGE_CURVE ( 'NONE', #881, #3986, #2426, .T. ) ;
#2486 = DIRECTION ( 'NONE',  ( 0.000000000000000000, 1.000000000000000000, 0.000000000000000000 ) ) ;
#2487 = CARTESIAN_POINT ( 'NONE',  ( -30.94999999999999929, 39.40948300754050848, -22.05000000000000071 ) ) ;
#2488 = CARTESIAN_POINT ( 'NONE',  ( 40.95000000000000995, 39.36177651242239506, 32.79631968782174312 ) ) ;
#2489 = CIRCLE ( 'NONE', #574, 0.5000000000000004441 ) ;
#2490 = ORIENTED_EDGE ( 'NONE', *, *, #4202, .T. ) ;
#2491 = DIRECTION ( 'NONE',  ( -1.000000000000000000, 0.000000000000000000, 0.000000000000000000 ) ) ;
#2492 = FACE_OUTER_BOUND ( 'NONE', #3905, .T. ) ;
#2493 = DIRECTION ( 'NONE',  ( 0.000000000000000000, -1.000000000000000000, 0.000000000000000000 ) ) ;
#2494 = CARTESIAN_POINT ( 'NONE',  ( -42.25000000000000000, 47.95948300754049853, -40.75000000000000000 ) ) ;
#2495 = CARTESIAN_POINT ( 'NONE',  ( 42.95000000000000284, 39.40948300754050848, -41.45000000000000284 ) ) ;
#2496 = ORIENTED_EDGE ( 'NONE', *, *, #4118, .F. ) ;
#2497 = CARTESIAN_POINT ( 'NONE',  ( 22.95000000000000284, 45.35948300754050422, 16.94999999999999929 ) ) ;
#2498 = CARTESIAN_POINT ( 'NONE',  ( -40.95000000000000284, 39.21624085699890827, 32.12597621153641825 ) ) ;
#2499 = EDGE_CURVE ( 'NONE', #4364, #3156, #1359, .T. ) ;
#2500 = AXIS2_PLACEMENT_3D ( 'NONE', #2240, #2214, #3834 ) ;
#2501 = EDGE_CURVE ( 'NONE', #1721, #1163, #2930, .T. ) ;
#2502 = VERTEX_POINT ( 'NONE', #508 ) ;
#2503 = VERTEX_POINT ( 'NONE', #3679 ) ;
#2504 = DIRECTION ( 'NONE',  ( 4.336808689942015271E-16, 0.000000000000000000, -1.000000000000000000 ) ) ;
#2505 = EDGE_CURVE ( 'NONE', #4242, #4703, #3340, .T. ) ;
#2506 = DIRECTION ( 'NONE',  ( 0.000000000000000000, 0.000000000000000000, -1.000000000000000000 ) ) ;
#2507 = ORIENTED_EDGE ( 'NONE', *, *, #4072, .T. ) ;
#2508 = AXIS2_PLACEMENT_3D ( 'NONE', #4485, #3726, #137 ) ;
#2509 = ORIENTED_EDGE ( 'NONE', *, *, #1862, .F. ) ;
#2510 = CARTESIAN_POINT ( 'NONE',  ( -22.95000000000000284, 49.40948300754050138, -23.05000000000000071 ) ) ;
#2511 = CARTESIAN_POINT ( 'NONE',  ( 30.94999999999999929, 39.40948300754050848, -22.05000000000000071 ) ) ;
#2512 = CARTESIAN_POINT ( 'NONE',  ( -37.75000000000000000, 39.40948300754050848, -30.94999999999999929 ) ) ;
#2513 = CARTESIAN_POINT ( 'NONE',  ( 40.95000000000002416, 39.34043281234757217, 32.67032167934190312 ) ) ;
#2514 = AXIS2_PLACEMENT_3D ( 'NONE', #3214, #5142, #4778 ) ;
#2515 = VERTEX_POINT ( 'NONE', #3366 ) ;
#2516 = CARTESIAN_POINT ( 'NONE',  ( 30.94999999999999929, 49.40948300754050138, -22.05000000000000071 ) ) ;
#2517 = CARTESIAN_POINT ( 'NONE',  ( 22.95000000000000284, 45.35948300754050422, 17.44999999999999929 ) ) ;
#2518 = CARTESIAN_POINT ( 'NONE',  ( 30.94999999999999929, 49.40948300754050138, -12.05000000000000071 ) ) ;
#2519 = CARTESIAN_POINT ( 'NONE',  ( 30.94999999999999929, 39.40948300754050848, 17.94999999999999929 ) ) ;
#2520 = DIRECTION ( 'NONE',  ( 0.000000000000000000, 0.000000000000000000, 1.000000000000000000 ) ) ;
#2521 = AXIS2_PLACEMENT_3D ( 'NONE', #1899, #5076, #5104 ) ;
#2522 = ADVANCED_FACE ( 'NONE', ( #2459 ), #1328, .F. ) ;
#2523 = ORIENTED_EDGE ( 'NONE', *, *, #3578, .T. ) ;
#2524 = LINE ( 'NONE', #543, #358 ) ;
#2525 = AXIS2_PLACEMENT_3D ( 'NONE', #493, #3299, #4497 ) ;
#2526 = CARTESIAN_POINT ( 'NONE',  ( -37.75000000000000000, 36.40948300754050138, -33.95000000000000284 ) ) ;
#2527 = ORIENTED_EDGE ( 'NONE', *, *, #1595, .F. ) ;
#2528 = VECTOR ( 'NONE', #2589, 1000.000000000000000 ) ;
#2529 = ORIENTED_EDGE ( 'NONE', *, *, #4825, .F. ) ;
#2530 = CARTESIAN_POINT ( 'NONE',  ( 8.250000000000000000, 45.35948300754050422, -37.75000000000000000 ) ) ;
#2531 = DIRECTION ( 'NONE',  ( -1.000000000000000000, 0.000000000000000000, 0.000000000000000000 ) ) ;
#2532 = ORIENTED_EDGE ( 'NONE', *, *, #180, .F. ) ;
#2533 = EDGE_LOOP ( 'NONE', ( #2900, #1366, #5083, #5047, #1674, #4781, #4606, #1439 ) ) ;
#2534 = CARTESIAN_POINT ( 'NONE',  ( 37.75000000000000000, 38.40948300754050138, 34.95000000000000284 ) ) ;
#2535 = DIRECTION ( 'NONE',  ( 0.000000000000000000, -1.000000000000000000, 0.000000000000000000 ) ) ;
#2536 = CARTESIAN_POINT ( 'NONE',  ( -30.94999999999999929, 49.40948300754050138, -3.050000000000000266 ) ) ;
#2537 = CARTESIAN_POINT ( 'NONE',  ( 40.95000000000002416, 39.00880093750651412, 30.87775523204405914 ) ) ;
#2538 = EDGE_CURVE ( 'NONE', #2848, #1213, #3656, .T. ) ;
#2539 = ORIENTED_EDGE ( 'NONE', *, *, #795, .F. ) ;
#2540 = DIRECTION ( 'NONE',  ( 0.000000000000000000, 0.000000000000000000, 1.000000000000000000 ) ) ;
#2541 = PLANE ( 'NONE',  #1583 ) ;
#2542 = CARTESIAN_POINT ( 'NONE',  ( -39.25000000000000000, 45.35948300754050422, -37.75000000000000000 ) ) ;
#2543 = CARTESIAN_POINT ( 'NONE',  ( 30.94999999999999929, 45.35948300754050422, -23.05000000000000071 ) ) ;
#2544 = CARTESIAN_POINT ( 'NONE',  ( 42.25000000000000000, 49.40948300754050138, 40.75000000000000000 ) ) ;
#2545 = EDGE_LOOP ( 'NONE', ( #2507, #1448, #2445, #3480 ) ) ;
#2546 = FACE_OUTER_BOUND ( 'NONE', #624, .T. ) ;
#2547 = DIRECTION ( 'NONE',  ( 0.000000000000000000, -1.000000000000000000, 0.000000000000000000 ) ) ;
#2548 = ORIENTED_EDGE ( 'NONE', *, *, #3746, .F. ) ;
#2549 = CARTESIAN_POINT ( 'NONE',  ( 37.75000000000000000, 38.40948300754050138, -34.95000000000000284 ) ) ;
#2550 = CIRCLE ( 'NONE', #301, 2.500000000000002220 ) ;
#2551 = CARTESIAN_POINT ( 'NONE',  ( 30.94999999999999929, 49.40948300754050138, 17.94999999999999929 ) ) ;
#2552 = ORIENTED_EDGE ( 'NONE', *, *, #966, .T. ) ;
#2553 = VECTOR ( 'NONE', #3103, 1000.000000000000000 ) ;
#2554 = VERTEX_POINT ( 'NONE', #2927 ) ;
#2555 = VECTOR ( 'NONE', #4632, 1000.000000000000000 ) ;
#2556 = LINE ( 'NONE', #4101, #927 ) ;
#2557 = CARTESIAN_POINT ( 'NONE',  ( 37.75000000000000000, 38.40948300754050138, 26.95000000000000284 ) ) ;
#2558 = DIRECTION ( 'NONE',  ( -2.638362701105410028E-16, 0.000000000000000000, -1.000000000000000000 ) ) ;
#2559 = EDGE_CURVE ( 'NONE', #4827, #1847, #4669, .T. ) ;
#2560 = AXIS2_PLACEMENT_3D ( 'NONE', #3995, #5136, #2063 ) ;
#2561 = EDGE_CURVE ( 'NONE', #940, #348, #2854, .T. ) ;
#2562 = CARTESIAN_POINT ( 'NONE',  ( 40.95000000000002416, 39.08440161042802430, 30.31554980994842552 ) ) ;
#2563 = CIRCLE ( 'NONE', #235, 0.7500000000000006661 ) ;
#2564 = ORIENTED_EDGE ( 'NONE', *, *, #1693, .F. ) ;
#2565 = ORIENTED_EDGE ( 'NONE', *, *, #2398, .T. ) ;
#2566 = CARTESIAN_POINT ( 'NONE',  ( -40.95000000000000284, 37.40948300754050138, 41.45000000000000284 ) ) ;
#2567 = CARTESIAN_POINT ( 'NONE',  ( 30.94999999999999929, 39.40948300754050848, -22.05000000000000071 ) ) ;
#2568 = CARTESIAN_POINT ( 'NONE',  ( -30.94999999999999929, 39.40948300754050848, 7.450000000000000178 ) ) ;
#2569 = ADVANCED_FACE ( 'NONE', ( #4486 ), #919, .T. ) ;
#2570 = FACE_OUTER_BOUND ( 'NONE', #5131, .T. ) ;
#2571 = ORIENTED_EDGE ( 'NONE', *, *, #656, .F. ) ;
#2572 = DIRECTION ( 'NONE',  ( -3.199700324694274933E-16, 0.000000000000000000, -1.000000000000000000 ) ) ;
#2573 = LINE ( 'NONE', #3017, #2230 ) ;
#2574 = EDGE_LOOP ( 'NONE', ( #4786, #4141 ) ) ;
#2575 = VECTOR ( 'NONE', #4183, 1000.000000000000000 ) ;
#2576 = CARTESIAN_POINT ( 'NONE',  ( -42.25000000000000000, 47.95948300754049853, 42.25000000000000000 ) ) ;
#2577 = AXIS2_PLACEMENT_3D ( 'NONE', #2568, #3737, #1390 ) ;
#2578 = DIRECTION ( 'NONE',  ( 0.000000000000000000, -1.000000000000000000, 0.000000000000000000 ) ) ;
#2579 = FACE_OUTER_BOUND ( 'NONE', #2695, .T. ) ;
#2580 = ORIENTED_EDGE ( 'NONE', *, *, #2451, .F. ) ;
#2581 = AXIS2_PLACEMENT_3D ( 'NONE', #4779, #4333, #5144 ) ;
#2582 = ORIENTED_EDGE ( 'NONE', *, *, #2920, .T. ) ;
#2583 = DIRECTION ( 'NONE',  ( 0.000000000000000000, -1.000000000000000000, 0.000000000000000000 ) ) ;
#2584 = CARTESIAN_POINT ( 'NONE',  ( -40.95000000000000995, 39.22822925777845882, 29.72671700041824394 ) ) ;
#2585 = DIRECTION ( 'NONE',  ( 0.000000000000000000, 1.000000000000000000, 0.000000000000000000 ) ) ;
#2586 = CARTESIAN_POINT ( 'NONE',  ( 40.95000000000002416, 39.19747092888067641, 29.84703381117831356 ) ) ;
#2587 = ORIENTED_EDGE ( 'NONE', *, *, #4600, .T. ) ;
#2588 = ORIENTED_EDGE ( 'NONE', *, *, #1429, .T. ) ;
#2589 = DIRECTION ( 'NONE',  ( 0.000000000000000000, 1.000000000000000000, 0.000000000000000000 ) ) ;
#2590 = EDGE_CURVE ( 'NONE', #3156, #1682, #4924, .T. ) ;
#2591 = LINE ( 'NONE', #4937, #2575 ) ;
#2592 = VECTOR ( 'NONE', #4221, 1000.000000000000000 ) ;
#2593 = LINE ( 'NONE', #2519, #2311 ) ;
#2594 = CIRCLE ( 'NONE', #4846, 2.999999999999999112 ) ;
#2595 = DIRECTION ( 'NONE',  ( 0.000000000000000000, 0.000000000000000000, -1.000000000000000000 ) ) ;
#2596 = EDGE_CURVE ( 'NONE', #2712, #2114, #3961, .T. ) ;
#2597 = EDGE_CURVE ( 'NONE', #4295, #4496, #1598, .T. ) ;
#2598 = VERTEX_POINT ( 'NONE', #2261 ) ;
#2599 = AXIS2_PLACEMENT_3D ( 'NONE', #2557, #2953, #1752 ) ;
#2600 = CARTESIAN_POINT ( 'NONE',  ( -15.35000000000000142, 39.40948300754050848, -31.05000000000000071 ) ) ;
#2601 = CARTESIAN_POINT ( 'NONE',  ( -12.25000000000000000, 45.35948300754050422, 0.000000000000000000 ) ) ;
#2602 = AXIS2_PLACEMENT_3D ( 'NONE', #1085, #3485, #2283 ) ;
#2603 = ADVANCED_FACE ( 'NONE', ( #3440 ), #1510, .T. ) ;
#2604 = ORIENTED_EDGE ( 'NONE', *, *, #3425, .F. ) ;
#2605 = VECTOR ( 'NONE', #4767, 1000.000000000000000 ) ;
#2606 = CARTESIAN_POINT ( 'NONE',  ( 42.05481555856610498, 39.40948300754050848, 41.45000000000000284 ) ) ;
#2607 = CARTESIAN_POINT ( 'NONE',  ( -42.95000000000000284, 49.40948300754050138, 41.45000000000000284 ) ) ;
#2608 = CIRCLE ( 'NONE', #3852, 0.5000000000000004441 ) ;
#2609 = SURFACE_STYLE_FILL_AREA ( #1084 ) ;
#2610 = ORIENTED_EDGE ( 'NONE', *, *, #1644, .T. ) ;
#2611 = EDGE_LOOP ( 'NONE', ( #368, #2474, #4601, #802 ) ) ;
#2612 = CARTESIAN_POINT ( 'NONE',  ( -22.95000000000000284, 49.40948300754050138, 16.94999999999999929 ) ) ;
#2613 = CARTESIAN_POINT ( 'NONE',  ( -40.95000000000000995, 39.01170064168502449, 30.84057055435639327 ) ) ;
#2614 = FACE_BOUND ( 'NONE', #86, .T. ) ;
#2615 = EDGE_CURVE ( 'NONE', #641, #1586, #3389, .T. ) ;
#2616 = CARTESIAN_POINT ( 'NONE',  ( -30.94999999999999929, 39.40948300754050848, 17.44999999999999929 ) ) ;
#2617 = ORIENTED_EDGE ( 'NONE', *, *, #5014, .T. ) ;
#2618 = EDGE_LOOP ( 'NONE', ( #5033, #999, #655, #466 ) ) ;
#2619 = DIRECTION ( 'NONE',  ( 0.000000000000000000, 1.000000000000000000, 0.000000000000000000 ) ) ;
#2620 = FILL_AREA_STYLE ('',( #4371 ) ) ;
#2621 = DIRECTION ( 'NONE',  ( 2.511059313838565264E-16, 0.000000000000000000, 1.000000000000000000 ) ) ;
#2622 = FACE_OUTER_BOUND ( 'NONE', #2627, .T. ) ;
#2623 = VERTEX_POINT ( 'NONE', #2193 ) ;
#2624 = CARTESIAN_POINT ( 'NONE',  ( 41.45000000000000284, 37.40948300754050138, 41.45000000000000284 ) ) ;
#2625 = CARTESIAN_POINT ( 'NONE',  ( -15.35000000000000142, 36.40948300754050138, -28.55000000000000071 ) ) ;
#2626 = EDGE_CURVE ( 'NONE', #4535, #990, #2179, .T. ) ;
#2627 = EDGE_LOOP ( 'NONE', ( #1323, #2798, #1034, #3926 ) ) ;
#2628 = CARTESIAN_POINT ( 'NONE',  ( -40.95000000000003126, 39.08654842527917594, -31.59461255418918313 ) ) ;
#2629 = EDGE_CURVE ( 'NONE', #913, #2480, #5008, .T. ) ;
#2630 = EDGE_CURVE ( 'NONE', #1941, #4556, #2213, .T. ) ;
#2631 = LINE ( 'NONE', #2709, #1232 ) ;
#2632 = DIRECTION ( 'NONE',  ( 0.000000000000000000, 0.05233595624294379994, -0.9986295347545739443 ) ) ;
#2633 = ORIENTED_EDGE ( 'NONE', *, *, #3096, .T. ) ;
#2634 = EDGE_LOOP ( 'NONE', ( #441, #1246, #905, #2683, #5065, #1139, #1319, #3563 ) ) ;
#2635 = CARTESIAN_POINT ( 'NONE',  ( 37.75000000000000000, 36.40948300754050138, 27.94999999999999929 ) ) ;
#2636 = EDGE_CURVE ( 'NONE', #2693, #663, #4179, .T. ) ;
#2637 = DIRECTION ( 'NONE',  ( 0.000000000000000000, 0.000000000000000000, -1.000000000000000000 ) ) ;
#2638 = PLANE ( 'NONE',  #2833 ) ;
#2639 = DIRECTION ( 'NONE',  ( 0.000000000000000000, -1.000000000000000000, 0.000000000000000000 ) ) ;
#2640 = ORIENTED_EDGE ( 'NONE', *, *, #2791, .F. ) ;
#2641 = VECTOR ( 'NONE', #1266, 1000.000000000000000 ) ;
#2642 = UNCERTAINTY_MEASURE_WITH_UNIT (LENGTH_MEASURE( 1.000000000000000082E-05 ), #1519, 'distance_accuracy_value', 'NONE');
#2643 = ORIENTED_EDGE ( 'NONE', *, *, #553, .F. ) ;
#2644 = EDGE_CURVE ( 'NONE', #4370, #442, #4739, .T. ) ;
#2645 = CARTESIAN_POINT ( 'NONE',  ( -39.25000000000000000, 45.35948300754050422, -37.75000000000000000 ) ) ;
#2646 = CARTESIAN_POINT ( 'NONE',  ( -37.75000000000000000, 37.40948300754050138, 30.94999999999999929 ) ) ;
#2647 = DIRECTION ( 'NONE',  ( 0.000000000000000000, -1.000000000000000000, 0.000000000000000000 ) ) ;
#2648 = VECTOR ( 'NONE', #183, 1000.000000000000000 ) ;
#2649 = DIRECTION ( 'NONE',  ( 0.000000000000000000, -1.000000000000000000, 0.000000000000000000 ) ) ;
#2650 = AXIS2_PLACEMENT_3D ( 'NONE', #236, #4683, #1844 ) ;
#2651 = ORIENTED_EDGE ( 'NONE', *, *, #2993, .F. ) ;
#2652 = DIRECTION ( 'NONE',  ( -1.000000000000000000, 0.000000000000000000, 0.000000000000000000 ) ) ;
#2653 = FACE_OUTER_BOUND ( 'NONE', #4483, .T. ) ;
#2654 = VECTOR ( 'NONE', #2915, 1000.000000000000000 ) ;
#2655 = ORIENTED_EDGE ( 'NONE', *, *, #3746, .T. ) ;
#2656 = EDGE_CURVE ( 'NONE', #1740, #760, #2, .T. ) ;
#2657 = CARTESIAN_POINT ( 'NONE',  ( -40.95000000000003126, 39.39040428020090445, -28.94076922051856116 ) ) ;
#2658 = EDGE_CURVE ( 'NONE', #3334, #1220, #304, .T. ) ;
#2659 = CYLINDRICAL_SURFACE ( 'NONE', #2481, 1.299999999999999156 ) ;
#2660 = DIRECTION ( 'NONE',  ( 0.000000000000000000, 0.000000000000000000, -1.000000000000000000 ) ) ;
#2661 = ORIENTED_EDGE ( 'NONE', *, *, #4653, .F. ) ;
#2662 = EDGE_LOOP ( 'NONE', ( #3194, #1542, #4736, #1346 ) ) ;
#2663 = ADVANCED_FACE ( 'NONE', ( #446 ), #3228, .F. ) ;
#2664 = CARTESIAN_POINT ( 'NONE',  ( 18.25000000000000000, 45.35948300754050422, -16.25000000000000000 ) ) ;
#2665 = CARTESIAN_POINT ( 'NONE',  ( -40.95000000000000284, 39.08426728830065855, 30.31617370368776321 ) ) ;
#2666 = DIRECTION ( 'NONE',  ( -1.000000000000000000, 0.000000000000000000, 8.211708762020388642E-17 ) ) ;
#2667 = AXIS2_PLACEMENT_3D ( 'NONE', #1107, #2704, #4314 ) ;
#2668 = DIRECTION ( 'NONE',  ( 0.000000000000000000, 0.000000000000000000, 1.000000000000000000 ) ) ;
#2669 = EDGE_LOOP ( 'NONE', ( #3209, #2643, #2781, #2319 ) ) ;
#2670 = ORIENTED_EDGE ( 'NONE', *, *, #3165, .T. ) ;
#2671 = CARTESIAN_POINT ( 'NONE',  ( 30.94999999999999929, 49.40948300754050138, -12.05000000000000071 ) ) ;
#2672 = DIRECTION ( 'NONE',  ( 0.000000000000000000, 0.000000000000000000, -1.000000000000000000 ) ) ;
#2673 = DIRECTION ( 'NONE',  ( 0.000000000000000000, 1.000000000000000000, 0.000000000000000000 ) ) ;
#2674 = DIRECTION ( 'NONE',  ( 0.000000000000000000, 0.000000000000000000, 1.000000000000000000 ) ) ;
#2675 = ADVANCED_FACE ( 'NONE', ( #2871 ), #3177, .F. ) ;
#2676 = ORIENTED_EDGE ( 'NONE', *, *, #2375, .T. ) ;
#2677 = CARTESIAN_POINT ( 'NONE',  ( 8.250000000000000000, 35.85948300754049711, -36.75000000000000000 ) ) ;
#2678 = AXIS2_PLACEMENT_3D ( 'NONE', #2534, #3754, #4150 ) ;
#2679 = AXIS2_PLACEMENT_3D ( 'NONE', #1499, #3907, #4347 ) ;
#2680 = CARTESIAN_POINT ( 'NONE',  ( -30.94999999999999929, 49.40948300754050138, -2.050000000000000266 ) ) ;
#2681 = ADVANCED_FACE ( 'NONE', ( #1216, #80 ), #2032, .T. ) ;
#2682 = CIRCLE ( 'NONE', #1765, 3.000000000000002665 ) ;
#2683 = ORIENTED_EDGE ( 'NONE', *, *, #942, .T. ) ;
#2684 = VERTEX_POINT ( 'NONE', #468 ) ;
#2685 = CYLINDRICAL_SURFACE ( 'NONE', #4512, 0.5000000000000004441 ) ;
#2686 = VECTOR ( 'NONE', #1159, 1000.000000000000000 ) ;
#2687 = ORIENTED_EDGE ( 'NONE', *, *, #4188, .F. ) ;
#2688 = VERTEX_POINT ( 'NONE', #2470 ) ;
#2689 = LINE ( 'NONE', #3520, #308 ) ;
#2690 = AXIS2_PLACEMENT_3D ( 'NONE', #4838, #96, #4053 ) ;
#2691 = CARTESIAN_POINT ( 'NONE',  ( -22.95000000000000284, 45.35948300754050422, -22.55000000000000071 ) ) ;
#2692 = DIRECTION ( 'NONE',  ( 0.000000000000000000, -1.000000000000000000, 0.000000000000000000 ) ) ;
#2693 = VERTEX_POINT ( 'NONE', #908 ) ;
#2694 = VECTOR ( 'NONE', #2246, 1000.000000000000000 ) ;
#2695 = EDGE_LOOP ( 'NONE', ( #4648, #3279, #4735, #1225 ) ) ;
#2696 = CARTESIAN_POINT ( 'NONE',  ( 22.95000000000000284, 49.40948300754050138, 17.44999999999999929 ) ) ;
#2697 = LINE ( 'NONE', #3865, #1260 ) ;
#2698 = CARTESIAN_POINT ( 'NONE',  ( 30.64999999999999858, 39.40948300754050848, 37.44999999999999574 ) ) ;
#2699 = EDGE_CURVE ( 'NONE', #2276, #4523, #5150, .T. ) ;
#2700 = CARTESIAN_POINT ( 'NONE',  ( -37.75000000000000000, 38.00948300754050280, -30.94999999999999929 ) ) ;
#2701 = ORIENTED_EDGE ( 'NONE', *, *, #3818, .T. ) ;
#2702 = DIRECTION ( 'NONE',  ( 0.000000000000000000, -1.000000000000000000, 0.000000000000000000 ) ) ;
#2703 = CARTESIAN_POINT ( 'NONE',  ( 30.94999999999999929, 39.40948300754050848, -3.050000000000000266 ) ) ;
#2704 = DIRECTION ( 'NONE',  ( 0.000000000000000000, -1.000000000000000000, 0.000000000000000000 ) ) ;
#2705 = ORIENTED_EDGE ( 'NONE', *, *, #2429, .F. ) ;
#2706 = ORIENTED_EDGE ( 'NONE', *, *, #1418, .F. ) ;
#2707 = DIRECTION ( 'NONE',  ( 0.000000000000000000, -1.000000000000000000, 0.000000000000000000 ) ) ;
#2708 = EDGE_CURVE ( 'NONE', #3379, #33, #2489, .T. ) ;
#2709 = CARTESIAN_POINT ( 'NONE',  ( 37.75000000000000000, 36.40948300754050138, -27.94999999999999929 ) ) ;
#2710 = LINE ( 'NONE', #3094, #686 ) ;
#2711 = ORIENTED_EDGE ( 'NONE', *, *, #1552, .F. ) ;
#2712 = VERTEX_POINT ( 'NONE', #2390 ) ;
#2713 = CARTESIAN_POINT ( 'NONE',  ( -30.94999999999999929, 45.35948300754050422, -22.55000000000000071 ) ) ;
#2714 = FACE_OUTER_BOUND ( 'NONE', #2634, .T. ) ;
#2715 = DIRECTION ( 'NONE',  ( 0.000000000000000000, -1.000000000000000000, 0.000000000000000000 ) ) ;
#2716 = EDGE_LOOP ( 'NONE', ( #3104, #4099, #4346, #3556 ) ) ;
#2717 = ORIENTED_EDGE ( 'NONE', *, *, #3321, .T. ) ;
#2718 = DIRECTION ( 'NONE',  ( -1.000000000000000000, 0.000000000000000000, 0.000000000000000000 ) ) ;
#2719 = ADVANCED_FACE ( 'NONE', ( #1242 ), #4451, .F. ) ;
#2720 = DIRECTION ( 'NONE',  ( 0.000000000000000000, -1.000000000000000000, 0.000000000000000000 ) ) ;
#2721 = DIRECTION ( 'NONE',  ( 0.000000000000000000, -1.000000000000000000, 0.000000000000000000 ) ) ;
#2722 = EDGE_CURVE ( 'NONE', #348, #2868, #3282, .T. ) ;
#2723 = AXIS2_PLACEMENT_3D ( 'NONE', #4963, #979, #149 ) ;
#2724 = LINE ( 'NONE', #640, #3305 ) ;
#2725 = ORIENTED_EDGE ( 'NONE', *, *, #4720, .F. ) ;
#2726 = LINE ( 'NONE', #3167, #2686 ) ;
#2727 = CIRCLE ( 'NONE', #480, 0.7500000000000006661 ) ;
#2728 = EDGE_CURVE ( 'NONE', #4267, #1782, #1315, .T. ) ;
#2729 = VECTOR ( 'NONE', #5001, 1000.000000000000000 ) ;
#2730 = CARTESIAN_POINT ( 'NONE',  ( 30.94999999999999929, 49.40948300754050138, -3.050000000000000266 ) ) ;
#2731 = CARTESIAN_POINT ( 'NONE',  ( -37.75000000000000000, 38.00948300754050280, 31.69999999999999929 ) ) ;
#2732 = ORIENTED_EDGE ( 'NONE', *, *, #3375, .F. ) ;
#2733 = VECTOR ( 'NONE', #98, 1000.000000000000000 ) ;
#2734 = ORIENTED_EDGE ( 'NONE', *, *, #2995, .T. ) ;
#2735 = VERTEX_POINT ( 'NONE', #597 ) ;
#2736 = CARTESIAN_POINT ( 'NONE',  ( -40.75000000000000000, 47.95948300754049853, -40.75000000000000000 ) ) ;
#2737 = TOROIDAL_SURFACE ( 'NONE', #2159, 4.000000000000000000, 1.000000000000000000 ) ;
#2738 = CARTESIAN_POINT ( 'NONE',  ( 41.95000000000000284, 37.40948300754050138, 41.45000000000000284 ) ) ;
#2739 = VERTEX_POINT ( 'NONE', #4599 ) ;
#2740 = ORIENTED_EDGE ( 'NONE', *, *, #3173, .T. ) ;
#2741 = DIRECTION ( 'NONE',  ( 0.000000000000000000, 0.000000000000000000, -1.000000000000000000 ) ) ;
#2742 = CYLINDRICAL_SURFACE ( 'NONE', #1243, 2.499999999999998668 ) ;
#2743 = CARTESIAN_POINT ( 'NONE',  ( -15.35000000000000142, 33.40948300754050138, 39.95000000000000284 ) ) ;
#2744 = VERTEX_POINT ( 'NONE', #2941 ) ;
#2745 = ORIENTED_EDGE ( 'NONE', *, *, #2115, .T. ) ;
#2746 = PLANE ( 'NONE',  #4169 ) ;
#2747 = LINE ( 'NONE', #2800, #2851 ) ;
#2748 = VECTOR ( 'NONE', #1512, 1000.000000000000000 ) ;
#2749 = VECTOR ( 'NONE', #4569, 1000.000000000000000 ) ;
#2750 = CARTESIAN_POINT ( 'NONE',  ( -30.94999999999999929, 39.40948300754050848, 7.950000000000000178 ) ) ;
#2751 = DIRECTION ( 'NONE',  ( 0.000000000000000000, -1.000000000000000000, 0.000000000000000000 ) ) ;
#2752 = AXIS2_PLACEMENT_3D ( 'NONE', #4641, #2673, #1878 ) ;
#2753 = ORIENTED_EDGE ( 'NONE', *, *, #3742, .T. ) ;
#2754 = LINE ( 'NONE', #3955, #3767 ) ;
#2755 = CARTESIAN_POINT ( 'NONE',  ( -40.95000000000000995, 39.20703116829449186, -29.80978438499073491 ) ) ;
#2756 = DIRECTION ( 'NONE',  ( 0.000000000000000000, 0.000000000000000000, 1.000000000000000000 ) ) ;
#2757 = DIRECTION ( 'NONE',  ( 0.000000000000000000, -1.000000000000000000, 0.000000000000000000 ) ) ;
#2758 = ORIENTED_EDGE ( 'NONE', *, *, #612, .T. ) ;
#2759 = VERTEX_POINT ( 'NONE', #4996 ) ;
#2760 = ORIENTED_EDGE ( 'NONE', *, *, #595, .T. ) ;
#2761 = CARTESIAN_POINT ( 'NONE',  ( 0.000000000000000000, 43.25948300754050280, 0.000000000000000000 ) ) ;
#2762 = CARTESIAN_POINT ( 'NONE',  ( 42.05481555856604814, 39.40948300754050848, -42.95000000000000284 ) ) ;
#2763 = CIRCLE ( 'NONE', #599, 1.299999999999999156 ) ;
#2764 = EDGE_CURVE ( 'NONE', #3575, #1087, #4525, .T. ) ;
#2765 = FACE_OUTER_BOUND ( 'NONE', #3538, .T. ) ;
#2766 = ORIENTED_EDGE ( 'NONE', *, *, #18, .F. ) ;
#2767 = ORIENTED_EDGE ( 'NONE', *, *, #1496, .F. ) ;
#2768 = PLANE ( 'NONE',  #3642 ) ;
#2769 = EDGE_CURVE ( 'NONE', #3153, #2735, #4398, .T. ) ;
#2770 = AXIS2_PLACEMENT_3D ( 'NONE', #3854, #1141, #339 ) ;
#2771 = CYLINDRICAL_SURFACE ( 'NONE', #4808, 1.500000000000001332 ) ;
#2772 = EDGE_LOOP ( 'NONE', ( #1175, #556, #2078, #1498 ) ) ;
#2773 = VERTEX_POINT ( 'NONE', #544 ) ;
#2774 = AXIS2_PLACEMENT_3D ( 'NONE', #3991, #4016, #2473 ) ;
#2775 = FACE_OUTER_BOUND ( 'NONE', #1276, .T. ) ;
#2776 = EDGE_CURVE ( 'NONE', #3067, #4181, #2182, .T. ) ;
#2777 = DIRECTION ( 'NONE',  ( 0.000000000000000000, 0.000000000000000000, -1.000000000000000000 ) ) ;
#2778 = FACE_OUTER_BOUND ( 'NONE', #3828, .T. ) ;
#2779 = DIRECTION ( 'NONE',  ( 0.000000000000000000, 0.000000000000000000, -1.000000000000000000 ) ) ;
#2780 = TOROIDAL_SURFACE ( 'NONE', #1613, 2.000000000000000000, 1.000000000000000000 ) ;
#2781 = ORIENTED_EDGE ( 'NONE', *, *, #3672, .F. ) ;
#2782 = EDGE_CURVE ( 'NONE', #2218, #586, #411, .T. ) ;
#2783 = DIRECTION ( 'NONE',  ( 0.000000000000000000, 0.000000000000000000, 1.000000000000000000 ) ) ;
#2784 = CARTESIAN_POINT ( 'NONE',  ( -40.95000000000001705, 39.07292924684868041, -30.37202527407593422 ) ) ;
#2785 = CARTESIAN_POINT ( 'NONE',  ( 40.95000000000000284, 39.13055046124951986, -31.78538182669512935 ) ) ;
#2786 = DIRECTION ( 'NONE',  ( 0.000000000000000000, 0.000000000000000000, 1.000000000000000000 ) ) ;
#2787 = ORIENTED_EDGE ( 'NONE', *, *, #3622, .T. ) ;
#2788 = ORIENTED_EDGE ( 'NONE', *, *, #132, .F. ) ;
#2789 = DIRECTION ( 'NONE',  ( 0.000000000000000000, 0.000000000000000000, -1.000000000000000000 ) ) ;
#2790 = CARTESIAN_POINT ( 'NONE',  ( -40.95000000000000284, 39.07016810344276081, 31.51403236439587729 ) ) ;
#2791 = EDGE_CURVE ( 'NONE', #130, #1719, #3314, .T. ) ;
#2792 = LINE ( 'NONE', #4740, #1270 ) ;
#2793 = ORIENTED_EDGE ( 'NONE', *, *, #4413, .F. ) ;
#2794 = ORIENTED_EDGE ( 'NONE', *, *, #2451, .T. ) ;
#2795 = DIRECTION ( 'NONE',  ( 0.000000000000000000, 1.000000000000000000, 0.000000000000000000 ) ) ;
#2796 = ADVANCED_FACE ( 'NONE', ( #1422 ), #3793, .F. ) ;
#2797 = DIRECTION ( 'NONE',  ( 0.000000000000000000, -1.000000000000000000, 0.000000000000000000 ) ) ;
#2798 = ORIENTED_EDGE ( 'NONE', *, *, #4005, .T. ) ;
#2799 = DIRECTION ( 'NONE',  ( 0.000000000000000000, 0.000000000000000000, 1.000000000000000000 ) ) ;
#2800 = CARTESIAN_POINT ( 'NONE',  ( -39.25000000000000000, 45.35948300754050422, -37.75000000000000000 ) ) ;
#2801 = DIRECTION ( 'NONE',  ( 1.000000000000000000, 0.000000000000000000, 0.000000000000000000 ) ) ;
#2802 = DIRECTION ( 'NONE',  ( 0.000000000000000000, 1.000000000000000000, 0.000000000000000000 ) ) ;
#2803 = VERTEX_POINT ( 'NONE', #3404 ) ;
#2804 = CARTESIAN_POINT ( 'NONE',  ( -18.25000000000000000, 44.35948300754050422, -15.25000000000000000 ) ) ;
#2805 = CARTESIAN_POINT ( 'NONE',  ( -40.95000000000001705, 39.23187045898858116, -32.18788060575737120 ) ) ;
#2806 = AXIS2_PLACEMENT_3D ( 'NONE', #2201, #3712, #4521 ) ;
#2807 = CARTESIAN_POINT ( 'NONE',  ( 40.95000000000000284, 39.01805232409090252, -30.74619996987685866 ) ) ;
#2808 = DIRECTION ( 'NONE',  ( 0.000000000000000000, 0.000000000000000000, -1.000000000000000000 ) ) ;
#2809 = EDGE_LOOP ( 'NONE', ( #577, #1484, #3420, #2132, #4876, #4227, #4718, #2457 ) ) ;
#2810 = TOROIDAL_SURFACE ( 'NONE', #1052, 4.000000000000000000, 1.000000000000000000 ) ;
#2811 = EDGE_LOOP ( 'NONE', ( #3396, #1860, #710, #3329, #4198, #4205, #4379, #2310 ) ) ;
#2812 = VECTOR ( 'NONE', #3696, 1000.000000000000000 ) ;
#2813 = DIRECTION ( 'NONE',  ( 0.000000000000000000, 0.000000000000000000, 1.000000000000000000 ) ) ;
#2814 = CARTESIAN_POINT ( 'NONE',  ( -40.95000000000001705, 39.00880093750544120, 31.02224476795041852 ) ) ;
#2815 = VECTOR ( 'NONE', #2802, 1000.000000000000000 ) ;
#2816 = VECTOR ( 'NONE', #364, 1000.000000000000000 ) ;
#2817 = PLANE ( 'NONE',  #445 ) ;
#2818 = ADVANCED_FACE ( 'NONE', ( #229 ), #4139, .T. ) ;
#2819 = ORIENTED_EDGE ( 'NONE', *, *, #5014, .F. ) ;
#2820 = VERTEX_POINT ( 'NONE', #2155 ) ;
#2821 = EDGE_CURVE ( 'NONE', #1113, #4242, #4480, .T. ) ;
#2822 = FACE_OUTER_BOUND ( 'NONE', #398, .T. ) ;
#2823 = EDGE_CURVE ( 'NONE', #1847, #1240, #2573, .T. ) ;
#2824 = CYLINDRICAL_SURFACE ( 'NONE', #5145, 1.300000000000002487 ) ;
#2825 = EDGE_LOOP ( 'NONE', ( #2281, #867, #1591, #498 ) ) ;
#2826 = EDGE_CURVE ( 'NONE', #4975, #871, #4115, .T. ) ;
#2827 = AXIS2_PLACEMENT_3D ( 'NONE', #4475, #804, #1193 ) ;
#2828 = DIRECTION ( 'NONE',  ( 0.000000000000000000, 1.000000000000000000, 0.000000000000000000 ) ) ;
#2829 = DIRECTION ( 'NONE',  ( 0.000000000000000000, 1.000000000000000000, 0.000000000000000000 ) ) ;
#2830 = CARTESIAN_POINT ( 'NONE',  ( -41.95000000000000284, 37.40948300754050138, 41.45000000000000284 ) ) ;
#2831 = FACE_BOUND ( 'NONE', #1208, .T. ) ;
#2832 = EDGE_CURVE ( 'NONE', #2688, #3348, #3821, .T. ) ;
#2833 = AXIS2_PLACEMENT_3D ( 'NONE', #1406, #4659, #3416 ) ;
#2834 = CARTESIAN_POINT ( 'NONE',  ( -30.94999999999999929, 49.40948300754050138, 17.44999999999999929 ) ) ;
#2835 = AXIS2_PLACEMENT_3D ( 'NONE', #3469, #2647, #275 ) ;
#2836 = PLANE ( 'NONE',  #3893 ) ;
#2837 = CARTESIAN_POINT ( 'NONE',  ( 40.95000000000000995, 39.08426728830061592, -30.31617370368777031 ) ) ;
#2838 = EDGE_CURVE ( 'NONE', #3509, #3271, #3771, .T. ) ;
#2839 = CARTESIAN_POINT ( 'NONE',  ( -41.95000000000000284, 37.40948300754050138, -41.45000000000000284 ) ) ;
#2840 = CIRCLE ( 'NONE', #4576, 1.000000000000000888 ) ;
#2841 = VERTEX_POINT ( 'NONE', #1317 ) ;
#2842 = ORIENTED_EDGE ( 'NONE', *, *, #2559, .F. ) ;
#2843 = PLANE ( 'NONE',  #2436 ) ;
#2844 = CARTESIAN_POINT ( 'NONE',  ( -40.95000000000000284, 39.40948300754050848, 33.34999999999999432 ) ) ;
#2845 = EDGE_CURVE ( 'NONE', #292, #3761, #1714, .T. ) ;
#2846 = DIRECTION ( 'NONE',  ( 0.000000000000000000, 0.000000000000000000, -1.000000000000000000 ) ) ;
#2847 = ORIENTED_EDGE ( 'NONE', *, *, #285, .T. ) ;
#2848 = VERTEX_POINT ( 'NONE', #4498 ) ;
#2849 = DIRECTION ( 'NONE',  ( -1.000000000000000000, 0.000000000000000000, 0.000000000000000000 ) ) ;
#2850 = AXIS2_PLACEMENT_3D ( 'NONE', #38, #2039, #2855 ) ;
#2851 = VECTOR ( 'NONE', #4410, 1000.000000000000000 ) ;
#2852 = DIRECTION ( 'NONE',  ( 0.000000000000000000, 0.000000000000000000, -1.000000000000000000 ) ) ;
#2853 = VERTEX_POINT ( 'NONE', #3378 ) ;
#2854 = CIRCLE ( 'NONE', #4255, 0.5000000000000004441 ) ;
#2855 = DIRECTION ( 'NONE',  ( 0.000000000000000000, 0.000000000000000000, -1.000000000000000000 ) ) ;
#2856 = CYLINDRICAL_SURFACE ( 'NONE', #3335, 0.5000000000000004441 ) ;
#2857 = CARTESIAN_POINT ( 'NONE',  ( 22.95000000000000284, 49.40948300754050138, -22.55000000000000071 ) ) ;
#2858 = FACE_BOUND ( 'NONE', #4345, .T. ) ;
#2859 = TOROIDAL_SURFACE ( 'NONE', #2107, 4.000000000000000000, 1.000000000000000000 ) ;
#2860 = EDGE_LOOP ( 'NONE', ( #6, #3839, #5072, #1261 ) ) ;
#2861 = CARTESIAN_POINT ( 'NONE',  ( -37.75000000000000000, 38.40948300754050138, 33.95000000000000284 ) ) ;
#2862 = DIRECTION ( 'NONE',  ( 2.511059313838565264E-16, 0.000000000000000000, 1.000000000000000000 ) ) ;
#2863 = CARTESIAN_POINT ( 'NONE',  ( 40.95000000000001705, 39.31413809908676882, -29.36265825199987844 ) ) ;
#2864 = EDGE_CURVE ( 'NONE', #4242, #1611, #159, .T. ) ;
#2865 = VECTOR ( 'NONE', #5141, 1000.000000000000000 ) ;
#2866 = CARTESIAN_POINT ( 'NONE',  ( 30.94999999999999929, 39.40948300754050848, -23.05000000000000071 ) ) ;
#2867 = ORIENTED_EDGE ( 'NONE', *, *, #4651, .F. ) ;
#2868 = VERTEX_POINT ( 'NONE', #1008 ) ;
#2869 = LINE ( 'NONE', #2080, #2185 ) ;
#2870 = EDGE_CURVE ( 'NONE', #4994, #2386, #1817, .T. ) ;
#2871 = FACE_OUTER_BOUND ( 'NONE', #621, .T. ) ;
#2872 = DIRECTION ( 'NONE',  ( -0.000000000000000000, 1.000000000000000000, 0.000000000000000000 ) ) ;
#2873 = ORIENTED_EDGE ( 'NONE', *, *, #2331, .T. ) ;
#2874 = CARTESIAN_POINT ( 'NONE',  ( 37.75000000000000000, 39.40948300754050848, 34.95000000000000284 ) ) ;
#2875 = FACE_OUTER_BOUND ( 'NONE', #1966, .T. ) ;
#2876 = ORIENTED_EDGE ( 'NONE', *, *, #3966, .T. ) ;
#2877 = DIRECTION ( 'NONE',  ( 0.000000000000000000, 1.000000000000000000, 0.000000000000000000 ) ) ;
#2878 = DIRECTION ( 'NONE',  ( 0.000000000000000000, -1.000000000000000000, 0.000000000000000000 ) ) ;
#2879 = DIRECTION ( 'NONE',  ( 0.000000000000000000, 0.000000000000000000, 1.000000000000000000 ) ) ;
#2880 = CARTESIAN_POINT ( 'NONE',  ( 30.94999999999999929, 49.40948300754050138, 7.950000000000000178 ) ) ;
#2881 = ORIENTED_EDGE ( 'NONE', *, *, #2596, .T. ) ;
#2882 = EDGE_CURVE ( 'NONE', #545, #4369, #721, .T. ) ;
#2883 = CARTESIAN_POINT ( 'NONE',  ( -18.25000000000000000, 44.35948300754050422, -15.25000000000000000 ) ) ;
#2884 = EDGE_CURVE ( 'NONE', #777, #3402, #5123, .T. ) ;
#2885 = LINE ( 'NONE', #4886, #3407 ) ;
#2886 = FACE_OUTER_BOUND ( 'NONE', #3413, .T. ) ;
#2887 = DIRECTION ( 'NONE',  ( 1.000000000000000000, 0.000000000000000000, 4.336808689942015271E-16 ) ) ;
#2888 = CARTESIAN_POINT ( 'NONE',  ( 30.94999999999999929, 45.35948300754050422, 6.949999999999999289 ) ) ;
#2889 = ADVANCED_FACE ( 'NONE', ( #4340 ), #2737, .F. ) ;
#2890 = VERTEX_POINT ( 'NONE', #3475 ) ;
#2891 = CARTESIAN_POINT ( 'NONE',  ( -40.95000000000002416, 39.35031087522190063, 32.72816784482098029 ) ) ;
#2892 = VECTOR ( 'NONE', #3170, 1000.000000000000000 ) ;
#2893 = VERTEX_POINT ( 'NONE', #775 ) ;
#2894 = FACE_OUTER_BOUND ( 'NONE', #3760, .T. ) ;
#2895 = VECTOR ( 'NONE', #2357, 1000.000000000000000 ) ;
#2896 = VECTOR ( 'NONE', #1984, 1000.000000000000000 ) ;
#2897 = DIRECTION ( 'NONE',  ( 0.000000000000000000, -1.000000000000000000, 0.000000000000000000 ) ) ;
#2898 = EDGE_LOOP ( 'NONE', ( #529, #83, #3936, #4089 ) ) ;
#2899 = AXIS2_PLACEMENT_3D ( 'NONE', #3653, #160, #3697 ) ;
#2900 = ORIENTED_EDGE ( 'NONE', *, *, #911, .F. ) ;
#2901 = LINE ( 'NONE', #844, #847 ) ;
#2902 = DIRECTION ( 'NONE',  ( 0.000000000000000000, 0.000000000000000000, 1.000000000000000000 ) ) ;
#2903 = CARTESIAN_POINT ( 'NONE',  ( 40.95000000000000284, 39.40948300754050848, -40.95000000000000284 ) ) ;
#2904 = ADVANCED_FACE ( 'NONE', ( #747 ), #1488, .T. ) ;
#2905 = CARTESIAN_POINT ( 'NONE',  ( 40.95000000000002416, 39.35477135131114323, 32.75412082882277076 ) ) ;
#2906 = AXIS2_PLACEMENT_3D ( 'NONE', #2625, #2547, #2204 ) ;
#2907 = ORIENTED_EDGE ( 'NONE', *, *, #1046, .T. ) ;
#2908 = CYLINDRICAL_SURFACE ( 'NONE', #1694, 0.5000000000000004441 ) ;
#2909 = CARTESIAN_POINT ( 'NONE',  ( -18.25000000000000000, 41.15948300754050138, 24.25000000000000000 ) ) ;
#2910 = CARTESIAN_POINT ( 'NONE',  ( 42.25000000000000000, 47.95948300754049853, -42.25000000000000000 ) ) ;
#2911 = CARTESIAN_POINT ( 'NONE',  ( -42.95000000000000284, 49.40948300754050138, -42.95000000000000284 ) ) ;
#2912 = DIRECTION ( 'NONE',  ( 0.000000000000000000, -1.000000000000000000, 0.000000000000000000 ) ) ;
#2913 = ORIENTED_EDGE ( 'NONE', *, *, #384, .F. ) ;
#2914 = CARTESIAN_POINT ( 'NONE',  ( -37.75000000000000000, 38.00948300754050280, -30.94999999999999929 ) ) ;
#2915 = DIRECTION ( 'NONE',  ( -1.000000000000000000, 0.000000000000000000, -4.336808689942015271E-16 ) ) ;
#2916 = AXIS2_PLACEMENT_3D ( 'NONE', #4677, #3536, #2578 ) ;
#2917 = EDGE_LOOP ( 'NONE', ( #3008, #3903, #340, #3107 ) ) ;
#2918 = EDGE_LOOP ( 'NONE', ( #2944, #2043, #3959, #1830, #3384, #2990, #2359, #2527 ) ) ;
#2919 = PLANE ( 'NONE',  #4806 ) ;
#2920 = EDGE_CURVE ( 'NONE', #3861, #616, #1131, .T. ) ;
#2921 = CARTESIAN_POINT ( 'NONE',  ( 8.250000000000000000, 39.40948300754050848, 0.000000000000000000 ) ) ;
#2922 = VERTEX_POINT ( 'NONE', #3452 ) ;
#2923 = AXIS2_PLACEMENT_3D ( 'NONE', #4584, #1017, #3805 ) ;
#2924 = ORIENTED_EDGE ( 'NONE', *, *, #4522, .F. ) ;
#2925 = AXIS2_PLACEMENT_3D ( 'NONE', #2736, #4319, #389 ) ;
#2926 = CARTESIAN_POINT ( 'NONE',  ( 30.64999999999999858, 36.40948300754050138, -28.55000000000000071 ) ) ;
#2927 = CARTESIAN_POINT ( 'NONE',  ( 37.75000000000000000, 38.00948300754050280, -30.20000000000000284 ) ) ;
#2928 = DIRECTION ( 'NONE',  ( 0.000000000000000000, -1.000000000000000000, 0.000000000000000000 ) ) ;
#2929 = CARTESIAN_POINT ( 'NONE',  ( 40.95000000000002416, 39.32240143157439149, 29.32081890868226992 ) ) ;
#2930 = CIRCLE ( 'NONE', #184, 0.7500000000000006661 ) ;
#2931 = ORIENTED_EDGE ( 'NONE', *, *, #1862, .T. ) ;
#2932 = CARTESIAN_POINT ( 'NONE',  ( 8.250000000000000000, 35.85948300754049711, -37.75000000000000000 ) ) ;
#2933 = LINE ( 'NONE', #123, #1408 ) ;
#2934 = CARTESIAN_POINT ( 'NONE',  ( -18.25000000000000000, 44.35948300754050422, 19.46392568124259981 ) ) ;
#2935 = ORIENTED_EDGE ( 'NONE', *, *, #2764, .T. ) ;
#2936 = DIRECTION ( 'NONE',  ( 1.000000000000000000, 0.000000000000000000, 4.336808689942015271E-16 ) ) ;
#2937 = LINE ( 'NONE', #126, #1879 ) ;
#2938 = ORIENTED_EDGE ( 'NONE', *, *, #3418, .F. ) ;
#2939 = DIRECTION ( 'NONE',  ( 0.000000000000000000, -1.000000000000000000, 0.000000000000000000 ) ) ;
#2940 = CIRCLE ( 'NONE', #5018, 2.999999999999999112 ) ;
#2941 = CARTESIAN_POINT ( 'NONE',  ( -30.94999999999999929, 39.40948300754050848, -23.05000000000000071 ) ) ;
#2942 = ORIENTED_EDGE ( 'NONE', *, *, #1132, .F. ) ;
#2943 = VECTOR ( 'NONE', #248, 1000.000000000000000 ) ;
#2944 = ORIENTED_EDGE ( 'NONE', *, *, #744, .T. ) ;
#2945 = EDGE_CURVE ( 'NONE', #4369, #408, #4733, .T. ) ;
#2946 = DIRECTION ( 'NONE',  ( -1.000000000000000000, 0.000000000000000000, -4.336808689942015271E-16 ) ) ;
#2947 = ADVANCED_FACE ( 'NONE', ( #2653 ), #3039, .F. ) ;
#2948 = CARTESIAN_POINT ( 'NONE',  ( 30.94999999999999929, 49.40948300754050138, 6.949999999999999289 ) ) ;
#2949 = ORIENTED_EDGE ( 'NONE', *, *, #4836, .T. ) ;
#2950 = ORIENTED_EDGE ( 'NONE', *, *, #4441, .T. ) ;
#2951 = EDGE_CURVE ( 'NONE', #2258, #2684, #255, .T. ) ;
#2952 = FACE_OUTER_BOUND ( 'NONE', #1393, .T. ) ;
#2953 = DIRECTION ( 'NONE',  ( 1.000000000000000000, 0.000000000000000000, 0.000000000000000000 ) ) ;
#2954 = PLANE ( 'NONE',  #4237 ) ;
#2955 = CARTESIAN_POINT ( 'NONE',  ( 40.95000000000001705, 39.05707642384897582, 30.45505612944412732 ) ) ;
#2956 = ORIENTED_EDGE ( 'NONE', *, *, #1410, .T. ) ;
#2957 = ORIENTED_EDGE ( 'NONE', *, *, #1572, .T. ) ;
#2958 = DIRECTION ( 'NONE',  ( -2.423362248163175334E-16, 0.000000000000000000, -1.000000000000000000 ) ) ;
#2959 = DIRECTION ( 'NONE',  ( 0.000000000000000000, 0.000000000000000000, -1.000000000000000000 ) ) ;
#2960 = DIRECTION ( 'NONE',  ( 0.000000000000000000, 0.000000000000000000, -1.000000000000000000 ) ) ;
#2961 = CARTESIAN_POINT ( 'NONE',  ( -42.95000000000000284, 49.40948300754050138, -42.95000000000000284 ) ) ;
#2962 = ORIENTED_EDGE ( 'NONE', *, *, #2505, .T. ) ;
#2963 = CARTESIAN_POINT ( 'NONE',  ( 30.94999999999999929, 49.40948300754050138, -2.550000000000000266 ) ) ;
#2964 = DIRECTION ( 'NONE',  ( 0.000000000000000000, 1.000000000000000000, 0.000000000000000000 ) ) ;
#2965 = ORIENTED_EDGE ( 'NONE', *, *, #2084, .T. ) ;
#2966 = LINE ( 'NONE', #4923, #2812 ) ;
#2967 = EDGE_CURVE ( 'NONE', #4329, #3699, #1151, .T. ) ;
#2968 = CIRCLE ( 'NONE', #3717, 1.299999999999999156 ) ;
#2969 = DIRECTION ( 'NONE',  ( 0.000000000000000000, -1.000000000000000000, 0.000000000000000000 ) ) ;
#2970 = LINE ( 'NONE', #3307, #1896 ) ;
#2971 = ORIENTED_EDGE ( 'NONE', *, *, #2597, .F. ) ;
#2972 = ADVANCED_FACE ( 'NONE', ( #5023 ), #2301, .T. ) ;
#2973 = VECTOR ( 'NONE', #4248, 1000.000000000000000 ) ;
#2974 = ORIENTED_EDGE ( 'NONE', *, *, #768, .T. ) ;
#2975 = CARTESIAN_POINT ( 'NONE',  ( 0.000000000000000000, 45.35948300754050422, 16.94999999999999929 ) ) ;
#2976 = DIRECTION ( 'NONE',  ( 0.000000000000000000, -1.000000000000000000, 0.000000000000000000 ) ) ;
#2977 = ADVANCED_FACE ( 'NONE', ( #326 ), #4235, .T. ) ;
#2978 = DIRECTION ( 'NONE',  ( 0.000000000000000000, 0.000000000000000000, -1.000000000000000000 ) ) ;
#2979 = EDGE_CURVE ( 'NONE', #729, #1870, #2987, .T. ) ;
#2980 = CARTESIAN_POINT ( 'NONE',  ( 40.95000000000000284, 39.40948300754050848, 28.55000000000000071 ) ) ;
#2981 = VECTOR ( 'NONE', #4912, 1000.000000000000000 ) ;
#2982 = ORIENTED_EDGE ( 'NONE', *, *, #3672, .T. ) ;
#2983 = EDGE_LOOP ( 'NONE', ( #2038, #737, #931, #372 ) ) ;
#2984 = FACE_OUTER_BOUND ( 'NONE', #1288, .T. ) ;
#2985 = DIRECTION ( 'NONE',  ( 4.336808689942015271E-16, 0.000000000000000000, 1.000000000000000000 ) ) ;
#2986 = CARTESIAN_POINT ( 'NONE',  ( 37.75000000000000000, 36.40948300754050138, 30.94999999999999929 ) ) ;
#2987 = CIRCLE ( 'NONE', #2998, 3.000000000000002665 ) ;
#2988 = ADVANCED_FACE ( 'NONE', ( #1446 ), #2254, .F. ) ;
#2989 = LINE ( 'NONE', #4890, #3051 ) ;
#2990 = ORIENTED_EDGE ( 'NONE', *, *, #2636, .F. ) ;
#2991 = CARTESIAN_POINT ( 'NONE',  ( 30.64999999999999858, 33.40948300754050138, 36.14999999999999858 ) ) ;
#2992 = DIRECTION ( 'NONE',  ( 0.000000000000000000, -0.9986295347545739443, 0.05233595624294379994 ) ) ;
#2993 = EDGE_CURVE ( 'NONE', #1586, #3278, #1244, .T. ) ;
#2994 = ORIENTED_EDGE ( 'NONE', *, *, #594, .F. ) ;
#2995 = EDGE_CURVE ( 'NONE', #4685, #3673, #1080, .T. ) ;
#2996 = VECTOR ( 'NONE', #2263, 1000.000000000000000 ) ;
#2997 = CARTESIAN_POINT ( 'NONE',  ( -15.35000000000000142, 36.40948300754050138, -27.25000000000000000 ) ) ;
#2998 = AXIS2_PLACEMENT_3D ( 'NONE', #3900, #1917, #2330 ) ;
#2999 = FACE_OUTER_BOUND ( 'NONE', #2400, .T. ) ;
#3000 = VERTEX_POINT ( 'NONE', #2278 ) ;
#3001 = DIRECTION ( 'NONE',  ( 0.000000000000000000, -1.000000000000000000, 0.000000000000000000 ) ) ;
#3002 = ORIENTED_EDGE ( 'NONE', *, *, #4798, .F. ) ;
#3003 = VERTEX_POINT ( 'NONE', #3872 ) ;
#3004 = CYLINDRICAL_SURFACE ( 'NONE', #2923, 2.500000000000002220 ) ;
#3005 = CARTESIAN_POINT ( 'NONE',  ( -40.94999999999999574, 39.13733542550846067, 30.08407084459253866 ) ) ;
#3006 = DIRECTION ( 'NONE',  ( -3.199700324694274933E-16, 0.000000000000000000, -1.000000000000000000 ) ) ;
#3007 = CARTESIAN_POINT ( 'NONE',  ( -30.94999999999999929, 45.35948300754050422, -2.050000000000000266 ) ) ;
#3008 = ORIENTED_EDGE ( 'NONE', *, *, #1189, .T. ) ;
#3009 = EDGE_LOOP ( 'NONE', ( #897, #2760, #4749, #4262 ) ) ;
#3010 = LINE ( 'NONE', #948, #3770 ) ;
#3011 = DIRECTION ( 'NONE',  ( 0.000000000000000000, 0.000000000000000000, -1.000000000000000000 ) ) ;
#3012 = VECTOR ( 'NONE', #3727, 1000.000000000000000 ) ;
#3013 = CARTESIAN_POINT ( 'NONE',  ( 42.95000000000000284, 39.40948300754050848, 41.45000000000000284 ) ) ;
#3014 = ORIENTED_EDGE ( 'NONE', *, *, #3140, .F. ) ;
#3015 = DIRECTION ( 'NONE',  ( 0.000000000000000000, 1.000000000000000000, 0.000000000000000000 ) ) ;
#3016 = EDGE_CURVE ( 'NONE', #2922, #888, #299, .T. ) ;
#3017 = CARTESIAN_POINT ( 'NONE',  ( 42.25000000000000000, 47.95948300754049853, -40.75000000000000000 ) ) ;
#3018 = ORIENTED_EDGE ( 'NONE', *, *, #3927, .T. ) ;
#3019 = AXIS2_PLACEMENT_3D ( 'NONE', #3350, #642, #1445 ) ;
#3020 = CARTESIAN_POINT ( 'NONE',  ( -40.95000000000001705, 39.23728497900796697, -32.20966236463820564 ) ) ;
#3021 = AXIS2_PLACEMENT_3D ( 'NONE', #1706, #3613, #1627 ) ;
#3022 = DIRECTION ( 'NONE',  ( 0.000000000000000000, -1.000000000000000000, 0.000000000000000000 ) ) ;
#3023 = DIRECTION ( 'NONE',  ( 0.000000000000000000, -1.000000000000000000, 0.000000000000000000 ) ) ;
#3024 = ORIENTED_EDGE ( 'NONE', *, *, #3622, .F. ) ;
#3025 = VERTEX_POINT ( 'NONE', #383 ) ;
#3026 = CARTESIAN_POINT ( 'NONE',  ( -39.25000000000000000, 45.35948300754050422, -37.75000000000000000 ) ) ;
#3027 = CARTESIAN_POINT ( 'NONE',  ( -40.95000000000000284, 39.23187045899000225, 29.71211939423551485 ) ) ;
#3028 = CARTESIAN_POINT ( 'NONE',  ( 22.95000000000000284, 39.40948300754050848, -22.05000000000000071 ) ) ;
#3029 = LINE ( 'NONE', #4636, #560 ) ;
#3030 = ORIENTED_EDGE ( 'NONE', *, *, #2945, .F. ) ;
#3031 = VERTEX_POINT ( 'NONE', #1658 ) ;
#3032 = DIRECTION ( 'NONE',  ( 0.000000000000000000, -1.000000000000000000, 0.000000000000000000 ) ) ;
#3033 = CYLINDRICAL_SURFACE ( 'NONE', #2752, 2.500000000000002220 ) ;
#3034 = DIRECTION ( 'NONE',  ( 0.000000000000000000, 0.000000000000000000, 1.000000000000000000 ) ) ;
#3035 = EDGE_CURVE ( 'NONE', #1444, #2759, #4866, .T. ) ;
#3036 = EDGE_CURVE ( 'NONE', #3943, #3836, #4568, .T. ) ;
#3037 = VERTEX_POINT ( 'NONE', #148 ) ;
#3038 = LINE ( 'NONE', #2153, #859 ) ;
#3039 = PLANE ( 'NONE',  #3400 ) ;
#3040 = EDGE_CURVE ( 'NONE', #1514, #373, #331, .T. ) ;
#3041 = ORIENTED_EDGE ( 'NONE', *, *, #3105, .F. ) ;
#3042 = CARTESIAN_POINT ( 'NONE',  ( -40.95000000000001705, 39.09945448123052358, -30.24623934221805399 ) ) ;
#3043 = CARTESIAN_POINT ( 'NONE',  ( -22.95000000000000284, 49.40948300754050138, -12.55000000000000071 ) ) ;
#3044 = ORIENTED_EDGE ( 'NONE', *, *, #4090, .T. ) ;
#3045 = ORIENTED_EDGE ( 'NONE', *, *, #3263, .T. ) ;
#3046 = LINE ( 'NONE', #4296, #2555 ) ;
#3047 = CARTESIAN_POINT ( 'NONE',  ( -40.94999999999999574, 39.23728497901033307, 29.69033763534962489 ) ) ;
#3048 = DIRECTION ( 'NONE',  ( 0.000000000000000000, 0.000000000000000000, 1.000000000000000000 ) ) ;
#3049 = DIRECTION ( 'NONE',  ( -1.000000000000000000, 0.000000000000000000, 4.336808689942015271E-16 ) ) ;
#3050 = VERTEX_POINT ( 'NONE', #2150 ) ;
#3051 = VECTOR ( 'NONE', #4915, 1000.000000000000000 ) ;
#3052 = ORIENTED_EDGE ( 'NONE', *, *, #2485, .F. ) ;
#3053 = DIRECTION ( 'NONE',  ( 4.336808689942015271E-16, 0.000000000000000000, -1.000000000000000000 ) ) ;
#3054 = ADVANCED_FACE ( 'NONE', ( #223 ), #619, .F. ) ;
#3055 = LINE ( 'NONE', #1125, #3259 ) ;
#3056 = AXIS2_PLACEMENT_3D ( 'NONE', #1259, #771, #870 ) ;
#3057 = DIRECTION ( 'NONE',  ( 0.000000000000000000, -1.000000000000000000, 0.000000000000000000 ) ) ;
#3058 = AXIS2_PLACEMENT_3D ( 'NONE', #1848, #1147, #1929 ) ;
#3059 = DIRECTION ( 'NONE',  ( 0.000000000000000000, 1.000000000000000000, 0.000000000000000000 ) ) ;
#3060 = ORIENTED_EDGE ( 'NONE', *, *, #4434, .T. ) ;
#3061 = LINE ( 'NONE', #3501, #194 ) ;
#3062 = CARTESIAN_POINT ( 'NONE',  ( 30.64999999999999858, 36.40948300754050138, -27.25000000000000000 ) ) ;
#3063 = VECTOR ( 'NONE', #2362, 1000.000000000000000 ) ;
#3064 = EDGE_LOOP ( 'NONE', ( #1530, #2876, #136, #1905 ) ) ;
#3065 = CARTESIAN_POINT ( 'NONE',  ( -41.45000000000000284, 37.40948300754050138, 41.45000000000000284 ) ) ;
#3066 = FACE_OUTER_BOUND ( 'NONE', #1543, .T. ) ;
#3067 = VERTEX_POINT ( 'NONE', #2543 ) ;
#3068 = VECTOR ( 'NONE', #1495, 1000.000000000000000 ) ;
#3069 = VECTOR ( 'NONE', #3789, 1000.000000000000000 ) ;
#3070 = ORIENTED_EDGE ( 'NONE', *, *, #5080, .F. ) ;
#3071 = DIRECTION ( 'NONE',  ( 0.000000000000000000, -1.000000000000000000, 0.000000000000000000 ) ) ;
#3072 = EDGE_CURVE ( 'NONE', #2712, #1599, #1810, .T. ) ;
#3073 = LINE ( 'NONE', #3123, #4909 ) ;
#3074 = AXIS2_PLACEMENT_3D ( 'NONE', #1126, #3498, #5089 ) ;
#3075 = CARTESIAN_POINT ( 'NONE',  ( 30.94999999999999929, 49.40948300754050138, 6.949999999999999289 ) ) ;
#3076 = ORIENTED_EDGE ( 'NONE', *, *, #2448, .F. ) ;
#3077 = ORIENTED_EDGE ( 'NONE', *, *, #4403, .T. ) ;
#3078 = CARTESIAN_POINT ( 'NONE',  ( -18.25000000000000000, 41.15948300754050138, 24.25000000000000000 ) ) ;
#3079 = CARTESIAN_POINT ( 'NONE',  ( -22.95000000000000284, 45.35948300754050422, 17.94999999999999929 ) ) ;
#3080 = CARTESIAN_POINT ( 'NONE',  ( -37.75000000000000000, 36.40948300754050138, -30.94999999999999929 ) ) ;
#3081 = VECTOR ( 'NONE', #3629, 1000.000000000000000 ) ;
#3082 = CARTESIAN_POINT ( 'NONE',  ( 0.000000000000000000, 39.40948300754050848, -37.75000000000000000 ) ) ;
#3083 = ORIENTED_EDGE ( 'NONE', *, *, #2838, .T. ) ;
#3084 = CARTESIAN_POINT ( 'NONE',  ( -15.35000000000000142, 33.40948300754050138, 37.44999999999999574 ) ) ;
#3085 = AXIS2_PLACEMENT_3D ( 'NONE', #3700, #1800, #1722 ) ;
#3086 = AXIS2_PLACEMENT_3D ( 'NONE', #944, #2976, #579 ) ;
#3087 = DIRECTION ( 'NONE',  ( 0.000000000000000000, 1.000000000000000000, 0.000000000000000000 ) ) ;
#3088 = PLANE ( 'NONE',  #2916 ) ;
#3089 = AXIS2_PLACEMENT_3D ( 'NONE', #4860, #2535, #2902 ) ;
#3090 = EDGE_LOOP ( 'NONE', ( #2079, #3076, #2711, #3784 ) ) ;
#3091 = VERTEX_POINT ( 'NONE', #1786 ) ;
#3092 = CARTESIAN_POINT ( 'NONE',  ( -41.45000000000000284, 37.40948300754050138, -41.95000000000000284 ) ) ;
#3093 = DIRECTION ( 'NONE',  ( 0.000000000000000000, 0.000000000000000000, 1.000000000000000000 ) ) ;
#3094 = CARTESIAN_POINT ( 'NONE',  ( 30.64999999999999858, 33.40948300754050138, 39.95000000000000284 ) ) ;
#3095 = AXIS2_PLACEMENT_3D ( 'NONE', #3792, #3451, #1421 ) ;
#3096 = EDGE_CURVE ( 'NONE', #3412, #4478, #1818, .T. ) ;
#3097 = ORIENTED_EDGE ( 'NONE', *, *, #1500, .T. ) ;
#3098 = ORIENTED_EDGE ( 'NONE', *, *, #4766, .T. ) ;
#3099 = ADVANCED_FACE ( 'NONE', ( #4939 ), #3319, .F. ) ;
#3100 = LINE ( 'NONE', #2635, #676 ) ;
#3101 = VECTOR ( 'NONE', #3129, 1000.000000000000000 ) ;
#3102 = CARTESIAN_POINT ( 'NONE',  ( -30.94999999999999929, 39.40948300754050848, -2.050000000000000266 ) ) ;
#3103 = DIRECTION ( 'NONE',  ( 0.000000000000000000, -1.000000000000000000, 0.000000000000000000 ) ) ;
#3104 = ORIENTED_EDGE ( 'NONE', *, *, #1534, .T. ) ;
#3105 = EDGE_CURVE ( 'NONE', #1699, #1740, #4732, .T. ) ;
#3106 = AXIS2_PLACEMENT_3D ( 'NONE', #3550, #293, #690 ) ;
#3107 = ORIENTED_EDGE ( 'NONE', *, *, #4095, .T. ) ;
#3108 = LINE ( 'NONE', #4692, #2446 ) ;
#3109 = CARTESIAN_POINT ( 'NONE',  ( 22.95000000000000284, 49.40948300754050138, -3.050000000000000266 ) ) ;
#3110 = CARTESIAN_POINT ( 'NONE',  ( -41.45000000000000284, 39.40948300754050848, -41.45000000000000284 ) ) ;
#3111 = VERTEX_POINT ( 'NONE', #125 ) ;
#3112 = DIRECTION ( 'NONE',  ( 0.000000000000000000, -1.000000000000000000, 0.000000000000000000 ) ) ;
#3113 = DIRECTION ( 'NONE',  ( 0.000000000000000000, 0.000000000000000000, 1.000000000000000000 ) ) ;
#3114 = FACE_OUTER_BOUND ( 'NONE', #278, .T. ) ;
#3115 = EDGE_LOOP ( 'NONE', ( #146, #4589, #941, #4251 ) ) ;
#3116 = ORIENTED_EDGE ( 'NONE', *, *, #3646, .T. ) ;
#3117 = EDGE_LOOP ( 'NONE', ( #2532, #4489, #3906, #57 ) ) ;
#3118 = DIRECTION ( 'NONE',  ( 1.000000000000000000, 0.000000000000000000, -4.336808689942015271E-16 ) ) ;
#3119 = DIRECTION ( 'NONE',  ( 0.000000000000000000, 0.000000000000000000, -1.000000000000000000 ) ) ;
#3120 = EDGE_LOOP ( 'NONE', ( #341, #3869, #465, #745, #1478, #3537, #4353, #425 ) ) ;
#3121 = ORIENTED_EDGE ( 'NONE', *, *, #4059, .F. ) ;
#3122 = DIRECTION ( 'NONE',  ( 0.000000000000000000, -1.000000000000000000, 0.000000000000000000 ) ) ;
#3123 = CARTESIAN_POINT ( 'NONE',  ( -42.95000000000000284, 49.40948300754050138, 42.95000000000000284 ) ) ;
#3124 = ADVANCED_FACE ( 'NONE', ( #976 ), #4594, .F. ) ;
#3125 = FACE_OUTER_BOUND ( 'NONE', #168, .T. ) ;
#3126 = ORIENTED_EDGE ( 'NONE', *, *, #1681, .T. ) ;
#3127 = ORIENTED_EDGE ( 'NONE', *, *, #3300, .T. ) ;
#3128 = ADVANCED_FACE ( 'NONE', ( #1709 ), #1311, .F. ) ;
#3129 = DIRECTION ( 'NONE',  ( 1.000000000000000000, 0.000000000000000000, 4.336808689942015271E-16 ) ) ;
#3130 = CARTESIAN_POINT ( 'NONE',  ( -15.35000000000000142, 36.40948300754050138, 38.75000000000000000 ) ) ;
#3131 = LINE ( 'NONE', #1026, #88 ) ;
#3132 = VECTOR ( 'NONE', #4495, 1000.000000000000000 ) ;
#3133 = DIRECTION ( 'NONE',  ( 0.000000000000000000, -1.000000000000000000, 0.000000000000000000 ) ) ;
#3134 = ORIENTED_EDGE ( 'NONE', *, *, #2244, .F. ) ;
#3135 = FACE_OUTER_BOUND ( 'NONE', #3090, .T. ) ;
#3136 = AXIS2_PLACEMENT_3D ( 'NONE', #2700, #2751, #323 ) ;
#3137 = AXIS2_PLACEMENT_3D ( 'NONE', #1539, #3122, #2741 ) ;
#3138 = CARTESIAN_POINT ( 'NONE',  ( -40.95000000000001705, 39.00994101347349385, -31.01514450812216239 ) ) ;
#3139 = DIRECTION ( 'NONE',  ( 0.000000000000000000, 0.000000000000000000, 1.000000000000000000 ) ) ;
#3140 = EDGE_CURVE ( 'NONE', #1562, #3565, #172, .T. ) ;
#3141 = DIRECTION ( 'NONE',  ( 0.000000000000000000, 1.000000000000000000, 0.000000000000000000 ) ) ;
#3142 = EDGE_LOOP ( 'NONE', ( #1109, #2640, #1921, #3677 ) ) ;
#3143 = VECTOR ( 'NONE', #1708, 1000.000000000000000 ) ;
#3144 = ORIENTED_EDGE ( 'NONE', *, *, #2823, .T. ) ;
#3145 = VERTEX_POINT ( 'NONE', #1367 ) ;
#3146 = DIRECTION ( 'NONE',  ( 0.000000000000000000, -1.000000000000000000, 0.000000000000000000 ) ) ;
#3147 = CARTESIAN_POINT ( 'NONE',  ( -40.95000000000000284, 39.03179187657202220, 30.60035487155634470 ) ) ;
#3148 = VECTOR ( 'NONE', #934, 1000.000000000000000 ) ;
#3149 = DIRECTION ( 'NONE',  ( 1.000000000000000000, 0.000000000000000000, 0.000000000000000000 ) ) ;
#3150 = DIRECTION ( 'NONE',  ( 0.000000000000000000, 1.000000000000000000, 0.000000000000000000 ) ) ;
#3151 = ADVANCED_FACE ( 'NONE', ( #4494 ), #592, .T. ) ;
#3152 = ORIENTED_EDGE ( 'NONE', *, *, #911, .T. ) ;
#3153 = VERTEX_POINT ( 'NONE', #928 ) ;
#3154 = DIRECTION ( 'NONE',  ( 0.000000000000000000, 1.000000000000000000, 0.000000000000000000 ) ) ;
#3155 = DIRECTION ( 'NONE',  ( 0.000000000000000000, 1.000000000000000000, 0.000000000000000000 ) ) ;
#3156 = VERTEX_POINT ( 'NONE', #3373 ) ;
#3157 = EDGE_LOOP ( 'NONE', ( #1267, #5058, #3158, #3831 ) ) ;
#3158 = ORIENTED_EDGE ( 'NONE', *, *, #4746, .T. ) ;
#3159 = DIRECTION ( 'NONE',  ( 0.000000000000000000, -1.000000000000000000, 0.000000000000000000 ) ) ;
#3160 = DIRECTION ( 'NONE',  ( 0.000000000000000000, -1.000000000000000000, 0.000000000000000000 ) ) ;
#3161 = AXIS2_PLACEMENT_3D ( 'NONE', #2691, #1041, #3048 ) ;
#3162 = VECTOR ( 'NONE', #3902, 1000.000000000000000 ) ;
#3163 = DIRECTION ( 'NONE',  ( 0.000000000000000000, 1.000000000000000000, 0.000000000000000000 ) ) ;
#3164 = FACE_BOUND ( 'NONE', #3633, .T. ) ;
#3165 = EDGE_CURVE ( 'NONE', #2350, #1661, #2126, .T. ) ;
#3166 = ORIENTED_EDGE ( 'NONE', *, *, #225, .F. ) ;
#3167 = CARTESIAN_POINT ( 'NONE',  ( 24.25000000000000000, 43.25948300754050280, 19.46392568124259981 ) ) ;
#3168 = CARTESIAN_POINT ( 'NONE',  ( -40.95000000000000995, 39.07467922567897034, -30.36333168959657769 ) ) ;
#3169 = CARTESIAN_POINT ( 'NONE',  ( 40.95000000000000284, 39.35846707777243836, -29.12383070299119225 ) ) ;
#3170 = DIRECTION ( 'NONE',  ( 0.000000000000000000, -0.9986295347545739443, -0.05233595624294379994 ) ) ;
#3171 = ORIENTED_EDGE ( 'NONE', *, *, #1076, .T. ) ;
#3172 = AXIS2_PLACEMENT_3D ( 'NONE', #3608, #2828, #4409 ) ;
#3173 = EDGE_CURVE ( 'NONE', #2803, #245, #2593, .T. ) ;
#3174 = ORIENTED_EDGE ( 'NONE', *, *, #4849, .F. ) ;
#3175 = AXIS2_PLACEMENT_3D ( 'NONE', #2366, #1974, #1 ) ;
#3176 = DIRECTION ( 'NONE',  ( 0.000000000000000000, 0.000000000000000000, -1.000000000000000000 ) ) ;
#3177 = PLANE ( 'NONE',  #3569 ) ;
#3178 = AXIS2_PLACEMENT_3D ( 'NONE', #820, #3160, #2777 ) ;
#3179 = EDGE_CURVE ( 'NONE', #2137, #729, #4110, .T. ) ;
#3180 = CARTESIAN_POINT ( 'NONE',  ( -41.45000000000000284, 37.40948300754050138, -40.95000000000000284 ) ) ;
#3181 = VERTEX_POINT ( 'NONE', #2494 ) ;
#3182 = ORIENTED_EDGE ( 'NONE', *, *, #4981, .F. ) ;
#3183 = CARTESIAN_POINT ( 'NONE',  ( 37.75000000000000000, 37.40948300754050138, 30.94999999999999929 ) ) ;
#3184 = AXIS2_PLACEMENT_3D ( 'NONE', #1451, #4708, #4240 ) ;
#3185 = DIRECTION ( 'NONE',  ( -1.000000000000000000, 0.000000000000000000, 0.000000000000000000 ) ) ;
#3186 = ORIENTED_EDGE ( 'NONE', *, *, #4, .T. ) ;
#3187 = EDGE_LOOP ( 'NONE', ( #3406, #4984 ) ) ;
#3188 = VECTOR ( 'NONE', #104, 1000.000000000000000 ) ;
#3189 = CARTESIAN_POINT ( 'NONE',  ( 37.75000000000000000, 36.40948300754050138, 30.94999999999999929 ) ) ;
#3190 = CARTESIAN_POINT ( 'NONE',  ( 37.75000000000000000, 37.40948300754050138, -27.94999999999999929 ) ) ;
#3191 = CARTESIAN_POINT ( 'NONE',  ( 40.95000000000000284, 39.40948300754050848, 33.34999999999999432 ) ) ;
#3192 = DIRECTION ( 'NONE',  ( 0.000000000000000000, 0.000000000000000000, -1.000000000000000000 ) ) ;
#3193 = AXIS2_PLACEMENT_3D ( 'NONE', #773, #3557, #2381 ) ;
#3194 = ORIENTED_EDGE ( 'NONE', *, *, #827, .F. ) ;
#3195 = CARTESIAN_POINT ( 'NONE',  ( 18.25000000000000000, 44.35948300754050422, -15.25000000000000000 ) ) ;
#3196 = CARTESIAN_POINT ( 'NONE',  ( -40.95000000000003837, 39.13733542550242106, -31.81592915538122668 ) ) ;
#3197 = CARTESIAN_POINT ( 'NONE',  ( 40.95000000000000995, 39.27286981110109565, -29.54348319217521990 ) ) ;
#3198 = EDGE_CURVE ( 'NONE', #3402, #4917, #3245, .T. ) ;
#3199 = CARTESIAN_POINT ( 'NONE',  ( -15.35000000000000142, 33.40948300754050138, 37.44999999999999574 ) ) ;
#3200 = VERTEX_POINT ( 'NONE', #2323 ) ;
#3201 = ADVANCED_FACE ( 'NONE', ( #4617, #1833 ), #1048, .T. ) ;
#3202 = ORIENTED_EDGE ( 'NONE', *, *, #1672, .T. ) ;
#3203 = DIRECTION ( 'NONE',  ( 4.336808689942015271E-16, 0.000000000000000000, 1.000000000000000000 ) ) ;
#3204 = EDGE_CURVE ( 'NONE', #2276, #3003, #738, .T. ) ;
#3205 = DIRECTION ( 'NONE',  ( 1.000000000000000000, 0.000000000000000000, -2.511059313838565264E-16 ) ) ;
#3206 = EDGE_CURVE ( 'NONE', #2890, #2202, #4694, .T. ) ;
#3207 = FACE_BOUND ( 'NONE', #1874, .T. ) ;
#3208 = EDGE_LOOP ( 'NONE', ( #239, #4405, #1453, #1926, #3778, #1252, #1477, #1011, #4620, #1570, #414, #689, #3984, #3018, #1143, #4281, #3549, #2701, #1248, #450 ) ) ;
#3209 = ORIENTED_EDGE ( 'NONE', *, *, #1729, .T. ) ;
#3210 = LINE ( 'NONE', #4854, #1391 ) ;
#3211 = CARTESIAN_POINT ( 'NONE',  ( -22.95000000000000284, 49.40948300754050138, -22.55000000000000071 ) ) ;
#3212 = ORIENTED_EDGE ( 'NONE', *, *, #4307, .F. ) ;
#3213 = CARTESIAN_POINT ( 'NONE',  ( -42.25000000000000000, 49.40948300754050138, 42.25000000000000000 ) ) ;
#3214 = CARTESIAN_POINT ( 'NONE',  ( 37.75000000000000000, 36.40948300754050138, -30.94999999999999929 ) ) ;
#3215 = DIRECTION ( 'NONE',  ( 1.756682000989169763E-16, 0.000000000000000000, 1.000000000000000000 ) ) ;
#3216 = LINE ( 'NONE', #4835, #4716 ) ;
#3217 = EDGE_CURVE ( 'NONE', #4678, #4827, #351, .T. ) ;
#3218 = LINE ( 'NONE', #2883, #4680 ) ;
#3219 = CARTESIAN_POINT ( 'NONE',  ( 22.95000000000000284, 39.40948300754050848, -12.55000000000000071 ) ) ;
#3220 = AXIS2_PLACEMENT_3D ( 'NONE', #3638, #854, #2808 ) ;
#3221 = CARTESIAN_POINT ( 'NONE',  ( 40.95000000000000995, 39.19992695377677450, -29.83944265715635069 ) ) ;
#3222 = DIRECTION ( 'NONE',  ( 0.000000000000000000, -1.000000000000000000, 0.000000000000000000 ) ) ;
#3223 = ORIENTED_EDGE ( 'NONE', *, *, #4849, .T. ) ;
#3224 = AXIS2_PLACEMENT_3D ( 'NONE', #1443, #5038, #3034 ) ;
#3225 = ORIENTED_EDGE ( 'NONE', *, *, #3844, .F. ) ;
#3226 = AXIS2_PLACEMENT_3D ( 'NONE', #761, #3881, #314 ) ;
#3227 = DIRECTION ( 'NONE',  ( 0.000000000000000000, 0.000000000000000000, 1.000000000000000000 ) ) ;
#3228 = PLANE ( 'NONE',  #5063 ) ;
#3229 = AXIS2_PLACEMENT_3D ( 'NONE', #1541, #3155, #4432 ) ;
#3230 = CIRCLE ( 'NONE', #981, 0.5000000000000004441 ) ;
#3231 = FACE_BOUND ( 'NONE', #2468, .T. ) ;
#3232 = ORIENTED_EDGE ( 'NONE', *, *, #1866, .F. ) ;
#3233 = ORIENTED_EDGE ( 'NONE', *, *, #874, .F. ) ;
#3234 = LINE ( 'NONE', #886, #3559 ) ;
#3235 = FACE_OUTER_BOUND ( 'NONE', #1043, .T. ) ;
#3236 = EDGE_LOOP ( 'NONE', ( #1412, #2090, #2655, #5093 ) ) ;
#3237 = EDGE_CURVE ( 'NONE', #1865, #680, #4829, .T. ) ;
#3238 = DIRECTION ( 'NONE',  ( 0.000000000000000000, 0.000000000000000000, -1.000000000000000000 ) ) ;
#3239 = CARTESIAN_POINT ( 'NONE',  ( -37.75000000000000000, 38.00948300754050280, -30.94999999999999929 ) ) ;
#3240 = CARTESIAN_POINT ( 'NONE',  ( 0.000000000000000000, 45.35948300754050422, -13.05000000000000071 ) ) ;
#3241 = FACE_BOUND ( 'NONE', #3942, .T. ) ;
#3242 = ORIENTED_EDGE ( 'NONE', *, *, #1771, .T. ) ;
#3243 = CIRCLE ( 'NONE', #3661, 0.5000000000000000000 ) ;
#3244 = CARTESIAN_POINT ( 'NONE',  ( 19.25000000000000000, 45.35948300754050422, -16.25000000000000000 ) ) ;
#3245 = CIRCLE ( 'NONE', #505, 1.300000000000002487 ) ;
#3246 = CYLINDRICAL_SURFACE ( 'NONE', #313, 1.000000000000000888 ) ;
#3247 = ORIENTED_EDGE ( 'NONE', *, *, #4925, .T. ) ;
#3248 = CARTESIAN_POINT ( 'NONE',  ( 40.95000000000000995, 39.40253862007828900, -28.78617469050360000 ) ) ;
#3249 = CARTESIAN_POINT ( 'NONE',  ( 41.45000000000000284, 39.40948300754050848, 42.95000000000000284 ) ) ;
#3250 = VECTOR ( 'NONE', #4050, 1000.000000000000000 ) ;
#3251 = ORIENTED_EDGE ( 'NONE', *, *, #1447, .F. ) ;
#3252 = ORIENTED_EDGE ( 'NONE', *, *, #2882, .T. ) ;
#3253 = CARTESIAN_POINT ( 'NONE',  ( 37.75000000000000000, 37.40948300754050138, 30.94999999999999929 ) ) ;
#3254 = CARTESIAN_POINT ( 'NONE',  ( -40.94999999999999574, 39.15665355912552315, 31.89139749177167360 ) ) ;
#3255 = LINE ( 'NONE', #3180, #2605 ) ;
#3256 = ORIENTED_EDGE ( 'NONE', *, *, #3268, .F. ) ;
#3257 = CARTESIAN_POINT ( 'NONE',  ( -15.35000000000000142, 39.40948300754050848, -28.55000000000000071 ) ) ;
#3258 = VECTOR ( 'NONE', #2287, 1000.000000000000000 ) ;
#3259 = VECTOR ( 'NONE', #1047, 1000.000000000000000 ) ;
#3260 = EDGE_CURVE ( 'NONE', #3003, #4074, #2071, .T. ) ;
#3261 = CARTESIAN_POINT ( 'NONE',  ( -30.94999999999999929, 49.40948300754050138, -13.05000000000000071 ) ) ;
#3262 = ORIENTED_EDGE ( 'NONE', *, *, #986, .F. ) ;
#3263 = EDGE_CURVE ( 'NONE', #106, #1728, #835, .T. ) ;
#3264 = DIRECTION ( 'NONE',  ( 0.000000000000000000, 1.000000000000000000, 0.000000000000000000 ) ) ;
#3265 = CARTESIAN_POINT ( 'NONE',  ( 22.95000000000000284, 45.35948300754050422, -12.55000000000000071 ) ) ;
#3266 = AXIS2_PLACEMENT_3D ( 'NONE', #3435, #1428, #4604 ) ;
#3267 = LINE ( 'NONE', #3367, #834 ) ;
#3268 = EDGE_CURVE ( 'NONE', #4074, #3003, #4407, .T. ) ;
#3269 = CARTESIAN_POINT ( 'NONE',  ( 0.000000000000000000, 39.40948300754050848, 0.000000000000000000 ) ) ;
#3270 = VECTOR ( 'NONE', #1395, 1000.000000000000000 ) ;
#3271 = VERTEX_POINT ( 'NONE', #3892 ) ;
#3272 = PLANE ( 'NONE',  #2690 ) ;
#3273 = CARTESIAN_POINT ( 'NONE',  ( 30.94999999999999929, 49.40948300754050138, -12.55000000000000071 ) ) ;
#3274 = PLANE ( 'NONE',  #72 ) ;
#3275 = CARTESIAN_POINT ( 'NONE',  ( 40.94999999999999574, 39.34833575221167479, -32.71699573076254808 ) ) ;
#3276 = AXIS2_PLACEMENT_3D ( 'NONE', #2516, #4031, #924 ) ;
#3277 = LINE ( 'NONE', #4006, #555 ) ;
#3278 = VERTEX_POINT ( 'NONE', #5037 ) ;
#3279 = ORIENTED_EDGE ( 'NONE', *, *, #4541, .F. ) ;
#3280 = PLANE ( 'NONE',  #2020 ) ;
#3281 = EDGE_CURVE ( 'NONE', #3571, #4421, #1911, .T. ) ;
#3282 = LINE ( 'NONE', #204, #240 ) ;
#3283 = EDGE_LOOP ( 'NONE', ( #4873, #4661, #3885, #4748 ) ) ;
#3284 = DIRECTION ( 'NONE',  ( 1.000000000000000000, 0.000000000000000000, 0.000000000000000000 ) ) ;
#3285 = DIRECTION ( 'NONE',  ( 0.000000000000000000, 0.000000000000000000, -1.000000000000000000 ) ) ;
#3286 = ORIENTED_EDGE ( 'NONE', *, *, #2993, .T. ) ;
#3287 = ORIENTED_EDGE ( 'NONE', *, *, #2596, .F. ) ;
#3288 = CARTESIAN_POINT ( 'NONE',  ( 8.250000000000000000, 45.35948300754050422, -36.75000000000000000 ) ) ;
#3289 = LINE ( 'NONE', #3337, #4425 ) ;
#3290 = DIRECTION ( 'NONE',  ( 0.000000000000000000, -1.000000000000000000, 0.000000000000000000 ) ) ;
#3291 = CARTESIAN_POINT ( 'NONE',  ( 40.95000000000003126, 39.07016810344300950, 30.38596763560272862 ) ) ;
#3292 = EDGE_LOOP ( 'NONE', ( #2758, #135, #1016, #3182 ) ) ;
#3293 = CARTESIAN_POINT ( 'NONE',  ( -19.25000000000000000, 45.35948300754050422, -16.25000000000000000 ) ) ;
#3294 = DIRECTION ( 'NONE',  ( -1.000000000000000000, 0.000000000000000000, 0.000000000000000000 ) ) ;
#3295 = CARTESIAN_POINT ( 'NONE',  ( 22.95000000000000284, 49.40948300754050138, -13.05000000000000071 ) ) ;
#3296 = CARTESIAN_POINT ( 'NONE',  ( 39.25000000000000000, 45.35948300754050422, -37.75000000000000000 ) ) ;
#3297 = CARTESIAN_POINT ( 'NONE',  ( 40.95000000000000284, 39.40948300754050848, -41.45000000000000284 ) ) ;
#3298 = ORIENTED_EDGE ( 'NONE', *, *, #5040, .F. ) ;
#3299 = DIRECTION ( 'NONE',  ( 0.000000000000000000, -1.000000000000000000, 0.000000000000000000 ) ) ;
#3300 = EDGE_CURVE ( 'NONE', #680, #1865, #1665, .T. ) ;
#3301 = CARTESIAN_POINT ( 'NONE',  ( -30.94999999999999929, 45.35948300754050422, 7.450000000000000178 ) ) ;
#3302 = AXIS2_PLACEMENT_3D ( 'NONE', #1212, #3222, #2466 ) ;
#3303 = ORIENTED_EDGE ( 'NONE', *, *, #3896, .F. ) ;
#3304 = CARTESIAN_POINT ( 'NONE',  ( 37.75000000000000000, 36.40948300754050138, -30.20000000000000284 ) ) ;
#3305 = VECTOR ( 'NONE', #4309, 1000.000000000000000 ) ;
#3306 = TOROIDAL_SURFACE ( 'NONE', #1054, 4.000000000000000000, 1.000000000000000000 ) ;
#3307 = CARTESIAN_POINT ( 'NONE',  ( -42.25000000000000000, 49.40948300754050138, -40.75000000000000000 ) ) ;
#3308 = ORIENTED_EDGE ( 'NONE', *, *, #27, .T. ) ;
#3309 = ORIENTED_EDGE ( 'NONE', *, *, #4946, .F. ) ;
#3310 = CYLINDRICAL_SURFACE ( 'NONE', #1502, 1.299999999999999156 ) ;
#3311 = CARTESIAN_POINT ( 'NONE',  ( -5.022118627677129543E-15, 45.35948300754050422, -13.05000000000000071 ) ) ;
#3312 = CARTESIAN_POINT ( 'NONE',  ( 19.25000000000000000, 44.35948300754050422, 19.46392568124259981 ) ) ;
#3313 = CARTESIAN_POINT ( 'NONE',  ( 40.95000000000003837, 39.01170064168390184, 31.05942944563465602 ) ) ;
#3314 = CIRCLE ( 'NONE', #1987, 0.5000000000000004441 ) ;
#3315 = VERTEX_POINT ( 'NONE', #1462 ) ;
#3316 = CARTESIAN_POINT ( 'NONE',  ( -22.95000000000000284, 45.35948300754050422, -12.05000000000000071 ) ) ;
#3317 = DIRECTION ( 'NONE',  ( 1.000000000000000000, 0.000000000000000000, 0.000000000000000000 ) ) ;
#3318 = LINE ( 'NONE', #902, #2981 ) ;
#3319 = PLANE ( 'NONE',  #4993 ) ;
#3320 = CARTESIAN_POINT ( 'NONE',  ( -30.94999999999999929, 45.35948300754050422, -13.05000000000000071 ) ) ;
#3321 = EDGE_CURVE ( 'NONE', #4942, #4535, #5062, .T. ) ;
#3322 = AXIS2_PLACEMENT_3D ( 'NONE', #4517, #974, #3372 ) ;
#3323 = EDGE_CURVE ( 'NONE', #2168, #3836, #3131, .T. ) ;
#3324 = EDGE_LOOP ( 'NONE', ( #2529, #4741, #3247, #2290 ) ) ;
#3325 = DIRECTION ( 'NONE',  ( -1.000000000000000000, 0.000000000000000000, 0.000000000000000000 ) ) ;
#3326 = DIRECTION ( 'NONE',  ( 1.000000000000000000, 0.000000000000000000, 0.000000000000000000 ) ) ;
#3327 = AXIS2_PLACEMENT_3D ( 'NONE', #1918, #988, #2187 ) ;
#3328 = EDGE_CURVE ( 'NONE', #1682, #3156, #3409, .T. ) ;
#3329 = ORIENTED_EDGE ( 'NONE', *, *, #1165, .F. ) ;
#3330 = CARTESIAN_POINT ( 'NONE',  ( -40.95000000000003126, 39.40948300754052269, -33.25795792920060734 ) ) ;
#3331 = PLANE ( 'NONE',  #2899 ) ;
#3332 = ORIENTED_EDGE ( 'NONE', *, *, #3453, .F. ) ;
#3333 = CIRCLE ( 'NONE', #3085, 2.500000000000002220 ) ;
#3334 = VERTEX_POINT ( 'NONE', #4278 ) ;
#3335 = AXIS2_PLACEMENT_3D ( 'NONE', #769, #3528, #2355 ) ;
#3336 = DIRECTION ( 'NONE',  ( 0.000000000000000000, 1.000000000000000000, 0.000000000000000000 ) ) ;
#3337 = CARTESIAN_POINT ( 'NONE',  ( 8.890457814381229050E-16, 45.35948300754050422, -2.050000000000000266 ) ) ;
#3338 = CARTESIAN_POINT ( 'NONE',  ( 37.75000000000000000, 38.00948300754050280, -31.69999999999999929 ) ) ;
#3339 = CARTESIAN_POINT ( 'NONE',  ( 40.95000000000002416, 39.19992695377685976, 32.06055734284359460 ) ) ;
#3340 = CIRCLE ( 'NONE', #2599, 1.000000000000000888 ) ;
#3341 = ORIENTED_EDGE ( 'NONE', *, *, #2212, .F. ) ;
#3342 = LINE ( 'NONE', #3422, #2109 ) ;
#3343 = CARTESIAN_POINT ( 'NONE',  ( -37.75000000000000000, 38.00948300754050280, -30.94999999999999929 ) ) ;
#3344 = DIRECTION ( 'NONE',  ( 1.000000000000000000, 0.000000000000000000, 0.000000000000000000 ) ) ;
#3345 = CARTESIAN_POINT ( 'NONE',  ( -30.94999999999999929, 49.40948300754050138, -22.05000000000000071 ) ) ;
#3346 = DIRECTION ( 'NONE',  ( 0.000000000000000000, 0.000000000000000000, -1.000000000000000000 ) ) ;
#3347 = AXIS2_PLACEMENT_3D ( 'NONE', #153, #467, #50 ) ;
#3348 = VERTEX_POINT ( 'NONE', #3924 ) ;
#3349 = EDGE_CURVE ( 'NONE', #752, #1584, #639, .T. ) ;
#3350 = CARTESIAN_POINT ( 'NONE',  ( -41.45000000000000284, 49.40948300754050138, -41.45000000000000284 ) ) ;
#3351 = AXIS2_PLACEMENT_3D ( 'NONE', #823, #4807, #850 ) ;
#3352 = ADVANCED_FACE ( 'NONE', ( #1442 ), #3033, .T. ) ;
#3353 = DIRECTION ( 'NONE',  ( 0.000000000000000000, 1.000000000000000000, 0.000000000000000000 ) ) ;
#3354 = ADVANCED_FACE ( 'NONE', ( #4230 ), #1912, .T. ) ;
#3355 = EDGE_CURVE ( 'NONE', #4129, #408, #1521, .T. ) ;
#3356 = AXIS2_PLACEMENT_3D ( 'NONE', #2696, #3159, #3889 ) ;
#3357 = ORIENTED_EDGE ( 'NONE', *, *, #3349, .T. ) ;
#3358 = EDGE_CURVE ( 'NONE', #641, #940, #65, .T. ) ;
#3359 = CARTESIAN_POINT ( 'NONE',  ( -40.95000000000000995, 39.31413809907760992, -32.53734174795334866 ) ) ;
#3360 = ADVANCED_FACE ( 'NONE', ( #4361 ), #377, .T. ) ;
#3361 = DIRECTION ( 'NONE',  ( 0.000000000000000000, 0.000000000000000000, 1.000000000000000000 ) ) ;
#3362 = VERTEX_POINT ( 'NONE', #3581 ) ;
#3363 = ORIENTED_EDGE ( 'NONE', *, *, #2656, .T. ) ;
#3364 = DIRECTION ( 'NONE',  ( 1.000000000000000000, 0.000000000000000000, 0.000000000000000000 ) ) ;
#3365 = ADVANCED_FACE ( 'NONE', ( #2432 ), #4752, .T. ) ;
#3366 = CARTESIAN_POINT ( 'NONE',  ( -41.45000000000000284, 49.40948300754050138, 42.95000000000000284 ) ) ;
#3367 = CARTESIAN_POINT ( 'NONE',  ( -30.94999999999999929, 39.40948300754050848, -12.05000000000000071 ) ) ;
#3368 = CARTESIAN_POINT ( 'NONE',  ( 40.95000000000001705, 39.09987110665075249, 31.65632125129572927 ) ) ;
#3369 = ORIENTED_EDGE ( 'NONE', *, *, #2538, .T. ) ;
#3370 = ORIENTED_EDGE ( 'NONE', *, *, #716, .T. ) ;
#3371 = CARTESIAN_POINT ( 'NONE',  ( 37.75000000000000000, 38.00948300754050280, -31.69999999999999929 ) ) ;
#3372 = DIRECTION ( 'NONE',  ( 0.000000000000000000, 0.000000000000000000, 1.000000000000000000 ) ) ;
#3373 = CARTESIAN_POINT ( 'NONE',  ( 30.64999999999999858, 39.40948300754050848, 34.95000000000000284 ) ) ;
#3374 = DIRECTION ( 'NONE',  ( -1.615574832108784706E-16, 0.000000000000000000, -1.000000000000000000 ) ) ;
#3375 = EDGE_CURVE ( 'NONE', #3050, #4690, #1155, .T. ) ;
#3376 = ORIENTED_EDGE ( 'NONE', *, *, #4222, .F. ) ;
#3377 = CARTESIAN_POINT ( 'NONE',  ( 22.95000000000000284, 39.40948300754050848, -3.050000000000000266 ) ) ;
#3378 = CARTESIAN_POINT ( 'NONE',  ( 37.75000000000000000, 37.40948300754050138, 27.94999999999999929 ) ) ;
#3379 = VERTEX_POINT ( 'NONE', #404 ) ;
#3380 = CYLINDRICAL_SURFACE ( 'NONE', #4969, 2.999999999999999112 ) ;
#3381 = AXIS2_PLACEMENT_3D ( 'NONE', #2961, #4542, #3374 ) ;
#3382 = CARTESIAN_POINT ( 'NONE',  ( -37.75000000000000000, 39.40948300754050848, 30.94999999999999929 ) ) ;
#3383 = CARTESIAN_POINT ( 'NONE',  ( 30.94999999999999929, 39.40948300754050848, -13.05000000000000071 ) ) ;
#3384 = ORIENTED_EDGE ( 'NONE', *, *, #3901, .T. ) ;
#3385 = CIRCLE ( 'NONE', #307, 2.500000000000002220 ) ;
#3386 = EDGE_LOOP ( 'NONE', ( #3802, #4315 ) ) ;
#3387 = AXIS2_PLACEMENT_3D ( 'NONE', #2260, #1956, #5133 ) ;
#3388 = PLANE ( 'NONE',  #431 ) ;
#3389 = LINE ( 'NONE', #4980, #5090 ) ;
#3390 = DIRECTION ( 'NONE',  ( 0.000000000000000000, 0.000000000000000000, 1.000000000000000000 ) ) ;
#3391 = CIRCLE ( 'NONE', #1564, 1.000000000000000888 ) ;
#3392 = CARTESIAN_POINT ( 'NONE',  ( 40.95000000000001705, 39.13733542550619404, 31.81592915539858879 ) ) ;
#3393 = VECTOR ( 'NONE', #73, 1000.000000000000000 ) ;
#3394 = ORIENTED_EDGE ( 'NONE', *, *, #3395, .T. ) ;
#3395 = EDGE_CURVE ( 'NONE', #2462, #1135, #3631, .T. ) ;
#3396 = ORIENTED_EDGE ( 'NONE', *, *, #4562, .T. ) ;
#3397 = LINE ( 'NONE', #3733, #2943 ) ;
#3398 = FACE_OUTER_BOUND ( 'NONE', #187, .T. ) ;
#3399 = CARTESIAN_POINT ( 'NONE',  ( 9.562663161322160152E-15, 45.35948300754050422, -22.05000000000000071 ) ) ;
#3400 = AXIS2_PLACEMENT_3D ( 'NONE', #5095, #1161, #4674 ) ;
#3401 = DIRECTION ( 'NONE',  ( 0.000000000000000000, -1.000000000000000000, 0.000000000000000000 ) ) ;
#3402 = VERTEX_POINT ( 'NONE', #3610 ) ;
#3403 = DIRECTION ( 'NONE',  ( -1.000000000000000000, 0.000000000000000000, 0.000000000000000000 ) ) ;
#3404 = CARTESIAN_POINT ( 'NONE',  ( 22.95000000000000284, 39.40948300754050848, 17.94999999999999929 ) ) ;
#3405 = EDGE_CURVE ( 'NONE', #2739, #4664, #4000, .T. ) ;
#3406 = ORIENTED_EDGE ( 'NONE', *, *, #5105, .T. ) ;
#3407 = VECTOR ( 'NONE', #3294, 1000.000000000000000 ) ;
#3408 = CARTESIAN_POINT ( 'NONE',  ( -22.95000000000000284, 49.40948300754050138, 17.94999999999999929 ) ) ;
#3409 = CIRCLE ( 'NONE', #1164, 2.500000000000002220 ) ;
#3410 = FACE_OUTER_BOUND ( 'NONE', #1355, .T. ) ;
#3411 = CARTESIAN_POINT ( 'NONE',  ( -41.45000000000000284, 37.40948300754050138, 41.95000000000000284 ) ) ;
#3412 = VERTEX_POINT ( 'NONE', #2750 ) ;
#3413 = EDGE_LOOP ( 'NONE', ( #3664, #4330, #388, #2661 ) ) ;
#3414 = DIRECTION ( 'NONE',  ( 0.000000000000000000, 0.000000000000000000, -1.000000000000000000 ) ) ;
#3415 = CARTESIAN_POINT ( 'NONE',  ( -40.95000000000000284, 39.24958788647912655, 29.64031608400012274 ) ) ;
#3416 = DIRECTION ( 'NONE',  ( 1.000000000000000000, 0.000000000000000000, 0.000000000000000000 ) ) ;
#3417 = ADVANCED_FACE ( 'NONE', ( #2405 ), #4834, .F. ) ;
#3418 = EDGE_CURVE ( 'NONE', #4172, #1171, #821, .T. ) ;
#3419 = DIRECTION ( 'NONE',  ( 0.000000000000000000, -1.000000000000000000, 0.000000000000000000 ) ) ;
#3420 = ORIENTED_EDGE ( 'NONE', *, *, #4164, .F. ) ;
#3421 = ORIENTED_EDGE ( 'NONE', *, *, #3179, .T. ) ;
#3422 = CARTESIAN_POINT ( 'NONE',  ( -18.25000000000000000, 41.15948300754050138, 24.25000000000000000 ) ) ;
#3423 = PLANE ( 'NONE',  #2011 ) ;
#3424 = CARTESIAN_POINT ( 'NONE',  ( 40.75000000000000000, 49.40948300754050138, -42.25000000000000000 ) ) ;
#3425 = EDGE_CURVE ( 'NONE', #4267, #4478, #14, .T. ) ;
#3426 = VECTOR ( 'NONE', #3146, 1000.000000000000000 ) ;
#3427 = CARTESIAN_POINT ( 'NONE',  ( -30.94999999999999929, 39.40948300754050848, 7.950000000000000178 ) ) ;
#3428 = ORIENTED_EDGE ( 'NONE', *, *, #4990, .T. ) ;
#3429 = CARTESIAN_POINT ( 'NONE',  ( -37.75000000000000000, 36.40948300754050138, -28.94999999999999929 ) ) ;
#3430 = DIRECTION ( 'NONE',  ( 0.000000000000000000, -1.000000000000000000, 0.000000000000000000 ) ) ;
#3431 = AXIS2_PLACEMENT_3D ( 'NONE', #1845, #4265, #4654 ) ;
#3432 = ORIENTED_EDGE ( 'NONE', *, *, #4035, .T. ) ;
#3433 = DIRECTION ( 'NONE',  ( 0.000000000000000000, 0.000000000000000000, -1.000000000000000000 ) ) ;
#3434 = AXIS2_PLACEMENT_3D ( 'NONE', #2198, #1387, #617 ) ;
#3435 = CARTESIAN_POINT ( 'NONE',  ( -37.75000000000000000, 36.40948300754050138, 30.94999999999999929 ) ) ;
#3436 = EDGE_CURVE ( 'NONE', #2693, #2072, #2018, .T. ) ;
#3437 = ORIENTED_EDGE ( 'NONE', *, *, #3436, .F. ) ;
#3438 = VERTEX_POINT ( 'NONE', #3191 ) ;
#3439 = DIRECTION ( 'NONE',  ( 0.000000000000000000, -1.000000000000000000, 0.000000000000000000 ) ) ;
#3440 = FACE_OUTER_BOUND ( 'NONE', #607, .T. ) ;
#3441 = FACE_OUTER_BOUND ( 'NONE', #2007, .T. ) ;
#3442 = LINE ( 'NONE', #5032, #894 ) ;
#3443 = ORIENTED_EDGE ( 'NONE', *, *, #3844, .T. ) ;
#3444 = ADVANCED_FACE ( 'NONE', ( #2356 ), #3552, .F. ) ;
#3445 = ORIENTED_EDGE ( 'NONE', *, *, #2782, .F. ) ;
#3446 = FACE_OUTER_BOUND ( 'NONE', #2336, .T. ) ;
#3447 = CARTESIAN_POINT ( 'NONE',  ( -15.35000000000000142, 36.40948300754050138, -29.85000000000000142 ) ) ;
#3448 = DIRECTION ( 'NONE',  ( 1.674039542559039894E-16, 0.000000000000000000, 1.000000000000000000 ) ) ;
#3449 = DIRECTION ( 'NONE',  ( 0.000000000000000000, -1.000000000000000000, 0.000000000000000000 ) ) ;
#3450 = VERTEX_POINT ( 'NONE', #2069 ) ;
#3451 = DIRECTION ( 'NONE',  ( 0.000000000000000000, 1.000000000000000000, 0.000000000000000000 ) ) ;
#3452 = CARTESIAN_POINT ( 'NONE',  ( -39.25000000000000000, 47.95948300754049853, -37.75000000000000000 ) ) ;
#3453 = EDGE_CURVE ( 'NONE', #4478, #4329, #2460, .T. ) ;
#3454 = ORIENTED_EDGE ( 'NONE', *, *, #4241, .T. ) ;
#3455 = PRESENTATION_STYLE_ASSIGNMENT (( #2189 ) ) ;
#3456 = DIRECTION ( 'NONE',  ( 0.000000000000000000, -1.000000000000000000, 0.000000000000000000 ) ) ;
#3457 = ORIENTED_EDGE ( 'NONE', *, *, #4038, .T. ) ;
#3458 = VERTEX_POINT ( 'NONE', #1625 ) ;
#3459 = LINE ( 'NONE', #3026, #2477 ) ;
#3460 = CIRCLE ( 'NONE', #2723, 1.299999999999999156 ) ;
#3461 = CARTESIAN_POINT ( 'NONE',  ( 22.95000000000000284, 49.40948300754050138, -12.55000000000000071 ) ) ;
#3462 = CARTESIAN_POINT ( 'NONE',  ( -37.75000000000000000, 36.40948300754050138, -30.94999999999999929 ) ) ;
#3463 = VERTEX_POINT ( 'NONE', #1205 ) ;
#3464 = AXIS2_PLACEMENT_3D ( 'NONE', #2215, #4587, #5082 ) ;
#3465 = VERTEX_POINT ( 'NONE', #3657 ) ;
#3466 = CARTESIAN_POINT ( 'NONE',  ( 30.94999999999999929, 39.40948300754050848, 7.950000000000000178 ) ) ;
#3467 = DIRECTION ( 'NONE',  ( 0.000000000000000000, 0.000000000000000000, 1.000000000000000000 ) ) ;
#3468 = AXIS2_PLACEMENT_3D ( 'NONE', #1873, #1457, #4273 ) ;
#3469 = CARTESIAN_POINT ( 'NONE',  ( 37.75000000000000000, 36.40948300754050138, -30.94999999999999929 ) ) ;
#3470 = AXIS2_PLACEMENT_3D ( 'NONE', #3594, #5128, #2002 ) ;
#3471 = DIRECTION ( 'NONE',  ( 0.000000000000000000, 0.000000000000000000, -1.000000000000000000 ) ) ;
#3472 = PRODUCT_DEFINITION_FORMATION_WITH_SPECIFIED_SOURCE ( 'хн╨н', '', #4792, .NOT_KNOWN. ) ;
#3473 = EDGE_LOOP ( 'NONE', ( #5113, #2935, #4094, #4744 ) ) ;
#3474 = CARTESIAN_POINT ( 'NONE',  ( -15.35000000000000142, 36.40948300754050138, 37.44999999999999574 ) ) ;
#3475 = CARTESIAN_POINT ( 'NONE',  ( 18.25000000000000000, 41.15948300754050138, 24.25000000000000000 ) ) ;
#3476 = EDGE_CURVE ( 'NONE', #3601, #361, #5074, .T. ) ;
#3477 = CARTESIAN_POINT ( 'NONE',  ( 37.75000000000000000, 36.40948300754050138, -33.95000000000000284 ) ) ;
#3478 = EDGE_CURVE ( 'NONE', #3571, #4535, #4722, .T. ) ;
#3479 = AXIS2_PLACEMENT_3D ( 'NONE', #3988, #417, #4065 ) ;
#3480 = ORIENTED_EDGE ( 'NONE', *, *, #3742, .F. ) ;
#3481 = ORIENTED_EDGE ( 'NONE', *, *, #3703, .F. ) ;
#3482 = DIRECTION ( 'NONE',  ( 1.000000000000000000, 0.000000000000000000, 0.000000000000000000 ) ) ;
#3483 = EDGE_CURVE ( 'NONE', #3000, #4928, #1179, .T. ) ;
#3484 = CYLINDRICAL_SURFACE ( 'NONE', #2650, 0.5000000000000004441 ) ;
#3485 = DIRECTION ( 'NONE',  ( 0.000000000000000000, 1.000000000000000000, 0.000000000000000000 ) ) ;
#3486 = ORIENTED_EDGE ( 'NONE', *, *, #5039, .F. ) ;
#3487 = VECTOR ( 'NONE', #1117, 1000.000000000000000 ) ;
#3488 = VECTOR ( 'NONE', #2222, 1000.000000000000000 ) ;
#3489 = ORIENTED_EDGE ( 'NONE', *, *, #2636, .T. ) ;
#3490 = CARTESIAN_POINT ( 'NONE',  ( -39.25000000000000000, 45.35948300754050422, 41.14999999999999858 ) ) ;
#3491 = LINE ( 'NONE', #4982, #2996 ) ;
#3492 = AXIS2_PLACEMENT_3D ( 'NONE', #4487, #945, #2928 ) ;
#3493 = DIRECTION ( 'NONE',  ( 0.000000000000000000, -1.000000000000000000, 0.000000000000000000 ) ) ;
#3494 = ORIENTED_EDGE ( 'NONE', *, *, #4883, .T. ) ;
#3495 = VERTEX_POINT ( 'NONE', #1574 ) ;
#3496 = DIRECTION ( 'NONE',  ( -1.000000000000000000, 0.000000000000000000, 0.000000000000000000 ) ) ;
#3497 = CYLINDRICAL_SURFACE ( 'NONE', #4174, 0.7500000000000006661 ) ;
#3498 = DIRECTION ( 'NONE',  ( 4.336808689942015271E-16, 0.000000000000000000, -1.000000000000000000 ) ) ;
#3499 = DIRECTION ( 'NONE',  ( 0.000000000000000000, 0.000000000000000000, 1.000000000000000000 ) ) ;
#3500 = ORIENTED_EDGE ( 'NONE', *, *, #4820, .F. ) ;
#3501 = CARTESIAN_POINT ( 'NONE',  ( 40.95000000000000284, 39.40948300754050848, -41.45000000000000284 ) ) ;
#3502 = CIRCLE ( 'NONE', #2678, 1.000000000000000888 ) ;
#3503 =( GEOMETRIC_REPRESENTATION_CONTEXT ( 3 ) GLOBAL_UNCERTAINTY_ASSIGNED_CONTEXT ( ( #2642 ) ) GLOBAL_UNIT_ASSIGNED_CONTEXT ( ( #1519, #5015, #1099 ) ) REPRESENTATION_CONTEXT ( 'NONE', 'WORKASPACE' ) );
#3504 = DIRECTION ( 'NONE',  ( 1.000000000000000000, 0.000000000000000000, 0.000000000000000000 ) ) ;
#3505 = DIRECTION ( 'NONE',  ( -2.638362701105410028E-16, 0.000000000000000000, -1.000000000000000000 ) ) ;
#3506 = ORIENTED_EDGE ( 'NONE', *, *, #119, .T. ) ;
#3507 = AXIS2_PLACEMENT_3D ( 'NONE', #365, #632, #2637 ) ;
#3508 = ADVANCED_FACE ( 'NONE', ( #2778 ), #1302, .T. ) ;
#3509 = VERTEX_POINT ( 'NONE', #1702 ) ;
#3510 = ORIENTED_EDGE ( 'NONE', *, *, #1858, .T. ) ;
#3511 = CARTESIAN_POINT ( 'NONE',  ( 40.95000000000000284, 39.40948300754050848, -40.95000000000000284 ) ) ;
#3512 = EDGE_CURVE ( 'NONE', #796, #219, #2119, .T. ) ;
#3513 =( NAMED_UNIT ( * ) SI_UNIT ( $, .STERADIAN. ) SOLID_ANGLE_UNIT ( ) );
#3514 = EDGE_CURVE ( 'NONE', #2168, #4375, #1381, .T. ) ;
#3515 = CARTESIAN_POINT ( 'NONE',  ( 37.75000000000000000, 36.40948300754050138, 31.69999999999999929 ) ) ;
#3516 = VECTOR ( 'NONE', #3325, 1000.000000000000000 ) ;
#3517 = VERTEX_POINT ( 'NONE', #4513 ) ;
#3518 = EDGE_LOOP ( 'NONE', ( #2717, #1282, #460, #4039 ) ) ;
#3519 = EDGE_CURVE ( 'NONE', #863, #4472, #1247, .T. ) ;
#3520 = CARTESIAN_POINT ( 'NONE',  ( 30.94999999999999929, 39.40948300754050848, -2.050000000000000266 ) ) ;
#3521 = TOROIDAL_SURFACE ( 'NONE', #3351, 4.000000000000000000, 1.000000000000000000 ) ;
#3522 = DIRECTION ( 'NONE',  ( 0.000000000000000000, 0.000000000000000000, 1.000000000000000000 ) ) ;
#3523 = DIRECTION ( 'NONE',  ( 0.000000000000000000, 0.000000000000000000, -1.000000000000000000 ) ) ;
#3524 = EDGE_LOOP ( 'NONE', ( #3252, #1961, #1577, #2767 ) ) ;
#3525 = ORIENTED_EDGE ( 'NONE', *, *, #3927, .F. ) ;
#3526 = EDGE_CURVE ( 'NONE', #2137, #726, #2840, .T. ) ;
#3527 = DIRECTION ( 'NONE',  ( 0.000000000000000000, 0.000000000000000000, 1.000000000000000000 ) ) ;
#3528 = DIRECTION ( 'NONE',  ( 0.000000000000000000, -1.000000000000000000, 0.000000000000000000 ) ) ;
#3529 = DIRECTION ( 'NONE',  ( 0.000000000000000000, -1.000000000000000000, 0.000000000000000000 ) ) ;
#3530 = CARTESIAN_POINT ( 'NONE',  ( -37.75000000000000000, 39.40948300754050848, -26.95000000000000284 ) ) ;
#3531 = ORIENTED_EDGE ( 'NONE', *, *, #2728, .F. ) ;
#3532 = CARTESIAN_POINT ( 'NONE',  ( -40.95000000000000284, 39.40948300754050848, 41.45000000000000284 ) ) ;
#3533 = DIRECTION ( 'NONE',  ( 0.000000000000000000, -1.000000000000000000, 0.000000000000000000 ) ) ;
#3534 = DIRECTION ( 'NONE',  ( 0.000000000000000000, 1.000000000000000000, 0.000000000000000000 ) ) ;
#3535 = ADVANCED_FACE ( 'NONE', ( #4078 ), #509, .F. ) ;
#3536 = DIRECTION ( 'NONE',  ( 0.000000000000000000, 0.000000000000000000, -1.000000000000000000 ) ) ;
#3537 = ORIENTED_EDGE ( 'NONE', *, *, #3546, .F. ) ;
#3538 = EDGE_LOOP ( 'NONE', ( #2588, #681, #4702, #2867 ) ) ;
#3539 = ORIENTED_EDGE ( 'NONE', *, *, #202, .T. ) ;
#3540 = CARTESIAN_POINT ( 'NONE',  ( -30.94999999999999929, 49.40948300754050138, 7.950000000000000178 ) ) ;
#3541 = DIRECTION ( 'NONE',  ( -2.511059313838565264E-16, 0.000000000000000000, -1.000000000000000000 ) ) ;
#3542 = FACE_BOUND ( 'NONE', #2437, .T. ) ;
#3543 = ORIENTED_EDGE ( 'NONE', *, *, #382, .F. ) ;
#3544 = ORIENTED_EDGE ( 'NONE', *, *, #4730, .T. ) ;
#3545 = DIRECTION ( 'NONE',  ( 0.000000000000000000, 0.000000000000000000, 1.000000000000000000 ) ) ;
#3546 = EDGE_CURVE ( 'NONE', #4630, #2297, #1279, .T. ) ;
#3547 = DIRECTION ( 'NONE',  ( 0.000000000000000000, -1.000000000000000000, 0.000000000000000000 ) ) ;
#3548 = VERTEX_POINT ( 'NONE', #165 ) ;
#3549 = ORIENTED_EDGE ( 'NONE', *, *, #1471, .T. ) ;
#3550 = CARTESIAN_POINT ( 'NONE',  ( -30.94999999999999929, 49.40948300754050138, -22.05000000000000071 ) ) ;
#3551 = DIRECTION ( 'NONE',  ( -1.000000000000000000, 0.000000000000000000, 0.000000000000000000 ) ) ;
#3552 = CYLINDRICAL_SURFACE ( 'NONE', #1914, 0.5000000000000004441 ) ;
#3553 = VECTOR ( 'NONE', #1490, 1000.000000000000000 ) ;
#3554 = EDGE_CURVE ( 'NONE', #935, #1163, #3782, .T. ) ;
#3555 = CARTESIAN_POINT ( 'NONE',  ( -39.25000000000000000, 47.95948300754049853, -37.75000000000000000 ) ) ;
#3556 = ORIENTED_EDGE ( 'NONE', *, *, #2435, .F. ) ;
#3557 = DIRECTION ( 'NONE',  ( 0.000000000000000000, -1.000000000000000000, 0.000000000000000000 ) ) ;
#3558 = CIRCLE ( 'NONE', #1303, 0.5000000000000004441 ) ;
#3559 = VECTOR ( 'NONE', #2475, 1000.000000000000000 ) ;
#3560 = CARTESIAN_POINT ( 'NONE',  ( -40.95000000000001705, 39.13730949413116633, -30.08684693834348778 ) ) ;
#3561 = CARTESIAN_POINT ( 'NONE',  ( 40.95000000000000284, 39.01170064168495344, -30.84057055435640748 ) ) ;
#3562 = CARTESIAN_POINT ( 'NONE',  ( 22.95000000000000284, 49.40948300754050138, -12.05000000000000071 ) ) ;
#3563 = ORIENTED_EDGE ( 'NONE', *, *, #384, .T. ) ;
#3564 = CIRCLE ( 'NONE', #570, 2.499999999999998668 ) ;
#3565 = VERTEX_POINT ( 'NONE', #2487 ) ;
#3566 = FACE_OUTER_BOUND ( 'NONE', #4543, .T. ) ;
#3567 = EDGE_CURVE ( 'NONE', #1135, #3000, #4880, .T. ) ;
#3568 = CARTESIAN_POINT ( 'NONE',  ( -41.45000000000000284, 39.40948300754050848, -41.45000000000000284 ) ) ;
#3569 = AXIS2_PLACEMENT_3D ( 'NONE', #883, #3644, #4790 ) ;
#3570 = CARTESIAN_POINT ( 'NONE',  ( -37.75000000000000000, 37.40948300754050138, 30.94999999999999929 ) ) ;
#3571 = VERTEX_POINT ( 'NONE', #551 ) ;
#3572 = ORIENTED_EDGE ( 'NONE', *, *, #600, .F. ) ;
#3573 = CARTESIAN_POINT ( 'NONE',  ( 22.95000000000000284, 45.35948300754050422, -22.05000000000000071 ) ) ;
#3574 = LINE ( 'NONE', #3968, #1226 ) ;
#3575 = VERTEX_POINT ( 'NONE', #4932 ) ;
#3576 = ORIENTED_EDGE ( 'NONE', *, *, #4953, .F. ) ;
#3577 = DIRECTION ( 'NONE',  ( 0.000000000000000000, 0.000000000000000000, -1.000000000000000000 ) ) ;
#3578 = EDGE_CURVE ( 'NONE', #3111, #2515, #92, .T. ) ;
#3579 = DIRECTION ( 'NONE',  ( 0.000000000000000000, -1.000000000000000000, 0.000000000000000000 ) ) ;
#3580 = AXIS2_PLACEMENT_3D ( 'NONE', #1013, #4170, #1970 ) ;
#3581 = CARTESIAN_POINT ( 'NONE',  ( 37.75000000000000000, 38.40948300754050138, 33.95000000000000284 ) ) ;
#3582 = EDGE_CURVE ( 'NONE', #219, #5106, #3999, .T. ) ;
#3583 = CARTESIAN_POINT ( 'NONE',  ( 37.75000000000000000, 36.40948300754050138, -30.94999999999999929 ) ) ;
#3584 = VERTEX_POINT ( 'NONE', #4905 ) ;
#3585 = DIRECTION ( 'NONE',  ( 1.000000000000000000, 0.000000000000000000, -4.336808689942015271E-16 ) ) ;
#3586 = EDGE_CURVE ( 'NONE', #312, #3584, #1329, .T. ) ;
#3587 = CARTESIAN_POINT ( 'NONE',  ( -40.95000000000001705, 39.28670624617252116, -29.49073465030888386 ) ) ;
#3588 = CARTESIAN_POINT ( 'NONE',  ( 40.95000000000000995, 39.07467922567902718, -31.53666831040435170 ) ) ;
#3589 = PLANE ( 'NONE',  #1217 ) ;
#3590 = VERTEX_POINT ( 'NONE', #4126 ) ;
#3591 = VECTOR ( 'NONE', #4903, 1000.000000000000000 ) ;
#3592 = ORIENTED_EDGE ( 'NONE', *, *, #3281, .F. ) ;
#3593 = VECTOR ( 'NONE', #1587, 1000.000000000000000 ) ;
#3594 = CARTESIAN_POINT ( 'NONE',  ( 37.75000000000000000, 38.40948300754050138, -30.94999999999999929 ) ) ;
#3595 = CARTESIAN_POINT ( 'NONE',  ( 37.75000000000000000, 37.40948300754050138, -30.94999999999999929 ) ) ;
#3596 = ORIENTED_EDGE ( 'NONE', *, *, #986, .T. ) ;
#3597 = AXIS2_PLACEMENT_3D ( 'NONE', #4049, #2068, #4879 ) ;
#3598 = FACE_BOUND ( 'NONE', #571, .T. ) ;
#3599 = ORIENTED_EDGE ( 'NONE', *, *, #2699, .F. ) ;
#3600 = AXIS2_PLACEMENT_3D ( 'NONE', #1036, #4684, #3119 ) ;
#3601 = VERTEX_POINT ( 'NONE', #1753 ) ;
#3602 = CARTESIAN_POINT ( 'NONE',  ( -37.75000000000000000, 36.40948300754050138, 30.94999999999999929 ) ) ;
#3603 = CLOSED_SHELL ( 'NONE', ( #374, #4187, #2603, #2889, #332, #1739, #496, #51, #2049, #1881, #3908, #3795, #3945, #2904, #2098, #833, #2130, #469, #81, #5108, #3922, #3732, #4997, #2663, #3683, #2265, #4271, #2270, #2284, #4030, #2719, #3360, #1575, #282, #4100, #1095, #4885, #3151, #1348, #4830, #5086, #3201, #3775, #1358, #590, #4082, #3352, #3710, #2818, #2334, #1799, #2681, #1635, #154, #444, #2274, #968, #5060, #1028, #3508, #1258, #1792, #3128, #4948, #5111, #3354, #4481, #2972, #453, #1029, #3750, #276, #3851, #673, #3444, #207, #3919, #214, #2796, #2055, #2177, #4500, #70, #427, #713, #1546, #2176, #4867, #110, #2988, #872, #1089, #1675, #511, #2133, #4477, #3124, #2977, #4700, #2947, #4916, #853, #2522, #3904, #3604, #3651, #2675, #3739, #327, #1952, #4349, #978, #650, #3099, #4334, #1930, #2306, #3829, #59, #1280, #5000, #1086, #4891, #3535, #175, #4505, #4841, #4344, #433, #3365, #787, #4341, #3054, #5044, #10, #4665, #4823, #807, #3970, #1407, #2569, #406, #238, #1118, #585, #923, #3417, #4439, #4444, #2264, #693, #1123, #1505, #2339, #2073, #918, #518, #430 ) ) ;
#3604 = ADVANCED_FACE ( 'NONE', ( #2194 ), #2954, .F. ) ;
#3605 = CARTESIAN_POINT ( 'NONE',  ( 37.75000000000000000, 37.40948300754050138, -30.94999999999999929 ) ) ;
#3606 = VERTEX_POINT ( 'NONE', #4152 ) ;
#3607 = AXIS2_PLACEMENT_3D ( 'NONE', #4137, #2939, #1789 ) ;
#3608 = CARTESIAN_POINT ( 'NONE',  ( 40.75000000000000000, 47.95948300754049853, 40.75000000000000000 ) ) ;
#3609 = LINE ( 'NONE', #845, #4502 ) ;
#3610 = CARTESIAN_POINT ( 'NONE',  ( -15.35000000000000142, 33.40948300754050138, 36.14999999999999858 ) ) ;
#3611 = FACE_BOUND ( 'NONE', #1354, .T. ) ;
#3612 = CIRCLE ( 'NONE', #4934, 1.500000000000001332 ) ;
#3613 = DIRECTION ( 'NONE',  ( 0.000000000000000000, 1.000000000000000000, 0.000000000000000000 ) ) ;
#3614 = CARTESIAN_POINT ( 'NONE',  ( -42.95000000000000284, 49.40948300754050138, -42.95000000000000284 ) ) ;
#3615 = CARTESIAN_POINT ( 'NONE',  ( 40.95000000000000284, 39.36911875541630934, -29.05699466014512922 ) ) ;
#3616 = DIRECTION ( 'NONE',  ( 0.000000000000000000, -1.000000000000000000, 0.000000000000000000 ) ) ;
#3617 = ORIENTED_EDGE ( 'NONE', *, *, #3349, .F. ) ;
#3618 = ORIENTED_EDGE ( 'NONE', *, *, #1834, .F. ) ;
#3619 = DIRECTION ( 'NONE',  ( 0.000000000000000000, 1.000000000000000000, 0.000000000000000000 ) ) ;
#3620 = DIRECTION ( 'NONE',  ( 0.000000000000000000, 1.000000000000000000, 0.000000000000000000 ) ) ;
#3621 = VERTEX_POINT ( 'NONE', #216 ) ;
#3622 = EDGE_CURVE ( 'NONE', #102, #3960, #4646, .T. ) ;
#3623 = CARTESIAN_POINT ( 'NONE',  ( -37.75000000000000000, 36.40948300754050138, -30.94999999999999929 ) ) ;
#3624 = EDGE_LOOP ( 'NONE', ( #4656, #1525, #1982, #305 ) ) ;
#3625 = ORIENTED_EDGE ( 'NONE', *, *, #4976, .T. ) ;
#3626 = CARTESIAN_POINT ( 'NONE',  ( -40.95000000000000284, 39.40948300754050848, 41.45000000000000284 ) ) ;
#3627 = DIRECTION ( 'NONE',  ( 0.000000000000000000, 0.000000000000000000, -1.000000000000000000 ) ) ;
#3628 = ORIENTED_EDGE ( 'NONE', *, *, #1794, .T. ) ;
#3629 = DIRECTION ( 'NONE',  ( 0.000000000000000000, 0.000000000000000000, -1.000000000000000000 ) ) ;
#3630 = DIRECTION ( 'NONE',  ( 0.000000000000000000, -1.000000000000000000, 0.000000000000000000 ) ) ;
#3631 = LINE ( 'NONE', #4026, #4411 ) ;
#3632 = CARTESIAN_POINT ( 'NONE',  ( -41.95000000000000284, 37.40948300754050138, 41.45000000000000284 ) ) ;
#3633 = EDGE_LOOP ( 'NONE', ( #3996, #4755, #2548, #3233 ) ) ;
#3634 = CARTESIAN_POINT ( 'NONE',  ( 37.75000000000000000, 37.40948300754050138, -32.95000000000000284 ) ) ;
#3635 = CARTESIAN_POINT ( 'NONE',  ( 40.95000000000000284, 37.40948300754050138, -41.45000000000000284 ) ) ;
#3636 = VECTOR ( 'NONE', #3933, 1000.000000000000000 ) ;
#3637 = CARTESIAN_POINT ( 'NONE',  ( 30.94999999999999929, 39.40948300754050848, -12.05000000000000071 ) ) ;
#3638 = CARTESIAN_POINT ( 'NONE',  ( 30.64999999999999858, 36.40948300754050138, 37.44999999999999574 ) ) ;
#3639 = ORIENTED_EDGE ( 'NONE', *, *, #5152, .F. ) ;
#3640 = CIRCLE ( 'NONE', #3464, 1.000000000000000888 ) ;
#3641 = ORIENTED_EDGE ( 'NONE', *, *, #1157, .F. ) ;
#3642 = AXIS2_PLACEMENT_3D ( 'NONE', #1198, #2849, #4797 ) ;
#3643 = LINE ( 'NONE', #4063, #3516 ) ;
#3644 = DIRECTION ( 'NONE',  ( 0.000000000000000000, 0.000000000000000000, -1.000000000000000000 ) ) ;
#3645 = EDGE_CURVE ( 'NONE', #2503, #4447, #2166, .T. ) ;
#3646 = EDGE_CURVE ( 'NONE', #1647, #1586, #3267, .T. ) ;
#3647 = AXIS2_PLACEMENT_3D ( 'NONE', #4086, #515, #437 ) ;
#3648 = DIRECTION ( 'NONE',  ( 0.000000000000000000, -1.000000000000000000, 0.000000000000000000 ) ) ;
#3649 = ORIENTED_EDGE ( 'NONE', *, *, #1636, .F. ) ;
#3650 = CARTESIAN_POINT ( 'NONE',  ( 22.95000000000000284, 49.40948300754050138, -22.05000000000000071 ) ) ;
#3651 = ADVANCED_FACE ( 'NONE', ( #2614, #2714 ), #2638, .T. ) ;
#3652 = AXIS2_PLACEMENT_3D ( 'NONE', #1761, #561, #1736 ) ;
#3653 = CARTESIAN_POINT ( 'NONE',  ( 42.95000000000000284, 49.40948300754050138, -42.95000000000000284 ) ) ;
#3654 = ORIENTED_EDGE ( 'NONE', *, *, #1046, .F. ) ;
#3655 = DIRECTION ( 'NONE',  ( 0.000000000000000000, 0.000000000000000000, 1.000000000000000000 ) ) ;
#3656 = LINE ( 'NONE', #91, #603 ) ;
#3657 = CARTESIAN_POINT ( 'NONE',  ( -32.25000000000000000, 43.25948300754050280, 19.46392568124259981 ) ) ;
#3658 = EDGE_CURVE ( 'NONE', #3584, #601, #4586, .T. ) ;
#3659 = DIRECTION ( 'NONE',  ( 0.000000000000000000, -1.000000000000000000, 0.000000000000000000 ) ) ;
#3660 = EDGE_LOOP ( 'NONE', ( #1069, #4951 ) ) ;
#3661 = AXIS2_PLACEMENT_3D ( 'NONE', #4911, #170, #925 ) ;
#3662 = DIRECTION ( 'NONE',  ( 0.000000000000000000, 0.000000000000000000, -1.000000000000000000 ) ) ;
#3663 = CARTESIAN_POINT ( 'NONE',  ( -41.45000000000000284, 39.40948300754050848, 42.05481555856604814 ) ) ;
#3664 = ORIENTED_EDGE ( 'NONE', *, *, #1834, .T. ) ;
#3665 = CARTESIAN_POINT ( 'NONE',  ( 40.95000000000000995, 39.28670624615935481, -32.40926534962805761 ) ) ;
#3666 = LINE ( 'NONE', #4868, #2295 ) ;
#3667 = AXIS2_PLACEMENT_3D ( 'NONE', #893, #994, #2095 ) ;
#3668 = ORIENTED_EDGE ( 'NONE', *, *, #1579, .F. ) ;
#3669 = ORIENTED_EDGE ( 'NONE', *, *, #2472, .F. ) ;
#3670 = DIRECTION ( 'NONE',  ( 1.000000000000000000, 0.000000000000000000, 0.000000000000000000 ) ) ;
#3671 = CARTESIAN_POINT ( 'NONE',  ( -40.95000000000001705, 39.01650571233363252, 31.16735509235060420 ) ) ;
#3672 = EDGE_CURVE ( 'NONE', #4447, #3517, #685, .T. ) ;
#3673 = VERTEX_POINT ( 'NONE', #3102 ) ;
#3674 = DIRECTION ( 'NONE',  ( 0.000000000000000000, 0.000000000000000000, 1.000000000000000000 ) ) ;
#3675 = CARTESIAN_POINT ( 'NONE',  ( -18.25000000000000000, 43.25948300754050280, 19.46392568124259981 ) ) ;
#3676 = ORIENTED_EDGE ( 'NONE', *, *, #1007, .F. ) ;
#3677 = ORIENTED_EDGE ( 'NONE', *, *, #4035, .F. ) ;
#3678 = CARTESIAN_POINT ( 'NONE',  ( 37.75000000000000000, 36.40948300754050138, -31.69999999999999929 ) ) ;
#3679 = CARTESIAN_POINT ( 'NONE',  ( -32.25000000000000000, 43.25948300754050280, 41.14999999999999858 ) ) ;
#3680 = CIRCLE ( 'NONE', #2521, 0.7500000000000006661 ) ;
#3681 = DIRECTION ( 'NONE',  ( -1.000000000000000000, 0.000000000000000000, 0.000000000000000000 ) ) ;
#3682 = CARTESIAN_POINT ( 'NONE',  ( 40.95000000000003837, 39.07292924684863777, 30.37202527407507802 ) ) ;
#3683 = ADVANCED_FACE ( 'NONE', ( #5031, #4201 ), #1456, .F. ) ;
#3684 = CIRCLE ( 'NONE', #526, 0.7500000000000006661 ) ;
#3685 = VERTEX_POINT ( 'NONE', #1092 ) ;
#3686 = DIRECTION ( 'NONE',  ( 0.000000000000000000, 0.000000000000000000, -1.000000000000000000 ) ) ;
#3687 = DIRECTION ( 'NONE',  ( -0.000000000000000000, 1.000000000000000000, 0.000000000000000000 ) ) ;
#3688 = DIRECTION ( 'NONE',  ( 0.000000000000000000, 0.000000000000000000, -1.000000000000000000 ) ) ;
#3689 = DIRECTION ( 'NONE',  ( 1.000000000000000000, 0.000000000000000000, -4.336808689942015271E-16 ) ) ;
#3690 = AXIS2_PLACEMENT_3D ( 'NONE', #1730, #2619, #2540 ) ;
#3691 = FACE_OUTER_BOUND ( 'NONE', #2267, .T. ) ;
#3692 = ORIENTED_EDGE ( 'NONE', *, *, #3072, .T. ) ;
#3693 = CARTESIAN_POINT ( 'NONE',  ( -40.95000000000000284, 39.14124878322358114, 31.82918120014252494 ) ) ;
#3694 = EDGE_CURVE ( 'NONE', #1782, #881, #3859, .T. ) ;
#3695 = ORIENTED_EDGE ( 'NONE', *, *, #1186, .T. ) ;
#3696 = DIRECTION ( 'NONE',  ( -3.199700324694274933E-16, 0.000000000000000000, -1.000000000000000000 ) ) ;
#3697 = DIRECTION ( 'NONE',  ( 0.000000000000000000, 1.000000000000000000, 0.000000000000000000 ) ) ;
#3698 = VERTEX_POINT ( 'NONE', #3028 ) ;
#3699 = VERTEX_POINT ( 'NONE', #4609 ) ;
#3700 = CARTESIAN_POINT ( 'NONE',  ( -15.35000000000000142, 39.40948300754050848, 37.44999999999999574 ) ) ;
#3701 = DIRECTION ( 'NONE',  ( 0.000000000000000000, 1.000000000000000000, 0.000000000000000000 ) ) ;
#3702 = DIRECTION ( 'NONE',  ( 0.000000000000000000, -1.000000000000000000, 0.000000000000000000 ) ) ;
#3703 = EDGE_CURVE ( 'NONE', #4266, #1893, #87, .T. ) ;
#3704 = CARTESIAN_POINT ( 'NONE',  ( 40.95000000000002416, 39.40253862007827479, 33.11382530950911729 ) ) ;
#3705 = ORIENTED_EDGE ( 'NONE', *, *, #4270, .F. ) ;
#3706 = DIRECTION ( 'NONE',  ( 0.000000000000000000, 0.000000000000000000, -1.000000000000000000 ) ) ;
#3707 = CARTESIAN_POINT ( 'NONE',  ( -18.25000000000000000, 44.35948300754050422, -16.25000000000000000 ) ) ;
#3708 = DIRECTION ( 'NONE',  ( 0.000000000000000000, -1.000000000000000000, 0.000000000000000000 ) ) ;
#3709 = CARTESIAN_POINT ( 'NONE',  ( 40.94999999999999574, 39.40948300754050138, -33.16280605206311805 ) ) ;
#3710 = ADVANCED_FACE ( 'NONE', ( #1872, #4224 ), #633, .T. ) ;
#3711 = EDGE_CURVE ( 'NONE', #3836, #3153, #1073, .T. ) ;
#3712 = DIRECTION ( 'NONE',  ( 0.000000000000000000, -1.000000000000000000, 0.000000000000000000 ) ) ;
#3713 = ORIENTED_EDGE ( 'NONE', *, *, #1425, .T. ) ;
#3714 = CARTESIAN_POINT ( 'NONE',  ( -37.75000000000000000, 39.40948300754050848, 26.95000000000000284 ) ) ;
#3715 = AXIS2_PLACEMENT_3D ( 'NONE', #1296, #2897, #2506 ) ;
#3716 = CARTESIAN_POINT ( 'NONE',  ( -41.45000000000000284, 37.40948300754050138, -41.95000000000000284 ) ) ;
#3717 = AXIS2_PLACEMENT_3D ( 'NONE', #541, #3401, #4571 ) ;
#3718 = ORIENTED_EDGE ( 'NONE', *, *, #4618, .T. ) ;
#3719 = CARTESIAN_POINT ( 'NONE',  ( -40.95000000000001705, 39.36911875541632355, -32.84300533985076953 ) ) ;
#3720 = AXIS2_PLACEMENT_3D ( 'NONE', #4203, #2715, #1932 ) ;
#3721 = AXIS2_PLACEMENT_3D ( 'NONE', #342, #288, #1902 ) ;
#3722 = CARTESIAN_POINT ( 'NONE',  ( 30.64999999999999858, 33.40948300754050138, -28.55000000000000071 ) ) ;
#3723 = VERTEX_POINT ( 'NONE', #266 ) ;
#3724 = AXIS2_PLACEMENT_3D ( 'NONE', #3211, #2797, #4378 ) ;
#3725 = VERTEX_POINT ( 'NONE', #1020 ) ;
#3726 = DIRECTION ( 'NONE',  ( 0.000000000000000000, 1.000000000000000000, 0.000000000000000000 ) ) ;
#3727 = DIRECTION ( 'NONE',  ( -1.000000000000000000, 0.000000000000000000, 0.000000000000000000 ) ) ;
#3728 = CARTESIAN_POINT ( 'NONE',  ( 40.95000000000000284, 39.40948300754050848, 40.95000000000000284 ) ) ;
#3729 = CARTESIAN_POINT ( 'NONE',  ( 40.95000000000002416, 39.13730949413095317, 30.08684693834561585 ) ) ;
#3730 = VECTOR ( 'NONE', #1053, 1000.000000000000000 ) ;
#3731 = ORIENTED_EDGE ( 'NONE', *, *, #3894, .F. ) ;
#3732 = ADVANCED_FACE ( 'NONE', ( #4688 ), #1851, .F. ) ;
#3733 = CARTESIAN_POINT ( 'NONE',  ( 30.94999999999999929, 39.40948300754050848, -13.05000000000000071 ) ) ;
#3734 = EDGE_CURVE ( 'NONE', #2735, #3943, #251, .T. ) ;
#3735 = DIRECTION ( 'NONE',  ( 0.000000000000000000, 0.000000000000000000, -1.000000000000000000 ) ) ;
#3736 = DIRECTION ( 'NONE',  ( 0.000000000000000000, 1.000000000000000000, 0.000000000000000000 ) ) ;
#3737 = DIRECTION ( 'NONE',  ( 0.000000000000000000, -1.000000000000000000, 0.000000000000000000 ) ) ;
#3738 = CYLINDRICAL_SURFACE ( 'NONE', #1467, 0.5000000000000000000 ) ;
#3739 = ADVANCED_FACE ( 'NONE', ( #3441 ), #315, .F. ) ;
#3740 = AXIS2_PLACEMENT_3D ( 'NONE', #708, #3915, #660 ) ;
#3741 = AXIS2_PLACEMENT_3D ( 'NONE', #4306, #3529, #1100 ) ;
#3742 = EDGE_CURVE ( 'NONE', #3025, #247, #3491, .T. ) ;
#3743 = EDGE_LOOP ( 'NONE', ( #2907, #3287, #4715, #1061, #1050, #3370, #3576, #2425 ) ) ;
#3744 = FACE_OUTER_BOUND ( 'NONE', #2669, .T. ) ;
#3745 = DIRECTION ( 'NONE',  ( 0.000000000000000000, 0.000000000000000000, 1.000000000000000000 ) ) ;
#3746 = EDGE_CURVE ( 'NONE', #4869, #2841, #5081, .T. ) ;
#3747 = ORIENTED_EDGE ( 'NONE', *, *, #2629, .T. ) ;
#3748 = CARTESIAN_POINT ( 'NONE',  ( -37.75000000000000000, 38.40948300754050138, 34.95000000000000284 ) ) ;
#3749 = LINE ( 'NONE', #1898, #1308 ) ;
#3750 = ADVANCED_FACE ( 'NONE', ( #1825 ), #289, .F. ) ;
#3751 = ORIENTED_EDGE ( 'NONE', *, *, #1186, .F. ) ;
#3752 = AXIS2_PLACEMENT_3D ( 'NONE', #4510, #1327, #5007 ) ;
#3753 = ORIENTED_EDGE ( 'NONE', *, *, #1064, .T. ) ;
#3754 = DIRECTION ( 'NONE',  ( -1.000000000000000000, 0.000000000000000000, 0.000000000000000000 ) ) ;
#3755 = CARTESIAN_POINT ( 'NONE',  ( 18.25000000000000000, 43.25948300754050280, 19.46392568124259981 ) ) ;
#3756 = DIRECTION ( 'NONE',  ( 0.000000000000000000, -1.000000000000000000, 0.000000000000000000 ) ) ;
#3757 = EDGE_CURVE ( 'NONE', #2515, #270, #3073, .T. ) ;
#3758 = CARTESIAN_POINT ( 'NONE',  ( 40.95000000000003126, 39.21624085699880879, 29.77402378846414521 ) ) ;
#3759 = VECTOR ( 'NONE', #3858, 1000.000000000000000 ) ;
#3760 = EDGE_LOOP ( 'NONE', ( #1791, #3794, #1437, #1420, #4286, #2496 ) ) ;
#3761 = VERTEX_POINT ( 'NONE', #1148 ) ;
#3762 = CIRCLE ( 'NONE', #4257, 0.5000000000000004441 ) ;
#3763 = DIRECTION ( 'NONE',  ( 0.000000000000000000, 1.000000000000000000, 0.000000000000000000 ) ) ;
#3764 = PLANE ( 'NONE',  #1745 ) ;
#3765 = DIRECTION ( 'NONE',  ( 0.000000000000000000, 0.000000000000000000, -1.000000000000000000 ) ) ;
#3766 = DIRECTION ( 'NONE',  ( 2.511059313838565264E-16, 0.000000000000000000, 1.000000000000000000 ) ) ;
#3767 = VECTOR ( 'NONE', #380, 1000.000000000000000 ) ;
#3768 = EDGE_LOOP ( 'NONE', ( #542, #2873, #4706, #1612 ) ) ;
#3769 = CARTESIAN_POINT ( 'NONE',  ( -37.75000000000000000, 38.40948300754050138, -30.94999999999999929 ) ) ;
#3770 = VECTOR ( 'NONE', #557, 1000.000000000000000 ) ;
#3771 = LINE ( 'NONE', #1790, #3990 ) ;
#3772 = AXIS2_PLACEMENT_3D ( 'NONE', #1124, #2718, #3527 ) ;
#3773 = ORIENTED_EDGE ( 'NONE', *, *, #4906, .F. ) ;
#3774 = DIRECTION ( 'NONE',  ( 0.000000000000000000, 0.000000000000000000, 1.000000000000000000 ) ) ;
#3775 = ADVANCED_FACE ( 'NONE', ( #2346 ), #2742, .T. ) ;
#3776 = DIRECTION ( 'NONE',  ( 0.000000000000000000, 0.000000000000000000, 1.000000000000000000 ) ) ;
#3777 = ORIENTED_EDGE ( 'NONE', *, *, #2782, .T. ) ;
#3778 = ORIENTED_EDGE ( 'NONE', *, *, #4316, .T. ) ;
#3779 = FACE_OUTER_BOUND ( 'NONE', #4597, .T. ) ;
#3780 = EDGE_CURVE ( 'NONE', #4685, #3025, #343, .T. ) ;
#3781 = CARTESIAN_POINT ( 'NONE',  ( -40.94999999999999574, 39.22607913858199424, 29.73530341947875044 ) ) ;
#3782 = LINE ( 'NONE', #3338, #2326 ) ;
#3783 = CARTESIAN_POINT ( 'NONE',  ( 40.95000000000000284, 39.40948300754050848, 33.34999999999999432 ) ) ;
#3784 = ORIENTED_EDGE ( 'NONE', *, *, #3165, .F. ) ;
#3785 = UNCERTAINTY_MEASURE_WITH_UNIT (LENGTH_MEASURE( 1.000000000000000082E-05 ), #678, 'distance_accuracy_value', 'NONE');
#3786 = ORIENTED_EDGE ( 'NONE', *, *, #3483, .F. ) ;
#3787 = CARTESIAN_POINT ( 'NONE',  ( 30.64999999999999858, 33.40948300754050138, -26.05000000000000071 ) ) ;
#3788 = CARTESIAN_POINT ( 'NONE',  ( -37.75000000000000000, 38.00948300754050280, -30.94999999999999929 ) ) ;
#3789 = DIRECTION ( 'NONE',  ( 0.000000000000000000, 1.000000000000000000, 0.000000000000000000 ) ) ;
#3790 = DIRECTION ( 'NONE',  ( 0.000000000000000000, -1.000000000000000000, 0.000000000000000000 ) ) ;
#3791 = EDGE_LOOP ( 'NONE', ( #1201, #1836 ) ) ;
#3792 = CARTESIAN_POINT ( 'NONE',  ( 30.94999999999999929, 39.40948300754050848, -12.55000000000000071 ) ) ;
#3793 = CYLINDRICAL_SURFACE ( 'NONE', #3816, 0.5000000000000004441 ) ;
#3794 = ORIENTED_EDGE ( 'NONE', *, *, #2821, .F. ) ;
#3795 = ADVANCED_FACE ( 'NONE', ( #1540, #1707 ), #558, .F. ) ;
#3796 = CARTESIAN_POINT ( 'NONE',  ( -40.95000000000001705, 39.35105440506298891, -29.16759946146369131 ) ) ;
#3797 = EDGE_CURVE ( 'NONE', #4577, #3031, #4160, .T. ) ;
#3798 = CIRCLE ( 'NONE', #4467, 1.000000000000000888 ) ;
#3799 = DIRECTION ( 'NONE',  ( 0.000000000000000000, 0.000000000000000000, 1.000000000000000000 ) ) ;
#3800 = PLANE ( 'NONE',  #1344 ) ;
#3801 = AXIS2_PLACEMENT_3D ( 'NONE', #4280, #353, #4696 ) ;
#3802 = ORIENTED_EDGE ( 'NONE', *, *, #53, .T. ) ;
#3803 = EDGE_CURVE ( 'NONE', #1599, #1775, #2885, .T. ) ;
#3804 = VECTOR ( 'NONE', #865, 1000.000000000000000 ) ;
#3805 = DIRECTION ( 'NONE',  ( 0.000000000000000000, 0.000000000000000000, 1.000000000000000000 ) ) ;
#3806 = CARTESIAN_POINT ( 'NONE',  ( -40.95000000000001705, 39.35622461932108962, 29.13729590891411192 ) ) ;
#3807 = CARTESIAN_POINT ( 'NONE',  ( -40.95000000000000284, 39.40948300754050848, 41.45000000000000284 ) ) ;
#3808 = VECTOR ( 'NONE', #2089, 1000.000000000000000 ) ;
#3809 = CARTESIAN_POINT ( 'NONE',  ( -37.75000000000000000, 36.40948300754050138, 30.94999999999999929 ) ) ;
#3810 = CIRCLE ( 'NONE', #486, 0.5000000000000004441 ) ;
#3811 = VERTEX_POINT ( 'NONE', #2909 ) ;
#3812 = ORIENTED_EDGE ( 'NONE', *, *, #4600, .F. ) ;
#3813 = CYLINDRICAL_SURFACE ( 'NONE', #4520, 1.300000000000002487 ) ;
#3814 = CARTESIAN_POINT ( 'NONE',  ( -42.25000000000000000, 49.40948300754050138, -40.75000000000000000 ) ) ;
#3815 = CARTESIAN_POINT ( 'NONE',  ( -37.75000000000000000, 36.40948300754050138, -27.94999999999999929 ) ) ;
#3816 = AXIS2_PLACEMENT_3D ( 'NONE', #1372, #4895, #983 ) ;
#3817 = DIRECTION ( 'NONE',  ( 8.211708762020388642E-17, 0.000000000000000000, 1.000000000000000000 ) ) ;
#3818 = EDGE_CURVE ( 'NONE', #2623, #26, #749, .T. ) ;
#3819 = VERTEX_POINT ( 'NONE', #1309 ) ;
#3820 = FACE_OUTER_BOUND ( 'NONE', #4503, .T. ) ;
#3821 = LINE ( 'NONE', #1743, #2654 ) ;
#3822 = EDGE_CURVE ( 'NONE', #3465, #1946, #4961, .T. ) ;
#3823 = ORIENTED_EDGE ( 'NONE', *, *, #268, .F. ) ;
#3824 = AXIS2_PLACEMENT_3D ( 'NONE', #1364, #3687, #197 ) ;
#3825 = DIRECTION ( 'NONE',  ( 0.000000000000000000, -1.000000000000000000, 0.000000000000000000 ) ) ;
#3826 = VECTOR ( 'NONE', #4283, 1000.000000000000000 ) ;
#3827 = DIRECTION ( 'NONE',  ( 0.000000000000000000, 0.000000000000000000, 1.000000000000000000 ) ) ;
#3828 = EDGE_LOOP ( 'NONE', ( #3171, #2128, #4762, #961 ) ) ;
#3829 = ADVANCED_FACE ( 'NONE', ( #2492 ), #2541, .F. ) ;
#3830 = ORIENTED_EDGE ( 'NONE', *, *, #113, .F. ) ;
#3831 = ORIENTED_EDGE ( 'NONE', *, *, #2629, .F. ) ;
#3832 = DIRECTION ( 'NONE',  ( 0.000000000000000000, 0.000000000000000000, -1.000000000000000000 ) ) ;
#3833 = CARTESIAN_POINT ( 'NONE',  ( -15.35000000000000142, 33.40948300754050138, -31.05000000000000071 ) ) ;
#3834 = DIRECTION ( 'NONE',  ( 0.000000000000000000, 0.000000000000000000, 1.000000000000000000 ) ) ;
#3835 = CARTESIAN_POINT ( 'NONE',  ( -22.95000000000000284, 49.40948300754050138, 6.949999999999999289 ) ) ;
#3836 = VERTEX_POINT ( 'NONE', #4492 ) ;
#3837 = AXIS2_PLACEMENT_3D ( 'NONE', #1254, #2484, #1379 ) ;
#3838 = AXIS2_PLACEMENT_3D ( 'NONE', #4332, #3551, #1573 ) ;
#3839 = ORIENTED_EDGE ( 'NONE', *, *, #2115, .F. ) ;
#3840 = DIRECTION ( 'NONE',  ( 0.000000000000000000, 1.000000000000000000, 0.000000000000000000 ) ) ;
#3841 = CARTESIAN_POINT ( 'NONE',  ( 24.25000000000000000, 43.25948300754050280, 41.14999999999999858 ) ) ;
#3842 = CARTESIAN_POINT ( 'NONE',  ( 37.75000000000000000, 37.40948300754050138, -28.94999999999999929 ) ) ;
#3843 = AXIS2_PLACEMENT_3D ( 'NONE', #117, #4904, #2094 ) ;
#3844 = EDGE_CURVE ( 'NONE', #3037, #616, #4406, .T. ) ;
#3845 = FACE_OUTER_BOUND ( 'NONE', #2716, .T. ) ;
#3846 = VERTEX_POINT ( 'NONE', #4131 ) ;
#3847 = CARTESIAN_POINT ( 'NONE',  ( 37.75000000000000000, 36.40948300754050138, 33.95000000000000284 ) ) ;
#3848 = DIRECTION ( 'NONE',  ( 0.000000000000000000, -1.000000000000000000, 0.000000000000000000 ) ) ;
#3849 = ORIENTED_EDGE ( 'NONE', *, *, #3206, .T. ) ;
#3850 = AXIS2_PLACEMENT_3D ( 'NONE', #4234, #2203, #4544 ) ;
#3851 = ADVANCED_FACE ( 'NONE', ( #1733 ), #1758, .F. ) ;
#3852 = AXIS2_PLACEMENT_3D ( 'NONE', #4182, #4228, #2219 ) ;
#3853 = CARTESIAN_POINT ( 'NONE',  ( 22.95000000000000284, 39.40948300754050848, -23.05000000000000071 ) ) ;
#3854 = CARTESIAN_POINT ( 'NONE',  ( 30.64999999999999858, 33.40948300754050138, 37.44999999999999574 ) ) ;
#3855 = VERTEX_POINT ( 'NONE', #4864 ) ;
#3856 = EDGE_LOOP ( 'NONE', ( #95, #1402, #1597, #3572 ) ) ;
#3857 = LINE ( 'NONE', #2664, #2592 ) ;
#3858 = DIRECTION ( 'NONE',  ( 0.000000000000000000, 1.000000000000000000, 0.000000000000000000 ) ) ;
#3859 = LINE ( 'NONE', #735, #329 ) ;
#3860 = DIRECTION ( 'NONE',  ( 0.000000000000000000, -1.000000000000000000, 0.000000000000000000 ) ) ;
#3861 = VERTEX_POINT ( 'NONE', #1333 ) ;
#3862 = VERTEX_POINT ( 'NONE', #2567 ) ;
#3863 = LINE ( 'NONE', #4639, #2694 ) ;
#3864 = EDGE_CURVE ( 'NONE', #2848, #2072, #2591, .T. ) ;
#3865 = CARTESIAN_POINT ( 'NONE',  ( -30.94999999999999929, 39.40948300754050848, -23.05000000000000071 ) ) ;
#3866 = DIRECTION ( 'NONE',  ( 0.000000000000000000, 0.000000000000000000, 1.000000000000000000 ) ) ;
#3867 = EDGE_CURVE ( 'NONE', #408, #3846, #3243, .T. ) ;
#3868 = DIRECTION ( 'NONE',  ( 1.000000000000000000, 0.000000000000000000, 0.000000000000000000 ) ) ;
#3869 = ORIENTED_EDGE ( 'NONE', *, *, #3036, .T. ) ;
#3870 = CARTESIAN_POINT ( 'NONE',  ( -22.95000000000000284, 49.40948300754050138, 7.950000000000000178 ) ) ;
#3871 = EDGE_CURVE ( 'NONE', #3548, #2197, #995, .T. ) ;
#3872 = CARTESIAN_POINT ( 'NONE',  ( 37.75000000000000000, 36.40948300754050138, -28.94999999999999929 ) ) ;
#3873 = DIRECTION ( 'NONE',  ( 0.000000000000000000, -1.000000000000000000, 0.000000000000000000 ) ) ;
#3874 = ORIENTED_EDGE ( 'NONE', *, *, #966, .F. ) ;
#3875 = ORIENTED_EDGE ( 'NONE', *, *, #1228, .F. ) ;
#3876 = FACE_OUTER_BOUND ( 'NONE', #885, .T. ) ;
#3877 =( LENGTH_UNIT ( ) NAMED_UNIT ( * ) SI_UNIT ( .MILLI., .METRE. ) );
#3878 = CYLINDRICAL_SURFACE ( 'NONE', #3600, 0.5000000000000004441 ) ;
#3879 = ORIENTED_EDGE ( 'NONE', *, *, #2430, .T. ) ;
#3880 = ORIENTED_EDGE ( 'NONE', *, *, #5135, .F. ) ;
#3881 = DIRECTION ( 'NONE',  ( 0.000000000000000000, -1.000000000000000000, 0.000000000000000000 ) ) ;
#3882 = CIRCLE ( 'NONE', #4297, 0.5000000000000004441 ) ;
#3883 = CARTESIAN_POINT ( 'NONE',  ( 37.75000000000000000, 39.40948300754050848, -30.94999999999999929 ) ) ;
#3884 = FACE_OUTER_BOUND ( 'NONE', #422, .T. ) ;
#3885 = ORIENTED_EDGE ( 'NONE', *, *, #5114, .T. ) ;
#3886 = AXIS2_PLACEMENT_3D ( 'NONE', #41, #1965, #2779 ) ;
#3887 = CIRCLE ( 'NONE', #1645, 1.000000000000000888 ) ;
#3888 = EDGE_LOOP ( 'NONE', ( #47, #636, #3070, #4837 ) ) ;
#3889 = DIRECTION ( 'NONE',  ( 0.000000000000000000, 0.000000000000000000, -1.000000000000000000 ) ) ;
#3890 = PLANE ( 'NONE',  #1010 ) ;
#3891 = CIRCLE ( 'NONE', #3229, 3.999999999999996447 ) ;
#3892 = CARTESIAN_POINT ( 'NONE',  ( 8.250000000000000000, 39.40948300754050848, -36.75000000000000000 ) ) ;
#3893 = AXIS2_PLACEMENT_3D ( 'NONE', #2910, #1310, #4416 ) ;
#3894 = EDGE_CURVE ( 'NONE', #3200, #1171, #2933, .T. ) ;
#3895 = FACE_OUTER_BOUND ( 'NONE', #393, .T. ) ;
#3896 = EDGE_CURVE ( 'NONE', #3348, #362, #1826, .T. ) ;
#3897 = AXIS2_PLACEMENT_3D ( 'NONE', #3065, #309, #3799 ) ;
#3898 = ORIENTED_EDGE ( 'NONE', *, *, #3140, .T. ) ;
#3899 = DIRECTION ( 'NONE',  ( 0.000000000000000000, -1.000000000000000000, 0.000000000000000000 ) ) ;
#3900 = CARTESIAN_POINT ( 'NONE',  ( -37.75000000000000000, 38.40948300754050138, 30.94999999999999929 ) ) ;
#3901 = EDGE_CURVE ( 'NONE', #3145, #663, #4539, .T. ) ;
#3902 = DIRECTION ( 'NONE',  ( 0.000000000000000000, 1.000000000000000000, 0.000000000000000000 ) ) ;
#3903 = ORIENTED_EDGE ( 'NONE', *, *, #4649, .T. ) ;
#3904 = ADVANCED_FACE ( 'NONE', ( #900 ), #3764, .F. ) ;
#3905 = EDGE_LOOP ( 'NONE', ( #1981, #4052, #3116, #5154 ) ) ;
#3906 = ORIENTED_EDGE ( 'NONE', *, *, #1668, .F. ) ;
#3907 = DIRECTION ( 'NONE',  ( 0.000000000000000000, -1.000000000000000000, 0.000000000000000000 ) ) ;
#3908 = ADVANCED_FACE ( 'NONE', ( #538 ), #2124, .T. ) ;
#3909 = FACE_OUTER_BOUND ( 'NONE', #1122, .T. ) ;
#3910 = ORIENTED_EDGE ( 'NONE', *, *, #1509, .F. ) ;
#3911 = AXIS2_PLACEMENT_3D ( 'NONE', #4567, #591, #1002 ) ;
#3912 = AXIS2_PLACEMENT_3D ( 'NONE', #715, #1545, #3866 ) ;
#3913 = ORIENTED_EDGE ( 'NONE', *, *, #959, .T. ) ;
#3914 = CARTESIAN_POINT ( 'NONE',  ( -37.75000000000000000, 38.40948300754050138, -30.94999999999999929 ) ) ;
#3915 = DIRECTION ( 'NONE',  ( 0.000000000000000000, -1.000000000000000000, 0.000000000000000000 ) ) ;
#3916 = VECTOR ( 'NONE', #93, 1000.000000000000000 ) ;
#3917 = CYLINDRICAL_SURFACE ( 'NONE', #4804, 2.999999999999999112 ) ;
#3918 = ORIENTED_EDGE ( 'NONE', *, *, #4676, .F. ) ;
#3919 = ADVANCED_FACE ( 'NONE', ( #3958 ), #4579, .F. ) ;
#3920 = EDGE_LOOP ( 'NONE', ( #4964, #3935, #4565, #262 ) ) ;
#3921 = CARTESIAN_POINT ( 'NONE',  ( 30.94999999999999929, 45.35948300754050422, -12.55000000000000071 ) ) ;
#3922 = ADVANCED_FACE ( 'NONE', ( #2999 ), #3088, .F. ) ;
#3923 = CARTESIAN_POINT ( 'NONE',  ( 30.94999999999999929, 45.35948300754050422, -12.05000000000000071 ) ) ;
#3924 = CARTESIAN_POINT ( 'NONE',  ( 22.95000000000000284, 45.35948300754050422, 17.94999999999999929 ) ) ;
#3925 = LINE ( 'NONE', #3082, #728 ) ;
#3926 = ORIENTED_EDGE ( 'NONE', *, *, #4899, .T. ) ;
#3927 = EDGE_CURVE ( 'NONE', #361, #3334, #2408, .T. ) ;
#3928 = CARTESIAN_POINT ( 'NONE',  ( -30.94999999999999929, 45.35948300754050422, -12.05000000000000071 ) ) ;
#3929 = CIRCLE ( 'NONE', #2338, 2.999999999999999112 ) ;
#3930 = AXIS2_PLACEMENT_3D ( 'NONE', #1168, #2707, #2813 ) ;
#3931 = CARTESIAN_POINT ( 'NONE',  ( -15.35000000000000142, 33.40948300754050138, 39.95000000000000284 ) ) ;
#3932 = CARTESIAN_POINT ( 'NONE',  ( 30.94999999999999929, 49.40948300754050138, -3.050000000000000266 ) ) ;
#3933 = DIRECTION ( 'NONE',  ( 0.000000000000000000, -0.9986295347545739443, 0.05233595624294379994 ) ) ;
#3934 = ORIENTED_EDGE ( 'NONE', *, *, #3554, .F. ) ;
#3935 = ORIENTED_EDGE ( 'NONE', *, *, #2951, .T. ) ;
#3936 = ORIENTED_EDGE ( 'NONE', *, *, #4455, .F. ) ;
#3937 = CYLINDRICAL_SURFACE ( 'NONE', #3175, 0.5000000000000004441 ) ;
#3938 = CIRCLE ( 'NONE', #3431, 1.300000000000002487 ) ;
#3939 = EDGE_LOOP ( 'NONE', ( #3097, #3898, #77, #1993 ) ) ;
#3940 = CARTESIAN_POINT ( 'NONE',  ( 24.25000000000000000, 45.35948300754050422, 41.14999999999999858 ) ) ;
#3941 = AXIS2_PLACEMENT_3D ( 'NONE', #2416, #3619, #4815 ) ;
#3942 = EDGE_LOOP ( 'NONE', ( #5005, #1538, #3823, #5012 ) ) ;
#3943 = VERTEX_POINT ( 'NONE', #2302 ) ;
#3944 = CARTESIAN_POINT ( 'NONE',  ( 37.75000000000000000, 38.40948300754050138, 30.94999999999999929 ) ) ;
#3945 = ADVANCED_FACE ( 'NONE', ( #4552 ), #385, .F. ) ;
#3946 = VECTOR ( 'NONE', #3112, 1000.000000000000000 ) ;
#3947 = DIRECTION ( 'NONE',  ( 1.000000000000000000, 0.000000000000000000, -1.756682000989169763E-16 ) ) ;
#3948 = ORIENTED_EDGE ( 'NONE', *, *, #3864, .T. ) ;
#3949 = ORIENTED_EDGE ( 'NONE', *, *, #2455, .F. ) ;
#3950 = FACE_OUTER_BOUND ( 'NONE', #688, .T. ) ;
#3951 = CARTESIAN_POINT ( 'NONE',  ( -40.95000000000000284, 39.40948300754050848, 40.95000000000000284 ) ) ;
#3952 = CARTESIAN_POINT ( 'NONE',  ( -18.25000000000000000, 43.25948300754050280, -15.25000000000000000 ) ) ;
#3953 = FACE_BOUND ( 'NONE', #3660, .T. ) ;
#3954 = ORIENTED_EDGE ( 'NONE', *, *, #3567, .T. ) ;
#3955 = CARTESIAN_POINT ( 'NONE',  ( 30.94999999999999929, 49.40948300754050138, 17.94999999999999929 ) ) ;
#3956 = CARTESIAN_POINT ( 'NONE',  ( -15.35000000000000142, 33.40948300754050138, -28.55000000000000071 ) ) ;
#3957 = CARTESIAN_POINT ( 'NONE',  ( 40.95000000000000284, 39.22822925777835223, -29.72671700041858145 ) ) ;
#3958 = FACE_OUTER_BOUND ( 'NONE', #4133, .T. ) ;
#3959 = ORIENTED_EDGE ( 'NONE', *, *, #1754, .T. ) ;
#3960 = VERTEX_POINT ( 'NONE', #2731 ) ;
#3961 = LINE ( 'NONE', #4608, #3759 ) ;
#3962 = CARTESIAN_POINT ( 'NONE',  ( 19.25000000000000000, 45.35948300754050422, 19.46392568124259981 ) ) ;
#3963 = EDGE_CURVE ( 'NONE', #1584, #3761, #1324, .T. ) ;
#3964 = EDGE_LOOP ( 'NONE', ( #1819, #701, #2269, #4686 ) ) ;
#3965 = ORIENTED_EDGE ( 'NONE', *, *, #2349, .F. ) ;
#3966 = EDGE_CURVE ( 'NONE', #4523, #4577, #1400, .T. ) ;
#3967 = DIRECTION ( 'NONE',  ( 0.000000000000000000, -1.000000000000000000, 0.000000000000000000 ) ) ;
#3968 = CARTESIAN_POINT ( 'NONE',  ( -41.45000000000000284, 39.40948300754050848, -42.05481555856610498 ) ) ;
#3969 = ORIENTED_EDGE ( 'NONE', *, *, #2728, .T. ) ;
#3970 = ADVANCED_FACE ( 'NONE', ( #604 ), #4196, .T. ) ;
#3971 = ORIENTED_EDGE ( 'NONE', *, *, #1351, .F. ) ;
#3972 = DIRECTION ( 'NONE',  ( -1.000000000000000000, 0.000000000000000000, 0.000000000000000000 ) ) ;
#3973 = CARTESIAN_POINT ( 'NONE',  ( 41.95000000000000284, 37.40948300754050138, 41.45000000000000284 ) ) ;
#3974 = CARTESIAN_POINT ( 'NONE',  ( 30.64999999999999858, 33.40948300754050138, -31.05000000000000071 ) ) ;
#3975 = VECTOR ( 'NONE', #3505, 1000.000000000000000 ) ;
#3976 = FACE_BOUND ( 'NONE', #4638, .T. ) ;
#3977 = ORIENTED_EDGE ( 'NONE', *, *, #880, .F. ) ;
#3978 = CARTESIAN_POINT ( 'NONE',  ( 22.95000000000000284, 45.35948300754050422, -2.050000000000000266 ) ) ;
#3979 = AXIS2_PLACEMENT_3D ( 'NONE', #667, #1880, #1547 ) ;
#3980 = VECTOR ( 'NONE', #4578, 1000.000000000000000 ) ;
#3981 = CARTESIAN_POINT ( 'NONE',  ( -40.95000000000001705, 39.17497464689684250, -31.96235644862961678 ) ) ;
#3982 = CARTESIAN_POINT ( 'NONE',  ( 40.95000000000000995, 39.07292924684847435, -31.52797472592430594 ) ) ;
#3983 = DIRECTION ( 'NONE',  ( 0.000000000000000000, 0.000000000000000000, 1.000000000000000000 ) ) ;
#3984 = ORIENTED_EDGE ( 'NONE', *, *, #3476, .T. ) ;
#3985 = AXIS2_PLACEMENT_3D ( 'NONE', #2948, #3361, #4950 ) ;
#3986 = VERTEX_POINT ( 'NONE', #4285 ) ;
#3987 = DIRECTION ( 'NONE',  ( 0.000000000000000000, 1.000000000000000000, 0.000000000000000000 ) ) ;
#3988 = CARTESIAN_POINT ( 'NONE',  ( -37.75000000000000000, 38.00948300754050280, 30.94999999999999929 ) ) ;
#3989 = EDGE_CURVE ( 'NONE', #1893, #281, #2279, .T. ) ;
#3990 = VECTOR ( 'NONE', #3326, 1000.000000000000000 ) ;
#3991 = CARTESIAN_POINT ( 'NONE',  ( 30.64999999999999858, 33.40948300754050138, -28.55000000000000071 ) ) ;
#3992 = ORIENTED_EDGE ( 'NONE', *, *, #3526, .T. ) ;
#3993 = VERTEX_POINT ( 'NONE', #300 ) ;
#3994 = DIRECTION ( 'NONE',  ( 0.000000000000000000, 1.000000000000000000, 0.000000000000000000 ) ) ;
#3995 = CARTESIAN_POINT ( 'NONE',  ( -37.75000000000000000, 37.40948300754050138, -30.94999999999999929 ) ) ;
#3996 = ORIENTED_EDGE ( 'NONE', *, *, #1710, .F. ) ;
#3997 = DIRECTION ( 'NONE',  ( -1.756682000989169763E-16, 0.000000000000000000, -1.000000000000000000 ) ) ;
#3998 = CARTESIAN_POINT ( 'NONE',  ( 0.000000000000000000, 45.35948300754050422, -3.050000000000000266 ) ) ;
#3999 = CIRCLE ( 'NONE', #2413, 1.000000000000000888 ) ;
#4000 = LINE ( 'NONE', #3240, #4833 ) ;
#4001 = DIRECTION ( 'NONE',  ( -1.000000000000000000, 0.000000000000000000, 0.000000000000000000 ) ) ;
#4002 = CARTESIAN_POINT ( 'NONE',  ( -37.75000000000000000, 37.40948300754050138, -28.94999999999999929 ) ) ;
#4003 = CARTESIAN_POINT ( 'NONE',  ( 41.45000000000000284, 37.40948300754050138, -41.45000000000000284 ) ) ;
#4004 = CARTESIAN_POINT ( 'NONE',  ( 40.95000000000001705, 39.04097310519416197, -31.35016230539017101 ) ) ;
#4005 = EDGE_CURVE ( 'NONE', #3145, #3111, #722, .T. ) ;
#4006 = CARTESIAN_POINT ( 'NONE',  ( 0.000000000000000000, 45.35948300754050422, -23.05000000000000071 ) ) ;
#4007 = EDGE_LOOP ( 'NONE', ( #2847, #2105, #2243, #4623 ) ) ;
#4008 = CIRCLE ( 'NONE', #258, 0.5000000000000004441 ) ;
#4009 = ORIENTED_EDGE ( 'NONE', *, *, #2354, .T. ) ;
#4010 = AXIS2_PLACEMENT_3D ( 'NONE', #2761, #306, #3482 ) ;
#4011 = DIRECTION ( 'NONE',  ( 0.000000000000000000, 0.000000000000000000, 1.000000000000000000 ) ) ;
#4012 = EDGE_CURVE ( 'NONE', #2114, #4288, #328, .T. ) ;
#4013 = CARTESIAN_POINT ( 'NONE',  ( -40.95000000000000284, 39.04097310519421171, 31.35016230538928994 ) ) ;
#4014 = CIRCLE ( 'NONE', #436, 0.5000000000000004441 ) ;
#4015 = SHAPE_DEFINITION_REPRESENTATION ( #1959, #638 ) ;
#4016 = DIRECTION ( 'NONE',  ( 0.000000000000000000, -1.000000000000000000, 0.000000000000000000 ) ) ;
#4017 = ORIENTED_EDGE ( 'NONE', *, *, #4730, .F. ) ;
#4018 = AXIS2_PLACEMENT_3D ( 'NONE', #1059, #731, #2312 ) ;
#4019 = EDGE_LOOP ( 'NONE', ( #3525, #142, #379, #1934, #3500, #4098 ) ) ;
#4020 = CARTESIAN_POINT ( 'NONE',  ( -30.94999999999999929, 45.35948300754050422, -12.55000000000000071 ) ) ;
#4021 = TOROIDAL_SURFACE ( 'NONE', #1935, 2.000000000000000000, 1.000000000000000000 ) ;
#4022 = DIRECTION ( 'NONE',  ( 0.000000000000000000, 0.000000000000000000, -1.000000000000000000 ) ) ;
#4023 = ORIENTED_EDGE ( 'NONE', *, *, #500, .F. ) ;
#4024 = CARTESIAN_POINT ( 'NONE',  ( 42.25000000000000000, 47.95948300754049853, -40.75000000000000000 ) ) ;
#4025 = DIRECTION ( 'NONE',  ( 0.000000000000000000, 1.000000000000000000, 0.000000000000000000 ) ) ;
#4026 = CARTESIAN_POINT ( 'NONE',  ( 18.25000000000000000, 43.25948300754050280, -15.25000000000000000 ) ) ;
#4027 = CARTESIAN_POINT ( 'NONE',  ( 22.95000000000000284, 39.40948300754050848, -22.55000000000000071 ) ) ;
#4028 = CIRCLE ( 'NONE', #1776, 3.999999999999996447 ) ;
#4029 = ORIENTED_EDGE ( 'NONE', *, *, #3512, .T. ) ;
#4030 = ADVANCED_FACE ( 'NONE', ( #3114 ), #1889, .T. ) ;
#4031 = DIRECTION ( 'NONE',  ( 4.336808689942015271E-16, 0.000000000000000000, -1.000000000000000000 ) ) ;
#4032 = EDGE_CURVE ( 'NONE', #3606, #2168, #2332, .T. ) ;
#4033 = DIRECTION ( 'NONE',  ( -1.000000000000000000, 0.000000000000000000, 0.000000000000000000 ) ) ;
#4034 = CARTESIAN_POINT ( 'NONE',  ( 40.95000000000000995, 39.19747092888047035, -32.05296618882181292 ) ) ;
#4035 = EDGE_CURVE ( 'NONE', #4116, #2027, #3882, .T. ) ;
#4036 = DIRECTION ( 'NONE',  ( 0.000000000000000000, 1.000000000000000000, 0.000000000000000000 ) ) ;
#4037 = EDGE_LOOP ( 'NONE', ( #333, #2962, #3669, #3971 ) ) ;
#4038 = EDGE_CURVE ( 'NONE', #1158, #3315, #5068, .T. ) ;
#4039 = ORIENTED_EDGE ( 'NONE', *, *, #4121, .T. ) ;
#4040 = CARTESIAN_POINT ( 'NONE',  ( 30.94999999999999929, 49.40948300754050138, -13.05000000000000071 ) ) ;
#4041 = DIRECTION ( 'NONE',  ( -2.511059313838565264E-16, 0.000000000000000000, -1.000000000000000000 ) ) ;
#4042 = CARTESIAN_POINT ( 'NONE',  ( 0.000000000000000000, 45.35948300754050422, 6.949999999999999289 ) ) ;
#4043 = ORIENTED_EDGE ( 'NONE', *, *, #2427, .F. ) ;
#4044 = ORIENTED_EDGE ( 'NONE', *, *, #4222, .T. ) ;
#4045 = CARTESIAN_POINT ( 'NONE',  ( -32.25000000000000000, 45.35948300754050422, 19.46392568124259981 ) ) ;
#4046 = FACE_OUTER_BOUND ( 'NONE', #829, .T. ) ;
#4047 = ORIENTED_EDGE ( 'NONE', *, *, #4470, .T. ) ;
#4048 = CARTESIAN_POINT ( 'NONE',  ( -12.25000000000000000, 35.85948300754049711, -37.75000000000000000 ) ) ;
#4049 = CARTESIAN_POINT ( 'NONE',  ( -39.25000000000000000, 45.35948300754050422, -37.75000000000000000 ) ) ;
#4050 = DIRECTION ( 'NONE',  ( 0.000000000000000000, 1.000000000000000000, 0.000000000000000000 ) ) ;
#4051 = DIRECTION ( 'NONE',  ( 0.000000000000000000, -1.000000000000000000, 0.000000000000000000 ) ) ;
#4052 = ORIENTED_EDGE ( 'NONE', *, *, #2324, .T. ) ;
#4053 = DIRECTION ( 'NONE',  ( 0.000000000000000000, -1.000000000000000000, 0.000000000000000000 ) ) ;
#4054 = DIRECTION ( 'NONE',  ( 0.000000000000000000, 0.000000000000000000, -1.000000000000000000 ) ) ;
#4055 = VECTOR ( 'NONE', #1101, 1000.000000000000000 ) ;
#4056 = CARTESIAN_POINT ( 'NONE',  ( 40.95000000000000995, 39.09945448122880407, -31.65376065776859349 ) ) ;
#4057 = DIRECTION ( 'NONE',  ( 0.000000000000000000, 1.000000000000000000, 0.000000000000000000 ) ) ;
#4058 = ORIENTED_EDGE ( 'NONE', *, *, #4791, .T. ) ;
#4059 = EDGE_CURVE ( 'NONE', #3181, #4069, #359, .T. ) ;
#4060 = CIRCLE ( 'NONE', #1809, 3.000000000000002665 ) ;
#4061 = EDGE_LOOP ( 'NONE', ( #3599, #1829, #3256, #2207 ) ) ;
#4062 = VECTOR ( 'NONE', #2238, 1000.000000000000000 ) ;
#4063 = CARTESIAN_POINT ( 'NONE',  ( -42.25000000000000000, 47.95948300754049853, -42.25000000000000000 ) ) ;
#4064 = EDGE_CURVE ( 'NONE', #1398, #442, #4545, .T. ) ;
#4065 = DIRECTION ( 'NONE',  ( 0.000000000000000000, 0.000000000000000000, -1.000000000000000000 ) ) ;
#4066 = CIRCLE ( 'NONE', #234, 1.500000000000001332 ) ;
#4067 = VECTOR ( 'NONE', #2862, 1000.000000000000000 ) ;
#4068 = DIRECTION ( 'NONE',  ( 0.000000000000000000, -1.000000000000000000, 0.000000000000000000 ) ) ;
#4069 = VERTEX_POINT ( 'NONE', #776 ) ;
#4070 = DIRECTION ( 'NONE',  ( 0.000000000000000000, 0.000000000000000000, 1.000000000000000000 ) ) ;
#4071 = AXIS2_PLACEMENT_3D ( 'NONE', #1527, #2756, #3504 ) ;
#4072 = EDGE_CURVE ( 'NONE', #3025, #4970, #724, .T. ) ;
#4073 = DIRECTION ( 'NONE',  ( 0.000000000000000000, -1.000000000000000000, 0.000000000000000000 ) ) ;
#4074 = VERTEX_POINT ( 'NONE', #4842 ) ;
#4075 = VERTEX_POINT ( 'NONE', #1610 ) ;
#4076 = DIRECTION ( 'NONE',  ( 0.000000000000000000, 0.000000000000000000, -1.000000000000000000 ) ) ;
#4077 = DIRECTION ( 'NONE',  ( 0.000000000000000000, 0.000000000000000000, 1.000000000000000000 ) ) ;
#4078 = FACE_OUTER_BOUND ( 'NONE', #3009, .T. ) ;
#4079 = CARTESIAN_POINT ( 'NONE',  ( 40.95000000000003837, 39.08654842528090967, 31.59461255419732240 ) ) ;
#4080 = EDGE_CURVE ( 'NONE', #4075, #888, #904, .T. ) ;
#4081 = ORIENTED_EDGE ( 'NONE', *, *, #5080, .T. ) ;
#4082 = ADVANCED_FACE ( 'NONE', ( #100, #413 ), #3589, .T. ) ;
#4083 = CARTESIAN_POINT ( 'NONE',  ( -37.75000000000000000, 37.40948300754050138, -27.94999999999999929 ) ) ;
#4084 = AXIS2_PLACEMENT_3D ( 'NONE', #4254, #3057, #249 ) ;
#4085 = DIRECTION ( 'NONE',  ( 1.000000000000000000, 0.000000000000000000, -4.336808689942015271E-16 ) ) ;
#4086 = CARTESIAN_POINT ( 'NONE',  ( 30.64999999999999858, 36.40948300754050138, 37.44999999999999574 ) ) ;
#4087 = CARTESIAN_POINT ( 'NONE',  ( 40.95000000000000284, 39.40948300754050848, -33.34999999999999432 ) ) ;
#4088 = LINE ( 'NONE', #878, #1384 ) ;
#4089 = ORIENTED_EDGE ( 'NONE', *, *, #2826, .T. ) ;
#4090 = EDGE_CURVE ( 'NONE', #1699, #3379, #464, .T. ) ;
#4091 = FACE_OUTER_BOUND ( 'NONE', #3386, .T. ) ;
#4092 = CARTESIAN_POINT ( 'NONE',  ( -40.95000000000000284, 39.06609548873099413, 31.49317914279347974 ) ) ;
#4093 = VECTOR ( 'NONE', #370, 1000.000000000000000 ) ;
#4094 = ORIENTED_EDGE ( 'NONE', *, *, #4946, .T. ) ;
#4095 = EDGE_CURVE ( 'NONE', #1735, #4857, #4088, .T. ) ;
#4096 = FACE_OUTER_BOUND ( 'NONE', #2611, .T. ) ;
#4097 = DIRECTION ( 'NONE',  ( 0.000000000000000000, 0.000000000000000000, 1.000000000000000000 ) ) ;
#4098 = ORIENTED_EDGE ( 'NONE', *, *, #2658, .F. ) ;
#4099 = ORIENTED_EDGE ( 'NONE', *, *, #3867, .F. ) ;
#4100 = ADVANCED_FACE ( 'NONE', ( #1998 ), #1287, .F. ) ;
#4101 = CARTESIAN_POINT ( 'NONE',  ( -42.95000000000000284, 39.40948300754050848, -42.95000000000000284 ) ) ;
#4102 = LINE ( 'NONE', #2511, #4850 ) ;
#4103 = CARTESIAN_POINT ( 'NONE',  ( -37.75000000000000000, 37.40948300754050138, 32.95000000000000284 ) ) ;
#4104 = CARTESIAN_POINT ( 'NONE',  ( 40.95000000000002416, 39.40948300754050848, 33.25795792921316973 ) ) ;
#4105 = AXIS2_PLACEMENT_3D ( 'NONE', #3253, #1316, #4847 ) ;
#4106 = ORIENTED_EDGE ( 'NONE', *, *, #5152, .T. ) ;
#4107 = CARTESIAN_POINT ( 'NONE',  ( -32.25000000000000000, 43.25948300754050280, 41.14999999999999858 ) ) ;
#4108 = CARTESIAN_POINT ( 'NONE',  ( -42.95000000000000284, 39.40948300754050848, -42.95000000000000284 ) ) ;
#4109 = DIRECTION ( 'NONE',  ( 0.000000000000000000, 1.000000000000000000, 0.000000000000000000 ) ) ;
#4110 = LINE ( 'NONE', #2200, #3069 ) ;
#4111 = CIRCLE ( 'NONE', #363, 1.300000000000002487 ) ;
#4112 = DIRECTION ( 'NONE',  ( 0.000000000000000000, 0.000000000000000000, 1.000000000000000000 ) ) ;
#4113 = ORIENTED_EDGE ( 'NONE', *, *, #813, .F. ) ;
#4114 = DIRECTION ( 'NONE',  ( 0.000000000000000000, -1.000000000000000000, 0.000000000000000000 ) ) ;
#4115 = LINE ( 'NONE', #3716, #4898 ) ;
#4116 = VERTEX_POINT ( 'NONE', #2888 ) ;
#4117 = LINE ( 'NONE', #108, #2061 ) ;
#4118 = EDGE_CURVE ( 'NONE', #4703, #3362, #2056, .T. ) ;
#4119 = FACE_OUTER_BOUND ( 'NONE', #2395, .T. ) ;
#4120 = ORIENTED_EDGE ( 'NONE', *, *, #4202, .F. ) ;
#4121 = EDGE_CURVE ( 'NONE', #3725, #4942, #5153, .T. ) ;
#4122 = EDGE_LOOP ( 'NONE', ( #4429, #3596, #3152, #3144 ) ) ;
#4123 = CARTESIAN_POINT ( 'NONE',  ( 30.94999999999999929, 49.40948300754050138, 17.44999999999999929 ) ) ;
#4124 = DIRECTION ( 'NONE',  ( 0.000000000000000000, 0.000000000000000000, 1.000000000000000000 ) ) ;
#4125 = EDGE_CURVE ( 'NONE', #777, #2340, #228, .T. ) ;
#4126 = CARTESIAN_POINT ( 'NONE',  ( -37.75000000000000000, 36.40948300754050138, 28.94999999999999929 ) ) ;
#4127 = EDGE_CURVE ( 'NONE', #789, #4369, #1972, .T. ) ;
#4128 = CARTESIAN_POINT ( 'NONE',  ( 40.95000000000003126, 39.20703116829394475, 29.80978438499061767 ) ) ;
#4129 = VERTEX_POINT ( 'NONE', #4392 ) ;
#4130 = CARTESIAN_POINT ( 'NONE',  ( -15.35000000000000142, 33.40948300754050138, 34.95000000000000284 ) ) ;
#4131 = CARTESIAN_POINT ( 'NONE',  ( 22.95000000000000284, 39.40948300754050848, -2.050000000000000266 ) ) ;
#4132 = CARTESIAN_POINT ( 'NONE',  ( 19.25000000000000000, 44.35948300754050422, -15.25000000000000000 ) ) ;
#4133 = EDGE_LOOP ( 'NONE', ( #4236, #1875, #127, #4986 ) ) ;
#4134 = DIRECTION ( 'NONE',  ( -2.638362701105410028E-16, 0.000000000000000000, -1.000000000000000000 ) ) ;
#4135 = CARTESIAN_POINT ( 'NONE',  ( -15.35000000000000142, 39.40948300754050848, 37.44999999999999574 ) ) ;
#4136 = ORIENTED_EDGE ( 'NONE', *, *, #4293, .F. ) ;
#4137 = CARTESIAN_POINT ( 'NONE',  ( -37.75000000000000000, 37.40948300754050138, 30.94999999999999929 ) ) ;
#4138 = AXIS2_PLACEMENT_3D ( 'NONE', #953, #3790, #620 ) ;
#4139 = CYLINDRICAL_SURFACE ( 'NONE', #1569, 2.500000000000002220 ) ;
#4140 = CIRCLE ( 'NONE', #3886, 0.5000000000000004441 ) ;
#4141 = ORIENTED_EDGE ( 'NONE', *, *, #45, .F. ) ;
#4142 = EDGE_CURVE ( 'NONE', #3725, #3571, #4418, .T. ) ;
#4143 = CARTESIAN_POINT ( 'NONE',  ( 37.75000000000000000, 38.40948300754050138, 30.94999999999999929 ) ) ;
#4144 = AXIS2_PLACEMENT_3D ( 'NONE', #4328, #3547, #2852 ) ;
#4145 = VECTOR ( 'NONE', #1235, 1000.000000000000000 ) ;
#4146 = CARTESIAN_POINT ( 'NONE',  ( -39.25000000000000000, 45.35948300754050422, 41.14999999999999858 ) ) ;
#4147 = EDGE_LOOP ( 'NONE', ( #4588, #490, #1695, #211 ) ) ;
#4148 = VECTOR ( 'NONE', #3285, 1000.000000000000000 ) ;
#4149 = ORIENTED_EDGE ( 'NONE', *, *, #880, .T. ) ;
#4150 = DIRECTION ( 'NONE',  ( 0.000000000000000000, 0.000000000000000000, 1.000000000000000000 ) ) ;
#4151 = LINE ( 'NONE', #4511, #2341 ) ;
#4152 = CARTESIAN_POINT ( 'NONE',  ( -40.95000000000000284, 39.40948300754050848, -40.95000000000000284 ) ) ;
#4153 = CARTESIAN_POINT ( 'NONE',  ( 40.95000000000001705, 39.12067312332064972, 30.15557486387984554 ) ) ;
#4154 = EDGE_LOOP ( 'NONE', ( #3202, #182, #1037, #4023, #4843 ) ) ;
#4155 = EDGE_LOOP ( 'NONE', ( #3212, #3166 ) ) ;
#4156 = DIRECTION ( 'NONE',  ( -1.674039542559039894E-16, 0.000000000000000000, -1.000000000000000000 ) ) ;
#4157 = DIRECTION ( 'NONE',  ( -1.615574832108784706E-16, 0.000000000000000000, -1.000000000000000000 ) ) ;
#4158 = CARTESIAN_POINT ( 'NONE',  ( -32.25000000000000000, 43.25948300754050280, 19.46392568124259981 ) ) ;
#4159 = DIRECTION ( 'NONE',  ( 0.000000000000000000, -1.000000000000000000, 0.000000000000000000 ) ) ;
#4160 = CIRCLE ( 'NONE', #581, 2.999999999999999112 ) ;
#4161 = AXIS2_PLACEMENT_3D ( 'NONE', #742, #1489, #2294 ) ;
#4162 = ORIENTED_EDGE ( 'NONE', *, *, #2092, .T. ) ;
#4163 = FACE_OUTER_BOUND ( 'NONE', #5057, .T. ) ;
#4164 = EDGE_CURVE ( 'NONE', #871, #4942, #5048, .T. ) ;
#4165 = CARTESIAN_POINT ( 'NONE',  ( 30.94999999999999929, 39.40948300754050848, 7.450000000000000178 ) ) ;
#4166 = VECTOR ( 'NONE', #429, 1000.000000000000000 ) ;
#4167 = ORIENTED_EDGE ( 'NONE', *, *, #1703, .T. ) ;
#4168 = CARTESIAN_POINT ( 'NONE',  ( -30.94999999999999929, 45.35948300754050422, 7.950000000000000178 ) ) ;
#4169 = AXIS2_PLACEMENT_3D ( 'NONE', #4331, #4801, #1700 ) ;
#4170 = DIRECTION ( 'NONE',  ( 0.9986295347545739443, 0.05233595624294379994, -1.671745329546495650E-16 ) ) ;
#4171 = CARTESIAN_POINT ( 'NONE',  ( -22.95000000000000284, 45.35948300754050422, -3.050000000000000266 ) ) ;
#4172 = VERTEX_POINT ( 'NONE', #2495 ) ;
#4173 = ORIENTED_EDGE ( 'NONE', *, *, #3989, .F. ) ;
#4174 = AXIS2_PLACEMENT_3D ( 'NONE', #4305, #1877, #1072 ) ;
#4175 = DIRECTION ( 'NONE',  ( 1.000000000000000000, 0.000000000000000000, 0.000000000000000000 ) ) ;
#4176 = DIRECTION ( 'NONE',  ( 0.000000000000000000, 1.000000000000000000, 0.000000000000000000 ) ) ;
#4177 = DIRECTION ( 'NONE',  ( 0.000000000000000000, 0.000000000000000000, 1.000000000000000000 ) ) ;
#4178 = CARTESIAN_POINT ( 'NONE',  ( 40.95000000000003837, 39.24858921248426924, 29.64900583714906901 ) ) ;
#4179 = CIRCLE ( 'NONE', #4506, 1.500000000000001332 ) ;
#4180 = VERTEX_POINT ( 'NONE', #3249 ) ;
#4181 = VERTEX_POINT ( 'NONE', #2866 ) ;
#4182 = CARTESIAN_POINT ( 'NONE',  ( -22.95000000000000284, 39.40948300754050848, 17.44999999999999929 ) ) ;
#4183 = DIRECTION ( 'NONE',  ( -1.000000000000000000, 0.000000000000000000, 0.000000000000000000 ) ) ;
#4184 = CARTESIAN_POINT ( 'NONE',  ( 40.95000000000000284, 39.39040428020089024, -32.95923077946356727 ) ) ;
#4185 = LINE ( 'NONE', #1737, #4625 ) ;
#4186 = VECTOR ( 'NONE', #831, 1000.000000000000000 ) ;
#4187 = ADVANCED_FACE ( 'NONE', ( #4368 ), #2810, .F. ) ;
#4188 = EDGE_CURVE ( 'NONE', #3463, #3037, #3666, .T. ) ;
#4189 = ORIENTED_EDGE ( 'NONE', *, *, #3963, .T. ) ;
#4190 = CARTESIAN_POINT ( 'NONE',  ( -37.75000000000000000, 36.40948300754050138, -30.94999999999999929 ) ) ;
#4191 = AXIS2_PLACEMENT_3D ( 'NONE', #513, #2100, #122 ) ;
#4192 = CARTESIAN_POINT ( 'NONE',  ( 30.64999999999999858, 36.40948300754050138, 38.75000000000000000 ) ) ;
#4193 = EDGE_CURVE ( 'NONE', #2191, #1444, #2412, .T. ) ;
#4194 = ORIENTED_EDGE ( 'NONE', *, *, #2433, .F. ) ;
#4195 = FACE_OUTER_BOUND ( 'NONE', #3283, .T. ) ;
#4196 = CYLINDRICAL_SURFACE ( 'NONE', #3327, 2.500000000000002220 ) ;
#4197 = ORIENTED_EDGE ( 'NONE', *, *, #2120, .T. ) ;
#4198 = ORIENTED_EDGE ( 'NONE', *, *, #4408, .F. ) ;
#4199 = PLANE ( 'NONE',  #3752 ) ;
#4200 = CARTESIAN_POINT ( 'NONE',  ( -40.95000000000000284, 39.40253862007828189, 28.78617469050301381 ) ) ;
#4201 = FACE_OUTER_BOUND ( 'NONE', #2809, .T. ) ;
#4202 = EDGE_CURVE ( 'NONE', #2370, #3067, #3277, .T. ) ;
#4203 = CARTESIAN_POINT ( 'NONE',  ( 37.75000000000000000, 38.00948300754050280, 30.94999999999999929 ) ) ;
#4204 = ORIENTED_EDGE ( 'NONE', *, *, #500, .T. ) ;
#4205 = ORIENTED_EDGE ( 'NONE', *, *, #938, .T. ) ;
#4206 = CARTESIAN_POINT ( 'NONE',  ( -15.35000000000000142, 33.40948300754050138, -29.85000000000000142 ) ) ;
#4207 = PRESENTATION_STYLE_ASSIGNMENT (( #2247 ) ) ;
#4208 = DIRECTION ( 'NONE',  ( 0.000000000000000000, 0.000000000000000000, 1.000000000000000000 ) ) ;
#4209 = CYLINDRICAL_SURFACE ( 'NONE', #4712, 1.500000000000001332 ) ;
#4210 = ORIENTED_EDGE ( 'NONE', *, *, #1595, .T. ) ;
#4211 = DIRECTION ( 'NONE',  ( 0.000000000000000000, -1.000000000000000000, 0.000000000000000000 ) ) ;
#4212 = DIRECTION ( 'NONE',  ( 0.000000000000000000, 1.000000000000000000, 0.000000000000000000 ) ) ;
#4213 = ORIENTED_EDGE ( 'NONE', *, *, #3036, .F. ) ;
#4214 = CARTESIAN_POINT ( 'NONE',  ( -40.95000000000000284, 39.40948300754050848, -28.55000000000000071 ) ) ;
#4215 = AXIS2_PLACEMENT_3D ( 'NONE', #2363, #4057, #1630 ) ;
#4216 = CARTESIAN_POINT ( 'NONE',  ( -30.94999999999999929, 39.40948300754050848, -22.55000000000000071 ) ) ;
#4217 = EDGE_LOOP ( 'NONE', ( #2651, #1386, #1078, #1430 ) ) ;
#4218 = VECTOR ( 'NONE', #946, 1000.000000000000000 ) ;
#4219 = ORIENTED_EDGE ( 'NONE', *, *, #3871, .F. ) ;
#4220 = AXIS2_PLACEMENT_3D ( 'NONE', #2036, #1592, #1221 ) ;
#4221 = DIRECTION ( 'NONE',  ( 1.000000000000000000, 0.000000000000000000, 0.000000000000000000 ) ) ;
#4222 = EDGE_CURVE ( 'NONE', #1166, #4821, #476, .T. ) ;
#4223 = DIRECTION ( 'NONE',  ( 0.000000000000000000, 0.000000000000000000, 1.000000000000000000 ) ) ;
#4224 = FACE_OUTER_BOUND ( 'NONE', #324, .T. ) ;
#4225 = CARTESIAN_POINT ( 'NONE',  ( 30.94999999999999929, 45.35948300754050422, -22.55000000000000071 ) ) ;
#4226 = ORIENTED_EDGE ( 'NONE', *, *, #4817, .T. ) ;
#4227 = ORIENTED_EDGE ( 'NONE', *, *, #1997, .F. ) ;
#4228 = DIRECTION ( 'NONE',  ( 0.000000000000000000, -1.000000000000000000, 0.000000000000000000 ) ) ;
#4229 = FACE_OUTER_BOUND ( 'NONE', #4691, .T. ) ;
#4230 = FACE_OUTER_BOUND ( 'NONE', #1637, .T. ) ;
#4231 = AXIS2_PLACEMENT_3D ( 'NONE', #956, #4944, #3745 ) ;
#4232 = FACE_OUTER_BOUND ( 'NONE', #732, .T. ) ;
#4233 = ORIENTED_EDGE ( 'NONE', *, *, #2951, .F. ) ;
#4234 = CARTESIAN_POINT ( 'NONE',  ( -30.94999999999999929, 49.40948300754050138, 17.94999999999999929 ) ) ;
#4235 = PLANE ( 'NONE',  #4743 ) ;
#4236 = ORIENTED_EDGE ( 'NONE', *, *, #2776, .T. ) ;
#4237 = AXIS2_PLACEMENT_3D ( 'NONE', #4533, #967, #2558 ) ;
#4238 = CARTESIAN_POINT ( 'NONE',  ( -40.95000000000000995, 39.40948300754050138, -28.73719394791899617 ) ) ;
#4239 = LINE ( 'NONE', #1476, #4555 ) ;
#4240 = DIRECTION ( 'NONE',  ( 0.000000000000000000, 0.000000000000000000, 1.000000000000000000 ) ) ;
#4241 = EDGE_CURVE ( 'NONE', #3278, #2868, #593, .T. ) ;
#4242 = VERTEX_POINT ( 'NONE', #1337 ) ;
#4243 = ORIENTED_EDGE ( 'NONE', *, *, #2979, .T. ) ;
#4244 = EDGE_CURVE ( 'NONE', #922, #4690, #62, .T. ) ;
#4245 = DIRECTION ( 'NONE',  ( 0.000000000000000000, 1.000000000000000000, 0.000000000000000000 ) ) ;
#4246 = DIRECTION ( 'NONE',  ( 0.000000000000000000, -1.000000000000000000, 0.000000000000000000 ) ) ;
#4247 = CARTESIAN_POINT ( 'NONE',  ( -30.94999999999999929, 39.40948300754050848, 17.94999999999999929 ) ) ;
#4248 = DIRECTION ( 'NONE',  ( 0.000000000000000000, -1.000000000000000000, 0.000000000000000000 ) ) ;
#4249 = ORIENTED_EDGE ( 'NONE', *, *, #1693, .T. ) ;
#4250 = EDGE_CURVE ( 'NONE', #2258, #1948, #3460, .T. ) ;
#4251 = ORIENTED_EDGE ( 'NONE', *, *, #2324, .F. ) ;
#4252 = CARTESIAN_POINT ( 'NONE',  ( -37.75000000000000000, 37.40948300754050138, 28.94999999999999929 ) ) ;
#4253 = LINE ( 'NONE', #741, #4338 ) ;
#4254 = CARTESIAN_POINT ( 'NONE',  ( -37.75000000000000000, 36.40948300754050138, -30.94999999999999929 ) ) ;
#4255 = AXIS2_PLACEMENT_3D ( 'NONE', #892, #2486, #1301 ) ;
#4256 = CARTESIAN_POINT ( 'NONE',  ( 22.95000000000000284, 49.40948300754050138, -2.550000000000000266 ) ) ;
#4257 = AXIS2_PLACEMENT_3D ( 'NONE', #4216, #653, #1506 ) ;
#4258 = ORIENTED_EDGE ( 'NONE', *, *, #962, .T. ) ;
#4259 = LINE ( 'NONE', #1967, #4431 ) ;
#4260 = DIRECTION ( 'NONE',  ( 1.000000000000000000, 0.000000000000000000, 0.000000000000000000 ) ) ;
#4261 = ORIENTED_EDGE ( 'NONE', *, *, #1672, .F. ) ;
#4262 = ORIENTED_EDGE ( 'NONE', *, *, #1342, .F. ) ;
#4263 = AXIS2_PLACEMENT_3D ( 'NONE', #177, #982, #2572 ) ;
#4264 = VECTOR ( 'NONE', #3899, 1000.000000000000000 ) ;
#4265 = DIRECTION ( 'NONE',  ( 0.000000000000000000, -1.000000000000000000, 0.000000000000000000 ) ) ;
#4266 = VERTEX_POINT ( 'NONE', #1392 ) ;
#4267 = VERTEX_POINT ( 'NONE', #930 ) ;
#4268 = LINE ( 'NONE', #2345, #4093 ) ;
#4269 = CARTESIAN_POINT ( 'NONE',  ( -41.45000000000000284, 37.40948300754050138, -42.95000000000000284 ) ) ;
#4270 = EDGE_CURVE ( 'NONE', #2308, #2191, #4185, .T. ) ;
#4271 = ADVANCED_FACE ( 'NONE', ( #173 ), #1787, .F. ) ;
#4272 = EDGE_CURVE ( 'NONE', #1728, #9, #2989, .T. ) ;
#4273 = DIRECTION ( 'NONE',  ( 0.000000000000000000, -1.000000000000000000, 0.000000000000000000 ) ) ;
#4274 = VERTEX_POINT ( 'NONE', #3320 ) ;
#4275 = ORIENTED_EDGE ( 'NONE', *, *, #720, .F. ) ;
#4276 = CARTESIAN_POINT ( 'NONE',  ( 30.64999999999999858, 33.40948300754050138, 38.75000000000000000 ) ) ;
#4277 = DIRECTION ( 'NONE',  ( 0.000000000000000000, 1.000000000000000000, 0.000000000000000000 ) ) ;
#4278 = CARTESIAN_POINT ( 'NONE',  ( -40.95000000000000284, 39.40948300754050848, 28.55000000000000071 ) ) ;
#4279 = EDGE_CURVE ( 'NONE', #2853, #1514, #643, .T. ) ;
#4280 = CARTESIAN_POINT ( 'NONE',  ( -30.94999999999999929, 45.35948300754050422, -2.550000000000000266 ) ) ;
#4281 = ORIENTED_EDGE ( 'NONE', *, *, #3519, .T. ) ;
#4282 = CARTESIAN_POINT ( 'NONE',  ( -30.94999999999999929, 39.40948300754050848, -22.05000000000000071 ) ) ;
#4283 = DIRECTION ( 'NONE',  ( 0.000000000000000000, -1.000000000000000000, 0.000000000000000000 ) ) ;
#4284 = EDGE_CURVE ( 'NONE', #2285, #1220, #2937, .T. ) ;
#4285 = CARTESIAN_POINT ( 'NONE',  ( -22.95000000000000284, 45.35948300754050422, 6.949999999999999289 ) ) ;
#4286 = ORIENTED_EDGE ( 'NONE', *, *, #1351, .T. ) ;
#4287 = ORIENTED_EDGE ( 'NONE', *, *, #2062, .F. ) ;
#4288 = VERTEX_POINT ( 'NONE', #1312 ) ;
#4289 = CARTESIAN_POINT ( 'NONE',  ( 30.94999999999999929, 39.40948300754050848, 17.44999999999999929 ) ) ;
#4290 = EDGE_CURVE ( 'NONE', #4697, #3458, #2550, .T. ) ;
#4291 = ORIENTED_EDGE ( 'NONE', *, *, #2244, .T. ) ;
#4292 = FACE_OUTER_BOUND ( 'NONE', #2152, .T. ) ;
#4293 = EDGE_CURVE ( 'NONE', #1906, #9, #971, .T. ) ;
#4294 = ORIENTED_EDGE ( 'NONE', *, *, #2656, .F. ) ;
#4295 = VERTEX_POINT ( 'NONE', #2544 ) ;
#4296 = CARTESIAN_POINT ( 'NONE',  ( 22.95000000000000284, 49.40948300754050138, -2.050000000000000266 ) ) ;
#4297 = AXIS2_PLACEMENT_3D ( 'NONE', #1795, #3873, #4734 ) ;
#4298 = CARTESIAN_POINT ( 'NONE',  ( -30.94999999999999929, 39.40948300754050848, -3.050000000000000266 ) ) ;
#4299 = CARTESIAN_POINT ( 'NONE',  ( 40.75000000000000000, 47.95948300754049853, -42.25000000000000000 ) ) ;
#4300 = VERTEX_POINT ( 'NONE', #3013 ) ;
#4301 = AXIS2_PLACEMENT_3D ( 'NONE', #1075, #3133, #3471 ) ;
#4302 = VECTOR ( 'NONE', #2946, 1000.000000000000000 ) ;
#4303 = ORIENTED_EDGE ( 'NONE', *, *, #3703, .T. ) ;
#4304 = DIRECTION ( 'NONE',  ( 0.000000000000000000, 0.000000000000000000, 1.000000000000000000 ) ) ;
#4305 = CARTESIAN_POINT ( 'NONE',  ( 37.75000000000000000, 38.00948300754050280, 30.94999999999999929 ) ) ;
#4306 = CARTESIAN_POINT ( 'NONE',  ( 37.75000000000000000, 38.00948300754050280, 30.94999999999999929 ) ) ;
#4307 = EDGE_CURVE ( 'NONE', #3993, #2684, #2968, .T. ) ;
#4308 = AXIS2_PLACEMENT_3D ( 'NONE', #60, #2424, #1596 ) ;
#4309 = DIRECTION ( 'NONE',  ( 0.000000000000000000, -1.000000000000000000, 0.000000000000000000 ) ) ;
#4310 = ORIENTED_EDGE ( 'NONE', *, *, #3476, .F. ) ;
#4311 = CARTESIAN_POINT ( 'NONE',  ( 18.25000000000000000, 44.35948300754050422, -15.25000000000000000 ) ) ;
#4312 = VECTOR ( 'NONE', #2025, 1000.000000000000000 ) ;
#4313 = CARTESIAN_POINT ( 'NONE',  ( 22.95000000000000284, 49.40948300754050138, 7.950000000000000178 ) ) ;
#4314 = DIRECTION ( 'NONE',  ( 0.000000000000000000, 0.000000000000000000, 1.000000000000000000 ) ) ;
#4315 = ORIENTED_EDGE ( 'NONE', *, *, #1960, .T. ) ;
#4316 = EDGE_CURVE ( 'NONE', #3943, #1113, #564, .T. ) ;
#4317 = ORIENTED_EDGE ( 'NONE', *, *, #3418, .T. ) ;
#4318 = ORIENTED_EDGE ( 'NONE', *, *, #3586, .F. ) ;
#4319 = DIRECTION ( 'NONE',  ( 0.000000000000000000, -1.000000000000000000, 0.000000000000000000 ) ) ;
#4320 = DIRECTION ( 'NONE',  ( 0.000000000000000000, 0.000000000000000000, -1.000000000000000000 ) ) ;
#4321 = ORIENTED_EDGE ( 'NONE', *, *, #3328, .T. ) ;
#4322 = VECTOR ( 'NONE', #1780, 1000.000000000000000 ) ;
#4323 = VECTOR ( 'NONE', #699, 1000.000000000000000 ) ;
#4324 = ORIENTED_EDGE ( 'NONE', *, *, #1425, .F. ) ;
#4325 = LINE ( 'NONE', #3650, #2896 ) ;
#4326 = CARTESIAN_POINT ( 'NONE',  ( -15.35000000000000142, 33.40948300754050138, -28.55000000000000071 ) ) ;
#4327 = VECTOR ( 'NONE', #846, 1000.000000000000000 ) ;
#4328 = CARTESIAN_POINT ( 'NONE',  ( -15.35000000000000142, 36.40948300754050138, -28.55000000000000071 ) ) ;
#4329 = VERTEX_POINT ( 'NONE', #4595 ) ;
#4330 = ORIENTED_EDGE ( 'NONE', *, *, #3586, .T. ) ;
#4331 = CARTESIAN_POINT ( 'NONE',  ( -15.35000000000000142, 36.40948300754050138, 37.44999999999999574 ) ) ;
#4332 = CARTESIAN_POINT ( 'NONE',  ( -37.75000000000000000, 37.40948300754050138, -32.95000000000000284 ) ) ;
#4333 = DIRECTION ( 'NONE',  ( 0.000000000000000000, -1.000000000000000000, 0.000000000000000000 ) ) ;
#4334 = ADVANCED_FACE ( 'NONE', ( #2151 ), #3738, .F. ) ;
#4335 = DIRECTION ( 'NONE',  ( 0.000000000000000000, 0.000000000000000000, -1.000000000000000000 ) ) ;
#4336 = ORIENTED_EDGE ( 'NONE', *, *, #4450, .F. ) ;
#4337 = DIRECTION ( 'NONE',  ( 0.000000000000000000, -1.000000000000000000, 0.000000000000000000 ) ) ;
#4338 = VECTOR ( 'NONE', #2720, 1000.000000000000000 ) ;
#4339 = CARTESIAN_POINT ( 'NONE',  ( -40.95000000000001705, 39.32240143158514911, -29.32081890863337748 ) ) ;
#4340 = FACE_OUTER_BOUND ( 'NONE', #1188, .T. ) ;
#4341 = ADVANCED_FACE ( 'NONE', ( #2622 ), #4941, .F. ) ;
#4342 = DIRECTION ( 'NONE',  ( 0.000000000000000000, 0.000000000000000000, 1.000000000000000000 ) ) ;
#4343 = ORIENTED_EDGE ( 'NONE', *, *, #2406, .F. ) ;
#4344 = ADVANCED_FACE ( 'NONE', ( #2570 ), #4209, .T. ) ;
#4345 = EDGE_LOOP ( 'NONE', ( #1605, #963, #3443, #4258 ) ) ;
#4346 = ORIENTED_EDGE ( 'NONE', *, *, #3355, .F. ) ;
#4347 = DIRECTION ( 'NONE',  ( 0.000000000000000000, 0.000000000000000000, 1.000000000000000000 ) ) ;
#4348 = CARTESIAN_POINT ( 'NONE',  ( -40.95000000000000284, 39.40948300754050848, 28.55000000000000071 ) ) ;
#4349 = ADVANCED_FACE ( 'NONE', ( #2104, #3691 ), #1711, .T. ) ;
#4350 = CARTESIAN_POINT ( 'NONE',  ( -30.94999999999999929, 49.40948300754050138, 6.949999999999999289 ) ) ;
#4351 = CONICAL_SURFACE ( 'NONE', #2262, 0.5000000000000004441, 0.05235987755983064623 ) ;
#4352 = VERTEX_POINT ( 'NONE', #277 ) ;
#4353 = ORIENTED_EDGE ( 'NONE', *, *, #648, .F. ) ;
#4354 = CARTESIAN_POINT ( 'NONE',  ( -22.95000000000000284, 49.40948300754050138, -22.05000000000000071 ) ) ;
#4355 = CIRCLE ( 'NONE', #4435, 1.000000000000000888 ) ;
#4356 = CYLINDRICAL_SURFACE ( 'NONE', #4308, 1.500000000000001332 ) ;
#4357 = ORIENTED_EDGE ( 'NONE', *, *, #1754, .F. ) ;
#4358 = ORIENTED_EDGE ( 'NONE', *, *, #4290, .F. ) ;
#4359 = CARTESIAN_POINT ( 'NONE',  ( -32.25000000000000000, 43.25948300754050280, 19.46392568124259981 ) ) ;
#4360 = FACE_BOUND ( 'NONE', #519, .T. ) ;
#4361 = FACE_OUTER_BOUND ( 'NONE', #2145, .T. ) ;
#4362 = DIRECTION ( 'NONE',  ( 0.000000000000000000, -1.000000000000000000, 0.000000000000000000 ) ) ;
#4363 = EDGE_CURVE ( 'NONE', #3699, #3412, #2325, .T. ) ;
#4364 = VERTEX_POINT ( 'NONE', #694 ) ;
#4365 = LINE ( 'NONE', #4282, #1349 ) ;
#4366 = CARTESIAN_POINT ( 'NONE',  ( -40.95000000000002416, 39.08440161042844352, -30.31554980994389936 ) ) ;
#4367 = CARTESIAN_POINT ( 'NONE',  ( 40.94999999999999574, 39.35031087522203563, -32.72816784482171215 ) ) ;
#4368 = FACE_OUTER_BOUND ( 'NONE', #2086, .T. ) ;
#4369 = VERTEX_POINT ( 'NONE', #5064 ) ;
#4370 = VERTEX_POINT ( 'NONE', #743 ) ;
#4371 = FILL_AREA_STYLE_COLOUR ( '', #4757 ) ;
#4372 = EDGE_CURVE ( 'NONE', #2184, #3091, #717, .T. ) ;
#4373 = CARTESIAN_POINT ( 'NONE',  ( -40.95000000000001705, 39.33805535248108498, 32.66045546810718747 ) ) ;
#4374 = LINE ( 'NONE', #806, #4675 ) ;
#4375 = VERTEX_POINT ( 'NONE', #1835 ) ;
#4376 = EDGE_LOOP ( 'NONE', ( #4787, #1933, #503, #3363, #5024, #2949, #1197, #1641 ) ) ;
#4377 = DIRECTION ( 'NONE',  ( -1.000000000000000000, 0.000000000000000000, 0.000000000000000000 ) ) ;
#4378 = DIRECTION ( 'NONE',  ( 0.000000000000000000, 0.000000000000000000, -1.000000000000000000 ) ) ;
#4379 = ORIENTED_EDGE ( 'NONE', *, *, #3803, .F. ) ;
#4380 = CIRCLE ( 'NONE', #651, 0.7500000000000006661 ) ;
#4381 = EDGE_CURVE ( 'NONE', #2735, #3031, #3798, .T. ) ;
#4382 = LINE ( 'NONE', #4048, #1760 ) ;
#4383 = CARTESIAN_POINT ( 'NONE',  ( -12.25000000000000000, 45.35948300754050422, -36.75000000000000000 ) ) ;
#4384 = CARTESIAN_POINT ( 'NONE',  ( 41.45000000000000284, 49.40948300754050138, 41.45000000000000284 ) ) ;
#4385 = AXIS2_PLACEMENT_3D ( 'NONE', #5091, #1128, #3868 ) ;
#4386 = LINE ( 'NONE', #822, #4218 ) ;
#4387 = DIRECTION ( 'NONE',  ( 0.000000000000000000, -1.000000000000000000, 0.000000000000000000 ) ) ;
#4388 = CIRCLE ( 'NONE', #5052, 0.5000000000000004441 ) ;
#4389 = VECTOR ( 'NONE', #394, 1000.000000000000000 ) ;
#4390 = CARTESIAN_POINT ( 'NONE',  ( -40.95000000000002416, 39.35031087522297355, -29.17183215517391304 ) ) ;
#4391 = CARTESIAN_POINT ( 'NONE',  ( 40.95000000000000284, 39.01650571233351883, -31.16735509235175172 ) ) ;
#4392 = CARTESIAN_POINT ( 'NONE',  ( 22.95000000000000284, 45.35948300754050422, -3.050000000000000266 ) ) ;
#4393 = EDGE_LOOP ( 'NONE', ( #2582, #3225, #2687, #2050 ) ) ;
#4394 =( GEOMETRIC_REPRESENTATION_CONTEXT ( 3 ) GLOBAL_UNCERTAINTY_ASSIGNED_CONTEXT ( ( #3785 ) ) GLOBAL_UNIT_ASSIGNED_CONTEXT ( ( #678, #1867, #1401 ) ) REPRESENTATION_CONTEXT ( 'NONE', 'WORKASPACE' ) );
#4395 = VERTEX_POINT ( 'NONE', #2275 ) ;
#4396 = LINE ( 'NONE', #1742, #1517 ) ;
#4397 = CARTESIAN_POINT ( 'NONE',  ( -40.94999999999999574, 39.07467922567910534, 31.53666831040443341 ) ) ;
#4398 = CIRCLE ( 'NONE', #4231, 4.000000000000000000 ) ;
#4399 = DIRECTION ( 'NONE',  ( 1.000000000000000000, 0.000000000000000000, 0.000000000000000000 ) ) ;
#4400 = ORIENTED_EDGE ( 'NONE', *, *, #174, .F. ) ;
#4401 = ORIENTED_EDGE ( 'NONE', *, *, #3658, .F. ) ;
#4402 = CARTESIAN_POINT ( 'NONE',  ( -22.95000000000000284, 39.40948300754050848, -12.05000000000000071 ) ) ;
#4403 = EDGE_CURVE ( 'NONE', #3855, #162, #250, .T. ) ;
#4404 = DIRECTION ( 'NONE',  ( 0.000000000000000000, 0.000000000000000000, -1.000000000000000000 ) ) ;
#4405 = ORIENTED_EDGE ( 'NONE', *, *, #3711, .T. ) ;
#4406 = CIRCLE ( 'NONE', #3911, 0.5000000000000004441 ) ;
#4407 = CIRCLE ( 'NONE', #2835, 2.000000000000001776 ) ;
#4408 = EDGE_CURVE ( 'NONE', #705, #3495, #3925, .T. ) ;
#4409 = DIRECTION ( 'NONE',  ( 0.000000000000000000, 0.000000000000000000, 1.000000000000000000 ) ) ;
#4410 = DIRECTION ( 'NONE',  ( -1.000000000000000000, 0.000000000000000000, 0.000000000000000000 ) ) ;
#4411 = VECTOR ( 'NONE', #3215, 1000.000000000000000 ) ;
#4412 = DIRECTION ( 'NONE',  ( 0.05233595624294379994, -0.9986295347545739443, -8.761246024832769599E-18 ) ) ;
#4413 = EDGE_CURVE ( 'NONE', #312, #4685, #4471, .T. ) ;
#4414 = FACE_OUTER_BOUND ( 'NONE', #1362, .T. ) ;
#4415 = LINE ( 'NONE', #4107, #1438 ) ;
#4416 = DIRECTION ( 'NONE',  ( -1.642341752404079701E-16, 0.000000000000000000, -1.000000000000000000 ) ) ;
#4417 = CARTESIAN_POINT ( 'NONE',  ( 40.95000000000000284, 39.05707642384807343, -31.44494387055211959 ) ) ;
#4418 = LINE ( 'NONE', #1687, #2641 ) ;
#4419 = ORIENTED_EDGE ( 'NONE', *, *, #4499, .F. ) ;
#4420 = CIRCLE ( 'NONE', #2252, 2.500000000000002220 ) ;
#4421 = VERTEX_POINT ( 'NONE', #2296 ) ;
#4422 = PRESENTATION_LAYER_ASSIGNMENT (  '', '', ( #1840 ) ) ;
#4423 = DIRECTION ( 'NONE',  ( 0.000000000000000000, 0.000000000000000000, -1.000000000000000000 ) ) ;
#4424 = CARTESIAN_POINT ( 'NONE',  ( -40.95000000000001705, 39.09945448122834222, 31.65376065776662173 ) ) ;
#4425 = VECTOR ( 'NONE', #164, 1000.000000000000000 ) ;
#4426 = CARTESIAN_POINT ( 'NONE',  ( -42.25000000000000000, 47.95948300754049853, 40.75000000000000000 ) ) ;
#4427 = ORIENTED_EDGE ( 'NONE', *, *, #267, .T. ) ;
#4428 = CIRCLE ( 'NONE', #2770, 2.500000000000002220 ) ;
#4429 = ORIENTED_EDGE ( 'NONE', *, *, #1207, .F. ) ;
#4430 = FACE_OUTER_BOUND ( 'NONE', #843, .T. ) ;
#4431 = VECTOR ( 'NONE', #719, 1000.000000000000000 ) ;
#4432 = DIRECTION ( 'NONE',  ( 0.000000000000000000, 0.000000000000000000, 1.000000000000000000 ) ) ;
#4433 = ORIENTED_EDGE ( 'NONE', *, *, #4649, .F. ) ;
#4434 = EDGE_CURVE ( 'NONE', #2340, #777, #2221, .T. ) ;
#4435 = AXIS2_PLACEMENT_3D ( 'NONE', #4002, #484, #3662 ) ;
#4436 = FACE_OUTER_BOUND ( 'NONE', #4737, .T. ) ;
#4437 = LINE ( 'NONE', #2016, #2423 ) ;
#4438 = DIRECTION ( 'NONE',  ( 0.000000000000000000, -1.000000000000000000, 0.000000000000000000 ) ) ;
#4439 = ADVANCED_FACE ( 'NONE', ( #4232 ), #1522, .F. ) ;
#4440 = FACE_BOUND ( 'NONE', #4217, .T. ) ;
#4441 = EDGE_CURVE ( 'NONE', #3548, #1865, #4670, .T. ) ;
#4442 = ORIENTED_EDGE ( 'NONE', *, *, #2427, .T. ) ;
#4443 = CARTESIAN_POINT ( 'NONE',  ( -18.25000000000000000, 44.94526944516740485, -15.24999999999999112 ) ) ;
#4444 = ADVANCED_FACE ( 'NONE', ( #3895 ), #1464, .F. ) ;
#4445 = CARTESIAN_POINT ( 'NONE',  ( 41.95000000000000284, 37.40948300754050138, -42.95000000000000284 ) ) ;
#4446 = CARTESIAN_POINT ( 'NONE',  ( 40.94999999999999574, 39.11936130527995914, -30.15753427922273389 ) ) ;
#4447 = VERTEX_POINT ( 'NONE', #1913 ) ;
#4448 = ORIENTED_EDGE ( 'NONE', *, *, #5045, .F. ) ;
#4449 = LINE ( 'NONE', #933, #4186 ) ;
#4450 = EDGE_CURVE ( 'NONE', #760, #1158, #1559, .T. ) ;
#4451 = CYLINDRICAL_SURFACE ( 'NONE', #3479, 0.7500000000000006661 ) ;
#4452 = CYLINDRICAL_SURFACE ( 'NONE', #1850, 1.299999999999999156 ) ;
#4453 = ORIENTED_EDGE ( 'NONE', *, *, #3395, .F. ) ;
#4454 = CARTESIAN_POINT ( 'NONE',  ( -37.75000000000000000, 36.40948300754050138, -32.95000000000000284 ) ) ;
#4455 = EDGE_CURVE ( 'NONE', #4975, #3725, #150, .T. ) ;
#4456 = PLANE ( 'NONE',  #3985 ) ;
#4457 = ORIENTED_EDGE ( 'NONE', *, *, #268, .T. ) ;
#4458 = EDGE_LOOP ( 'NONE', ( #785, #3676, #121, #4120 ) ) ;
#4459 = LINE ( 'NONE', #1650, #1335 ) ;
#4460 = CARTESIAN_POINT ( 'NONE',  ( -30.94999999999999929, 39.40948300754050848, 16.94999999999999929 ) ) ;
#4461 = DIRECTION ( 'NONE',  ( 0.000000000000000000, 0.000000000000000000, 1.000000000000000000 ) ) ;
#4462 = CARTESIAN_POINT ( 'NONE',  ( 40.95000000000003126, 39.24958788648105212, 32.25968391600728324 ) ) ;
#4463 = EDGE_LOOP ( 'NONE', ( #2307, #2571 ) ) ;
#4464 = CARTESIAN_POINT ( 'NONE',  ( 41.45000000000000284, 49.40948300754050138, -41.45000000000000284 ) ) ;
#4465 = DIRECTION ( 'NONE',  ( 0.000000000000000000, -1.000000000000000000, 0.000000000000000000 ) ) ;
#4466 = CARTESIAN_POINT ( 'NONE',  ( -18.25000000000000000, 41.15948300754050138, -15.25000000000000000 ) ) ;
#4467 = AXIS2_PLACEMENT_3D ( 'NONE', #1859, #296, #2674 ) ;
#4468 = CARTESIAN_POINT ( 'NONE',  ( 40.95000000000000995, 39.22607913858198003, -29.73530341947873978 ) ) ;
#4469 = DIRECTION ( 'NONE',  ( 0.000000000000000000, 1.000000000000000000, 0.000000000000000000 ) ) ;
#4470 = EDGE_CURVE ( 'NONE', #2197, #680, #2724, .T. ) ;
#4471 = CIRCLE ( 'NONE', #3801, 0.5000000000000000000 ) ;
#4472 = VERTEX_POINT ( 'NONE', #3530 ) ;
#4473 = VECTOR ( 'NONE', #4377, 1000.000000000000000 ) ;
#4474 = CARTESIAN_POINT ( 'NONE',  ( 37.75000000000000000, 36.40948300754050138, 32.95000000000000284 ) ) ;
#4475 = CARTESIAN_POINT ( 'NONE',  ( -37.75000000000000000, 36.40948300754050138, 30.94999999999999929 ) ) ;
#4476 = AXIS2_PLACEMENT_3D ( 'NONE', #3540, #3203, #3118 ) ;
#4477 = ADVANCED_FACE ( 'NONE', ( #4619 ), #2224, .F. ) ;
#4478 = VERTEX_POINT ( 'NONE', #2249 ) ;
#4479 = CARTESIAN_POINT ( 'NONE',  ( -30.94999999999999929, 39.40948300754050848, 16.94999999999999929 ) ) ;
#4480 = CIRCLE ( 'NONE', #906, 3.999999999999996447 ) ;
#4481 = ADVANCED_FACE ( 'NONE', ( #3845 ), #4642, .F. ) ;
#4482 = DIRECTION ( 'NONE',  ( 0.000000000000000000, 0.000000000000000000, -1.000000000000000000 ) ) ;
#4483 = EDGE_LOOP ( 'NONE', ( #1452, #4106, #1750, #3786, #3977, #4935 ) ) ;
#4484 = ORIENTED_EDGE ( 'NONE', *, *, #2708, .T. ) ;
#4485 = CARTESIAN_POINT ( 'NONE',  ( -40.75000000000000000, 47.95948300754049853, -40.75000000000000000 ) ) ;
#4486 = FACE_OUTER_BOUND ( 'NONE', #3324, .T. ) ;
#4487 = CARTESIAN_POINT ( 'NONE',  ( -30.94999999999999929, 49.40948300754050138, -23.05000000000000071 ) ) ;
#4488 = CARTESIAN_POINT ( 'NONE',  ( 40.95000000000002416, 39.17497464688922548, 31.96235644859487479 ) ) ;
#4489 = ORIENTED_EDGE ( 'NONE', *, *, #959, .F. ) ;
#4490 = AXIS2_PLACEMENT_3D ( 'NONE', #1529, #2969, #1375 ) ;
#4491 = DIRECTION ( 'NONE',  ( 2.423362248163175334E-16, 0.000000000000000000, 1.000000000000000000 ) ) ;
#4492 = CARTESIAN_POINT ( 'NONE',  ( 40.95000000000000284, 39.40948300754050848, -33.34999999999999432 ) ) ;
#4493 = LINE ( 'NONE', #2102, #1394 ) ;
#4494 = FACE_OUTER_BOUND ( 'NONE', #4922, .T. ) ;
#4495 = DIRECTION ( 'NONE',  ( 1.000000000000000000, 0.000000000000000000, 0.000000000000000000 ) ) ;
#4496 = VERTEX_POINT ( 'NONE', #378 ) ;
#4497 = DIRECTION ( 'NONE',  ( 0.000000000000000000, 0.000000000000000000, -1.000000000000000000 ) ) ;
#4498 = CARTESIAN_POINT ( 'NONE',  ( 41.45000000000000284, 49.40948300754050138, -42.95000000000000284 ) ) ;
#4499 = EDGE_CURVE ( 'NONE', #1719, #3037, #3216, .T. ) ;
#4500 = ADVANCED_FACE ( 'NONE', ( #4414 ), #4862, .F. ) ;
#4501 = VECTOR ( 'NONE', #531, 1000.000000000000000 ) ;
#4502 = VECTOR ( 'NONE', #39, 1000.000000000000000 ) ;
#4503 = EDGE_LOOP ( 'NONE', ( #5127, #2286, #3357, #4189 ) ) ;
#4504 = DIRECTION ( 'NONE',  ( 0.000000000000000000, 0.000000000000000000, -1.000000000000000000 ) ) ;
#4505 = ADVANCED_FACE ( 'NONE', ( #794, #2407, #1992, #3953, #2858, #2019, #3241, #4440, #3976, #1603, #3164, #5146, #2831, #3611, #1233, #1626 ), #2379, .F. ) ;
#4506 = AXIS2_PLACEMENT_3D ( 'NONE', #3568, #4176, #1169 ) ;
#4507 = CARTESIAN_POINT ( 'NONE',  ( -12.25000000000000000, 45.35948300754050422, -37.75000000000000000 ) ) ;
#4508 = ORIENTED_EDGE ( 'NONE', *, *, #1119, .T. ) ;
#4509 = ORIENTED_EDGE ( 'NONE', *, *, #2501, .F. ) ;
#4510 = CARTESIAN_POINT ( 'NONE',  ( -30.94999999999999929, 49.40948300754050138, -13.05000000000000071 ) ) ;
#4511 = CARTESIAN_POINT ( 'NONE',  ( 30.94999999999999929, 49.40948300754050138, -13.05000000000000071 ) ) ;
#4512 = AXIS2_PLACEMENT_3D ( 'NONE', #3043, #3456, #4320 ) ;
#4513 = CARTESIAN_POINT ( 'NONE',  ( 24.25000000000000000, 43.25948300754050280, 19.46392568124259981 ) ) ;
#4514 = CARTESIAN_POINT ( 'NONE',  ( 40.95000000000003837, 39.33805535248168184, 29.23954453188946445 ) ) ;
#4515 = ORIENTED_EDGE ( 'NONE', *, *, #2538, .F. ) ;
#4516 = DIRECTION ( 'NONE',  ( 0.000000000000000000, 0.000000000000000000, 1.000000000000000000 ) ) ;
#4517 = CARTESIAN_POINT ( 'NONE',  ( -37.75000000000000000, 39.40948300754050848, -30.94999999999999929 ) ) ;
#4518 = DIRECTION ( 'NONE',  ( -2.511059313838565264E-16, 0.000000000000000000, -1.000000000000000000 ) ) ;
#4519 = DIRECTION ( 'NONE',  ( 0.000000000000000000, -1.000000000000000000, 0.000000000000000000 ) ) ;
#4520 = AXIS2_PLACEMENT_3D ( 'NONE', #2146, #4615, #3706 ) ;
#4521 = DIRECTION ( 'NONE',  ( 0.000000000000000000, 0.000000000000000000, 1.000000000000000000 ) ) ;
#4522 = EDGE_CURVE ( 'NONE', #162, #2803, #4140, .T. ) ;
#4523 = VERTEX_POINT ( 'NONE', #2042 ) ;
#4524 = PLANE ( 'NONE',  #4263 ) ;
#4525 = LINE ( 'NONE', #4192, #3148 ) ;
#4526 = EDGE_LOOP ( 'NONE', ( #1219, #2753, #4226, #1973 ) ) ;
#4527 = LINE ( 'NONE', #987, #3980 ) ;
#4528 = FACE_OUTER_BOUND ( 'NONE', #3888, .T. ) ;
#4529 = ORIENTED_EDGE ( 'NONE', *, *, #4657, .F. ) ;
#4530 = EDGE_LOOP ( 'NONE', ( #2965, #3077, #947, #2740 ) ) ;
#4531 = CARTESIAN_POINT ( 'NONE',  ( 30.64999999999999858, 33.40948300754050138, -28.55000000000000071 ) ) ;
#4532 = DIRECTION ( 'NONE',  ( 0.000000000000000000, -1.000000000000000000, 0.000000000000000000 ) ) ;
#4533 = CARTESIAN_POINT ( 'NONE',  ( 39.25000000000000000, 45.35948300754050422, -37.75000000000000000 ) ) ;
#4534 = CARTESIAN_POINT ( 'NONE',  ( 40.95000000000002416, 39.31413809909211210, 32.53734174802213630 ) ) ;
#4535 = VERTEX_POINT ( 'NONE', #3632 ) ;
#4536 = EDGE_CURVE ( 'NONE', #1661, #2370, #1470, .T. ) ;
#4537 = EDGE_LOOP ( 'NONE', ( #4614, #3134, #3753, #1373 ) ) ;
#4538 = DIRECTION ( 'NONE',  ( 0.000000000000000000, 1.000000000000000000, 0.000000000000000000 ) ) ;
#4539 = LINE ( 'NONE', #4108, #504 ) ;
#4540 = CARTESIAN_POINT ( 'NONE',  ( -30.94999999999999929, 49.40948300754050138, -2.050000000000000266 ) ) ;
#4541 = EDGE_CURVE ( 'NONE', #2285, #3819, #1180, .T. ) ;
#4542 = DIRECTION ( 'NONE',  ( 1.000000000000000000, 0.000000000000000000, -1.615574832108784706E-16 ) ) ;
#4543 = EDGE_LOOP ( 'NONE', ( #1920, #1853, #5126, #3457 ) ) ;
#4544 = DIRECTION ( 'NONE',  ( 1.000000000000000000, 0.000000000000000000, -4.336808689942015271E-16 ) ) ;
#4545 = CIRCLE ( 'NONE', #5046, 2.499999999999998668 ) ;
#4546 = DIRECTION ( 'NONE',  ( 0.000000000000000000, 0.000000000000000000, 1.000000000000000000 ) ) ;
#4547 = VECTOR ( 'NONE', #2434, 1000.000000000000000 ) ;
#4548 = ORIENTED_EDGE ( 'NONE', *, *, #4038, .F. ) ;
#4549 = CARTESIAN_POINT ( 'NONE',  ( -40.95000000000003126, 39.24958788647470698, -32.25968391597719176 ) ) ;
#4550 = AXIS2_PLACEMENT_3D ( 'NONE', #1149, #474, #4404 ) ;
#4551 = TOROIDAL_SURFACE ( 'NONE', #3470, 4.000000000000000000, 1.000000000000000000 ) ;
#4552 = FACE_OUTER_BOUND ( 'NONE', #3518, .T. ) ;
#4553 = PLANE ( 'NONE',  #485 ) ;
#4554 = ORIENTED_EDGE ( 'NONE', *, *, #2062, .T. ) ;
#4555 = VECTOR ( 'NONE', #3827, 1000.000000000000000 ) ;
#4556 = VERTEX_POINT ( 'NONE', #1679 ) ;
#4557 = AXIS2_PLACEMENT_3D ( 'NONE', #2173, #4519, #3765 ) ;
#4558 = CARTESIAN_POINT ( 'NONE',  ( 30.94999999999999929, 49.40948300754050138, -22.05000000000000071 ) ) ;
#4559 = CARTESIAN_POINT ( 'NONE',  ( -40.94999999999999574, 39.34043281234506395, 29.22967832066775529 ) ) ;
#4560 = DIRECTION ( 'NONE',  ( 0.000000000000000000, -1.000000000000000000, 0.000000000000000000 ) ) ;
#4561 = EDGE_CURVE ( 'NONE', #3465, #2503, #459, .T. ) ;
#4562 = EDGE_CURVE ( 'NONE', #4288, #2922, #1576, .T. ) ;
#4563 = CARTESIAN_POINT ( 'NONE',  ( 40.95000000000002416, 39.35846707777243836, 32.77616929701051163 ) ) ;
#4564 = ORIENTED_EDGE ( 'NONE', *, *, #4906, .T. ) ;
#4565 = ORIENTED_EDGE ( 'NONE', *, *, #225, .T. ) ;
#4566 = DIRECTION ( 'NONE',  ( 0.000000000000000000, -1.000000000000000000, 0.000000000000000000 ) ) ;
#4567 = CARTESIAN_POINT ( 'NONE',  ( 22.95000000000000284, 39.40948300754050848, 7.450000000000000178 ) ) ;
#4568 = B_SPLINE_CURVE_WITH_KNOTS ( 'NONE', 3,
 ( #44, #1629, #3248, #24, #3615, #826, #3169, #412, #1265, #4840, #2863, #3197, #1237, #438, #1286, #3957, #4468, #3221, #4811, #4784, #4446, #2046, #903, #877, #2837, #2384, #1608, #2807, #3561, #1184, #2465, #4391, #4004, #4417, #1996, #1969, #3982, #3588, #1211, #4056, #2411, #2785, #852, #488, #2441, #5151, #4034, #1581, #2076, #463, #74, #3665, #4759, #99, #1686, #3275, #4367, #799, #4184, #3709, #4087 ),
 .UNSPECIFIED., .F., .F.,
 ( 4, 1, 1, 1, 1, 2, 2, 1, 1, 1, 1, 2, 2, 2, 1, 1, 2, 2, 1, 2, 2, 1, 1, 1, 1, 2, 2, 1, 1, 2, 2, 1, 1, 2, 2, 1, 1, 1, 1, 2, 2, 4 ),
 ( 0.000000000000000000, 0.06249999999998419320, 0.09374999999997629674, 0.1093749999999713146, 0.1171874999999685113, 0.1210937499999671235, 0.1249999999999657357, 0.1874999999999647782, 0.2187499999999647782, 0.2343749999999647504, 0.2421874999999638345, 0.2460937499999638345, 0.2499999999999638067, 0.3124999999999958922, 0.3437500000000109357, 0.3593750000000173750, 0.3671875000000210387, 0.3750000000000247025, 0.4375000000000452416, 0.4687500000000554556, 0.5000000000000657252, 0.5625000000000838218, 0.5937500000000940359, 0.6093750000001015854, 0.6171875000001036948, 0.6210937500001024736, 0.6250000000001012523, 0.6562500000000870415, 0.6718750000000819345, 0.6796875000000813793, 0.6875000000000807132, 0.7187500000000864864, 0.7343750000000898170, 0.7421875000000920375, 0.7500000000000942579, 0.8125000000000945910, 0.8437500000000948130, 0.8593750000000930367, 0.8671875000000927036, 0.8710937500000905942, 0.8750000000000884848, 1.000000000000000000 ),
 .UNSPECIFIED. ) ;
#4569 = DIRECTION ( 'NONE',  ( 0.000000000000000000, -1.000000000000000000, 0.000000000000000000 ) ) ;
#4570 = EDGE_CURVE ( 'NONE', #5103, #3698, #3558, .T. ) ;
#4571 = DIRECTION ( 'NONE',  ( 0.000000000000000000, 0.000000000000000000, -1.000000000000000000 ) ) ;
#4572 = AXIS2_PLACEMENT_3D ( 'NONE', #3343, #4465, #2199 ) ;
#4573 = AXIS2_PLACEMENT_3D ( 'NONE', #3080, #1857, #295 ) ;
#4574 = EDGE_LOOP ( 'NONE', ( #1096, #2617, #2610, #56, #1134 ) ) ;
#4575 = DIRECTION ( 'NONE',  ( 0.000000000000000000, -1.000000000000000000, 0.000000000000000000 ) ) ;
#4576 = AXIS2_PLACEMENT_3D ( 'NONE', #4103, #533, #2141 ) ;
#4577 = VERTEX_POINT ( 'NONE', #67 ) ;
#4578 = DIRECTION ( 'NONE',  ( -1.000000000000000000, 0.000000000000000000, 0.000000000000000000 ) ) ;
#4579 = CYLINDRICAL_SURFACE ( 'NONE', #4490, 0.5000000000000004441 ) ;
#4580 = ORIENTED_EDGE ( 'NONE', *, *, #1471, .F. ) ;
#4581 = VECTOR ( 'NONE', #163, 1000.000000000000000 ) ;
#4582 = ORIENTED_EDGE ( 'NONE', *, *, #1318, .F. ) ;
#4583 = VECTOR ( 'NONE', #1204, 1000.000000000000000 ) ;
#4584 = CARTESIAN_POINT ( 'NONE',  ( -15.35000000000000142, 33.40948300754050138, 37.44999999999999574 ) ) ;
#4585 = CARTESIAN_POINT ( 'NONE',  ( -40.94999999999999574, 39.09987110665371546, 30.24367874869261286 ) ) ;
#4586 = LINE ( 'NONE', #4298, #3487 ) ;
#4587 = DIRECTION ( 'NONE',  ( 1.000000000000000000, 0.000000000000000000, 0.000000000000000000 ) ) ;
#4588 = ORIENTED_EDGE ( 'NONE', *, *, #4005, .F. ) ;
#4589 = ORIENTED_EDGE ( 'NONE', *, *, #2722, .T. ) ;
#4590 = EDGE_CURVE ( 'NONE', #1870, #729, #1725, .T. ) ;
#4591 = AXIS2_PLACEMENT_3D ( 'NONE', #448, #82, #2006 ) ;
#4592 = FACE_OUTER_BOUND ( 'NONE', #3292, .T. ) ;
#4593 = CARTESIAN_POINT ( 'NONE',  ( 30.64999999999999858, 36.40948300754050138, -27.25000000000000000 ) ) ;
#4594 = PLANE ( 'NONE',  #2409 ) ;
#4595 = CARTESIAN_POINT ( 'NONE',  ( -22.95000000000000284, 39.40948300754050848, 6.949999999999999289 ) ) ;
#4596 = AXIS2_PLACEMENT_3D ( 'NONE', #4350, #2342, #367 ) ;
#4597 = EDGE_LOOP ( 'NONE', ( #4233, #3910, #3625, #1712 ) ) ;
#4598 = AXIS2_PLACEMENT_3D ( 'NONE', #3474, #4337, #4756 ) ;
#4599 = CARTESIAN_POINT ( 'NONE',  ( 22.95000000000000284, 45.35948300754050422, -13.05000000000000071 ) ) ;
#4600 = EDGE_CURVE ( 'NONE', #1163, #1721, #816, .T. ) ;
#4601 = ORIENTED_EDGE ( 'NONE', *, *, #2920, .F. ) ;
#4602 = CARTESIAN_POINT ( 'NONE',  ( -40.95000000000001705, 39.09987110664580001, -31.65632125127294216 ) ) ;
#4603 = FACE_OUTER_BOUND ( 'NONE', #61, .T. ) ;
#4604 = DIRECTION ( 'NONE',  ( 0.000000000000000000, 0.000000000000000000, -1.000000000000000000 ) ) ;
#4605 = ORIENTED_EDGE ( 'NONE', *, *, #626, .F. ) ;
#4606 = ORIENTED_EDGE ( 'NONE', *, *, #1976, .F. ) ;
#4607 = CARTESIAN_POINT ( 'NONE',  ( -15.35000000000000142, 33.40948300754050138, -27.25000000000000000 ) ) ;
#4608 = CARTESIAN_POINT ( 'NONE',  ( 39.25000000000000000, 45.35948300754050422, 41.14999999999999858 ) ) ;
#4609 = CARTESIAN_POINT ( 'NONE',  ( -22.95000000000000284, 39.40948300754050848, 7.950000000000000178 ) ) ;
#4610 = EDGE_CURVE ( 'NONE', #4180, #270, #4780, .T. ) ;
#4611 = DIRECTION ( 'NONE',  ( 0.000000000000000000, -1.000000000000000000, 0.000000000000000000 ) ) ;
#4612 = ORIENTED_EDGE ( 'NONE', *, *, #3358, .F. ) ;
#4613 = PRODUCT_DEFINITION_CONTEXT ( 'detailed design', #2054, 'design' ) ;
#4614 = ORIENTED_EDGE ( 'NONE', *, *, #3526, .F. ) ;
#4615 = DIRECTION ( 'NONE',  ( 0.000000000000000000, -1.000000000000000000, 0.000000000000000000 ) ) ;
#4616 = CARTESIAN_POINT ( 'NONE',  ( -37.75000000000000000, 38.00948300754050280, -31.69999999999999929 ) ) ;
#4617 = FACE_BOUND ( 'NONE', #5097, .T. ) ;
#4618 = EDGE_CURVE ( 'NONE', #3811, #2890, #4386, .T. ) ;
#4619 = FACE_OUTER_BOUND ( 'NONE', #4574, .T. ) ;
#4620 = ORIENTED_EDGE ( 'NONE', *, *, #648, .T. ) ;
#4621 = FACE_OUTER_BOUND ( 'NONE', #3524, .T. ) ;
#4622 = EDGE_CURVE ( 'NONE', #3438, #1113, #387, .T. ) ;
#4623 = ORIENTED_EDGE ( 'NONE', *, *, #2429, .T. ) ;
#4624 = CARTESIAN_POINT ( 'NONE',  ( -40.95000000000001705, 39.22822925777772696, -32.17328299957811311 ) ) ;
#4625 = VECTOR ( 'NONE', #2175, 1000.000000000000000 ) ;
#4626 = EDGE_CURVE ( 'NONE', #2027, #130, #613, .T. ) ;
#4627 = CYLINDRICAL_SURFACE ( 'NONE', #4018, 1.500000000000001332 ) ;
#4628 = ORIENTED_EDGE ( 'NONE', *, *, #4279, .F. ) ;
#4629 = CIRCLE ( 'NONE', #3720, 0.7500000000000006661 ) ;
#4630 = VERTEX_POINT ( 'NONE', #661 ) ;
#4631 = AXIS2_PLACEMENT_3D ( 'NONE', #3602, #1642, #3674 ) ;
#4632 = DIRECTION ( 'NONE',  ( 0.000000000000000000, -1.000000000000000000, 0.000000000000000000 ) ) ;
#4633 = CARTESIAN_POINT ( 'NONE',  ( -40.94999999999999574, 39.19992695377695924, 29.83944265715640043 ) ) ;
#4634 = DIRECTION ( 'NONE',  ( 0.000000000000000000, 1.000000000000000000, 0.000000000000000000 ) ) ;
#4635 = CONICAL_SURFACE ( 'NONE', #3897, 0.5000000000000004441, 0.05235987755983064623 ) ;
#4636 = CARTESIAN_POINT ( 'NONE',  ( -12.25000000000000000, 39.40948300754050848, 0.000000000000000000 ) ) ;
#4637 = ORIENTED_EDGE ( 'NONE', *, *, #3016, .T. ) ;
#4638 = EDGE_LOOP ( 'NONE', ( #4896, #1631, #3251, #4401 ) ) ;
#4639 = CARTESIAN_POINT ( 'NONE',  ( -39.25000000000000000, 47.95948300754049853, 41.14999999999999858 ) ) ;
#4640 = DIRECTION ( 'NONE',  ( 0.000000000000000000, 1.000000000000000000, 0.000000000000000000 ) ) ;
#4641 = CARTESIAN_POINT ( 'NONE',  ( -15.35000000000000142, 33.40948300754050138, 37.44999999999999574 ) ) ;
#4642 = CYLINDRICAL_SURFACE ( 'NONE', #2142, 0.5000000000000000000 ) ;
#4643 = ORIENTED_EDGE ( 'NONE', *, *, #1572, .F. ) ;
#4644 = CYLINDRICAL_SURFACE ( 'NONE', #115, 0.5000000000000000000 ) ;
#4645 = DIRECTION ( 'NONE',  ( 0.000000000000000000, 0.000000000000000000, 1.000000000000000000 ) ) ;
#4646 = CIRCLE ( 'NONE', #914, 0.7500000000000006661 ) ;
#4647 = AXIS2_PLACEMENT_3D ( 'NONE', #540, #4889, #3011 ) ;
#4648 = ORIENTED_EDGE ( 'NONE', *, *, #1668, .T. ) ;
#4649 = EDGE_CURVE ( 'NONE', #4496, #5107, #4689, .T. ) ;
#4650 = AXIS2_PLACEMENT_3D ( 'NONE', #1724, #1360, #2879 ) ;
#4651 = EDGE_CURVE ( 'NONE', #3986, #4329, #1411, .T. ) ;
#4652 = APPLICATION_PROTOCOL_DEFINITION ( 'draft international standard', 'automotive_design', 1998, #1520 ) ;
#4653 = EDGE_CURVE ( 'NONE', #4970, #601, #5056, .T. ) ;
#4654 = DIRECTION ( 'NONE',  ( 0.000000000000000000, 0.000000000000000000, -1.000000000000000000 ) ) ;
#4655 = ORIENTED_EDGE ( 'NONE', *, *, #2630, .F. ) ;
#4656 = ORIENTED_EDGE ( 'NONE', *, *, #3694, .T. ) ;
#4657 = EDGE_CURVE ( 'NONE', #4116, #1719, #1120, .T. ) ;
#4658 = DIRECTION ( 'NONE',  ( 0.000000000000000000, 1.000000000000000000, 0.000000000000000000 ) ) ;
#4659 = DIRECTION ( 'NONE',  ( -0.000000000000000000, 1.000000000000000000, 0.000000000000000000 ) ) ;
#4660 = CARTESIAN_POINT ( 'NONE',  ( -22.95000000000000284, 49.40948300754050138, -3.050000000000000266 ) ) ;
#4661 = ORIENTED_EDGE ( 'NONE', *, *, #4819, .T. ) ;
#4662 = AXIS2_PLACEMENT_3D ( 'NONE', #4859, #4776, #3577 ) ;
#4663 = AXIS2_PLACEMENT_3D ( 'NONE', #2404, #4025, #792 ) ;
#4664 = VERTEX_POINT ( 'NONE', #1436 ) ;
#4665 = ADVANCED_FACE ( 'NONE', ( #1067 ), #3917, .T. ) ;
#4666 = PLANE ( 'NONE',  #3106 ) ;
#4667 = DIRECTION ( 'NONE',  ( 0.000000000000000000, -1.000000000000000000, 0.000000000000000000 ) ) ;
#4668 = DIRECTION ( 'NONE',  ( 1.000000000000000000, 0.000000000000000000, 0.000000000000000000 ) ) ;
#4669 = CIRCLE ( 'NONE', #3089, 1.500000000000001332 ) ;
#4670 = LINE ( 'NONE', #1156, #645 ) ;
#4671 = VECTOR ( 'NONE', #783, 1000.000000000000000 ) ;
#4672 = ORIENTED_EDGE ( 'NONE', *, *, #3436, .T. ) ;
#4673 = LINE ( 'NONE', #3870, #3946 ) ;
#4674 = DIRECTION ( 'NONE',  ( 0.000000000000000000, 0.000000000000000000, 1.000000000000000000 ) ) ;
#4675 = VECTOR ( 'NONE', #2393, 1000.000000000000000 ) ;
#4676 = EDGE_CURVE ( 'NONE', #1728, #106, #4629, .T. ) ;
#4677 = CARTESIAN_POINT ( 'NONE',  ( -41.45000000000000284, 39.40948300754050848, -40.95000000000000284 ) ) ;
#4678 = VERTEX_POINT ( 'NONE', #4299 ) ;
#4679 = EDGE_LOOP ( 'NONE', ( #3777, #4162 ) ) ;
#4680 = VECTOR ( 'NONE', #2491, 1000.000000000000000 ) ;
#4681 = CARTESIAN_POINT ( 'NONE',  ( -41.45000000000000284, 49.40948300754050138, -42.95000000000000284 ) ) ;
#4682 = CIRCLE ( 'NONE', #199, 1.000000000000000888 ) ;
#4683 = DIRECTION ( 'NONE',  ( 0.000000000000000000, -1.000000000000000000, 0.000000000000000000 ) ) ;
#4684 = DIRECTION ( 'NONE',  ( 0.000000000000000000, -1.000000000000000000, 0.000000000000000000 ) ) ;
#4685 = VERTEX_POINT ( 'NONE', #3007 ) ;
#4686 = ORIENTED_EDGE ( 'NONE', *, *, #3035, .T. ) ;
#4687 = CARTESIAN_POINT ( 'NONE',  ( 30.64999999999999858, 36.40948300754050138, -28.55000000000000071 ) ) ;
#4688 = FACE_OUTER_BOUND ( 'NONE', #1108, .T. ) ;
#4689 = LINE ( 'NONE', #687, #1389 ) ;
#4690 = VERTEX_POINT ( 'NONE', #2289 ) ;
#4691 = EDGE_LOOP ( 'NONE', ( #3045, #1806 ) ) ;
#4692 = CARTESIAN_POINT ( 'NONE',  ( 22.95000000000000284, 49.40948300754050138, 16.94999999999999929 ) ) ;
#4693 = DIRECTION ( 'NONE',  ( 0.000000000000000000, -1.000000000000000000, 0.000000000000000000 ) ) ;
#4694 = LINE ( 'NONE', #5118, #3488 ) ;
#4695 = EDGE_CURVE ( 'NONE', #3067, #2350, #4388, .T. ) ;
#4696 = DIRECTION ( 'NONE',  ( 0.000000000000000000, 0.000000000000000000, 1.000000000000000000 ) ) ;
#4697 = VERTEX_POINT ( 'NONE', #290 ) ;
#4698 = FACE_OUTER_BOUND ( 'NONE', #2333, .T. ) ;
#4699 = CARTESIAN_POINT ( 'NONE',  ( -41.45000000000000284, 37.40948300754050138, -41.45000000000000284 ) ) ;
#4700 = ADVANCED_FACE ( 'NONE', ( #3884 ), #317, .F. ) ;
#4701 = CARTESIAN_POINT ( 'NONE',  ( 41.45000000000000284, 37.40948300754050138, -41.95000000000000284 ) ) ;
#4702 = ORIENTED_EDGE ( 'NONE', *, *, #3453, .T. ) ;
#4703 = VERTEX_POINT ( 'NONE', #736 ) ;
#4704 = ORIENTED_EDGE ( 'NONE', *, *, #4270, .T. ) ;
#4705 = PLANE ( 'NONE',  #932 ) ;
#4706 = ORIENTED_EDGE ( 'NONE', *, *, #435, .T. ) ;
#4707 = APPLICATION_PROTOCOL_DEFINITION ( 'draft international standard', 'automotive_design', 1998, #2054 ) ;
#4708 = DIRECTION ( 'NONE',  ( 0.000000000000000000, 1.000000000000000000, 0.000000000000000000 ) ) ;
#4709 = ORIENTED_EDGE ( 'NONE', *, *, #3797, .F. ) ;
#4710 = ORIENTED_EDGE ( 'NONE', *, *, #874, .T. ) ;
#4711 = CARTESIAN_POINT ( 'NONE',  ( -37.75000000000000000, 36.40948300754050138, 30.94999999999999929 ) ) ;
#4712 = AXIS2_PLACEMENT_3D ( 'NONE', #1004, #4159, #2595 ) ;
#4713 = DIRECTION ( 'NONE',  ( 1.000000000000000000, 0.000000000000000000, 0.000000000000000000 ) ) ;
#4714 = CYLINDRICAL_SURFACE ( 'NONE', #3724, 0.5000000000000004441 ) ;
#4715 = ORIENTED_EDGE ( 'NONE', *, *, #1501, .F. ) ;
#4716 = VECTOR ( 'NONE', #4001, 1000.000000000000000 ) ;
#4717 = AXIS2_PLACEMENT_3D ( 'NONE', #3944, #1511, #1481 ) ;
#4718 = ORIENTED_EDGE ( 'NONE', *, *, #2708, .F. ) ;
#4719 = LINE ( 'NONE', #2292, #2188 ) ;
#4720 = EDGE_CURVE ( 'NONE', #3495, #3509, #3029, .T. ) ;
#4721 = LINE ( 'NONE', #4802, #4583 ) ;
#4722 = LINE ( 'NONE', #2830, #1000 ) ;
#4723 = EDGE_CURVE ( 'NONE', #2218, #840, #709, .T. ) ;
#4724 = AXIS2_PLACEMENT_3D ( 'NONE', #2551, #575, #2160 ) ;
#4725 = AXIS2_PLACEMENT_3D ( 'NONE', #3219, #2464, #4054 ) ;
#4726 = CARTESIAN_POINT ( 'NONE',  ( 30.94999999999999929, 39.40948300754050848, 16.94999999999999929 ) ) ;
#4727 = ORIENTED_EDGE ( 'NONE', *, *, #2499, .F. ) ;
#4728 = ORIENTED_EDGE ( 'NONE', *, *, #2561, .F. ) ;
#4729 = PLANE ( 'NONE',  #3276 ) ;
#4730 = EDGE_CURVE ( 'NONE', #2623, #3761, #3640, .T. ) ;
#4731 = CARTESIAN_POINT ( 'NONE',  ( -40.95000000000000995, 39.19747092888150775, -29.84703381117848053 ) ) ;
#4732 = CIRCLE ( 'NONE', #3652, 0.6048155585660839328 ) ;
#4733 = LINE ( 'NONE', #2703, #582 ) ;
#4734 = DIRECTION ( 'NONE',  ( 0.000000000000000000, 0.000000000000000000, 1.000000000000000000 ) ) ;
#4735 = ORIENTED_EDGE ( 'NONE', *, *, #2206, .F. ) ;
#4736 = ORIENTED_EDGE ( 'NONE', *, *, #1866, .T. ) ;
#4737 = EDGE_LOOP ( 'NONE', ( #779, #3992, #2216, #5098 ) ) ;
#4738 = LINE ( 'NONE', #1192, #2816 ) ;
#4739 = LINE ( 'NONE', #3833, #2255 ) ;
#4740 = CARTESIAN_POINT ( 'NONE',  ( -30.94999999999999929, 49.40948300754050138, 17.94999999999999929 ) ) ;
#4741 = ORIENTED_EDGE ( 'NONE', *, *, #3375, .T. ) ;
#4742 = AXIS2_PLACEMENT_3D ( 'NONE', #3707, #3317, #2789 ) ;
#4743 = AXIS2_PLACEMENT_3D ( 'NONE', #1887, #672, #5043 ) ;
#4744 = ORIENTED_EDGE ( 'NONE', *, *, #4766, .F. ) ;
#4745 = FACE_OUTER_BOUND ( 'NONE', #1024, .T. ) ;
#4746 = EDGE_CURVE ( 'NONE', #2841, #2480, #2060, .T. ) ;
#4747 = CYLINDRICAL_SURFACE ( 'NONE', #1890, 3.000000000000002665 ) ;
#4748 = ORIENTED_EDGE ( 'NONE', *, *, #1516, .T. ) ;
#4749 = ORIENTED_EDGE ( 'NONE', *, *, #2205, .T. ) ;
#4750 = CYLINDRICAL_SURFACE ( 'NONE', #3356, 0.5000000000000004441 ) ;
#4751 = DIRECTION ( 'NONE',  ( 0.000000000000000000, -1.000000000000000000, 0.000000000000000000 ) ) ;
#4752 = CYLINDRICAL_SURFACE ( 'NONE', #1414, 1.500000000000001332 ) ;
#4753 = AXIS2_PLACEMENT_3D ( 'NONE', #4123, #549, #2139 ) ;
#4754 = CARTESIAN_POINT ( 'NONE',  ( 22.95000000000000284, 45.35948300754050422, -22.55000000000000071 ) ) ;
#4755 = ORIENTED_EDGE ( 'NONE', *, *, #4746, .F. ) ;
#4756 = DIRECTION ( 'NONE',  ( 0.000000000000000000, 0.000000000000000000, -1.000000000000000000 ) ) ;
#4757 = COLOUR_RGB ( '',1.000000000000000000, 1.000000000000000000, 1.000000000000000000 ) ;
#4758 = CARTESIAN_POINT ( 'NONE',  ( -40.95000000000001705, 39.22607913858206530, -32.16469658052124458 ) ) ;
#4759 = CARTESIAN_POINT ( 'NONE',  ( 40.94999999999999574, 39.32240143157526546, -32.57918109131932738 ) ) ;
#4760 = CARTESIAN_POINT ( 'NONE',  ( -39.25000000000000000, 45.35948300754050422, 41.14999999999999858 ) ) ;
#4761 = ORIENTED_EDGE ( 'NONE', *, *, #3016, .F. ) ;
#4762 = ORIENTED_EDGE ( 'NONE', *, *, #302, .F. ) ;
#4763 = DIRECTION ( 'NONE',  ( -0.000000000000000000, 0.05233595624294379994, 0.9986295347545739443 ) ) ;
#4764 = CIRCLE ( 'NONE', #524, 0.7500000000000006661 ) ;
#4765 = CARTESIAN_POINT ( 'NONE',  ( -40.95000000000000284, 39.08440161042718586, 31.58445019004730980 ) ) ;
#4766 = EDGE_CURVE ( 'NONE', #5140, #528, #269, .T. ) ;
#4767 = DIRECTION ( 'NONE',  ( 1.000000000000000000, 0.000000000000000000, 0.000000000000000000 ) ) ;
#4768 = CIRCLE ( 'NONE', #3941, 1.500000000000001332 ) ;
#4769 = ORIENTED_EDGE ( 'NONE', *, *, #4618, .F. ) ;
#4770 = ORIENTED_EDGE ( 'NONE', *, *, #3554, .T. ) ;
#4771 = DIRECTION ( 'NONE',  ( 0.000000000000000000, 0.000000000000000000, -1.000000000000000000 ) ) ;
#4772 = VECTOR ( 'NONE', #1549, 1000.000000000000000 ) ;
#4773 = DIRECTION ( 'NONE',  ( 0.000000000000000000, -1.000000000000000000, 0.000000000000000000 ) ) ;
#4774 = VERTEX_POINT ( 'NONE', #634 ) ;
#4775 = EDGE_LOOP ( 'NONE', ( #629, #536, #4194, #303 ) ) ;
#4776 = DIRECTION ( 'NONE',  ( 0.000000000000000000, -1.000000000000000000, 0.000000000000000000 ) ) ;
#4777 = PRODUCT_DEFINITION ( 'н╢ж╙', '', #3472, #4613 ) ;
#4778 = DIRECTION ( 'NONE',  ( 0.000000000000000000, 0.000000000000000000, -1.000000000000000000 ) ) ;
#4779 = CARTESIAN_POINT ( 'NONE',  ( 37.75000000000000000, 38.00948300754050280, -30.94999999999999929 ) ) ;
#4780 = LINE ( 'NONE', #1206, #2815 ) ;
#4781 = ORIENTED_EDGE ( 'NONE', *, *, #2154, .T. ) ;
#4782 = FACE_OUTER_BOUND ( 'NONE', #1660, .T. ) ;
#4783 = CARTESIAN_POINT ( 'NONE',  ( -40.95000000000002416, 39.03179187656990479, -31.29964512842207824 ) ) ;
#4784 = CARTESIAN_POINT ( 'NONE',  ( 40.95000000000000995, 39.13733542550805566, -30.08407084459419067 ) ) ;
#4785 = DIRECTION ( 'NONE',  ( 0.05233595624294379994, -0.9986295347545739443, 0.000000000000000000 ) ) ;
#4786 = ORIENTED_EDGE ( 'NONE', *, *, #4791, .F. ) ;
#4787 = ORIENTED_EDGE ( 'NONE', *, *, #3281, .T. ) ;
#4788 = DIRECTION ( 'NONE',  ( 0.000000000000000000, -1.000000000000000000, 0.000000000000000000 ) ) ;
#4789 =( BOUNDED_CURVE ( )  B_SPLINE_CURVE ( 3, ( #3293, #2438, #4443, #2804 ),
 .UNSPECIFIED., .F., .T. ) 
 B_SPLINE_CURVE_WITH_KNOTS ( ( 4, 4 ),
 ( 1.570796326794895004, 3.141592653589795336 ),
 .UNSPECIFIED. ) 
 CURVE ( )  GEOMETRIC_REPRESENTATION_ITEM ( )  RATIONAL_B_SPLINE_CURVE ( ( 1.000000000000000000, 0.8047378541243649375, 0.8047378541243649375, 1.000000000000000000 ) ) 
 REPRESENTATION_ITEM ( '' )  );
#4790 = DIRECTION ( 'NONE',  ( 0.000000000000000000, -1.000000000000000000, 0.000000000000000000 ) ) ;
#4791 = EDGE_CURVE ( 'NONE', #1497, #2161, #2727, .T. ) ;
#4792 = PRODUCT ( '4inch P4C5\X2\524d58f3\X0\-V1.0', '4inch P4C5\X2\524d58f3\X0\-V1.0', '', ( #836 ) ) ;
#4793 = EDGE_CURVE ( 'NONE', #1136, #4364, #3385, .T. ) ;
#4794 = DIRECTION ( 'NONE',  ( 1.000000000000000000, 0.000000000000000000, 0.000000000000000000 ) ) ;
#4795 = EDGE_LOOP ( 'NONE', ( #2732, #3486, #3506, #1268 ) ) ;
#4796 = ORIENTED_EDGE ( 'NONE', *, *, #3822, .T. ) ;
#4797 = DIRECTION ( 'NONE',  ( 0.000000000000000000, 0.000000000000000000, 1.000000000000000000 ) ) ;
#4798 = EDGE_CURVE ( 'NONE', #2072, #2502, #1138, .T. ) ;
#4799 = DIRECTION ( 'NONE',  ( 0.000000000000000000, -1.000000000000000000, 0.000000000000000000 ) ) ;
#4800 = ORIENTED_EDGE ( 'NONE', *, *, #4825, .T. ) ;
#4801 = DIRECTION ( 'NONE',  ( 0.000000000000000000, -1.000000000000000000, 0.000000000000000000 ) ) ;
#4802 = CARTESIAN_POINT ( 'NONE',  ( -37.75000000000000000, 38.00948300754050280, 31.69999999999999929 ) ) ;
#4803 = CARTESIAN_POINT ( 'NONE',  ( -37.75000000000000000, 39.40948300754050848, 30.94999999999999929 ) ) ;
#4804 = AXIS2_PLACEMENT_3D ( 'NONE', #3462, #1093, #1021 ) ;
#4805 = CARTESIAN_POINT ( 'NONE',  ( -32.25000000000000000, 43.25948300754050280, 19.46392568124259981 ) ) ;
#4806 = AXIS2_PLACEMENT_3D ( 'NONE', #1012, #2504, #2186 ) ;
#4807 = DIRECTION ( 'NONE',  ( 0.000000000000000000, 1.000000000000000000, 0.000000000000000000 ) ) ;
#4808 = AXIS2_PLACEMENT_3D ( 'NONE', #866, #397, #424 ) ;
#4809 = CIRCLE ( 'NONE', #2305, 0.5000000000000004441 ) ;
#4810 = CARTESIAN_POINT ( 'NONE',  ( -37.75000000000000000, 38.40948300754050138, 27.94999999999999929 ) ) ;
#4811 = CARTESIAN_POINT ( 'NONE',  ( 40.94999999999999574, 39.17497464688543118, -29.93764355141951583 ) ) ;
#4812 = CARTESIAN_POINT ( 'NONE',  ( 30.94999999999999929, 39.40948300754050848, -2.550000000000000266 ) ) ;
#4813 = ORIENTED_EDGE ( 'NONE', *, *, #810, .T. ) ;
#4814 = ORIENTED_EDGE ( 'NONE', *, *, #3519, .F. ) ;
#4815 = DIRECTION ( 'NONE',  ( 0.000000000000000000, 0.000000000000000000, 1.000000000000000000 ) ) ;
#4816 = DIRECTION ( 'NONE',  ( 0.000000000000000000, 1.000000000000000000, 0.000000000000000000 ) ) ;
#4817 = EDGE_CURVE ( 'NONE', #247, #3673, #3442, .T. ) ;
#4818 = CARTESIAN_POINT ( 'NONE',  ( 0.000000000000000000, 45.35948300754050422, 0.000000000000000000 ) ) ;
#4819 = EDGE_CURVE ( 'NONE', #4523, #2276, #4060, .T. ) ;
#4820 = EDGE_CURVE ( 'NONE', #1220, #3601, #3891, .T. ) ;
#4821 = VERTEX_POINT ( 'NONE', #2743 ) ;
#4822 = EDGE_LOOP ( 'NONE', ( #1869, #576, #2956, #4029, #4261, #711, #4882, #3692, #916, #1953, #5051, #2467, #4009, #4249, #1841, #1655 ) ) ;
#4823 = ADVANCED_FACE ( 'NONE', ( #3235 ), #4747, .T. ) ;
#4824 = CARTESIAN_POINT ( 'NONE',  ( -39.25000000000000000, 45.35948300754050422, -37.75000000000000000 ) ) ;
#4825 = EDGE_CURVE ( 'NONE', #3050, #879, #1648, .T. ) ;
#4826 = DIRECTION ( 'NONE',  ( 0.000000000000000000, 0.000000000000000000, 1.000000000000000000 ) ) ;
#4827 = VERTEX_POINT ( 'NONE', #1174 ) ;
#4828 = AXIS2_PLACEMENT_3D ( 'NONE', #3273, #1684, #3735 ) ;
#4829 = CIRCLE ( 'NONE', #4084, 0.7500000000000006661 ) ;
#4830 = ADVANCED_FACE ( 'NONE', ( #1621 ), #814, .T. ) ;
#4831 = CARTESIAN_POINT ( 'NONE',  ( 18.25000000000000000, 41.15948300754050138, 24.25000000000000000 ) ) ;
#4832 = CARTESIAN_POINT ( 'NONE',  ( 40.95000000000000284, 37.40948300754050138, 40.95000000000000284 ) ) ;
#4833 = VECTOR ( 'NONE', #1991, 1000.000000000000000 ) ;
#4834 = CYLINDRICAL_SURFACE ( 'NONE', #2581, 0.7500000000000006661 ) ;
#4835 = CARTESIAN_POINT ( 'NONE',  ( 30.94999999999999929, 39.40948300754050848, 6.949999999999999289 ) ) ;
#4836 = EDGE_CURVE ( 'NONE', #1158, #4975, #3574, .T. ) ;
#4837 = ORIENTED_EDGE ( 'NONE', *, *, #2832, .F. ) ;
#4838 = CARTESIAN_POINT ( 'NONE',  ( -42.95000000000000284, 49.40948300754050138, 42.95000000000000284 ) ) ;
#4839 = CARTESIAN_POINT ( 'NONE',  ( -41.45000000000000284, 37.40948300754050138, -41.95000000000000284 ) ) ;
#4840 = CARTESIAN_POINT ( 'NONE',  ( 40.95000000000000284, 39.34043281234449552, -29.22967832067065075 ) ) ;
#4841 = ADVANCED_FACE ( 'NONE', ( #454 ), #2771, .T. ) ;
#4842 = CARTESIAN_POINT ( 'NONE',  ( 37.75000000000000000, 36.40948300754050138, -32.95000000000000284 ) ) ;
#4843 = ORIENTED_EDGE ( 'NONE', *, *, #553, .T. ) ;
#4844 = CIRCLE ( 'NONE', #3172, 1.500000000000001332 ) ;
#4845 = ORIENTED_EDGE ( 'NONE', *, *, #1496, .T. ) ;
#4846 = AXIS2_PLACEMENT_3D ( 'NONE', #2646, #4640, #2672 ) ;
#4847 = DIRECTION ( 'NONE',  ( 0.000000000000000000, 0.000000000000000000, -1.000000000000000000 ) ) ;
#4848 = CARTESIAN_POINT ( 'NONE',  ( -40.94999999999999574, 39.20703116829381685, 32.09021561500942710 ) ) ;
#4849 = EDGE_CURVE ( 'NONE', #752, #292, #2304, .T. ) ;
#4850 = VECTOR ( 'NONE', #550, 1000.000000000000000 ) ;
#4851 = LINE ( 'NONE', #4426, #1769 ) ;
#4852 = ORIENTED_EDGE ( 'NONE', *, *, #435, .F. ) ;
#4853 = EDGE_LOOP ( 'NONE', ( #1088, #5125, #4047, #3127 ) ) ;
#4854 = CARTESIAN_POINT ( 'NONE',  ( 18.25000000000000000, 41.15948300754050138, 19.46392568124259981 ) ) ;
#4855 = TOROIDAL_SURFACE ( 'NONE', #109, 2.000000000000000000, 1.000000000000000000 ) ;
#4856 = CARTESIAN_POINT ( 'NONE',  ( 30.64999999999999858, 33.40948300754050138, 37.44999999999999574 ) ) ;
#4857 = VERTEX_POINT ( 'NONE', #1567 ) ;
#4858 = AXIS2_PLACEMENT_3D ( 'NONE', #2645, #5013, #4566 ) ;
#4859 = CARTESIAN_POINT ( 'NONE',  ( -37.75000000000000000, 37.40948300754050138, 30.94999999999999929 ) ) ;
#4860 = CARTESIAN_POINT ( 'NONE',  ( 40.75000000000000000, 49.40948300754050138, -40.75000000000000000 ) ) ;
#4861 = DIRECTION ( 'NONE',  ( -1.000000000000000000, 0.000000000000000000, 4.336808689942015271E-16 ) ) ;
#4862 = PLANE ( 'NONE',  #3056 ) ;
#4863 = EDGE_LOOP ( 'NONE', ( #101, #2116, #4908, #3649 ) ) ;
#4864 = CARTESIAN_POINT ( 'NONE',  ( 30.94999999999999929, 39.40948300754050848, 16.94999999999999929 ) ) ;
#4865 = CARTESIAN_POINT ( 'NONE',  ( -22.95000000000000284, 45.35948300754050422, -23.05000000000000071 ) ) ;
#4866 = LINE ( 'NONE', #3637, #996 ) ;
#4867 = ADVANCED_FACE ( 'NONE', ( #8 ), #4356, .F. ) ;
#4868 = CARTESIAN_POINT ( 'NONE',  ( 22.95000000000000284, 49.40948300754050138, 6.949999999999999289 ) ) ;
#4869 = VERTEX_POINT ( 'NONE', #36 ) ;
#4870 = EDGE_LOOP ( 'NONE', ( #3849, #1181, #985, #3718 ) ) ;
#4871 = PLANE ( 'NONE',  #2525 ) ;
#4872 = CARTESIAN_POINT ( 'NONE',  ( -40.94999999999999574, 39.07292924684850988, 31.52797472592418160 ) ) ;
#4873 = ORIENTED_EDGE ( 'NONE', *, *, #3966, .F. ) ;
#4874 = CARTESIAN_POINT ( 'NONE',  ( -40.95000000000003837, 39.36177651242240216, -32.79631968781656326 ) ) ;
#4875 = DIRECTION ( 'NONE',  ( 0.000000000000000000, 0.000000000000000000, 1.000000000000000000 ) ) ;
#4876 = ORIENTED_EDGE ( 'NONE', *, *, #1908, .F. ) ;
#4877 = ORIENTED_EDGE ( 'NONE', *, *, #3204, .F. ) ;
#4878 = DIRECTION ( 'NONE',  ( 0.000000000000000000, -1.000000000000000000, 0.000000000000000000 ) ) ;
#4879 = DIRECTION ( 'NONE',  ( 0.000000000000000000, 1.000000000000000000, 0.000000000000000000 ) ) ;
#4880 = LINE ( 'NONE', #139, #4998 ) ;
#4881 = CARTESIAN_POINT ( 'NONE',  ( 40.95000000000002416, 39.08426728830079355, 31.58382629631349658 ) ) ;
#4882 = ORIENTED_EDGE ( 'NONE', *, *, #1501, .T. ) ;
#4883 = EDGE_CURVE ( 'NONE', #3673, #3584, #805, .T. ) ;
#4884 = DIRECTION ( 'NONE',  ( 0.000000000000000000, 1.000000000000000000, 0.000000000000000000 ) ) ;
#4885 = ADVANCED_FACE ( 'NONE', ( #2456 ), #2824, .F. ) ;
#4886 = CARTESIAN_POINT ( 'NONE',  ( -39.25000000000000000, 45.35948300754050422, -37.75000000000000000 ) ) ;
#4887 = LINE ( 'NONE', #3295, #2733 ) ;
#4888 = VECTOR ( 'NONE', #4785, 1000.000000000000000 ) ;
#4889 = DIRECTION ( 'NONE',  ( 0.000000000000000000, -1.000000000000000000, 0.000000000000000000 ) ) ;
#4890 = CARTESIAN_POINT ( 'NONE',  ( 37.75000000000000000, 38.00948300754050280, 31.69999999999999929 ) ) ;
#4891 = ADVANCED_FACE ( 'NONE', ( #4046 ), #4714, .F. ) ;
#4892 = ORIENTED_EDGE ( 'NONE', *, *, #2028, .F. ) ;
#4893 = CIRCLE ( 'NONE', #68, 2.999999999999999112 ) ;
#4894 = DIRECTION ( 'NONE',  ( 1.000000000000000000, 0.000000000000000000, 0.000000000000000000 ) ) ;
#4895 = DIRECTION ( 'NONE',  ( 0.000000000000000000, -1.000000000000000000, 0.000000000000000000 ) ) ;
#4896 = ORIENTED_EDGE ( 'NONE', *, *, #4883, .F. ) ;
#4897 = DIRECTION ( 'NONE',  ( 0.000000000000000000, -1.000000000000000000, 0.000000000000000000 ) ) ;
#4898 = VECTOR ( 'NONE', #2992, 1000.000000000000000 ) ;
#4899 = EDGE_CURVE ( 'NONE', #2502, #663, #2399, .T. ) ;
#4900 = DIRECTION ( 'NONE',  ( 1.000000000000000000, 0.000000000000000000, 0.000000000000000000 ) ) ;
#4901 = ORIENTED_EDGE ( 'NONE', *, *, #3198, .T. ) ;
#4902 = ORIENTED_EDGE ( 'NONE', *, *, #1908, .T. ) ;
#4903 = DIRECTION ( 'NONE',  ( 0.000000000000000000, 1.000000000000000000, 0.000000000000000000 ) ) ;
#4904 = DIRECTION ( 'NONE',  ( 0.000000000000000000, 1.000000000000000000, 0.000000000000000000 ) ) ;
#4905 = CARTESIAN_POINT ( 'NONE',  ( -30.94999999999999929, 39.40948300754050848, -3.050000000000000266 ) ) ;
#4906 = EDGE_CURVE ( 'NONE', #528, #1087, #2065, .T. ) ;
#4907 = CARTESIAN_POINT ( 'NONE',  ( 40.95000000000003837, 39.14124878322353851, 30.07081879985742034 ) ) ;
#4908 = ORIENTED_EDGE ( 'NONE', *, *, #562, .F. ) ;
#4909 = VECTOR ( 'NONE', #4713, 1000.000000000000000 ) ;
#4910 = CARTESIAN_POINT ( 'NONE',  ( -40.95000000000000284, 39.40948300754050848, -28.55000000000000071 ) ) ;
#4911 = CARTESIAN_POINT ( 'NONE',  ( 22.95000000000000284, 39.40948300754050848, -2.550000000000000266 ) ) ;
#4912 = DIRECTION ( 'NONE',  ( 0.000000000000000000, 1.000000000000000000, 0.000000000000000000 ) ) ;
#4913 = ORIENTED_EDGE ( 'NONE', *, *, #1738, .F. ) ;
#4914 = DIRECTION ( 'NONE',  ( 4.336808689942015271E-16, 0.000000000000000000, 1.000000000000000000 ) ) ;
#4915 = DIRECTION ( 'NONE',  ( 0.000000000000000000, -1.000000000000000000, 0.000000000000000000 ) ) ;
#4916 = ADVANCED_FACE ( 'NONE', ( #3125 ), #763, .F. ) ;
#4917 = VERTEX_POINT ( 'NONE', #1957 ) ;
#4918 = DIRECTION ( 'NONE',  ( 0.000000000000000000, 0.000000000000000000, -1.000000000000000000 ) ) ;
#4919 = DIRECTION ( 'NONE',  ( 0.000000000000000000, 1.000000000000000000, 0.000000000000000000 ) ) ;
#4920 = AXIS2_PLACEMENT_3D ( 'NONE', #1202, #1277, #2093 ) ;
#4921 = AXIS2_PLACEMENT_3D ( 'NONE', #3239, #3579, #13 ) ;
#4922 = EDGE_LOOP ( 'NONE', ( #131, #2364 ) ) ;
#4923 = CARTESIAN_POINT ( 'NONE',  ( 24.25000000000000000, 45.35948300754050422, 19.46392568124259981 ) ) ;
#4924 = CIRCLE ( 'NONE', #2014, 2.500000000000002220 ) ;
#4925 = EDGE_CURVE ( 'NONE', #4690, #922, #2396, .T. ) ;
#4926 = DIRECTION ( 'NONE',  ( 0.000000000000000000, 1.000000000000000000, 0.000000000000000000 ) ) ;
#4927 = ORIENTED_EDGE ( 'NONE', *, *, #4032, .F. ) ;
#4928 = VERTEX_POINT ( 'NONE', #3675 ) ;
#4929 = DIRECTION ( 'NONE',  ( 0.000000000000000000, -1.000000000000000000, 0.000000000000000000 ) ) ;
#4930 = DIRECTION ( 'NONE',  ( 0.000000000000000000, -1.000000000000000000, 0.000000000000000000 ) ) ;
#4931 = AXIS2_PLACEMENT_3D ( 'NONE', #4190, #3015, #227 ) ;
#4932 = CARTESIAN_POINT ( 'NONE',  ( 30.64999999999999858, 36.40948300754050138, 38.75000000000000000 ) ) ;
#4933 = CARTESIAN_POINT ( 'NONE',  ( 40.95000000000001705, 39.40948300754049427, 28.73719394794386517 ) ) ;
#4934 = AXIS2_PLACEMENT_3D ( 'NONE', #4987, #1415, #4516 ) ;
#4935 = ORIENTED_EDGE ( 'NONE', *, *, #1253, .F. ) ;
#4936 = CARTESIAN_POINT ( 'NONE',  ( 42.25000000000000000, 49.40948300754050138, -42.25000000000000000 ) ) ;
#4937 = CARTESIAN_POINT ( 'NONE',  ( -42.95000000000000284, 49.40948300754050138, -42.95000000000000284 ) ) ;
#4938 = FACE_OUTER_BOUND ( 'NONE', #547, .T. ) ;
#4939 = FACE_OUTER_BOUND ( 'NONE', #4526, .T. ) ;
#4940 = CIRCLE ( 'NONE', #4191, 1.000000000000000888 ) ;
#4941 = PLANE ( 'NONE',  #3381 ) ;
#4942 = VERTEX_POINT ( 'NONE', #546 ) ;
#4943 = CARTESIAN_POINT ( 'NONE',  ( -37.75000000000000000, 37.40948300754050138, -30.94999999999999929 ) ) ;
#4944 = DIRECTION ( 'NONE',  ( 0.000000000000000000, 1.000000000000000000, 0.000000000000000000 ) ) ;
#4945 = ORIENTED_EDGE ( 'NONE', *, *, #2884, .T. ) ;
#4946 = EDGE_CURVE ( 'NONE', #1087, #528, #1057, .T. ) ;
#4947 = CARTESIAN_POINT ( 'NONE',  ( -40.95000000000001705, 39.27286981109423891, -32.35651680778970274 ) ) ;
#4948 = ADVANCED_FACE ( 'NONE', ( #4119 ), #4456, .T. ) ;
#4949 = DIRECTION ( 'NONE',  ( 0.000000000000000000, 1.000000000000000000, 0.000000000000000000 ) ) ;
#4950 = DIRECTION ( 'NONE',  ( 1.000000000000000000, 0.000000000000000000, 0.000000000000000000 ) ) ;
#4951 = ORIENTED_EDGE ( 'NONE', *, *, #2590, .F. ) ;
#4952 = ORIENTED_EDGE ( 'NONE', *, *, #5021, .F. ) ;
#4953 = EDGE_CURVE ( 'NONE', #4075, #2034, #912, .T. ) ;
#4954 = LINE ( 'NONE', #4558, #346 ) ;
#4955 = CARTESIAN_POINT ( 'NONE',  ( 42.95000000000000284, 49.40948300754050138, 41.45000000000000284 ) ) ;
#4956 = DIRECTION ( 'NONE',  ( 1.756682000989169763E-16, 0.000000000000000000, 1.000000000000000000 ) ) ;
#4957 = CARTESIAN_POINT ( 'NONE',  ( 40.95000000000002416, 39.39040428020091156, 28.94076922054342660 ) ) ;
#4958 = EDGE_LOOP ( 'NONE', ( #4136, #455 ) ) ;
#4959 = ORIENTED_EDGE ( 'NONE', *, *, #2823, .F. ) ;
#4960 = CARTESIAN_POINT ( 'NONE',  ( 41.45000000000000284, 37.40948300754050138, -41.45000000000000284 ) ) ;
#4961 = LINE ( 'NONE', #949, #1910 ) ;
#4962 = DIRECTION ( 'NONE',  ( -1.000000000000000000, 0.000000000000000000, -4.336808689942015271E-16 ) ) ;
#4963 = CARTESIAN_POINT ( 'NONE',  ( 30.64999999999999858, 36.40948300754050138, -28.55000000000000071 ) ) ;
#4964 = ORIENTED_EDGE ( 'NONE', *, *, #4250, .F. ) ;
#4965 = DIRECTION ( 'NONE',  ( 0.000000000000000000, 0.000000000000000000, 1.000000000000000000 ) ) ;
#4966 = AXIS2_PLACEMENT_3D ( 'NONE', #2026, #3616, #46 ) ;
#4967 = DIRECTION ( 'NONE',  ( 0.000000000000000000, 0.000000000000000000, 1.000000000000000000 ) ) ;
#4968 = AXIS2_PLACEMENT_3D ( 'NONE', #2616, #344, #3523 ) ;
#4969 = AXIS2_PLACEMENT_3D ( 'NONE', #937, #958, #2208 ) ;
#4970 = VERTEX_POINT ( 'NONE', #4171 ) ;
#4971 = CARTESIAN_POINT ( 'NONE',  ( -40.95000000000000284, 39.40948300754050848, -33.34999999999999432 ) ) ;
#4972 = AXIS2_PLACEMENT_3D ( 'NONE', #2348, #3947, #371 ) ;
#4973 = CIRCLE ( 'NONE', #901, 1.299999999999999156 ) ;
#4974 = CARTESIAN_POINT ( 'NONE',  ( -6.696158170236169831E-15, 45.35948300754050422, -23.05000000000000071 ) ) ;
#4975 = VERTEX_POINT ( 'NONE', #2479 ) ;
#4976 = EDGE_CURVE ( 'NONE', #1948, #3993, #1673, .T. ) ;
#4977 = ORIENTED_EDGE ( 'NONE', *, *, #1864, .T. ) ;
#4978 = AXIS2_PLACEMENT_3D ( 'NONE', #357, #1944, #1863 ) ;
#4979 = CARTESIAN_POINT ( 'NONE',  ( -15.35000000000000142, 39.40948300754050848, -26.05000000000000071 ) ) ;
#4980 = CARTESIAN_POINT ( 'NONE',  ( -30.94999999999999929, 49.40948300754050138, -12.05000000000000071 ) ) ;
#4981 = EDGE_CURVE ( 'NONE', #3271, #705, #85, .T. ) ;
#4982 = CARTESIAN_POINT ( 'NONE',  ( -22.95000000000000284, 49.40948300754050138, -2.050000000000000266 ) ) ;
#4983 = CARTESIAN_POINT ( 'NONE',  ( 40.95000000000001705, 39.17533459720642242, 29.93399240368250602 ) ) ;
#4984 = ORIENTED_EDGE ( 'NONE', *, *, #132, .T. ) ;
#4985 = UNCERTAINTY_MEASURE_WITH_UNIT (LENGTH_MEASURE( 1.000000000000000082E-05 ), #3877, 'distance_accuracy_value', 'NONE');
#4986 = ORIENTED_EDGE ( 'NONE', *, *, #4695, .F. ) ;
#4987 = CARTESIAN_POINT ( 'NONE',  ( 40.75000000000000000, 47.95948300754049853, -40.75000000000000000 ) ) ;
#4988 = CARTESIAN_POINT ( 'NONE',  ( 37.75000000000000000, 36.40948300754050138, 30.94999999999999929 ) ) ;
#4989 = CARTESIAN_POINT ( 'NONE',  ( -15.35000000000000142, 33.40948300754050138, 37.44999999999999574 ) ) ;
#4990 = EDGE_CURVE ( 'NONE', #3181, #2184, #2970, .T. ) ;
#4991 = DIRECTION ( 'NONE',  ( 0.000000000000000000, 0.000000000000000000, -1.000000000000000000 ) ) ;
#4992 = AXIS2_PLACEMENT_3D ( 'NONE', #3883, #4634, #3390 ) ;
#4993 = AXIS2_PLACEMENT_3D ( 'NONE', #4540, #4914, #3689 ) ;
#4994 = VERTEX_POINT ( 'NONE', #4507 ) ;
#4995 = CYLINDRICAL_SURFACE ( 'NONE', #190, 0.5000000000000000000 ) ;
#4996 = CARTESIAN_POINT ( 'NONE',  ( 30.94999999999999929, 39.40948300754050848, -12.05000000000000071 ) ) ;
#4997 = ADVANCED_FACE ( 'NONE', ( #2579 ), #4553, .F. ) ;
#4998 = VECTOR ( 'NONE', #3681, 1000.000000000000000 ) ;
#4999 = ORIENTED_EDGE ( 'NONE', *, *, #4193, .F. ) ;
#5000 = ADVANCED_FACE ( 'NONE', ( #989 ), #939, .F. ) ;
#5001 = DIRECTION ( 'NONE',  ( 0.000000000000000000, -1.000000000000000000, 0.000000000000000000 ) ) ;
#5002 = CARTESIAN_POINT ( 'NONE',  ( 40.75000000000000000, 47.95948300754049853, 42.25000000000000000 ) ) ;
#5003 = FACE_OUTER_BOUND ( 'NONE', #28, .T. ) ;
#5004 = ORIENTED_EDGE ( 'NONE', *, *, #3780, .F. ) ;
#5005 = ORIENTED_EDGE ( 'NONE', *, *, #89, .F. ) ;
#5006 = TOROIDAL_SURFACE ( 'NONE', #263, 2.000000000000000000, 1.000000000000000000 ) ;
#5007 = DIRECTION ( 'NONE',  ( 0.000000000000000000, -1.000000000000000000, 0.000000000000000000 ) ) ;
#5008 = LINE ( 'NONE', #1405, #1339 ) ;
#5009 = CARTESIAN_POINT ( 'NONE',  ( 24.25000000000000000, 43.25948300754050280, 19.46392568124259981 ) ) ;
#5010 = DIRECTION ( 'NONE',  ( 0.000000000000000000, 0.000000000000000000, -1.000000000000000000 ) ) ;
#5011 = ORIENTED_EDGE ( 'NONE', *, *, #1731, .T. ) ;
#5012 = ORIENTED_EDGE ( 'NONE', *, *, #2205, .F. ) ;
#5013 = DIRECTION ( 'NONE',  ( 0.000000000000000000, 0.000000000000000000, -1.000000000000000000 ) ) ;
#5014 = EDGE_CURVE ( 'NONE', #1988, #3723, #3391, .T. ) ;
#5015 =( NAMED_UNIT ( * ) PLANE_ANGLE_UNIT ( ) SI_UNIT ( $, .RADIAN. ) );
#5016 = CARTESIAN_POINT ( 'NONE',  ( -41.95000000000000284, 37.40948300754050138, -42.95000000000000284 ) ) ;
#5017 = DIRECTION ( 'NONE',  ( -1.000000000000000000, 0.000000000000000000, 0.000000000000000000 ) ) ;
#5018 = AXIS2_PLACEMENT_3D ( 'NONE', #3570, #3150, #2846 ) ;
#5019 = ORIENTED_EDGE ( 'NONE', *, *, #495, .F. ) ;
#5020 = FACE_OUTER_BOUND ( 'NONE', #3236, .T. ) ;
#5021 = EDGE_CURVE ( 'NONE', #3723, #647, #2135, .T. ) ;
#5022 = CIRCLE ( 'NONE', #3193, 1.299999999999999156 ) ;
#5023 = FACE_OUTER_BOUND ( 'NONE', #330, .T. ) ;
#5024 = ORIENTED_EDGE ( 'NONE', *, *, #4450, .T. ) ;
#5025 = CARTESIAN_POINT ( 'NONE',  ( -40.95000000000001705, 39.01650571233567888, -30.73264490765190615 ) ) ;
#5026 = CARTESIAN_POINT ( 'NONE',  ( 37.75000000000000000, 38.00948300754050280, 30.20000000000000284 ) ) ;
#5027 = ORIENTED_EDGE ( 'NONE', *, *, #1194, .F. ) ;
#5028 = ORIENTED_EDGE ( 'NONE', *, *, #3206, .F. ) ;
#5029 = DIRECTION ( 'NONE',  ( 0.000000000000000000, 0.000000000000000000, -1.000000000000000000 ) ) ;
#5030 = CARTESIAN_POINT ( 'NONE',  ( -40.95000000000000995, 39.27286981110185593, 29.54348319217137231 ) ) ;
#5031 = FACE_BOUND ( 'NONE', #3117, .T. ) ;
#5032 = CARTESIAN_POINT ( 'NONE',  ( -30.94999999999999929, 39.40948300754050848, -2.050000000000000266 ) ) ;
#5033 = ORIENTED_EDGE ( 'NONE', *, *, #810, .F. ) ;
#5034 = ORIENTED_EDGE ( 'NONE', *, *, #1552, .T. ) ;
#5035 = FACE_OUTER_BOUND ( 'NONE', #991, .T. ) ;
#5036 = CARTESIAN_POINT ( 'NONE',  ( 22.95000000000000284, 49.40948300754050138, -23.05000000000000071 ) ) ;
#5037 = CARTESIAN_POINT ( 'NONE',  ( -30.94999999999999929, 39.40948300754050848, -13.05000000000000071 ) ) ;
#5038 = DIRECTION ( 'NONE',  ( 0.000000000000000000, 1.000000000000000000, 0.000000000000000000 ) ) ;
#5039 = EDGE_CURVE ( 'NONE', #879, #3050, #3564, .T. ) ;
#5040 = EDGE_CURVE ( 'NONE', #4274, #3278, #1747, .T. ) ;
#5041 = ORIENTED_EDGE ( 'NONE', *, *, #337, .T. ) ;
#5042 = FACE_OUTER_BOUND ( 'NONE', #4537, .T. ) ;
#5043 = DIRECTION ( 'NONE',  ( 1.000000000000000000, 0.000000000000000000, 0.000000000000000000 ) ) ;
#5044 = ADVANCED_FACE ( 'NONE', ( #2875 ), #3331, .F. ) ;
#5045 = EDGE_CURVE ( 'NONE', #3960, #102, #4380, .T. ) ;
#5046 = AXIS2_PLACEMENT_3D ( 'NONE', #1162, #2757, #4342 ) ;
#5047 = ORIENTED_EDGE ( 'NONE', *, *, #5135, .T. ) ;
#5048 = CIRCLE ( 'NONE', #395, 0.5000000000000004441 ) ;
#5049 = CIRCLE ( 'NONE', #1886, 1.000000000000000888 ) ;
#5050 = CYLINDRICAL_SURFACE ( 'NONE', #2602, 3.000000000000002665 ) ;
#5051 = ORIENTED_EDGE ( 'NONE', *, *, #2052, .F. ) ;
#5052 = AXIS2_PLACEMENT_3D ( 'NONE', #4225, #2692, #2668 ) ;
#5053 = EDGE_LOOP ( 'NONE', ( #4081, #2924, #1150, #3303 ) ) ;
#5054 = VECTOR ( 'NONE', #2111, 1000.000000000000000 ) ;
#5055 = DIRECTION ( 'NONE',  ( 0.000000000000000000, -1.000000000000000000, 0.000000000000000000 ) ) ;
#5056 = LINE ( 'NONE', #4660, #1643 ) ;
#5057 = EDGE_LOOP ( 'NONE', ( #1094, #3544, #1103, #1689, #4814, #2122 ) ) ;
#5058 = ORIENTED_EDGE ( 'NONE', *, *, #209, .T. ) ;
#5059 = DIRECTION ( 'NONE',  ( 0.000000000000000000, 1.000000000000000000, 0.000000000000000000 ) ) ;
#5060 = ADVANCED_FACE ( 'NONE', ( #4528 ), #134, .T. ) ;
#5061 = DIRECTION ( 'NONE',  ( 1.000000000000000000, 0.000000000000000000, 0.000000000000000000 ) ) ;
#5062 = LINE ( 'NONE', #5016, #2322 ) ;
#5063 = AXIS2_PLACEMENT_3D ( 'NONE', #2449, #3205, #4041 ) ;
#5064 = CARTESIAN_POINT ( 'NONE',  ( 30.94999999999999929, 39.40948300754050848, -3.050000000000000266 ) ) ;
#5065 = ORIENTED_EDGE ( 'NONE', *, *, #246, .T. ) ;
#5066 = LINE ( 'NONE', #325, #1102 ) ;
#5067 = CARTESIAN_POINT ( 'NONE',  ( -39.25000000000000000, 47.95948300754049853, -37.75000000000000000 ) ) ;
#5068 = LINE ( 'NONE', #4701, #3636 ) ;
#5069 = AXIS2_PLACEMENT_3D ( 'NONE', #3807, #243, #2288 ) ;
#5070 = AXIS2_PLACEMENT_3D ( 'NONE', #3932, #4645, #4260 ) ;
#5071 = ORIENTED_EDGE ( 'NONE', *, *, #1528, .F. ) ;
#5072 = ORIENTED_EDGE ( 'NONE', *, *, #2154, .F. ) ;
#5073 = CARTESIAN_POINT ( 'NONE',  ( -37.75000000000000000, 37.40948300754050138, 33.95000000000000284 ) ) ;
#5074 = CIRCLE ( 'NONE', #336, 3.999999999999996447 ) ;
#5075 = DIRECTION ( 'NONE',  ( 0.000000000000000000, 1.000000000000000000, 0.000000000000000000 ) ) ;
#5076 = DIRECTION ( 'NONE',  ( 0.000000000000000000, -1.000000000000000000, 0.000000000000000000 ) ) ;
#5077 = ORIENTED_EDGE ( 'NONE', *, *, #3867, .T. ) ;
#5078 = ORIENTED_EDGE ( 'NONE', *, *, #3645, .T. ) ;
#5079 = FACE_OUTER_BOUND ( 'NONE', #4037, .T. ) ;
#5080 = EDGE_CURVE ( 'NONE', #3348, #2803, #3749, .T. ) ;
#5081 = LINE ( 'NONE', #4247, #2748 ) ;
#5082 = DIRECTION ( 'NONE',  ( 0.000000000000000000, 0.000000000000000000, -1.000000000000000000 ) ) ;
#5083 = ORIENTED_EDGE ( 'NONE', *, *, #1189, .F. ) ;
#5084 = VECTOR ( 'NONE', #1229, 1000.000000000000000 ) ;
#5085 = ORIENTED_EDGE ( 'NONE', *, *, #4188, .T. ) ;
#5086 = ADVANCED_FACE ( 'NONE', ( #3410 ), #2659, .F. ) ;
#5087 = FACE_OUTER_BOUND ( 'NONE', #5053, .T. ) ;
#5088 = FACE_OUTER_BOUND ( 'NONE', #630, .T. ) ;
#5089 = DIRECTION ( 'NONE',  ( 0.000000000000000000, -1.000000000000000000, 0.000000000000000000 ) ) ;
#5090 = VECTOR ( 'NONE', #4246, 1000.000000000000000 ) ;
#5091 = CARTESIAN_POINT ( 'NONE',  ( 0.000000000000000000, 49.40948300754050138, 0.000000000000000000 ) ) ;
#5092 = PRODUCT_RELATED_PRODUCT_CATEGORY ( 'part', '', ( #4792 ) ) ;
#5093 = ORIENTED_EDGE ( 'NONE', *, *, #209, .F. ) ;
#5094 = CYLINDRICAL_SURFACE ( 'NONE', #4598, 1.300000000000002487 ) ;
#5095 = CARTESIAN_POINT ( 'NONE',  ( -18.25000000000000000, 41.15948300754050138, -15.25000000000000000 ) ) ;
#5096 = CARTESIAN_POINT ( 'NONE',  ( -37.75000000000000000, 38.00948300754050280, 30.94999999999999929 ) ) ;
#5097 = EDGE_LOOP ( 'NONE', ( #980, #2994 ) ) ;
#5098 = ORIENTED_EDGE ( 'NONE', *, *, #1064, .F. ) ;
#5099 = ORIENTED_EDGE ( 'NONE', *, *, #4125, .T. ) ;
#5100 = VECTOR ( 'NONE', #664, 1000.000000000000000 ) ;
#5101 = PLANE ( 'NONE',  #4476 ) ;
#5102 = AXIS2_PLACEMENT_3D ( 'NONE', #791, #4878, #4076 ) ;
#5103 = VERTEX_POINT ( 'NONE', #3853 ) ;
#5104 = DIRECTION ( 'NONE',  ( 0.000000000000000000, 0.000000000000000000, -1.000000000000000000 ) ) ;
#5105 = EDGE_CURVE ( 'NONE', #2110, #4370, #156, .T. ) ;
#5106 = VERTEX_POINT ( 'NONE', #1111 ) ;
#5107 = VERTEX_POINT ( 'NONE', #5002 ) ;
#5108 = ADVANCED_FACE ( 'NONE', ( #4603 ), #4635, .T. ) ;
#5109 = CYLINDRICAL_SURFACE ( 'NONE', #3137, 1.500000000000001332 ) ;
#5110 = DIRECTION ( 'NONE',  ( 1.000000000000000000, 0.000000000000000000, -4.336808689942015271E-16 ) ) ;
#5111 = ADVANCED_FACE ( 'NONE', ( #259 ), #3484, .F. ) ;
#5112 = CARTESIAN_POINT ( 'NONE',  ( -37.75000000000000000, 36.40948300754050138, 30.94999999999999929 ) ) ;
#5113 = ORIENTED_EDGE ( 'NONE', *, *, #1960, .F. ) ;
#5114 = EDGE_CURVE ( 'NONE', #2276, #3031, #2631, .T. ) ;
#5115 = ORIENTED_EDGE ( 'NONE', *, *, #4284, .F. ) ;
#5116 = FACE_OUTER_BOUND ( 'NONE', #1492, .T. ) ;
#5117 = PLANE ( 'NONE',  #2514 ) ;
#5118 = CARTESIAN_POINT ( 'NONE',  ( 18.25000000000000000, 41.15948300754050138, -15.25000000000000000 ) ) ;
#5119 = CARTESIAN_POINT ( 'NONE',  ( -42.25000000000000000, 49.40948300754050138, -42.25000000000000000 ) ) ;
#5120 = VERTEX_POINT ( 'NONE', #3383 ) ;
#5121 = CARTESIAN_POINT ( 'NONE',  ( -22.95000000000000284, 39.40948300754050848, -3.050000000000000266 ) ) ;
#5122 = CARTESIAN_POINT ( 'NONE',  ( -40.95000000000003126, 39.01170064168395157, -31.05942944563276242 ) ) ;
#5123 = LINE ( 'NONE', #1551, #3730 ) ;
#5124 = CARTESIAN_POINT ( 'NONE',  ( -42.25000000000000000, 47.95948300754049853, -42.25000000000000000 ) ) ;
#5125 = ORIENTED_EDGE ( 'NONE', *, *, #337, .F. ) ;
#5126 = ORIENTED_EDGE ( 'NONE', *, *, #4836, .F. ) ;
#5127 = ORIENTED_EDGE ( 'NONE', *, *, #2845, .F. ) ;
#5128 = DIRECTION ( 'NONE',  ( 0.000000000000000000, 1.000000000000000000, 0.000000000000000000 ) ) ;
#5129 = CARTESIAN_POINT ( 'NONE',  ( -40.95000000000000995, 39.11936130528061994, 30.15753427921982777 ) ) ;
#5130 = CARTESIAN_POINT ( 'NONE',  ( 37.75000000000000000, 38.00948300754050280, 30.20000000000000284 ) ) ;
#5131 = EDGE_LOOP ( 'NONE', ( #2938, #4210, #4515, #2000 ) ) ;
#5132 = ORIENTED_EDGE ( 'NONE', *, *, #5040, .T. ) ;
#5133 = DIRECTION ( 'NONE',  ( 0.000000000000000000, 0.000000000000000000, 1.000000000000000000 ) ) ;
#5134 = VECTOR ( 'NONE', #75, 1000.000000000000000 ) ;
#5135 = EDGE_CURVE ( 'NONE', #4857, #3091, #4066, .T. ) ;
#5136 = DIRECTION ( 'NONE',  ( 0.000000000000000000, 1.000000000000000000, 0.000000000000000000 ) ) ;
#5137 = EDGE_LOOP ( 'NONE', ( #1473, #635, #2008, #2420 ) ) ;
#5138 = AXIS2_PLACEMENT_3D ( 'NONE', #4754, #4051, #481 ) ;
#5139 = CIRCLE ( 'NONE', #1223, 1.500000000000001332 ) ;
#5140 = VERTEX_POINT ( 'NONE', #652 ) ;
#5141 = DIRECTION ( 'NONE',  ( -1.000000000000000000, 0.000000000000000000, 0.000000000000000000 ) ) ;
#5142 = DIRECTION ( 'NONE',  ( 0.000000000000000000, -1.000000000000000000, 0.000000000000000000 ) ) ;
#5143 = B_SPLINE_CURVE_WITH_KNOTS ( 'NONE', 3,
 ( #4971, #3330, #1696, #573, #3719, #4874, #1294, #158, #1350, #1746, #3359, #4947, #4549, #3020, #2805, #4624, #4758, #1550, #3981, #3196, #23, #4602, #356, #2628, #1968, #1183, #4783, #1607, #5122, #3138, #1580, #5025, #1943, #675, #1035, #257, #2784, #3168, #4366, #3042, #1160, #410, #3560, #1056, #1995, #798, #4731, #2755, #2382, #5149, #824, #3587, #4339, #2232, #1210, #774, #4390, #3796, #2657, #4238, #4214 ),
 .UNSPECIFIED., .F., .F.,
 ( 4, 1, 1, 1, 1, 2, 2, 1, 1, 1, 1, 2, 2, 2, 1, 1, 2, 2, 1, 2, 2, 1, 1, 1, 1, 2, 2, 1, 1, 2, 2, 1, 1, 2, 2, 1, 1, 1, 1, 2, 2, 4 ),
 ( 0.000000000000000000, 0.06250000000001999789, 0.09375000000003000378, 0.1093750000000349998, 0.1171875000000378031, 0.1210937500000411754, 0.1250000000000445477, 0.1875000000000665024, 0.2187500000000779099, 0.2343750000000836275, 0.2421875000000860423, 0.2460937500000885680, 0.2500000000000910938, 0.3125000000001139644, 0.3437500000001233458, 0.3593750000001301181, 0.3671875000001330602, 0.3750000000001360578, 0.4375000000001437739, 0.4687500000001454947, 0.5000000000001472156, 0.5625000000001553202, 0.5937500000001596501, 0.6093750000001617595, 0.6171875000001615375, 0.6210937500001604272, 0.6250000000001593170, 0.6562500000001523226, 0.6718750000001487699, 0.6796875000001471046, 0.6875000000001453282, 0.7187500000001322276, 0.7343750000001272316, 0.7421875000001253442, 0.7500000000001233458, 0.8125000000001045830, 0.8437500000000937028, 0.8593750000000882627, 0.8671875000000850431, 0.8710937500000822675, 0.8750000000000796030, 1.000000000000000000 ),
 .UNSPECIFIED. ) ;
#5144 = DIRECTION ( 'NONE',  ( 0.000000000000000000, 0.000000000000000000, -1.000000000000000000 ) ) ;
#5145 = AXIS2_PLACEMENT_3D ( 'NONE', #1985, #4773, #1199 ) ;
#5146 = FACE_BOUND ( 'NONE', #970, .T. ) ;
#5147 = ORIENTED_EDGE ( 'NONE', *, *, #4570, .F. ) ;
#5148 = LINE ( 'NONE', #2677, #1356 ) ;
#5149 = CARTESIAN_POINT ( 'NONE',  ( -40.95000000000002416, 39.21624085699782114, -29.77402378846880637 ) ) ;
#5150 = CIRCLE ( 'NONE', #1480, 3.000000000000002665 ) ;
#5151 = CARTESIAN_POINT ( 'NONE',  ( 40.95000000000000995, 39.17533459720614530, -31.96600759631760269 ) ) ;
#5152 = EDGE_CURVE ( 'NONE', #4556, #1988, #4239, .T. ) ;
#5153 = LINE ( 'NONE', #2839, #4888 ) ;
#5154 = ORIENTED_EDGE ( 'NONE', *, *, #2615, .F. ) ;
#5155 = ORIENTED_EDGE ( 'NONE', *, *, #4536, .F. ) ;
ENDSEC;
END-ISO-10303-21;
