ISO-10303-21;
HEADER;
FILE_DESCRIPTION (( 'STEP AP214' ),
    '1' );
FILE_NAME ('4inch P4C5╨С©г-V1.0.STEP',
    '2026-08-18T03:21:15',
    ( 'Windows User' ),
    ( 'P R C' ),
    'SwSTEP 2.0',
    'SolidWorks 2022',
    '' );
FILE_SCHEMA (( 'AUTOMOTIVE_DESIGN' ));
ENDSEC;

DATA;
#1 = CIRCLE ( 'NONE', #7813, 1.000000000000000888 ) ;
#2 = TOROIDAL_SURFACE ( 'NONE', #10671, 2.500000000000000000, 1.000000000000000000 ) ;
#3 = DIRECTION ( 'NONE',  ( 0.000000000000000000, 0.000000000000000000, 1.000000000000000000 ) ) ;
#4 = VERTEX_POINT ( 'NONE', #6746 ) ;
#5 = CARTESIAN_POINT ( 'NONE',  ( -41.45000000000000284, -19.50534825036275066, 41.45000000000000284 ) ) ;
#6 = CARTESIAN_POINT ( 'NONE',  ( 27.75000000000001066, -19.53246194118430523, -23.95439961146186647 ) ) ;
#7 = DIRECTION ( 'NONE',  ( 0.000000000000000000, 1.000000000000000000, 0.000000000000000000 ) ) ;
#8 = CIRCLE ( 'NONE', #2660, 7.500000000000000000 ) ;
#9 = CARTESIAN_POINT ( 'NONE',  ( 39.67935299641797542, -16.77177894919730505, -33.91043166595854075 ) ) ;
#10 = CARTESIAN_POINT ( 'NONE',  ( -41.45000000000000284, -1.705348250362779927, -42.95000000000000284 ) ) ;
#11 = DIRECTION ( 'NONE',  ( 0.000000000000000000, 0.000000000000000000, -1.000000000000000000 ) ) ;
#12 = AXIS2_PLACEMENT_3D ( 'NONE', #1343, #9594, #644 ) ;
#13 = ORIENTED_EDGE ( 'NONE', *, *, #721, .F. ) ;
#14 = EDGE_LOOP ( 'NONE', ( #11337, #11051, #10855, #859 ) ) ;
#15 = CARTESIAN_POINT ( 'NONE',  ( 39.47402740632244900, -7.693141371029180497, -27.95782500368754953 ) ) ;
#16 = VERTEX_POINT ( 'NONE', #9300 ) ;
#17 = EDGE_CURVE ( 'NONE', #7703, #7551, #6674, .T. ) ;
#18 = DIRECTION ( 'NONE',  ( 0.000000000000000000, 1.000000000000000000, 0.000000000000000000 ) ) ;
#19 = AXIS2_PLACEMENT_3D ( 'NONE', #2319, #5893, #3098 ) ;
#20 = EDGE_CURVE ( 'NONE', #4477, #8226, #7615, .T. ) ;
#21 = VECTOR ( 'NONE', #4687, 1000.000000000000000 ) ;
#22 = DIRECTION ( 'NONE',  ( 0.000000000000000000, 1.000000000000000000, 0.000000000000000000 ) ) ;
#23 = CARTESIAN_POINT ( 'NONE',  ( -39.95000000000000284, -7.005348250362779972, 32.13743420870380163 ) ) ;
#24 =( BOUNDED_SURFACE ( )  B_SPLINE_SURFACE ( 3, 2, ( 
 ( #2083, #2981, #2154 ),
 ( #4833, #6622, #3931 ),
 ( #9489, #8484, #1310 ),
 ( #4055, #2027, #5608 ),
 ( #9309, #309, #5842 ),
 ( #9257, #10323, #1129 ) ),
 .UNSPECIFIED., .F., .F., .F. ) 
 B_SPLINE_SURFACE_WITH_KNOTS ( ( 4, 2, 4 ),
 ( 3, 3 ),
 ( 0.003472264917602089877, 0.003818391260531969669, 0.004164517603461849460 ),
 ( 0.000000000000000000, 1.000000000000000000 ),
 .UNSPECIFIED. ) 
 GEOMETRIC_REPRESENTATION_ITEM ( )  RATIONAL_B_SPLINE_SURFACE ( (
 ( 1.000000000000000000, 0.8712116545185889516, 1.000000000000000000),
 ( 1.000000000000000000, 0.8883859129286160172, 1.000000000000000000),
 ( 1.000000000000000000, 0.9032985997260579714, 1.000000000000000000),
 ( 1.000000000000000000, 0.9247575386194900604, 1.000000000000000000),
 ( 1.000000000000000000, 0.9309855386259179300, 1.000000000000000000),
 ( 1.000000000000000000, 0.9309493362512629711, 1.000000000000000000) ) ) 
 REPRESENTATION_ITEM ( '' )  SURFACE ( )  );
#25 = DIRECTION ( 'NONE',  ( 0.000000000000000000, -1.000000000000000000, 0.000000000000000000 ) ) ;
#26 = DIRECTION ( 'NONE',  ( 0.000000000000000000, 0.000000000000000000, -1.000000000000000000 ) ) ;
#27 = FACE_BOUND ( 'NONE', #7840, .T. ) ;
#28 = EDGE_CURVE ( 'NONE', #3527, #3850, #3614, .T. ) ;
#29 = CARTESIAN_POINT ( 'NONE',  ( 26.84059082241462590, -19.52271052854322875, -41.95860227582482338 ) ) ;
#30 = ORIENTED_EDGE ( 'NONE', *, *, #1958, .F. ) ;
#31 = CARTESIAN_POINT ( 'NONE',  ( -19.25000000000000000, -17.50534825036275066, -26.55000000000000071 ) ) ;
#32 = ORIENTED_EDGE ( 'NONE', *, *, #9999, .F. ) ;
#33 = FACE_OUTER_BOUND ( 'NONE', #10878, .T. ) ;
#34 = AXIS2_PLACEMENT_3D ( 'NONE', #10564, #9438, #1255 ) ;
#35 = AXIS2_PLACEMENT_3D ( 'NONE', #9756, #2286, #1454 ) ;
#36 = ORIENTED_EDGE ( 'NONE', *, *, #3046, .F. ) ;
#37 = CIRCLE ( 'NONE', #4014, 8.000000000000000000 ) ;
#38 = ORIENTED_EDGE ( 'NONE', *, *, #9989, .T. ) ;
#39 = CIRCLE ( 'NONE', #19, 0.3594872681224078881 ) ;
#40 = AXIS2_PLACEMENT_3D ( 'NONE', #3050, #7417, #6579 ) ;
#41 = CARTESIAN_POINT ( 'NONE',  ( -37.75000000000000000, -8.005348250362779083, 33.45000000000000284 ) ) ;
#42 = DIRECTION ( 'NONE',  ( 0.000000000000000000, 0.000000000000000000, -1.000000000000000000 ) ) ;
#43 = CARTESIAN_POINT ( 'NONE',  ( -39.95000000000000284, -7.005348250362779972, 32.13743420870380163 ) ) ;
#44 = EDGE_CURVE ( 'NONE', #10560, #4, #10850, .T. ) ;
#45 = VERTEX_POINT ( 'NONE', #480 ) ;
#46 = CARTESIAN_POINT ( 'NONE',  ( -40.95000000000000284, -6.117007847398059361, 28.66728588096720287 ) ) ;
#47 = EDGE_LOOP ( 'NONE', ( #6484, #2362 ) ) ;
#48 = CARTESIAN_POINT ( 'NONE',  ( -40.95000000000001705, -7.174405655662750902, -29.23614811585233753 ) ) ;
#49 = DIRECTION ( 'NONE',  ( -1.000000000000000000, 0.000000000000000000, 0.000000000000000000 ) ) ;
#50 = CIRCLE ( 'NONE', #4029, 1.000000000000000888 ) ;
#51 = AXIS2_PLACEMENT_3D ( 'NONE', #8931, #2593, #7863 ) ;
#52 = AXIS2_PLACEMENT_3D ( 'NONE', #2991, #10269, #8434 ) ;
#53 = CARTESIAN_POINT ( 'NONE',  ( 21.94999999999999929, -16.51385150205409857, 18.75000000000000000 ) ) ;
#54 = CARTESIAN_POINT ( 'NONE',  ( -40.95000000000000284, -6.117007847398049591, -33.23271411903279926 ) ) ;
#55 = ORIENTED_EDGE ( 'NONE', *, *, #7430, .T. ) ;
#56 = LINE ( 'NONE', #9121, #21 ) ;
#57 = DIRECTION ( 'NONE',  ( -1.000000000000000000, 0.000000000000000000, 0.000000000000000000 ) ) ;
#58 = VECTOR ( 'NONE', #7673, 1000.000000000000000 ) ;
#59 = EDGE_LOOP ( 'NONE', ( #2627, #6822, #11681, #730 ) ) ;
#60 = CARTESIAN_POINT ( 'NONE',  ( 40.94999999999998153, -7.074132914964618379, -32.42943966716178039 ) ) ;
#61 = CARTESIAN_POINT ( 'NONE',  ( 11.15930443528406713, -19.49999091081179614, -41.84660772283857710 ) ) ;
#62 = ORIENTED_EDGE ( 'NONE', *, *, #9101, .F. ) ;
#63 = AXIS2_PLACEMENT_3D ( 'NONE', #5184, #3219, #7759 ) ;
#64 = CARTESIAN_POINT ( 'NONE',  ( 10.57764332114304118, -19.64216589927350043, -41.82272261413615411 ) ) ;
#65 = AXIS2_PLACEMENT_3D ( 'NONE', #7897, #7947, #4345 ) ;
#66 = ADVANCED_FACE ( 'NONE', ( #7567 ), #11201, .F. ) ;
#67 = ORIENTED_EDGE ( 'NONE', *, *, #10924, .T. ) ;
#68 = CARTESIAN_POINT ( 'NONE',  ( -10.84999999999999964, -9.005348250362779083, 40.95000000000000284 ) ) ;
#69 = AXIS2_PLACEMENT_3D ( 'NONE', #6344, #906, #4542 ) ;
#70 = CARTESIAN_POINT ( 'NONE',  ( 42.95000000000000284, -13.35186151901900153, -14.76791297536578007 ) ) ;
#71 = VERTEX_POINT ( 'NONE', #4934 ) ;
#72 = EDGE_CURVE ( 'NONE', #10657, #10414, #7699, .T. ) ;
#73 = DIRECTION ( 'NONE',  ( 1.084202172485503818E-16, 0.000000000000000000, -1.000000000000000000 ) ) ;
#74 = CARTESIAN_POINT ( 'NONE',  ( 27.75000000000000000, -19.67995875686899865, -25.94999999999999929 ) ) ;
#75 = LINE ( 'NONE', #3704, #11465 ) ;
#76 = ADVANCED_FACE ( 'NONE', ( #10313 ), #2143, .T. ) ;
#77 = CYLINDRICAL_SURFACE ( 'NONE', #5386, 1.999999999999998224 ) ;
#78 = CARTESIAN_POINT ( 'NONE',  ( -40.20200070457008934, -17.25980366712553860, 27.99426525619740858 ) ) ;
#79 = CARTESIAN_POINT ( 'NONE',  ( 42.95000000000000284, -13.35186151901900153, 13.23208702463421993 ) ) ;
#80 = ORIENTED_EDGE ( 'NONE', *, *, #157, .T. ) ;
#81 = FACE_OUTER_BOUND ( 'NONE', #2250, .T. ) ;
#82 = AXIS2_PLACEMENT_3D ( 'NONE', #11399, #4337, #8669 ) ;
#83 = ORIENTED_EDGE ( 'NONE', *, *, #11448, .F. ) ;
#84 = LINE ( 'NONE', #6574, #8396 ) ;
#85 = CARTESIAN_POINT ( 'NONE',  ( 27.29420894768185590, -19.52500484891092114, -41.92755939137687449 ) ) ;
#86 = AXIS2_PLACEMENT_3D ( 'NONE', #9235, #8284, #2780 ) ;
#87 = CARTESIAN_POINT ( 'NONE',  ( 40.94999999999994600, -7.978179378534389521, 33.19242648713782273 ) ) ;
#88 = CARTESIAN_POINT ( 'NONE',  ( 26.50249206853932904, -19.49839569289592944, -42.06795275556574865 ) ) ;
#89 = ADVANCED_FACE ( 'NONE', ( #5005 ), #7754, .F. ) ;
#90 = FACE_OUTER_BOUND ( 'NONE', #5676, .T. ) ;
#91 = CARTESIAN_POINT ( 'NONE',  ( -37.75000000000000000, -16.50534825036275066, 34.45000000000000284 ) ) ;
#92 = B_SPLINE_CURVE_WITH_KNOTS ( 'NONE', 3,
 ( #6817, #3055, #3239, #10511, #1448, #5076, #10575, #555, #9447, #1264, #7656, #11295, #3123, #6766 ),
 .UNSPECIFIED., .F., .F.,
 ( 4, 2, 2, 1, 1, 2, 2, 4 ),
 ( 0.000000000000000000, 0.2499999999999331646, 0.3749999999999047429, 0.4374999999998896438, 0.4687499999998867017, 0.4843749999998796518, 0.4999999999998725464, 1.000000000000000000 ),
 .UNSPECIFIED. ) ;
#93 = CARTESIAN_POINT ( 'NONE',  ( 26.76354516385892524, -19.52103456948113802, -41.95592814448039576 ) ) ;
#94 = ORIENTED_EDGE ( 'NONE', *, *, #4622, .F. ) ;
#95 = CARTESIAN_POINT ( 'NONE',  ( 16.44999999999999929, -12.30534825036276025, 22.50000000000000000 ) ) ;
#96 = ORIENTED_EDGE ( 'NONE', *, *, #2819, .T. ) ;
#97 = DIRECTION ( 'NONE',  ( -1.000000000000000000, 0.000000000000000000, 0.000000000000000000 ) ) ;
#98 = ORIENTED_EDGE ( 'NONE', *, *, #8171, .T. ) ;
#99 = ORIENTED_EDGE ( 'NONE', *, *, #4018, .T. ) ;
#100 = CARTESIAN_POINT ( 'NONE',  ( 10.62963360544872238, -20.50534823949976726, -40.36025900394253796 ) ) ;
#101 = FACE_OUTER_BOUND ( 'NONE', #3609, .T. ) ;
#102 = EDGE_CURVE ( 'NONE', #2549, #10776, #939, .T. ) ;
#103 = DIRECTION ( 'NONE',  ( 0.000000000000000000, 1.000000000000000000, 0.000000000000000000 ) ) ;
#104 = VERTEX_POINT ( 'NONE', #2556 ) ;
#105 = LINE ( 'NONE', #10115, #5492 ) ;
#106 = ORIENTED_EDGE ( 'NONE', *, *, #2754, .F. ) ;
#107 = DIRECTION ( 'NONE',  ( 0.000000000000000000, -1.000000000000000000, 0.000000000000000000 ) ) ;
#108 = CARTESIAN_POINT ( 'NONE',  ( -42.95000000000000284, -6.812339080949070258, 9.825321660488040010 ) ) ;
#109 = EDGE_CURVE ( 'NONE', #11570, #3179, #3282, .T. ) ;
#110 = CARTESIAN_POINT ( 'NONE',  ( -42.95000000000000284, -13.35186151901900153, 20.59157429275665052 ) ) ;
#111 = CARTESIAN_POINT ( 'NONE',  ( -40.95000000000000284, -6.005348250362779972, -32.13743420870380163 ) ) ;
#112 = ORIENTED_EDGE ( 'NONE', *, *, #9402, .F. ) ;
#113 = CARTESIAN_POINT ( 'NONE',  ( 27.75000000000000000, -17.50534825036275066, 19.94999999999999929 ) ) ;
#114 = DIRECTION ( 'NONE',  ( -1.000000000000000000, 0.000000000000000000, 1.674039542559039894E-16 ) ) ;
#115 = ORIENTED_EDGE ( 'NONE', *, *, #9084, .T. ) ;
#116 = DIRECTION ( 'NONE',  ( 0.000000000000000000, 0.000000000000000000, -1.000000000000000000 ) ) ;
#117 = CARTESIAN_POINT ( 'NONE',  ( 37.75000000000000000, -7.005348250362779972, -30.94999999999999929 ) ) ;
#118 = CARTESIAN_POINT ( 'NONE',  ( 11.45400843803541946, -19.58574490515044886, -41.72195970118779940 ) ) ;
#119 = ADVANCED_FACE ( 'NONE', ( #1602 ), #11455, .T. ) ;
#120 = EDGE_LOOP ( 'NONE', ( #3464, #9981, #10543, #7161 ) ) ;
#121 = CARTESIAN_POINT ( 'NONE',  ( 40.34089248602127498, -17.35200387240929132, 33.95505074674428414 ) ) ;
#122 = DIRECTION ( 'NONE',  ( 0.000000000000000000, -1.000000000000000000, 0.000000000000000000 ) ) ;
#123 = ORIENTED_EDGE ( 'NONE', *, *, #11028, .F. ) ;
#124 = CARTESIAN_POINT ( 'NONE',  ( 40.95000000000000284, -6.596454582002400535, 34.22965242009740194 ) ) ;
#125 = CARTESIAN_POINT ( 'NONE',  ( 37.75000000000000000, -7.005348250362779972, 30.05000000000000071 ) ) ;
#126 = CARTESIAN_POINT ( 'NONE',  ( 27.24626421164064993, -19.69357033858497630, -41.80984226288855155 ) ) ;
#127 = DIRECTION ( 'NONE',  ( 0.000000000000000000, 0.000000000000000000, 1.000000000000000000 ) ) ;
#128 = CARTESIAN_POINT ( 'NONE',  ( 13.12963360958147874, -17.50534825036275066, -28.53619997939700070 ) ) ;
#129 = DIRECTION ( 'NONE',  ( 0.000000000000000000, -1.000000000000000000, 0.000000000000000000 ) ) ;
#130 = VERTEX_POINT ( 'NONE', #4157 ) ;
#131 = PLANE ( 'NONE',  #3421 ) ;
#132 = EDGE_CURVE ( 'NONE', #8106, #609, #5178, .T. ) ;
#133 = EDGE_LOOP ( 'NONE', ( #4897, #9339, #6638, #4449 ) ) ;
#134 = CARTESIAN_POINT ( 'NONE',  ( -11.84999999999999964, -10.00534825036277908, 40.95000000000000284 ) ) ;
#135 = CARTESIAN_POINT ( 'NONE',  ( 27.53968218177951854, -19.50534825036279329, -41.75298099236222527 ) ) ;
#136 = CARTESIAN_POINT ( 'NONE',  ( 40.95000000000000284, -8.005348250362779083, 33.16879324820069996 ) ) ;
#137 = CARTESIAN_POINT ( 'NONE',  ( 26.73215046902793901, -19.48880003991896359, -42.13227616218480165 ) ) ;
#138 = EDGE_CURVE ( 'NONE', #6772, #9880, #4219, .T. ) ;
#139 = CARTESIAN_POINT ( 'NONE',  ( -28.25000000000000000, -17.50534825036275066, 30.94999999999999929 ) ) ;
#140 = CARTESIAN_POINT ( 'NONE',  ( -22.84999999999999787, -17.50534825036275066, 21.14999999999999858 ) ) ;
#141 = CARTESIAN_POINT ( 'NONE',  ( 26.20322651406304715, -19.50319271918110076, -41.88308799163969809 ) ) ;
#142 = EDGE_LOOP ( 'NONE', ( #10953, #7157, #10754, #5475 ) ) ;
#143 = FACE_OUTER_BOUND ( 'NONE', #6400, .T. ) ;
#144 = ADVANCED_FACE ( 'NONE', ( #1429 ), #1892, .T. ) ;
#145 = ORIENTED_EDGE ( 'NONE', *, *, #4146, .F. ) ;
#146 = CARTESIAN_POINT ( 'NONE',  ( 37.75000000000000000, -8.505348250362779083, 30.05000000000000071 ) ) ;
#147 = ORIENTED_EDGE ( 'NONE', *, *, #4172, .T. ) ;
#148 = ORIENTED_EDGE ( 'NONE', *, *, #5988, .T. ) ;
#149 = EDGE_CURVE ( 'NONE', #2782, #10643, #9724, .T. ) ;
#150 = DIRECTION ( 'NONE',  ( 0.000000000000000000, -1.000000000000000000, 0.000000000000000000 ) ) ;
#151 = DIRECTION ( 'NONE',  ( -1.000000000000000000, 0.000000000000000000, 1.674039542559039894E-16 ) ) ;
#152 = DIRECTION ( 'NONE',  ( 0.000000000000000000, 0.000000000000000000, -1.000000000000000000 ) ) ;
#153 = AXIS2_PLACEMENT_3D ( 'NONE', #8873, #9824, #7969 ) ;
#154 = ORIENTED_EDGE ( 'NONE', *, *, #9863, .F. ) ;
#155 = LINE ( 'NONE', #3788, #11417 ) ;
#156 = ORIENTED_EDGE ( 'NONE', *, *, #9928, .F. ) ;
#157 = EDGE_CURVE ( 'NONE', #3970, #5109, #1711, .T. ) ;
#158 = DIRECTION ( 'NONE',  ( 0.000000000000000000, 0.000000000000000000, -1.000000000000000000 ) ) ;
#159 = CARTESIAN_POINT ( 'NONE',  ( 40.95000000000000284, -6.005348250362779972, -32.45466998818334758 ) ) ;
#160 = EDGE_CURVE ( 'NONE', #10421, #10696, #3427, .T. ) ;
#161 = ADVANCED_FACE ( 'NONE', ( #9670 ), #6068, .F. ) ;
#162 = AXIS2_PLACEMENT_3D ( 'NONE', #4208, #7928, #7802 ) ;
#163 = DIRECTION ( 'NONE',  ( 0.000000000000000000, 0.000000000000000000, 1.000000000000000000 ) ) ;
#164 = CARTESIAN_POINT ( 'NONE',  ( -40.95000000000000284, -6.005348250362779972, -32.45445074245689909 ) ) ;
#165 = ORIENTED_EDGE ( 'NONE', *, *, #3954, .T. ) ;
#166 = DIRECTION ( 'NONE',  ( 0.000000000000000000, -1.000000000000000000, 0.000000000000000000 ) ) ;
#167 = DIRECTION ( 'NONE',  ( 0.000000000000000000, -1.000000000000000000, 0.000000000000000000 ) ) ;
#168 = ORIENTED_EDGE ( 'NONE', *, *, #2117, .T. ) ;
#169 = FACE_BOUND ( 'NONE', #1012, .T. ) ;
#170 = DIRECTION ( 'NONE',  ( 0.000000000000000000, 0.000000000000000000, -1.000000000000000000 ) ) ;
#171 = CARTESIAN_POINT ( 'NONE',  ( 11.25192742448520633, -19.49283408063426037, -41.77525437782409767 ) ) ;
#172 = AXIS2_PLACEMENT_3D ( 'NONE', #3959, #9284, #4626 ) ;
#173 = VERTEX_POINT ( 'NONE', #1480 ) ;
#174 = PLANE ( 'NONE',  #2501 ) ;
#175 = EDGE_LOOP ( 'NONE', ( #5902, #3902, #9099, #8915 ) ) ;
#176 = B_SPLINE_CURVE_WITH_KNOTS ( 'NONE', 3,
 ( #7990, #7041, #1482, #10670, #10734, #601, #9896, #2558, #1655, #5356, #4221 ),
 .UNSPECIFIED., .F., .F.,
 ( 4, 2, 1, 2, 2, 4 ),
 ( 0.000000000000000000, 0.4999999999999845679, 0.6249999999999821254, 0.6874999999999760192, 0.7499999999999699130, 1.000000000000000000 ),
 .UNSPECIFIED. ) ;
#177 = PLANE ( 'NONE',  #2713 ) ;
#178 = ORIENTED_EDGE ( 'NONE', *, *, #4523, .T. ) ;
#179 = CYLINDRICAL_SURFACE ( 'NONE', #8273, 1.500000000000001332 ) ;
#180 = VECTOR ( 'NONE', #8731, 1000.000000000000227 ) ;
#181 = CARTESIAN_POINT ( 'NONE',  ( -25.55000000000000071, -19.50534825036275066, 19.14999999999999858 ) ) ;
#182 = DIRECTION ( 'NONE',  ( 1.000000000000000000, 0.000000000000000000, 0.000000000000000000 ) ) ;
#183 = PLANE ( 'NONE',  #1945 ) ;
#184 = CARTESIAN_POINT ( 'NONE',  ( -25.55000000000000071, -17.50534825036275066, 29.94999999999999929 ) ) ;
#185 = EDGE_LOOP ( 'NONE', ( #5626, #8792, #8167, #1181 ) ) ;
#186 = LINE ( 'NONE', #3106, #3875 ) ;
#187 = VERTEX_POINT ( 'NONE', #2379 ) ;
#188 = CARTESIAN_POINT ( 'NONE',  ( 24.35000000000000142, -17.50534825036275066, 20.75000000000000000 ) ) ;
#189 = EDGE_LOOP ( 'NONE', ( #10739, #3671 ) ) ;
#190 = CARTESIAN_POINT ( 'NONE',  ( -25.55000000000000071, -19.50534825036275066, 21.85000000000000142 ) ) ;
#191 = TOROIDAL_SURFACE ( 'NONE', #3620, 4.500000000000000000, 1.000000000000000000 ) ;
#192 = CARTESIAN_POINT ( 'NONE',  ( 27.34864141038054797, -19.71710130965094976, -41.74967094060334460 ) ) ;
#193 = CARTESIAN_POINT ( 'NONE',  ( 40.95000000000000284, -6.160460651583230529, 33.38809209264564970 ) ) ;
#194 = CARTESIAN_POINT ( 'NONE',  ( 26.82208701383952132, -19.48670206438836416, -42.14221017525136403 ) ) ;
#195 = DIRECTION ( 'NONE',  ( 0.000000000000000000, 0.000000000000000000, 1.000000000000000000 ) ) ;
#196 = DIRECTION ( 'NONE',  ( 0.000000000000000000, -1.000000000000000000, 0.000000000000000000 ) ) ;
#197 = CARTESIAN_POINT ( 'NONE',  ( 26.10490677985525210, -19.50007743633789659, -41.70358057305474375 ) ) ;
#198 = EDGE_LOOP ( 'NONE', ( #6370, #168, #9354, #1225 ) ) ;
#199 = CARTESIAN_POINT ( 'NONE',  ( 16.44999999999999929, -17.50534825036275066, 20.75000000000000000 ) ) ;
#200 = AXIS2_PLACEMENT_3D ( 'NONE', #7880, #600, #11527 ) ;
#201 = ORIENTED_EDGE ( 'NONE', *, *, #10982, .F. ) ;
#202 = DIRECTION ( 'NONE',  ( 0.000000000000000000, -1.000000000000000000, 0.000000000000000000 ) ) ;
#203 = ORIENTED_EDGE ( 'NONE', *, *, #6355, .F. ) ;
#205 = ORIENTED_EDGE ( 'NONE', *, *, #8572, .T. ) ;
#204 = EDGE_CURVE ( 'NONE', #2955, #10866, #8384, .T. ) ;
#206 = AXIS2_PLACEMENT_3D ( 'NONE', #9206, #9378, #1025 ) ;
#207 = EDGE_CURVE ( 'NONE', #10140, #3459, #6987, .T. ) ;
#208 = TOROIDAL_SURFACE ( 'NONE', #9552, 4.500000000000000000, 1.000000000000000000 ) ;
#209 = CARTESIAN_POINT ( 'NONE',  ( 26.45402786204044787, -19.62458496382970807, -41.52369156967836972 ) ) ;
#210 = CARTESIAN_POINT ( 'NONE',  ( 21.94999999999999929, -16.51385150205409857, 20.75000000000000000 ) ) ;
#211 = CARTESIAN_POINT ( 'NONE',  ( 39.56585625884543589, -7.259024777604311751, 33.54818012015458351 ) ) ;
#212 = ADVANCED_FACE ( 'NONE', ( #8712 ), #8946, .F. ) ;
#213 = CIRCLE ( 'NONE', #6892, 1.000000000000000888 ) ;
#214 = VECTOR ( 'NONE', #915, 1000.000000000000000 ) ;
#215 = ORIENTED_EDGE ( 'NONE', *, *, #6494, .T. ) ;
#216 = CARTESIAN_POINT ( 'NONE',  ( -28.25000000000000000, -17.50534825036275066, 19.14999999999999858 ) ) ;
#217 = ORIENTED_EDGE ( 'NONE', *, *, #5567, .F. ) ;
#218 = AXIS2_PLACEMENT_3D ( 'NONE', #2394, #2446, #7949 ) ;
#219 = ORIENTED_EDGE ( 'NONE', *, *, #6956, .F. ) ;
#220 = FACE_OUTER_BOUND ( 'NONE', #9575, .T. ) ;
#221 = CARTESIAN_POINT ( 'NONE',  ( 40.95000000000000284, -7.235215155995510017, -34.70528976902325269 ) ) ;
#222 = VECTOR ( 'NONE', #4277, 1000.000000000000000 ) ;
#223 = CIRCLE ( 'NONE', #2880, 1.000000000000000888 ) ;
#224 = PLANE ( 'NONE',  #6474 ) ;
#225 = CARTESIAN_POINT ( 'NONE',  ( -40.95000000000003126, -7.074030120699264401, -32.42900327773934777 ) ) ;
#226 = EDGE_LOOP ( 'NONE', ( #10515, #6705, #9815, #11068 ) ) ;
#227 = CARTESIAN_POINT ( 'NONE',  ( 27.59275788474349866, -19.83966234606659995, -41.30603813687964987 ) ) ;
#228 = CARTESIAN_POINT ( 'NONE',  ( -25.55000000000000071, -19.50534825036275066, 25.55000000000000071 ) ) ;
#229 = EDGE_CURVE ( 'NONE', #9488, #11384, #2283, .T. ) ;
#230 = VERTEX_POINT ( 'NONE', #9619 ) ;
#231 = DIRECTION ( 'NONE',  ( 0.000000000000000000, 0.000000000000000000, 1.000000000000000000 ) ) ;
#232 = FACE_OUTER_BOUND ( 'NONE', #10631, .T. ) ;
#233 = ADVANCED_FACE ( 'NONE', ( #3452 ), #11526, .F. ) ;
#234 = VERTEX_POINT ( 'NONE', #7154 ) ;
#235 = CARTESIAN_POINT ( 'NONE',  ( 11.25797076461384094, -19.50542777868154687, -41.92904941850990497 ) ) ;
#236 = AXIS2_PLACEMENT_3D ( 'NONE', #10906, #6369, #10961 ) ;
#237 = VECTOR ( 'NONE', #6696, 1000.000000000000000 ) ;
#238 = ORIENTED_EDGE ( 'NONE', *, *, #8706, .F. ) ;
#239 = CARTESIAN_POINT ( 'NONE',  ( 40.76262350019274550, -17.50534825036275066, 34.29276826090094943 ) ) ;
#240 = VERTEX_POINT ( 'NONE', #9175 ) ;
#241 = LINE ( 'NONE', #10854, #5390 ) ;
#242 = EDGE_LOOP ( 'NONE', ( #5328, #8950, #9521, #5394 ) ) ;
#243 = DIRECTION ( 'NONE',  ( -1.000000000000000000, 0.000000000000000000, 0.000000000000000000 ) ) ;
#244 = CIRCLE ( 'NONE', #11674, 1.999999999999998224 ) ;
#245 = CARTESIAN_POINT ( 'NONE',  ( 42.95000000000000284, -13.20151344825372064, 6.558624240827529484 ) ) ;
#246 = VECTOR ( 'NONE', #8382, 1000.000000000000000 ) ;
#247 = AXIS2_PLACEMENT_3D ( 'NONE', #5115, #4285, #7817 ) ;
#248 = VECTOR ( 'NONE', #1669, 1000.000000000000000 ) ;
#249 = FACE_OUTER_BOUND ( 'NONE', #7424, .T. ) ;
#250 = DIRECTION ( 'NONE',  ( -0.000000000000000000, 1.000000000000000000, 0.000000000000000000 ) ) ;
#251 = EDGE_LOOP ( 'NONE', ( #870, #6797, #10770, #4255 ) ) ;
#252 = CARTESIAN_POINT ( 'NONE',  ( 39.46111111111110148, -8.005348250362779083, 27.89678877811699920 ) ) ;
#253 = ORIENTED_EDGE ( 'NONE', *, *, #10454, .T. ) ;
#254 = CARTESIAN_POINT ( 'NONE',  ( 41.45000000000000284, -19.50534825036275066, -41.45000000000000284 ) ) ;
#255 = EDGE_LOOP ( 'NONE', ( #7993, #7120, #11778, #1740 ) ) ;
#256 = CARTESIAN_POINT ( 'NONE',  ( -40.95000000000000284, -6.160410503181779518, -28.51207248163210295 ) ) ;
#257 = AXIS2_PLACEMENT_3D ( 'NONE', #11647, #7166, #1315 ) ;
#258 = CIRCLE ( 'NONE', #6930, 0.3594872681224082767 ) ;
#259 = TOROIDAL_SURFACE ( 'NONE', #824, 2.600000000000000089, 0.5000000000000000000 ) ;
#260 = CARTESIAN_POINT ( 'NONE',  ( 18.62963360958150005, -22.29256159040334850, -34.03619997939700426 ) ) ;
#261 = AXIS2_PLACEMENT_3D ( 'NONE', #5849, #494, #4116 ) ;
#262 = CARTESIAN_POINT ( 'NONE',  ( -37.75000000000000000, -7.005348250362779972, -34.45000000000000284 ) ) ;
#263 = CARTESIAN_POINT ( 'NONE',  ( 26.10835776019688481, -19.49937767085900475, -41.84087816698993834 ) ) ;
#264 = CARTESIAN_POINT ( 'NONE',  ( -20.15000000000000213, -17.50534825036275066, 27.25000000000000000 ) ) ;
#265 = CARTESIAN_POINT ( 'NONE',  ( 27.60697604197511978, -19.88042178958409423, -41.12923410572410177 ) ) ;
#266 = AXIS2_PLACEMENT_3D ( 'NONE', #6996, #2327, #10435 ) ;
#267 = CARTESIAN_POINT ( 'NONE',  ( 42.95000000000000284, -6.511642939418550213, -17.52160390712534621 ) ) ;
#268 = VERTEX_POINT ( 'NONE', #10786 ) ;
#269 = CARTESIAN_POINT ( 'NONE',  ( -41.95000000000000284, -18.50534825036275421, 41.45000000000000284 ) ) ;
#270 = EDGE_LOOP ( 'NONE', ( #3590, #3679 ) ) ;
#271 = LINE ( 'NONE', #6458, #3625 ) ;
#272 = VERTEX_POINT ( 'NONE', #8335 ) ;
#273 = EDGE_LOOP ( 'NONE', ( #6404, #7559, #10276, #6750 ) ) ;
#274 = ORIENTED_EDGE ( 'NONE', *, *, #7728, .F. ) ;
#275 = VECTOR ( 'NONE', #3567, 1000.000000000000000 ) ;
#276 = AXIS2_PLACEMENT_3D ( 'NONE', #11685, #10832, #1827 ) ;
#277 = CARTESIAN_POINT ( 'NONE',  ( 10.60610388689131511, -19.87808462382739805, -41.68503505830576472 ) ) ;
#278 = DIRECTION ( 'NONE',  ( 0.000000000000000000, 0.000000000000000000, 1.000000000000000000 ) ) ;
#279 = EDGE_CURVE ( 'NONE', #1689, #10203, #8010, .T. ) ;
#280 = CARTESIAN_POINT ( 'NONE',  ( 41.45000000000000284, -3.705348250362780149, -41.95000000000000284 ) ) ;
#281 = EDGE_LOOP ( 'NONE', ( #2768, #6145, #9004, #2769 ) ) ;
#282 = CARTESIAN_POINT ( 'NONE',  ( 42.95000000000000284, -13.20151344825372064, -14.44137575917246075 ) ) ;
#283 = ORIENTED_EDGE ( 'NONE', *, *, #5231, .T. ) ;
#284 = DIRECTION ( 'NONE',  ( 0.000000000000000000, 1.000000000000000000, 0.000000000000000000 ) ) ;
#285 = DIRECTION ( 'NONE',  ( 0.000000000000000000, -1.000000000000000000, 0.000000000000000000 ) ) ;
#286 = ADVANCED_FACE ( 'NONE', ( #10011 ), #1948, .F. ) ;
#287 = CARTESIAN_POINT ( 'NONE',  ( 42.95000000000000284, -6.511642939418550213, -3.521603907125360422 ) ) ;
#288 = DIRECTION ( 'NONE',  ( 0.000000000000000000, 0.000000000000000000, 1.000000000000000000 ) ) ;
#289 = ORIENTED_EDGE ( 'NONE', *, *, #1245, .T. ) ;
#290 = CARTESIAN_POINT ( 'NONE',  ( 27.12963360958150005, -19.48665501328809668, -42.14245008972989837 ) ) ;
#291 = ADVANCED_FACE ( 'NONE', ( #7334 ), #7056, .F. ) ;
#292 = CARTESIAN_POINT ( 'NONE',  ( -37.75000000000000000, -8.005348250362779083, 30.94999999999999929 ) ) ;
#293 = ORIENTED_EDGE ( 'NONE', *, *, #11296, .T. ) ;
#294 = LINE ( 'NONE', #5773, #4818 ) ;
#295 = CARTESIAN_POINT ( 'NONE',  ( -22.84999999999999787, -17.50534825036275066, 28.25000000000000000 ) ) ;
#296 = ORIENTED_EDGE ( 'NONE', *, *, #5212, .T. ) ;
#297 = CARTESIAN_POINT ( 'NONE',  ( 11.15898091896450239, -19.49093261012731659, -41.76844342551640210 ) ) ;
#298 = ORIENTED_EDGE ( 'NONE', *, *, #8517, .F. ) ;
#299 = CARTESIAN_POINT ( 'NONE',  ( 39.56588062948234352, -7.258965039731500646, -33.54808299339735100 ) ) ;
#300 = ORIENTED_EDGE ( 'NONE', *, *, #8503, .F. ) ;
#301 = EDGE_CURVE ( 'NONE', #3986, #10904, #2847, .T. ) ;
#302 = DIRECTION ( 'NONE',  ( 0.000000000000000000, -1.000000000000000000, 0.000000000000000000 ) ) ;
#303 = DIRECTION ( 'NONE',  ( 0.000000000000000000, 0.000000000000000000, 1.000000000000000000 ) ) ;
#304 = CARTESIAN_POINT ( 'NONE',  ( 3.950745019243990352, -13.00534825036277908, 42.95000000000000284 ) ) ;
#305 = LINE ( 'NONE', #11150, #9738 ) ;
#306 = ORIENTED_EDGE ( 'NONE', *, *, #8440, .T. ) ;
#307 = LINE ( 'NONE', #6565, #10524 ) ;
#308 = ORIENTED_EDGE ( 'NONE', *, *, #3974, .F. ) ;
#309 = CARTESIAN_POINT ( 'NONE',  ( 10.04664032840707577, -19.52439758116798885, -41.95000000289342523 ) ) ;
#310 = ORIENTED_EDGE ( 'NONE', *, *, #9041, .T. ) ;
#311 = FACE_OUTER_BOUND ( 'NONE', #2743, .T. ) ;
#312 = ORIENTED_EDGE ( 'NONE', *, *, #7475, .F. ) ;
#313 = EDGE_CURVE ( 'NONE', #7321, #8202, #5463, .T. ) ;
#314 = DIRECTION ( 'NONE',  ( 0.000000000000000000, -1.000000000000000000, 0.000000000000000000 ) ) ;
#315 = DIRECTION ( 'NONE',  ( 0.000000000000000000, 0.000000000000000000, -1.000000000000000000 ) ) ;
#316 = EDGE_CURVE ( 'NONE', #7954, #10288, #6245, .T. ) ;
#317 = CARTESIAN_POINT ( 'NONE',  ( 39.63292794254890339, -7.139500174634120455, 33.29249017640735531 ) ) ;
#318 = DIRECTION ( 'NONE',  ( 0.000000000000000000, 0.000000000000000000, -1.000000000000000000 ) ) ;
#319 = CARTESIAN_POINT ( 'NONE',  ( -30.94999999999999929, -17.50534825036275066, 22.84999999999999787 ) ) ;
#320 = CARTESIAN_POINT ( 'NONE',  ( 21.94999999999999929, -19.50534825036275066, 18.75000000000000000 ) ) ;
#321 = CARTESIAN_POINT ( 'NONE',  ( 26.10028630019212414, -19.49093261012732370, -41.76844342551652289 ) ) ;
#322 = ORIENTED_EDGE ( 'NONE', *, *, #2177, .T. ) ;
#323 = CARTESIAN_POINT ( 'NONE',  ( -41.45000000000000284, -19.50534825036275066, 42.95000000000000284 ) ) ;
#324 = ORIENTED_EDGE ( 'NONE', *, *, #9570, .T. ) ;
#325 = EDGE_CURVE ( 'NONE', #104, #10185, #5415, .T. ) ;
#326 = CARTESIAN_POINT ( 'NONE',  ( -22.84999999999999787, -17.50534825036275066, 20.15000000000000213 ) ) ;
#327 = VERTEX_POINT ( 'NONE', #9068 ) ;
#328 = VERTEX_POINT ( 'NONE', #10839 ) ;
#329 = VERTEX_POINT ( 'NONE', #1052 ) ;
#330 = CARTESIAN_POINT ( 'NONE',  ( 11.18177193146486026, -19.16648655586270067, -42.10565556340994675 ) ) ;
#331 = DIRECTION ( 'NONE',  ( 0.000000000000000000, 1.000000000000000000, 0.000000000000000000 ) ) ;
#332 = DIRECTION ( 'NONE',  ( 0.000000000000000000, -1.000000000000000000, 0.000000000000000000 ) ) ;
#333 = LINE ( 'NONE', #11311, #11492 ) ;
#334 = ORIENTED_EDGE ( 'NONE', *, *, #8169, .F. ) ;
#335 = CARTESIAN_POINT ( 'NONE',  ( 10.96054295542636048, -19.52610006426007061, -41.70217389537671693 ) ) ;
#336 = EDGE_LOOP ( 'NONE', ( #7723, #3735, #10072, #9282 ) ) ;
#337 = FACE_OUTER_BOUND ( 'NONE', #1803, .T. ) ;
#338 = CARTESIAN_POINT ( 'NONE',  ( -19.25000000000000000, -19.50534825036275066, -26.55000000000000071 ) ) ;
#339 = DIRECTION ( 'NONE',  ( 0.000000000000000000, 0.000000000000000000, -1.000000000000000000 ) ) ;
#340 = ORIENTED_EDGE ( 'NONE', *, *, #1256, .T. ) ;
#341 = CARTESIAN_POINT ( 'NONE',  ( 27.64229734614004386, -19.50534825036274000, -40.51795114181973645 ) ) ;
#342 = DIRECTION ( 'NONE',  ( 0.000000000000000000, 1.000000000000000000, 0.000000000000000000 ) ) ;
#343 = ORIENTED_EDGE ( 'NONE', *, *, #6609, .T. ) ;
#344 = FACE_OUTER_BOUND ( 'NONE', #7966, .T. ) ;
#345 = FACE_BOUND ( 'NONE', #5449, .T. ) ;
#346 = EDGE_LOOP ( 'NONE', ( #8349, #5438, #9843, #603 ) ) ;
#347 = DIRECTION ( 'NONE',  ( 0.000000000000000000, 1.000000000000000000, 0.000000000000000000 ) ) ;
#348 = ORIENTED_EDGE ( 'NONE', *, *, #579, .T. ) ;
#349 = CARTESIAN_POINT ( 'NONE',  ( 39.46365580493074532, -7.847056268996601247, -33.99094571670844545 ) ) ;
#350 = CIRCLE ( 'NONE', #8743, 1.999999999999998224 ) ;
#351 = VERTEX_POINT ( 'NONE', #6416 ) ;
#352 = EDGE_CURVE ( 'NONE', #978, #11253, #3807, .T. ) ;
#353 = FACE_OUTER_BOUND ( 'NONE', #5472, .T. ) ;
#354 = VERTEX_POINT ( 'NONE', #1882 ) ;
#355 = DIRECTION ( 'NONE',  ( -1.000000000000000000, 0.000000000000000000, 0.000000000000000000 ) ) ;
#356 = FACE_BOUND ( 'NONE', #4806, .T. ) ;
#357 = AXIS2_PLACEMENT_3D ( 'NONE', #10406, #4195, #7916 ) ;
#358 = ORIENTED_EDGE ( 'NONE', *, *, #1071, .T. ) ;
#359 = DIRECTION ( 'NONE',  ( -1.000000000000000000, 0.000000000000000000, 1.674039542559039894E-16 ) ) ;
#360 = DIRECTION ( 'NONE',  ( 0.000000000000000000, -1.000000000000000000, 0.000000000000000000 ) ) ;
#361 = ORIENTED_EDGE ( 'NONE', *, *, #2182, .T. ) ;
#362 = EDGE_CURVE ( 'NONE', #2979, #4421, #876, .T. ) ;
#363 = LINE ( 'NONE', #7707, #10362 ) ;
#364 = ORIENTED_EDGE ( 'NONE', *, *, #1652, .T. ) ;
#365 = CARTESIAN_POINT ( 'NONE',  ( -25.55000000000000071, -17.50534825036275066, 25.55000000000000071 ) ) ;
#366 = VECTOR ( 'NONE', #9762, 1000.000000000000000 ) ;
#367 = DIRECTION ( 'NONE',  ( 1.000000000000000000, 0.000000000000000000, 0.000000000000000000 ) ) ;
#368 = CIRCLE ( 'NONE', #11610, 0.3594872681224082767 ) ;
#369 = DIRECTION ( 'NONE',  ( 0.000000000000000000, 0.000000000000000000, -1.000000000000000000 ) ) ;
#370 = CARTESIAN_POINT ( 'NONE',  ( 25.44999999999999929, -11.50534825036277908, 40.95000000000000284 ) ) ;
#371 = ADVANCED_FACE ( 'NONE', ( #8157 ), #11792, .F. ) ;
#372 = FACE_OUTER_BOUND ( 'NONE', #2244, .T. ) ;
#373 = CARTESIAN_POINT ( 'NONE',  ( 39.46111111111110148, -16.50534825036275066, 34.00321122188300649 ) ) ;
#374 = ADVANCED_FACE ( 'NONE', ( #3740 ), #7267, .F. ) ;
#375 = CARTESIAN_POINT ( 'NONE',  ( 26.03511107478689723, -19.50795320137635258, -41.70268704199740029 ) ) ;
#376 = AXIS2_PLACEMENT_3D ( 'NONE', #11157, #957, #5437 ) ;
#377 = EDGE_LOOP ( 'NONE', ( #8129, #1622, #7316, #6769 ) ) ;
#378 = CYLINDRICAL_SURFACE ( 'NONE', #3793, 1.000000000000000888 ) ;
#379 = EDGE_CURVE ( 'NONE', #498, #9930, #8285, .T. ) ;
#380 = ORIENTED_EDGE ( 'NONE', *, *, #3707, .F. ) ;
#381 = DIRECTION ( 'NONE',  ( 0.000000000000000000, 0.000000000000000000, -1.000000000000000000 ) ) ;
#382 = ORIENTED_EDGE ( 'NONE', *, *, #9610, .F. ) ;
#383 = ORIENTED_EDGE ( 'NONE', *, *, #10112, .T. ) ;
#384 = ORIENTED_EDGE ( 'NONE', *, *, #3978, .F. ) ;
#385 = AXIS2_PLACEMENT_3D ( 'NONE', #3339, #2318, #661 ) ;
#386 = CIRCLE ( 'NONE', #8582, 4.499999999999997335 ) ;
#387 = VECTOR ( 'NONE', #875, 1000.000000000000227 ) ;
#388 = EDGE_CURVE ( 'NONE', #1994, #3801, #3796, .T. ) ;
#389 = CARTESIAN_POINT ( 'NONE',  ( 26.48554963638347814, -19.65410209642928763, -41.48841804519192777 ) ) ;
#390 = CARTESIAN_POINT ( 'NONE',  ( 37.75000000000000000, -16.50534825036275066, 27.44999999999999929 ) ) ;
#391 = DIRECTION ( 'NONE',  ( -1.000000000000000000, 0.000000000000000000, 0.000000000000000000 ) ) ;
#392 = DIRECTION ( 'NONE',  ( 2.511059313838565264E-16, 0.000000000000000000, 1.000000000000000000 ) ) ;
#393 = ORIENTED_EDGE ( 'NONE', *, *, #3729, .F. ) ;
#394 = CARTESIAN_POINT ( 'NONE',  ( 39.46111111167631691, -7.926895583125070921, -27.89678877843376625 ) ) ;
#395 = EDGE_LOOP ( 'NONE', ( #8881, #2944, #9834, #2565 ) ) ;
#396 = DIRECTION ( 'NONE',  ( 0.000000000000000000, 1.000000000000000000, 0.000000000000000000 ) ) ;
#397 = CARTESIAN_POINT ( 'NONE',  ( 9.584640048019785752, -19.50534825036278264, -40.80431539899451110 ) ) ;
#398 = AXIS2_PLACEMENT_3D ( 'NONE', #9678, #314, #11468 ) ;
#399 = VECTOR ( 'NONE', #6069, 1000.000000000000000 ) ;
#400 = LINE ( 'NONE', #1229, #2851 ) ;
#401 = CARTESIAN_POINT ( 'NONE',  ( -40.95000000000000284, -7.380934490925279867, -34.76813189649599423 ) ) ;
#402 = ORIENTED_EDGE ( 'NONE', *, *, #6113, .F. ) ;
#403 = ADVANCED_FACE ( 'NONE', ( #9288 ), #10412, .F. ) ;
#404 = CIRCLE ( 'NONE', #607, 1.000000000000000888 ) ;
#405 = CARTESIAN_POINT ( 'NONE',  ( 27.71208504292992814, -19.50534825036331554, -41.32124360345300573 ) ) ;
#406 = CARTESIAN_POINT ( 'NONE',  ( 27.12198351662838647, -20.34108314052553368, -41.01252247083607472 ) ) ;
#407 = CIRCLE ( 'NONE', #9937, 0.8999999999999980238 ) ;
#408 = CARTESIAN_POINT ( 'NONE',  ( -40.95000000000000284, -6.511642939418550213, 3.478396092874660006 ) ) ;
#409 = ORIENTED_EDGE ( 'NONE', *, *, #5084, .T. ) ;
#410 = FACE_BOUND ( 'NONE', #7215, .T. ) ;
#411 = CARTESIAN_POINT ( 'NONE',  ( -40.95000000000000284, -7.684732944839810287, 27.04686855990790306 ) ) ;
#412 = ORIENTED_EDGE ( 'NONE', *, *, #11331, .F. ) ;
#413 = CYLINDRICAL_SURFACE ( 'NONE', #838, 1.000000000000000888 ) ;
#414 = ORIENTED_EDGE ( 'NONE', *, *, #1895, .T. ) ;
#415 = CARTESIAN_POINT ( 'NONE',  ( -20.15000000000000213, -17.50534825036275066, 21.85000000000000142 ) ) ;
#416 = AXIS2_PLACEMENT_3D ( 'NONE', #7891, #6202, #6146 ) ;
#417 = EDGE_CURVE ( 'NONE', #10117, #5203, #5127, .T. ) ;
#418 = CIRCLE ( 'NONE', #3463, 0.5000000000000004441 ) ;
#419 = CYLINDRICAL_SURFACE ( 'NONE', #9595, 1.000000000000000888 ) ;
#420 = CARTESIAN_POINT ( 'NONE',  ( 39.46111111111110148, -7.005348250362779972, -27.89678877811699920 ) ) ;
#421 = DIRECTION ( 'NONE',  ( 0.000000000000000000, -1.000000000000000000, 0.000000000000000000 ) ) ;
#422 = FACE_BOUND ( 'NONE', #7526, .T. ) ;
#423 = AXIS2_PLACEMENT_3D ( 'NONE', #5106, #6128, #8764 ) ;
#424 = CIRCLE ( 'NONE', #2136, 0.6048155585660839328 ) ;
#425 = ORIENTED_EDGE ( 'NONE', *, *, #721, .T. ) ;
#426 = CARTESIAN_POINT ( 'NONE',  ( 10.62960967388676181, -20.00252579848026357, -40.36920083848622198 ) ) ;
#427 = LINE ( 'NONE', #6680, #10457 ) ;
#428 = AXIS2_PLACEMENT_3D ( 'NONE', #9991, #8261, #26 ) ;
#429 = ADVANCED_FACE ( 'NONE', ( #9527 ), #10184, .F. ) ;
#430 = CARTESIAN_POINT ( 'NONE',  ( -20.15000000000000213, -19.50534825036275066, 25.55000000000000071 ) ) ;
#431 = ORIENTED_EDGE ( 'NONE', *, *, #1610, .F. ) ;
#432 = CARTESIAN_POINT ( 'NONE',  ( 26.62963360958150005, -20.00534825036275066, -25.94999999999999929 ) ) ;
#433 = ADVANCED_FACE ( 'NONE', ( #7682 ), #5935, .F. ) ;
#434 = VECTOR ( 'NONE', #11734, 1000.000000000000000 ) ;
#435 = CARTESIAN_POINT ( 'NONE',  ( -37.75000000000000000, -8.505348250362779083, 28.85000000000000142 ) ) ;
#436 = AXIS2_PLACEMENT_3D ( 'NONE', #6751, #7572, #2150 ) ;
#437 = EDGE_CURVE ( 'NONE', #8857, #4406, #4316, .T. ) ;
#438 = LINE ( 'NONE', #5798, #4243 ) ;
#439 = CARTESIAN_POINT ( 'NONE',  ( 9.638231669177802274, -19.92311783295991745, -40.94289723970593542 ) ) ;
#440 = CARTESIAN_POINT ( 'NONE',  ( -39.51569538602478815, -7.420518306689647403, 28.14464271252906258 ) ) ;
#441 = CARTESIAN_POINT ( 'NONE',  ( -37.75000000000000000, -17.50534825036275066, -26.45000000000000284 ) ) ;
#442 = CARTESIAN_POINT ( 'NONE',  ( -22.84999999999999787, -19.50534825036275066, 25.55000000000000071 ) ) ;
#443 = CARTESIAN_POINT ( 'NONE',  ( 26.07551211751960807, -19.49112018861493922, -41.76897924137667673 ) ) ;
#444 = VERTEX_POINT ( 'NONE', #6973 ) ;
#445 = DIRECTION ( 'NONE',  ( 0.000000000000000000, 0.000000000000000000, 1.000000000000000000 ) ) ;
#446 = TOROIDAL_SURFACE ( 'NONE', #7304, 2.600000000000000089, 0.5000000000000000000 ) ;
#447 = ORIENTED_EDGE ( 'NONE', *, *, #11067, .F. ) ;
#448 = DIRECTION ( 'NONE',  ( 0.000000000000000000, -1.000000000000000000, 0.000000000000000000 ) ) ;
#449 = ORIENTED_EDGE ( 'NONE', *, *, #6084, .F. ) ;
#450 = VERTEX_POINT ( 'NONE', #7860 ) ;
#451 = ADVANCED_FACE ( 'NONE', ( #1588 ), #1640, .F. ) ;
#452 = AXIS2_PLACEMENT_3D ( 'NONE', #10752, #5201, #2574 ) ;
#453 = CARTESIAN_POINT ( 'NONE',  ( 26.52650104065089920, -19.69775505055826414, -41.43185795966646623 ) ) ;
#454 = CARTESIAN_POINT ( 'NONE',  ( 18.62963360958150005, -23.50534825036275066, -39.15288073737649910 ) ) ;
#455 = DIRECTION ( 'NONE',  ( 0.000000000000000000, 0.000000000000000000, -1.000000000000000000 ) ) ;
#456 = DIRECTION ( 'NONE',  ( 0.000000000000000000, -0.9083415329249426851, 0.4182291950158013027 ) ) ;
#457 = ORIENTED_EDGE ( 'NONE', *, *, #10650, .F. ) ;
#458 = CARTESIAN_POINT ( 'NONE',  ( 41.45000000000000284, -1.705348250362779927, 41.45000000000000284 ) ) ;
#459 = ORIENTED_EDGE ( 'NONE', *, *, #6573, .F. ) ;
#460 = DIRECTION ( 'NONE',  ( 0.000000000000000000, -1.000000000000000000, 0.000000000000000000 ) ) ;
#461 = FACE_OUTER_BOUND ( 'NONE', #5581, .T. ) ;
#462 = AXIS2_PLACEMENT_3D ( 'NONE', #4995, #3204, #4098 ) ;
#463 = CIRCLE ( 'NONE', #6749, 1.000000000000000888 ) ;
#464 = CARTESIAN_POINT ( 'NONE',  ( 0.000000000000000000, -16.51385150205409857, 27.17781907207880110 ) ) ;
#465 = CARTESIAN_POINT ( 'NONE',  ( -40.95000000000000284, -6.160460651583150593, -33.38809209264505284 ) ) ;
#466 = EDGE_CURVE ( 'NONE', #6772, #4119, #1466, .T. ) ;
#467 = VERTEX_POINT ( 'NONE', #7795 ) ;
#468 = CYLINDRICAL_SURFACE ( 'NONE', #7199, 1.000000000000000888 ) ;
#469 = CARTESIAN_POINT ( 'NONE',  ( 27.12880275325466783, -20.45104946452148198, -40.68083030390058497 ) ) ;
#470 = CARTESIAN_POINT ( 'NONE',  ( 18.62963360958150005, -19.50534825036275066, -34.03619997939700426 ) ) ;
#471 = VERTEX_POINT ( 'NONE', #6838 ) ;
#472 = DIRECTION ( 'NONE',  ( 0.000000000000000000, 0.000000000000000000, -1.000000000000000000 ) ) ;
#473 = CARTESIAN_POINT ( 'NONE',  ( -42.95000000000000284, -19.50534825036275066, 41.45000000000000284 ) ) ;
#474 = ORIENTED_EDGE ( 'NONE', *, *, #44, .F. ) ;
#475 = CYLINDRICAL_SURFACE ( 'NONE', #6548, 0.3594872681224064448 ) ;
#476 = ORIENTED_EDGE ( 'NONE', *, *, #3919, .T. ) ;
#477 = ADVANCED_FACE ( 'NONE', ( #11563 ), #9708, .F. ) ;
#478 = FACE_OUTER_BOUND ( 'NONE', #10599, .T. ) ;
#479 = DIRECTION ( 'NONE',  ( 0.000000000000000000, 0.000000000000000000, 1.000000000000000000 ) ) ;
#480 = CARTESIAN_POINT ( 'NONE',  ( 26.12963360958150005, -19.50534825036275066, -34.03619997939700426 ) ) ;
#481 =( BOUNDED_SURFACE ( )  B_SPLINE_SURFACE ( 3, 2, ( 
 ( #1808, #5441, #6447 ),
 ( #3939, #5614, #8311 ),
 ( #6518, #1857, #5666 ),
 ( #8255, #2987, #5495 ),
 ( #193, #8491, #7583 ),
 ( #9150, #9317, #317 ),
 ( #1137, #2758, #1028 ),
 ( #8366, #2033, #10159 ),
 ( #4601, #1913, #10037 ),
 ( #9211, #4660, #10983 ),
 ( #3768, #2934, #6393 ),
 ( #8431, #963, #5557 ),
 ( #7415, #87, #1203 ),
 ( #4712, #1983, #3716 ),
 ( #7361, #2807, #10093 ),
 ( #11041, #136, #4773 ) ),
 .UNSPECIFIED., .F., .F., .F. ) 
 B_SPLINE_SURFACE_WITH_KNOTS ( ( 4, 2, 2, 2, 2, 2, 2, 4 ),
 ( 3, 3 ),
 ( 0.003747598663927904829, 0.004691749734676130094, 0.005163825270050249883, 0.005635900805424360130, 0.006107976340798479918, 0.006580051876172599706, 0.007052127411546709954, 0.007524202946920830609 ),
 ( 0.000000000000000000, 1.000000000000000000 ),
 .UNSPECIFIED. ) 
 GEOMETRIC_REPRESENTATION_ITEM ( )  RATIONAL_B_SPLINE_SURFACE ( (
 ( 1.000000000000000000, 0.7071067811865480168, 1.000000000000000000),
 ( 1.000000000000000000, 0.6834598332069130588, 1.000000000000000000),
 ( 1.000000000000000000, 0.6567429731169929230, 1.000000000000000000),
 ( 1.000000000000000000, 0.6192946484894999992, 1.000000000000000000),
 ( 1.000000000000000000, 0.6070808663732739641, 1.000000000000000000),
 ( 1.000000000000000000, 0.5844586492073190476, 1.000000000000000000),
 ( 1.000000000000000000, 0.5740360668911860254, 1.000000000000000000),
 ( 1.000000000000000000, 0.5549943924771499892, 1.000000000000000000),
 ( 1.000000000000000000, 0.5464728082624640271, 1.000000000000000000),
 ( 1.000000000000000000, 0.5318842912915799914, 1.000000000000000000),
 ( 1.000000000000000000, 0.5256339409879829949, 1.000000000000000000),
 ( 1.000000000000000000, 0.5156079431869879937, 1.000000000000000000),
 ( 1.000000000000000000, 0.5118790333458590469, 1.000000000000000000),
 ( 1.000000000000000000, 0.5068030877240510268, 1.000000000000000000),
 ( 1.000000000000000000, 0.5055084949351489332, 1.000000000000000000),
 ( 1.000000000000000000, 0.5055250296034419222, 1.000000000000000000) ) ) 
 REPRESENTATION_ITEM ( '' )  SURFACE ( )  );
#482 = CARTESIAN_POINT ( 'NONE',  ( 9.629633609581468079, -20.00534825036275066, -25.94999999999999929 ) ) ;
#483 = FACE_BOUND ( 'NONE', #5263, .T. ) ;
#484 = B_SPLINE_CURVE_WITH_KNOTS ( 'NONE', 3,
 ( #6501, #10146, #7403, #10474, #9531, #10973, #2024, #5942, #1901, #469, #11095, #5654, #3198, #10416, #2303, #2921, #406, #6564, #8299, #2242, #521, #8700, #9253, #11027, #1287, #5879, #1352, #7799, #7028, #2367, #3379, #8040, #11439, #5340, #7975, #7864 ),
 .UNSPECIFIED., .F., .F.,
 ( 4, 2, 2, 2, 1, 1, 2, 2, 2, 2, 1, 1, 2, 2, 2, 2, 1, 1, 2, 2, 4 ),
 ( 0.000000000000000000, 0.1249999999997132294, 0.1874999999995702327, 0.2187499999994994837, 0.2343749999994716449, 0.2421874999994577116, 0.2460937499994507449, 0.2499999999994437783, 0.3749999999994093614, 0.4374999999993982036, 0.4687499999993925970, 0.4843749999993900435, 0.4921874999993946509, 0.4999999999993992583, 0.6249999999995209388, 0.6874999999995814459, 0.7187499999996176392, 0.7343749999996287414, 0.7421874999996341815, 0.7499999999996397326, 1.000000000000000000 ),
 .UNSPECIFIED. ) ;
#485 = ORIENTED_EDGE ( 'NONE', *, *, #3502, .T. ) ;
#486 = CARTESIAN_POINT ( 'NONE',  ( 10.65429814786327434, -19.85015753890882806, -41.13180289260924383 ) ) ;
#487 = CARTESIAN_POINT ( 'NONE',  ( 26.16480648070629655, -19.50223904204053937, -41.98793254278928799 ) ) ;
#488 = CARTESIAN_POINT ( 'NONE',  ( -39.56588062948240037, -7.258965039731539726, 33.54808299339735100 ) ) ;
#489 = EDGE_LOOP ( 'NONE', ( #2199, #2041, #412, #10066 ) ) ;
#490 = CARTESIAN_POINT ( 'NONE',  ( -40.95000000000000284, -6.511642939418550213, 17.47839609287465024 ) ) ;
#491 = DIRECTION ( 'NONE',  ( 0.000000000000000000, -1.000000000000000000, 0.000000000000000000 ) ) ;
#492 = DIRECTION ( 'NONE',  ( 2.511059313838565264E-16, 0.000000000000000000, 1.000000000000000000 ) ) ;
#493 = LINE ( 'NONE', #11408, #5907 ) ;
#494 = DIRECTION ( 'NONE',  ( 0.000000000000000000, -1.000000000000000000, 0.000000000000000000 ) ) ;
#495 = CARTESIAN_POINT ( 'NONE',  ( 27.61823177649510441, -19.91230154038607125, -40.99282683798215032 ) ) ;
#496 = EDGE_CURVE ( 'NONE', #3107, #5807, #6178, .T. ) ;
#497 = CARTESIAN_POINT ( 'NONE',  ( -39.94428407531655267, -17.04343534823362560, -33.87519854524873608 ) ) ;
#498 = VERTEX_POINT ( 'NONE', #10594 ) ;
#499 = ORIENTED_EDGE ( 'NONE', *, *, #3407, .T. ) ;
#500 = CARTESIAN_POINT ( 'NONE',  ( 42.95000000000000284, -18.50534825036275421, -41.45000000000000284 ) ) ;
#501 = VERTEX_POINT ( 'NONE', #11617 ) ;
#502 = CARTESIAN_POINT ( 'NONE',  ( -39.63777136956623082, -16.72359168866323387, 33.92393389005862048 ) ) ;
#503 = VERTEX_POINT ( 'NONE', #10469 ) ;
#504 = EDGE_LOOP ( 'NONE', ( #348, #2057, #10149, #8437 ) ) ;
#505 = EDGE_CURVE ( 'NONE', #9830, #3496, #2417, .T. ) ;
#506 = DIRECTION ( 'NONE',  ( 0.05233595624294379994, -0.9986295347545739443, -8.761246024832769599E-18 ) ) ;
#507 = PLANE ( 'NONE',  #6507 ) ;
#508 = EDGE_CURVE ( 'NONE', #5228, #2979, #1136, .T. ) ;
#509 = CARTESIAN_POINT ( 'NONE',  ( -25.55000000000000071, -17.50534825036275066, 20.15000000000000213 ) ) ;
#510 = LINE ( 'NONE', #742, #6523 ) ;
#511 = ORIENTED_EDGE ( 'NONE', *, *, #1248, .F. ) ;
#512 = DIRECTION ( 'NONE',  ( 0.000000000000000000, 0.000000000000000000, -1.000000000000000000 ) ) ;
#513 = VERTEX_POINT ( 'NONE', #10714 ) ;
#514 = ADVANCED_FACE ( 'NONE', ( #6001, #4199 ), #8928, .F. ) ;
#515 = DIRECTION ( 'NONE',  ( 0.000000000000000000, 0.000000000000000000, 1.000000000000000000 ) ) ;
#516 = CARTESIAN_POINT ( 'NONE',  ( 18.62963360958150005, -21.50534825036274711, -41.53619997939700426 ) ) ;
#517 = CARTESIAN_POINT ( 'NONE',  ( -39.60888837482374925, -7.174207604926500892, 33.38197340278644987 ) ) ;
#518 = B_SPLINE_CURVE_WITH_KNOTS ( 'NONE', 3,
 ( #3047, #9854, #11590, #1732, #3353, #10684, #8852, #723, #1558, #6320, #2443, #841, #3532, #3468, #9803, #6082, #783, #7003, #7168, #4410, #10621, #5370, #1616, #5302, #8004, #9739, #8963, #7218, #2618, #5195, #5251, #3582 ),
 .UNSPECIFIED., .F., .F.,
 ( 4, 2, 2, 2, 2, 2, 2, 2, 1, 2, 2, 2, 2, 1, 2, 2, 4 ),
 ( 0.000000000000000000, 0.06249999999997742084, 0.1249999999999548417, 0.1874999999999322764, 0.2187499999999162059, 0.2499999999999001354, 0.3749999999998487876, 0.4374999999998252509, 0.4687499999998124278, 0.4843749999998060995, 0.4999999999997997158, 0.6249999999998655520, 0.6874999999999036326, 0.7187499999999235056, 0.7343749999999333866, 0.7499999999999432676, 1.000000000000000000 ),
 .UNSPECIFIED. ) ;
#519 = CARTESIAN_POINT ( 'NONE',  ( 39.95000000000000284, -7.005348250362779972, 29.53225531212414978 ) ) ;
#520 = DIRECTION ( 'NONE',  ( 0.000000000000000000, 0.000000000000000000, -1.000000000000000000 ) ) ;
#521 = CARTESIAN_POINT ( 'NONE',  ( 27.11646292566780048, -20.28967758512603936, -41.12137867605287056 ) ) ;
#522 = LINE ( 'NONE', #1171, #6907 ) ;
#523 = EDGE_CURVE ( 'NONE', #2173, #10311, #8, .T. ) ;
#524 = ORIENTED_EDGE ( 'NONE', *, *, #11503, .F. ) ;
#525 = CARTESIAN_POINT ( 'NONE',  ( 41.95000000000000284, -3.705348250362780149, 41.45000000000000284 ) ) ;
#526 = DIRECTION ( 'NONE',  ( 0.000000000000000000, -1.000000000000000000, 0.000000000000000000 ) ) ;
#527 = EDGE_LOOP ( 'NONE', ( #3592, #6470, #11229, #9394 ) ) ;
#528 = CARTESIAN_POINT ( 'NONE',  ( 27.84854415678945116, -19.50534825036275066, -41.84014619140380375 ) ) ;
#529 = LINE ( 'NONE', #9782, #6662 ) ;
#530 = EDGE_CURVE ( 'NONE', #6959, #7968, #2364, .T. ) ;
#531 = ORIENTED_EDGE ( 'NONE', *, *, #9419, .F. ) ;
#532 = CARTESIAN_POINT ( 'NONE',  ( 39.46111111111110148, -8.005348250362779083, -34.00321122188300649 ) ) ;
#533 = DIRECTION ( 'NONE',  ( 0.000000000000000000, 0.000000000000000000, -1.000000000000000000 ) ) ;
#534 = DIRECTION ( 'NONE',  ( 0.000000000000000000, 0.000000000000000000, -1.000000000000000000 ) ) ;
#535 = CARTESIAN_POINT ( 'NONE',  ( 33.75000000000000000, -19.50534825036275066, 19.94999999999999929 ) ) ;
#536 = DIRECTION ( 'NONE',  ( 0.000000000000000000, -1.000000000000000000, 0.000000000000000000 ) ) ;
#537 = ADVANCED_FACE ( 'NONE', ( #4089 ), #2540, .F. ) ;
#538 = CIRCLE ( 'NONE', #6542, 1.500000000000001332 ) ;
#539 = ORIENTED_EDGE ( 'NONE', *, *, #1366, .T. ) ;
#540 = CARTESIAN_POINT ( 'NONE',  ( 11.04788479821159619, -19.50534825036275066, -41.63216275480424855 ) ) ;
#541 = CARTESIAN_POINT ( 'NONE',  ( 40.95000000000000284, -6.812339080949070258, -11.17467833951195999 ) ) ;
#542 = CARTESIAN_POINT ( 'NONE',  ( -39.46365580493099401, -7.847056268996619899, 33.99094571670829623 ) ) ;
#543 = AXIS2_PLACEMENT_3D ( 'NONE', #1069, #8358, #7637 ) ;
#544 = ORIENTED_EDGE ( 'NONE', *, *, #4594, .F. ) ;
#545 = CARTESIAN_POINT ( 'NONE',  ( 41.45000000000000284, -19.97730839475075015, -42.23867513459479994 ) ) ;
#546 = DIRECTION ( 'NONE',  ( 0.000000000000000000, -1.000000000000000000, 0.000000000000000000 ) ) ;
#547 = CARTESIAN_POINT ( 'NONE',  ( 39.95000000000000284, -17.50534825036275066, -27.02444271472185022 ) ) ;
#548 = LINE ( 'NONE', #8786, #4002 ) ;
#549 = VECTOR ( 'NONE', #3395, 1000.000000000000000 ) ;
#550 = CARTESIAN_POINT ( 'NONE',  ( 37.75000000000000000, -8.505348250362779083, -28.85000000000000142 ) ) ;
#551 = DIRECTION ( 'NONE',  ( 0.000000000000000000, 0.000000000000000000, 1.000000000000000000 ) ) ;
#552 = DIRECTION ( 'NONE',  ( 0.000000000000000000, -1.000000000000000000, 0.000000000000000000 ) ) ;
#553 = DIRECTION ( 'NONE',  ( 0.000000000000000000, -1.000000000000000000, 0.000000000000000000 ) ) ;
#554 = EDGE_LOOP ( 'NONE', ( #8539, #9036, #5855, #4646 ) ) ;
#555 = CARTESIAN_POINT ( 'NONE',  ( -39.71140050271397115, -16.80598193276163599, -27.99559210092313322 ) ) ;
#556 = ORIENTED_EDGE ( 'NONE', *, *, #2700, .T. ) ;
#557 = CARTESIAN_POINT ( 'NONE',  ( -39.46111111111110148, -16.50534825036275066, 34.00321122188300649 ) ) ;
#558 = EDGE_LOOP ( 'NONE', ( #4052, #431, #5451, #3917 ) ) ;
#559 = VECTOR ( 'NONE', #7732, 1000.000000000000227 ) ;
#560 = AXIS2_PLACEMENT_3D ( 'NONE', #7438, #7610, #1100 ) ;
#561 = ORIENTED_EDGE ( 'NONE', *, *, #3667, .F. ) ;
#562 = ORIENTED_EDGE ( 'NONE', *, *, #9275, .F. ) ;
#563 = EDGE_CURVE ( 'NONE', #6867, #4693, #3045, .T. ) ;
#564 = AXIS2_PLACEMENT_3D ( 'NONE', #5914, #3174, #5026 ) ;
#565 = CARTESIAN_POINT ( 'NONE',  ( 18.45000000000000284, -19.50534825036275066, 41.45000000000000284 ) ) ;
#566 = CARTESIAN_POINT ( 'NONE',  ( 42.95000000000000284, -6.812339080949070258, -4.174678339511975089 ) ) ;
#567 = CARTESIAN_POINT ( 'NONE',  ( -40.95000000000000284, -13.50220958978426111, 12.90554980844094146 ) ) ;
#568 = CARTESIAN_POINT ( 'NONE',  ( -22.84999999999999787, -17.50534825036275066, 19.14999999999999858 ) ) ;
#569 = ORIENTED_EDGE ( 'NONE', *, *, #5728, .F. ) ;
#570 = CIRCLE ( 'NONE', #11621, 1.000000000000000888 ) ;
#571 = LINE ( 'NONE', #641, #5680 ) ;
#572 = AXIS2_PLACEMENT_3D ( 'NONE', #10903, #5524, #995 ) ;
#573 = EDGE_LOOP ( 'NONE', ( #7489, #10951, #5662, #6420 ) ) ;
#574 = LINE ( 'NONE', #8747, #5502 ) ;
#575 = ORIENTED_EDGE ( 'NONE', *, *, #1958, .T. ) ;
#576 = EDGE_CURVE ( 'NONE', #2586, #8226, #11374, .T. ) ;
#577 = CARTESIAN_POINT ( 'NONE',  ( 25.12963360958150005, -14.50534825036275954, -40.53619997939700426 ) ) ;
#578 = CIRCLE ( 'NONE', #7245, 1.000000000000000888 ) ;
#580 = ORIENTED_EDGE ( 'NONE', *, *, #9816, .F. ) ;
#579 = EDGE_CURVE ( 'NONE', #2596, #272, #10485, .T. ) ;
#581 = CARTESIAN_POINT ( 'NONE',  ( 39.46111111111110148, -8.005348250362779083, 34.00321122188300649 ) ) ;
#582 = CARTESIAN_POINT ( 'NONE',  ( 39.55393013004594138, -16.62284049325039703, 33.95639676877659241 ) ) ;
#583 = CARTESIAN_POINT ( 'NONE',  ( 39.57914673974589448, -16.65877317762122090, 27.96293948338637136 ) ) ;
#584 = AXIS2_PLACEMENT_3D ( 'NONE', #10222, #10169, #9327 ) ;
#585 = EDGE_LOOP ( 'NONE', ( #10236, #11188, #11197, #7355, #3494 ) ) ;
#586 = AXIS2_PLACEMENT_3D ( 'NONE', #1412, #903, #7180 ) ;
#587 = LINE ( 'NONE', #6793, #9972 ) ;
#588 = DIRECTION ( 'NONE',  ( 0.000000000000000000, 0.000000000000000000, 1.000000000000000000 ) ) ;
#589 = VERTEX_POINT ( 'NONE', #577 ) ;
#590 = DIRECTION ( 'NONE',  ( 0.000000000000000000, 1.000000000000000000, 0.000000000000000000 ) ) ;
#591 = CARTESIAN_POINT ( 'NONE',  ( -42.95000000000000284, -6.511642939418550213, -17.52160390712534621 ) ) ;
#592 = VECTOR ( 'NONE', #9671, 1000.000000000000000 ) ;
#593 = ORIENTED_EDGE ( 'NONE', *, *, #8557, .T. ) ;
#594 = AXIS2_PLACEMENT_3D ( 'NONE', #8837, #6193, #9841 ) ;
#595 = DIRECTION ( 'NONE',  ( 0.000000000000000000, 0.000000000000000000, -1.000000000000000000 ) ) ;
#596 = AXIS2_PLACEMENT_3D ( 'NONE', #1395, #9689, #10513 ) ;
#597 = CARTESIAN_POINT ( 'NONE',  ( 40.95000000000000284, -13.35186151901900153, 20.59157429275665052 ) ) ;
#598 = DIRECTION ( 'NONE',  ( 0.000000000000000000, 0.000000000000000000, 1.000000000000000000 ) ) ;
#599 = EDGE_CURVE ( 'NONE', #7642, #2185, #9869, .T. ) ;
#600 = DIRECTION ( 'NONE',  ( 0.000000000000000000, 0.000000000000000000, -1.000000000000000000 ) ) ;
#601 = CARTESIAN_POINT ( 'NONE',  ( 26.01335188298088852, -19.50534825036275066, -41.77456741970951271 ) ) ;
#602 = EDGE_CURVE ( 'NONE', #5098, #5343, #10101, .T. ) ;
#603 = ORIENTED_EDGE ( 'NONE', *, *, #5678, .F. ) ;
#604 = DIRECTION ( 'NONE',  ( 0.000000000000000000, 0.000000000000000000, -1.000000000000000000 ) ) ;
#605 = CARTESIAN_POINT ( 'NONE',  ( 26.59887888582684923, -19.82971842903584658, -41.18814893281955136 ) ) ;
#606 = CARTESIAN_POINT ( 'NONE',  ( 11.12963360958147874, -19.50534825036275066, -41.95000000000000284 ) ) ;
#607 = AXIS2_PLACEMENT_3D ( 'NONE', #8846, #8119, #7943 ) ;
#608 = AXIS2_PLACEMENT_3D ( 'NONE', #1749, #2761, #1685 ) ;
#609 = VERTEX_POINT ( 'NONE', #8312 ) ;
#610 = DIRECTION ( 'NONE',  ( 0.000000000000000000, 1.000000000000000000, 0.000000000000000000 ) ) ;
#611 = DIRECTION ( 'NONE',  ( 0.000000000000000000, 0.000000000000000000, 1.000000000000000000 ) ) ;
#612 = CARTESIAN_POINT ( 'NONE',  ( 40.95000000000000284, -6.117296878709599817, 28.66616482903840080 ) ) ;
#613 = CARTESIAN_POINT ( 'NONE',  ( 42.95000000000000284, -6.511642939418550213, 3.478396092874644907 ) ) ;
#614 = VECTOR ( 'NONE', #1651, 1000.000000000000000 ) ;
#615 = AXIS2_PLACEMENT_3D ( 'NONE', #5617, #1205, #2165 ) ;
#616 = CARTESIAN_POINT ( 'NONE',  ( 27.75000000000000000, -19.50534825036275066, -23.29125651772789851 ) ) ;
#617 = ADVANCED_FACE ( 'NONE', ( #2034 ), #10771, .F. ) ;
#618 = TOROIDAL_SURFACE ( 'NONE', #10699, 8.500000000000000000, 0.5000000000000000000 ) ;
#619 = CARTESIAN_POINT ( 'NONE',  ( 42.95000000000000284, -6.661991010183810680, 17.15185887668135223 ) ) ;
#620 = AXIS2_PLACEMENT_3D ( 'NONE', #961, #10036, #4771 ) ;
#621 = DIRECTION ( 'NONE',  ( 0.000000000000000000, 0.000000000000000000, 1.000000000000000000 ) ) ;
#622 = CARTESIAN_POINT ( 'NONE',  ( -40.36548560493912419, -17.36680106963181913, -33.96582213761404034 ) ) ;
#623 = ORIENTED_EDGE ( 'NONE', *, *, #9653, .F. ) ;
#624 = ORIENTED_EDGE ( 'NONE', *, *, #2739, .T. ) ;
#625 = LINE ( 'NONE', #2452, #8186 ) ;
#626 = ORIENTED_EDGE ( 'NONE', *, *, #11484, .F. ) ;
#627 = CYLINDRICAL_SURFACE ( 'NONE', #3247, 0.8999999999999980238 ) ;
#628 = VECTOR ( 'NONE', #4145, 1000.000000000000000 ) ;
#629 = EDGE_LOOP ( 'NONE', ( #9503, #6847, #308, #4831, #6454, #8304, #2941, #9059 ) ) ;
#630 = AXIS2_PLACEMENT_3D ( 'NONE', #1810, #8087, #2635 ) ;
#631 = EDGE_CURVE ( 'NONE', #11260, #3222, #6578, .T. ) ;
#632 = CIRCLE ( 'NONE', #7301, 0.5000000000000004441 ) ;
#633 = LINE ( 'NONE', #4365, #3643 ) ;
#634 = AXIS2_PLACEMENT_3D ( 'NONE', #1301, #9481, #6744 ) ;
#635 = AXIS2_PLACEMENT_3D ( 'NONE', #6646, #9276, #1272 ) ;
#636 = CARTESIAN_POINT ( 'NONE',  ( -37.75000000000000000, -19.00534825036275421, -30.94999999999999929 ) ) ;
#637 = CIRCLE ( 'NONE', #9963, 1.000000000000000888 ) ;
#638 = CARTESIAN_POINT ( 'NONE',  ( -39.64734104630407785, -16.73338455821828674, 27.97788269467319466 ) ) ;
#639 = CARTESIAN_POINT ( 'NONE',  ( -40.95000000000000284, -13.20151344825372064, 13.55862424082754103 ) ) ;
#640 = ORIENTED_EDGE ( 'NONE', *, *, #3749, .F. ) ;
#641 = CARTESIAN_POINT ( 'NONE',  ( 40.95000000000000284, -19.50534825036275066, -27.02444271472185022 ) ) ;
#642 = ORIENTED_EDGE ( 'NONE', *, *, #7945, .F. ) ;
#643 = DIRECTION ( 'NONE',  ( -1.000000000000000000, 0.000000000000000000, 1.674039542559039894E-16 ) ) ;
#644 = DIRECTION ( 'NONE',  ( 0.000000000000000000, 0.000000000000000000, 1.000000000000000000 ) ) ;
#645 = AXIS2_PLACEMENT_3D ( 'NONE', #6149, #6080, #3529 ) ;
#646 = CIRCLE ( 'NONE', #7313, 1.000000000000000888 ) ;
#647 = DIRECTION ( 'NONE',  ( 0.000000000000000000, 1.000000000000000000, 0.000000000000000000 ) ) ;
#648 = EDGE_CURVE ( 'NONE', #1089, #5866, #7579, .T. ) ;
#649 = DIRECTION ( 'NONE',  ( -1.000000000000000000, 0.000000000000000000, 1.674039542559039894E-16 ) ) ;
#650 = CARTESIAN_POINT ( 'NONE',  ( -42.95000000000000284, -13.50220958978423980, -1.094450191559067864 ) ) ;
#651 = CARTESIAN_POINT ( 'NONE',  ( 42.95000000000000284, -6.812339080949070258, 16.82532166048805067 ) ) ;
#652 = EDGE_LOOP ( 'NONE', ( #626, #6795, #4262, #8529, #6226 ) ) ;
#653 = DIRECTION ( 'NONE',  ( 0.000000000000000000, 0.000000000000000000, -1.000000000000000000 ) ) ;
#654 = CARTESIAN_POINT ( 'NONE',  ( -40.95000000000000284, -6.823683587634770120, 27.43891170265390045 ) ) ;
#655 = ADVANCED_FACE ( 'NONE', ( #10212 ), #2935, .F. ) ;
#656 = ORIENTED_EDGE ( 'NONE', *, *, #2868, .T. ) ;
#657 = CARTESIAN_POINT ( 'NONE',  ( -20.15000000000000213, -17.50534825036275066, 28.25000000000000000 ) ) ;
#658 = CARTESIAN_POINT ( 'NONE',  ( 14.05000000000000071, -19.50534825036275066, 20.75000000000000000 ) ) ;
#659 = CARTESIAN_POINT ( 'NONE',  ( -10.84999999999999964, -14.50534825036277908, 40.95000000000000284 ) ) ;
#660 = PLANE ( 'NONE',  #3110 ) ;
#661 = DIRECTION ( 'NONE',  ( 0.000000000000000000, 0.000000000000000000, -1.000000000000000000 ) ) ;
#662 = EDGE_CURVE ( 'NONE', #4783, #4910, #6015, .T. ) ;
#663 = FACE_OUTER_BOUND ( 'NONE', #7020, .T. ) ;
#664 = FACE_OUTER_BOUND ( 'NONE', #8339, .T. ) ;
#665 = VERTEX_POINT ( 'NONE', #1318 ) ;
#666 = CARTESIAN_POINT ( 'NONE',  ( 10.62980103301498502, -19.99123095936313987, -40.51774733573166998 ) ) ;
#667 = DIRECTION ( 'NONE',  ( 0.000000000000000000, 0.000000000000000000, 1.000000000000000000 ) ) ;
#668 = DIRECTION ( 'NONE',  ( 0.000000000000000000, 0.000000000000000000, 1.000000000000000000 ) ) ;
#669 = ORIENTED_EDGE ( 'NONE', *, *, #10719, .F. ) ;
#670 = EDGE_CURVE ( 'NONE', #9283, #6659, #6947, .T. ) ;
#671 = CARTESIAN_POINT ( 'NONE',  ( 14.05000000000000071, -16.51385150205409857, 27.17781907207880110 ) ) ;
#672 = CARTESIAN_POINT ( 'NONE',  ( 41.45000000000000284, -18.50534825036275421, 42.95000000000000284 ) ) ;
#673 = CARTESIAN_POINT ( 'NONE',  ( 40.95000000000000284, -7.383168832633369760, 27.13106162481864914 ) ) ;
#674 = DIRECTION ( 'NONE',  ( -1.000000000000000000, 0.000000000000000000, 0.000000000000000000 ) ) ;
#675 = DIRECTION ( 'NONE',  ( 0.000000000000000000, 0.000000000000000000, -1.000000000000000000 ) ) ;
#676 = DIRECTION ( 'NONE',  ( 1.492235248152091785E-16, 0.000000000000000000, -1.000000000000000000 ) ) ;
#677 = CARTESIAN_POINT ( 'NONE',  ( 40.95000000000000284, -13.35186151901900153, -0.4084257072433684632 ) ) ;
#678 = EDGE_CURVE ( 'NONE', #2520, #11596, #7440, .T. ) ;
#679 = CARTESIAN_POINT ( 'NONE',  ( -40.95000000000000284, -17.50534825036275066, -27.02444271472190351 ) ) ;
#680 = EDGE_LOOP ( 'NONE', ( #4150, #10945, #3240, #2969, #8020 ) ) ;
#681 = VERTEX_POINT ( 'NONE', #8724 ) ;
#682 = DIRECTION ( 'NONE',  ( 0.000000000000000000, 0.000000000000000000, 1.000000000000000000 ) ) ;
#683 = VERTEX_POINT ( 'NONE', #2162 ) ;
#684 = DIRECTION ( 'NONE',  ( 1.000000000000000000, 0.000000000000000000, 0.000000000000000000 ) ) ;
#685 = ORIENTED_EDGE ( 'NONE', *, *, #8171, .F. ) ;
#686 = EDGE_CURVE ( 'NONE', #2828, #10167, #1722, .T. ) ;
#687 = EDGE_LOOP ( 'NONE', ( #11397, #9269, #3348, #6319 ) ) ;
#688 = DIRECTION ( 'NONE',  ( 0.000000000000000000, 0.000000000000000000, -1.000000000000000000 ) ) ;
#689 = DIRECTION ( 'NONE',  ( 0.000000000000000000, -1.000000000000000000, 0.000000000000000000 ) ) ;
#690 = FACE_OUTER_BOUND ( 'NONE', #59, .T. ) ;
#691 = CARTESIAN_POINT ( 'NONE',  ( 9.129633609581468079, -19.50534825036275066, -25.94999999999999929 ) ) ;
#692 = EDGE_LOOP ( 'NONE', ( #8746, #1119, #10793, #3727 ) ) ;
#693 = LINE ( 'NONE', #4311, #6453 ) ;
#694 = ORIENTED_EDGE ( 'NONE', *, *, #8588, .T. ) ;
#695 = FACE_OUTER_BOUND ( 'NONE', #4080, .T. ) ;
#696 = CYLINDRICAL_SURFACE ( 'NONE', #8204, 1.000000000000000888 ) ;
#697 = VERTEX_POINT ( 'NONE', #550 ) ;
#698 = DIRECTION ( 'NONE',  ( 0.000000000000000000, -1.000000000000000000, 0.000000000000000000 ) ) ;
#699 = CARTESIAN_POINT ( 'NONE',  ( 9.331581299528039608, -19.50534825036275066, -41.70935445489480031 ) ) ;
#700 = DIRECTION ( 'NONE',  ( 0.000000000000000000, 0.000000000000000000, 1.000000000000000000 ) ) ;
#701 = CARTESIAN_POINT ( 'NONE',  ( -28.25000000000000000, -19.50534825036275066, 26.55000000000000071 ) ) ;
#702 = ORIENTED_EDGE ( 'NONE', *, *, #2236, .F. ) ;
#703 = DIRECTION ( 'NONE',  ( 0.000000000000000000, 0.000000000000000000, -1.000000000000000000 ) ) ;
#704 = CARTESIAN_POINT ( 'NONE',  ( -39.63292794254888207, -7.139500174634290985, -33.29249017640778874 ) ) ;
#705 = EDGE_LOOP ( 'NONE', ( #6802, #3733, #1920, #2785 ) ) ;
#706 = CARTESIAN_POINT ( 'NONE',  ( -39.71666965375899139, -7.061322562860109286, -28.90617613701950006 ) ) ;
#707 = LINE ( 'NONE', #5054, #1709 ) ;
#708 = LINE ( 'NONE', #10664, #222 ) ;
#709 = CARTESIAN_POINT ( 'NONE',  ( 40.95000000000000284, -8.142268923555718629, -16.77081208709100224 ) ) ;
#710 = DIRECTION ( 'NONE',  ( 0.000000000000000000, -0.9986295347545739443, 0.05233595624294379994 ) ) ;
#711 = LINE ( 'NONE', #9725, #10292 ) ;
#712 = FACE_OUTER_BOUND ( 'NONE', #7609, .T. ) ;
#713 = ORIENTED_EDGE ( 'NONE', *, *, #4944, .T. ) ;
#714 = CARTESIAN_POINT ( 'NONE',  ( 39.95000000000000284, -7.005348250362779972, -32.13743420870390111 ) ) ;
#715 = CARTESIAN_POINT ( 'NONE',  ( 26.62085803878451529, -19.80693342845644622, -41.75035457835863895 ) ) ;
#716 = CARTESIAN_POINT ( 'NONE',  ( -39.81116669259220231, -7.014182230866889967, 32.66460905595929631 ) ) ;
#717 = ADVANCED_FACE ( 'NONE', ( #7712 ), #8674, .F. ) ;
#718 = EDGE_LOOP ( 'NONE', ( #8691, #8148 ) ) ;
#719 = FACE_OUTER_BOUND ( 'NONE', #9022, .T. ) ;
#720 = DIRECTION ( 'NONE',  ( 0.000000000000000000, 0.000000000000000000, -1.000000000000000000 ) ) ;
#721 = EDGE_CURVE ( 'NONE', #971, #978, #1902, .T. ) ;
#722 = CARTESIAN_POINT ( 'NONE',  ( 40.95000000000000284, -6.005348226925639743, 29.44489187352269965 ) ) ;
#723 = CARTESIAN_POINT ( 'NONE',  ( 26.23505528924654229, -19.51031027351610447, -41.70230729045463391 ) ) ;
#724 = DIRECTION ( 'NONE',  ( 0.000000000000000000, 0.000000000000000000, 1.000000000000000000 ) ) ;
#725 = DIRECTION ( 'NONE',  ( -1.000000000000000000, 0.000000000000000000, 0.000000000000000000 ) ) ;
#726 = EDGE_CURVE ( 'NONE', #8910, #5075, #6283, .T. ) ;
#727 = VECTOR ( 'NONE', #9588, 1000.000000000000000 ) ;
#728 = CARTESIAN_POINT ( 'NONE',  ( 40.95000000000000284, -7.235215155995489589, 27.19471023097679918 ) ) ;
#729 = CARTESIAN_POINT ( 'NONE',  ( -40.06736293487765721, -17.15243920960410762, -33.88246324369592344 ) ) ;
#730 = ORIENTED_EDGE ( 'NONE', *, *, #9046, .F. ) ;
#731 = CARTESIAN_POINT ( 'NONE',  ( -39.95000000000000284, -17.04862882735370277, 33.87555728527809862 ) ) ;
#732 = VERTEX_POINT ( 'NONE', #3048 ) ;
#733 = DIRECTION ( 'NONE',  ( 0.000000000000000000, 0.000000000000000000, -1.000000000000000000 ) ) ;
#734 = ORIENTED_EDGE ( 'NONE', *, *, #6500, .F. ) ;
#735 = VECTOR ( 'NONE', #5878, 1000.000000000000000 ) ;
#736 = VERTEX_POINT ( 'NONE', #3940 ) ;
#737 = CIRCLE ( 'NONE', #11407, 0.5000000000000004441 ) ;
#738 = CARTESIAN_POINT ( 'NONE',  ( -40.95000000000004547, -7.174405655662637216, 32.66385188414511731 ) ) ;
#739 = EDGE_CURVE ( 'NONE', #1693, #8106, #6692, .T. ) ;
#740 = DIRECTION ( 'NONE',  ( 0.000000000000000000, 1.000000000000000000, 0.000000000000000000 ) ) ;
#741 = CARTESIAN_POINT ( 'NONE',  ( 16.44999999999999929, -16.51385150205409857, 20.75000000000000000 ) ) ;
#742 = CARTESIAN_POINT ( 'NONE',  ( -22.84999999999999787, -17.50534825036275066, 31.94999999999999929 ) ) ;
#743 = AXIS2_PLACEMENT_3D ( 'NONE', #8568, #512, #6830 ) ;
#744 = ORIENTED_EDGE ( 'NONE', *, *, #1614, .T. ) ;
#745 = DIRECTION ( 'NONE',  ( 0.000000000000000000, -1.000000000000000000, 0.000000000000000000 ) ) ;
#746 = CIRCLE ( 'NONE', #3973, 0.9000000000000014655 ) ;
#747 = ORIENTED_EDGE ( 'NONE', *, *, #9976, .F. ) ;
#748 = LINE ( 'NONE', #8140, #4329 ) ;
#749 = DIRECTION ( 'NONE',  ( 1.000000000000000000, 0.000000000000000000, 0.000000000000000000 ) ) ;
#750 = CIRCLE ( 'NONE', #4738, 1.000000000000000888 ) ;
#751 = VECTOR ( 'NONE', #391, 1000.000000000000000 ) ;
#752 = CARTESIAN_POINT ( 'NONE',  ( 26.26541294238728952, -19.50530819407363481, -41.93271408091458596 ) ) ;
#753 = CARTESIAN_POINT ( 'NONE',  ( 40.95000000000000284, -6.812339080949080916, -4.174678339511975089 ) ) ;
#754 = CARTESIAN_POINT ( 'NONE',  ( 39.68815573267838914, -16.78007779764613616, 33.91044549623659066 ) ) ;
#755 = DIRECTION ( 'NONE',  ( 0.000000000000000000, -1.000000000000000000, 0.000000000000000000 ) ) ;
#756 = ORIENTED_EDGE ( 'NONE', *, *, #4889, .T. ) ;
#757 = CARTESIAN_POINT ( 'NONE',  ( 26.79767310688649573, -19.66051713550094959, -41.84289829815830331 ) ) ;
#758 = CARTESIAN_POINT ( 'NONE',  ( -39.46111111167649455, -7.926895583125070921, -34.00321122156613285 ) ) ;
#759 = ORIENTED_EDGE ( 'NONE', *, *, #4287, .F. ) ;
#760 = CARTESIAN_POINT ( 'NONE',  ( -40.95000000000000995, -7.005348250362778195, -29.76256579129624313 ) ) ;
#761 = CARTESIAN_POINT ( 'NONE',  ( -39.50253182032939492, -7.483710778396519103, 28.08702613602299891 ) ) ;
#762 = AXIS2_PLACEMENT_3D ( 'NONE', #3960, #10361, #2187 ) ;
#763 = CARTESIAN_POINT ( 'NONE',  ( -40.95000000000000284, -6.005348250362779972, 32.13743420870380163 ) ) ;
#764 = B_SPLINE_CURVE_WITH_KNOTS ( 'NONE', 3,
 ( #616, #4242, #9740, #8853, #2920, #4582, #6323, #8240, #7348, #6, #8298, #3640, #7461, #6563, #7289, #9134, #10920, #1899, #10080, #2745, #8175, #3879, #5541, #74 ),
 .UNSPECIFIED., .F., .F.,
 ( 4, 1, 1, 1, 1, 1, 2, 2, 2, 1, 1, 1, 1, 1, 2, 2, 4 ),
 ( 0.000000000000000000, 0.1250000000000706657, 0.1875000000001080525, 0.2187500000001268430, 0.2343750000001362244, 0.2421875000001408040, 0.2460937500001411926, 0.2500000000001416089, 0.5000000000001593170, 0.6250000000001695311, 0.6875000000001768585, 0.7187500000001826317, 0.7343750000001852962, 0.7421875000001839640, 0.7460937500001806333, 0.7500000000001773026, 1.000000000000000000 ),
 .UNSPECIFIED. ) ;
#765 = AXIS2_PLACEMENT_3D ( 'NONE', #10958, #9895, #1830 ) ;
#766 = DIRECTION ( 'NONE',  ( 0.000000000000000000, -1.000000000000000000, 0.000000000000000000 ) ) ;
#767 = DIRECTION ( 'NONE',  ( 1.000000000000000000, 0.000000000000000000, 0.000000000000000000 ) ) ;
#768 = VECTOR ( 'NONE', #1865, 1000.000000000000000 ) ;
#769 = LINE ( 'NONE', #5288, #7825 ) ;
#770 = DIRECTION ( 'NONE',  ( -1.674039542559039894E-16, 0.000000000000000000, -1.000000000000000000 ) ) ;
#771 = ORIENTED_EDGE ( 'NONE', *, *, #4576, .T. ) ;
#772 = PLANE ( 'NONE',  #11497 ) ;
#773 = DIRECTION ( 'NONE',  ( 0.000000000000000000, 0.000000000000000000, -1.000000000000000000 ) ) ;
#774 = VECTOR ( 'NONE', #9826, 1000.000000000000227 ) ;
#775 = CARTESIAN_POINT ( 'NONE',  ( 10.64296190458163949, -19.51722860130515613, -41.92883005003047714 ) ) ;
#776 = ADVANCED_FACE ( 'NONE', ( #4062 ), #11349, .F. ) ;
#777 = ORIENTED_EDGE ( 'NONE', *, *, #7096, .T. ) ;
#778 = CARTESIAN_POINT ( 'NONE',  ( 42.95000000000000284, -6.812339080949070258, 2.825321660488030240 ) ) ;
#779 = CIRCLE ( 'NONE', #956, 1.000000000000000888 ) ;
#780 = DIRECTION ( 'NONE',  ( 0.000000000000000000, -1.000000000000000000, 0.000000000000000000 ) ) ;
#781 = CARTESIAN_POINT ( 'NONE',  ( 40.95000000000000284, -7.688764287217759730, 27.04614575654795061 ) ) ;
#782 = TOROIDAL_SURFACE ( 'NONE', #1731, 2.500000000000000000, 1.000000000000000000 ) ;
#783 = CARTESIAN_POINT ( 'NONE',  ( 26.45994041893991167, -19.58765960938218953, -41.72844709258205853 ) ) ;
#784 = EDGE_CURVE ( 'NONE', #4813, #4783, #11238, .T. ) ;
#785 = DIRECTION ( 'NONE',  ( 0.000000000000000000, 0.000000000000000000, -1.000000000000000000 ) ) ;
#786 = ORIENTED_EDGE ( 'NONE', *, *, #4453, .T. ) ;
#787 = CARTESIAN_POINT ( 'NONE',  ( 39.77211343075231298, -16.87168821233678173, -33.89145765446431113 ) ) ;
#788 = AXIS2_PLACEMENT_3D ( 'NONE', #5022, #5975, #7829 ) ;
#789 =( BOUNDED_SURFACE ( )  B_SPLINE_SURFACE ( 3, 2, ( 
 ( #1194, #8421, #7465 ),
 ( #2923, #10320, #2151 ),
 ( #5791, #1251, #10383 ),
 ( #1308, #6566, #10202 ),
 ( #6073, #1372, #8776 ),
 ( #6936, #3220, #6863 ),
 ( #7046, #11533, #3345 ),
 ( #605, #3163, #5185 ),
 ( #2384, #7939, #7887 ),
 ( #5064, #4226, #11461 ),
 ( #6993, #715, #2261 ),
 ( #2499, #5965, #5243 ),
 ( #11342, #10559, #5898 ),
 ( #6804, #1547, #8896 ),
 ( #10675, #9555, #11580 ),
 ( #8842, #487, #10614 ),
 ( #4336, #11396, #7818 ),
 ( #5012, #8667, #2435 ) ),
 .UNSPECIFIED., .F., .F., .T. ) 
 B_SPLINE_SURFACE_WITH_KNOTS ( ( 4, 2, 2, 2, 2, 2, 2, 2, 4 ),
 ( 3, 3 ),
 ( 0.005201480478613519989, 0.005517294607308440360, 0.005833108736003359863, 0.006148922864698280234, 0.006464736993393199738, 0.006780551122088119241, 0.007096365250783040479, 0.007412179379477969524, 0.007727993508172889894 ),
 ( 0.000000000000000000, 1.000000000000000000 ),
 .UNSPECIFIED. ) 
 GEOMETRIC_REPRESENTATION_ITEM ( )  RATIONAL_B_SPLINE_SURFACE ( (
 ( 1.000000000000000000, 0.7071067811865450192, 1.000000000000000000),
 ( 1.000000000000000000, 0.7070828139363749543, 1.000000000000000000),
 ( 1.000000000000000000, 0.7111967779706229731, 1.000000000000000000),
 ( 1.000000000000000000, 0.7258620763820219368, 1.000000000000000000),
 ( 1.000000000000000000, 0.7366005733038449854, 1.000000000000000000),
 ( 1.000000000000000000, 0.7603739791082380073, 1.000000000000000000),
 ( 1.000000000000000000, 0.7733525034496979700, 1.000000000000000000),
 ( 1.000000000000000000, 0.7974420065091530896, 1.000000000000000000),
 ( 1.000000000000000000, 0.8082685643510060247, 1.000000000000000000),
 ( 1.000000000000000000, 0.8234419548458269400, 1.000000000000000000),
 ( 1.000000000000000000, 0.8277212897164859529, 1.000000000000000000),
 ( 1.000000000000000000, 0.8299357576683209503, 1.000000000000000000),
 ( 1.000000000000000000, 0.8279872734548199276, 1.000000000000000000),
 ( 1.000000000000000000, 0.8226683107052559230, 1.000000000000000000),
 ( 1.000000000000000000, 0.8194495082129560348, 1.000000000000000000),
 ( 1.000000000000000000, 0.8161466697782550073, 1.000000000000000000),
 ( 1.000000000000000000, 0.8160349781385970447, 1.000000000000000000),
 ( 1.000000000000000000, 0.8177126250700109678, 1.000000000000000000) ) ) 
 REPRESENTATION_ITEM ( '' )  SURFACE ( )  );
#790 = DIRECTION ( 'NONE',  ( 0.000000000000000000, -1.000000000000000000, 0.000000000000000000 ) ) ;
#791 = VERTEX_POINT ( 'NONE', #5021 ) ;
#792 = CARTESIAN_POINT ( 'NONE',  ( 19.94999999999999929, -17.50534825036275066, 27.17781907207880110 ) ) ;
#793 = EDGE_CURVE ( 'NONE', #9475, #1508, #493, .T. ) ;
#794 = VERTEX_POINT ( 'NONE', #10505 ) ;
#795 = CARTESIAN_POINT ( 'NONE',  ( 25.44999999999999929, -12.50534825036277908, 42.95000000000000284 ) ) ;
#796 = ORIENTED_EDGE ( 'NONE', *, *, #9250, .F. ) ;
#797 = CIRCLE ( 'NONE', #4404, 1.000000000000000888 ) ;
#798 = AXIS2_PLACEMENT_3D ( 'NONE', #3369, #7133, #9586 ) ;
#799 = DIRECTION ( 'NONE',  ( 0.000000000000000000, -1.000000000000000000, 0.000000000000000000 ) ) ;
#800 = CARTESIAN_POINT ( 'NONE',  ( 40.95000000000000284, -6.511642939418550213, 3.478396092874644907 ) ) ;
#801 = PLANE ( 'NONE',  #6517 ) ;
#802 = FACE_BOUND ( 'NONE', #718, .T. ) ;
#803 = VERTEX_POINT ( 'NONE', #11475 ) ;
#804 = DIRECTION ( 'NONE',  ( 0.000000000000000000, 0.000000000000000000, -1.000000000000000000 ) ) ;
#805 = AXIS2_PLACEMENT_3D ( 'NONE', #4003, #5851, #4957 ) ;
#806 = EDGE_LOOP ( 'NONE', ( #4724, #1991, #2399, #3842 ) ) ;
#807 = CARTESIAN_POINT ( 'NONE',  ( 9.845315347433912123, -19.73925035089341051, -41.67893889609317881 ) ) ;
#808 = DIRECTION ( 'NONE',  ( 0.000000000000000000, 0.000000000000000000, 1.000000000000000000 ) ) ;
#809 = ORIENTED_EDGE ( 'NONE', *, *, #6834, .F. ) ;
#810 = ORIENTED_EDGE ( 'NONE', *, *, #5307, .T. ) ;
#811 = EDGE_CURVE ( 'NONE', #11175, #9488, #6875, .T. ) ;
#812 = AXIS2_PLACEMENT_3D ( 'NONE', #918, #6358, #4621 ) ;
#813 = AXIS2_PLACEMENT_3D ( 'NONE', #883, #9900, #8951 ) ;
#814 = CARTESIAN_POINT ( 'NONE',  ( -37.75000000000000000, -8.005348250362779083, 30.94999999999999929 ) ) ;
#815 = CARTESIAN_POINT ( 'NONE',  ( -20.15000000000000213, -17.50534825036275066, 26.55000000000000071 ) ) ;
#816 = CARTESIAN_POINT ( 'NONE',  ( -40.76262350019274550, -17.50534825036275066, 27.60723173909909889 ) ) ;
#817 = ORIENTED_EDGE ( 'NONE', *, *, #5822, .F. ) ;
#818 = DIRECTION ( 'NONE',  ( -1.520599644265049566E-16, -0.4182291950158013583, -0.9083415329249427961 ) ) ;
#819 = ORIENTED_EDGE ( 'NONE', *, *, #8224, .T. ) ;
#820 = ADVANCED_FACE ( 'NONE', ( #1670 ), #6029, .F. ) ;
#821 = CARTESIAN_POINT ( 'NONE',  ( -39.47392893459869612, -7.694258541291590703, -27.95736525026200070 ) ) ;
#822 = CARTESIAN_POINT ( 'NONE',  ( 37.75000000000000000, -8.505348250362779083, 30.94999999999999929 ) ) ;
#823 = AXIS2_PLACEMENT_3D ( 'NONE', #9494, #6809, #4890 ) ;
#824 = AXIS2_PLACEMENT_3D ( 'NONE', #7745, #8822, #6915 ) ;
#825 = EDGE_CURVE ( 'NONE', #4478, #11567, #3817, .T. ) ;
#826 = CYLINDRICAL_SURFACE ( 'NONE', #5324, 1.000000000000000888 ) ;
#827 = CARTESIAN_POINT ( 'NONE',  ( -40.95000000000000284, -7.684732944839810287, -34.85313144009210617 ) ) ;
#828 = CARTESIAN_POINT ( 'NONE',  ( 42.95000000000000284, -13.35186151901900153, -7.767912975365779182 ) ) ;
#829 = CIRCLE ( 'NONE', #8080, 0.3594872681224065558 ) ;
#830 = DIRECTION ( 'NONE',  ( 0.000000000000000000, 0.000000000000000000, 1.000000000000000000 ) ) ;
#831 = VERTEX_POINT ( 'NONE', #7004 ) ;
#832 = CARTESIAN_POINT ( 'NONE',  ( 40.95000000000000284, -6.160403962206139283, -33.38790695992535262 ) ) ;
#833 = DIRECTION ( 'NONE',  ( 0.000000000000000000, -1.000000000000000000, 0.000000000000000000 ) ) ;
#834 = EDGE_CURVE ( 'NONE', #1664, #8985, #8787, .T. ) ;
#835 = CARTESIAN_POINT ( 'NONE',  ( 11.10739692873271878, -19.49942748935060166, -41.84130866941835336 ) ) ;
#836 = VERTEX_POINT ( 'NONE', #2445 ) ;
#837 = DIRECTION ( 'NONE',  ( 0.000000000000000000, 0.000000000000000000, -1.000000000000000000 ) ) ;
#838 = AXIS2_PLACEMENT_3D ( 'NONE', #1359, #3152, #6918 ) ;
#839 = CARTESIAN_POINT ( 'NONE',  ( -22.84999999999999787, -17.50534825036275066, 30.94999999999999929 ) ) ;
#840 = VERTEX_POINT ( 'NONE', #5252 ) ;
#841 = CARTESIAN_POINT ( 'NONE',  ( 26.31981239026277919, -19.53160670780096808, -41.70199594019617706 ) ) ;
#842 = DIRECTION ( 'NONE',  ( -1.000000000000000000, 0.000000000000000000, 0.000000000000000000 ) ) ;
#843 = DIRECTION ( 'NONE',  ( 0.000000000000000000, 0.000000000000000000, 1.000000000000000000 ) ) ;
#844 = DIRECTION ( 'NONE',  ( 0.000000000000000000, 0.000000000000000000, 1.000000000000000000 ) ) ;
#845 = CARTESIAN_POINT ( 'NONE',  ( 23.94999999999999929, -16.51385150205409857, 0.000000000000000000 ) ) ;
#846 = EDGE_LOOP ( 'NONE', ( #6887, #5074, #5101, #6853, #4689 ) ) ;
#847 = ORIENTED_EDGE ( 'NONE', *, *, #2486, .F. ) ;
#848 = LINE ( 'NONE', #5135, #5131 ) ;
#849 = ORIENTED_EDGE ( 'NONE', *, *, #3949, .T. ) ;
#850 = CARTESIAN_POINT ( 'NONE',  ( -30.94999999999999929, -17.50534825036275066, 21.85000000000000142 ) ) ;
#851 = CARTESIAN_POINT ( 'NONE',  ( -40.95000000000000284, -6.611714630254010849, 34.22145340258870050 ) ) ;
#852 = CARTESIAN_POINT ( 'NONE',  ( -41.45000000000000284, -1.705348250362779927, 42.95000000000000284 ) ) ;
#853 = LINE ( 'NONE', #3658, #8627 ) ;
#854 = B_SPLINE_CURVE_WITH_KNOTS ( 'NONE', 3,
 ( #8532, #6858, #8478, #3982, #2144, #5836, #6675, #11456, #7568, #5959, #8663, #11338, #9483, #10314 ),
 .UNSPECIFIED., .F., .F.,
 ( 4, 2, 2, 2, 2, 2, 4 ),
 ( 0.000000000000000000, 0.0004788934484331849916, 0.0009577868968663699831, 0.001915573793732734979, 0.002394467242165909671, 0.002873360690599089783, 0.003831147587465454779 ),
 .UNSPECIFIED. ) ;
#855 = FACE_BOUND ( 'NONE', #11638, .T. ) ;
#856 = ORIENTED_EDGE ( 'NONE', *, *, #784, .F. ) ;
#857 = CIRCLE ( 'NONE', #8465, 0.3594872681224064448 ) ;
#858 = CARTESIAN_POINT ( 'NONE',  ( 24.12963360958149650, -33.06169743646680104, -28.53619997939700070 ) ) ;
#859 = ORIENTED_EDGE ( 'NONE', *, *, #5198, .T. ) ;
#860 = LINE ( 'NONE', #10882, #2240 ) ;
#861 = LINE ( 'NONE', #10768, #2473 ) ;
#862 = ORIENTED_EDGE ( 'NONE', *, *, #4839, .F. ) ;
#864 = ORIENTED_EDGE ( 'NONE', *, *, #3578, .T. ) ;
#863 = ADVANCED_FACE ( 'NONE', ( #6209 ), #11707, .F. ) ;
#865 = EDGE_CURVE ( 'NONE', #234, #3485, #9923, .T. ) ;
#866 = CARTESIAN_POINT ( 'NONE',  ( -40.95000000000000284, -8.005348250362779083, -34.87555728527809151 ) ) ;
#867 = CARTESIAN_POINT ( 'NONE',  ( 39.50946817825220592, -16.56820367456043286, -27.92388952840011740 ) ) ;
#868 = CARTESIAN_POINT ( 'NONE',  ( 40.95000000000000284, -3.705348250362780149, -40.95000000000000284 ) ) ;
#869 = EDGE_CURVE ( 'NONE', #8270, #836, #578, .T. ) ;
#870 = ORIENTED_EDGE ( 'NONE', *, *, #388, .T. ) ;
#871 = CARTESIAN_POINT ( 'NONE',  ( -40.95000000000000284, -6.022847113998490265, 29.13077031055630073 ) ) ;
#872 = ORIENTED_EDGE ( 'NONE', *, *, #6708, .T. ) ;
#873 = CARTESIAN_POINT ( 'NONE',  ( -40.94999999999999574, -7.606298602109833773, -28.74430369740857572 ) ) ;
#874 = CARTESIAN_POINT ( 'NONE',  ( -40.95000000000000284, -13.35186151901900153, 6.232087024634239469 ) ) ;
#875 = DIRECTION ( 'NONE',  ( 7.001322103090877533E-17, -0.9083415329249426851, 0.4182291950158013027 ) ) ;
#876 = LINE ( 'NONE', #4506, #7235 ) ;
#877 = ORIENTED_EDGE ( 'NONE', *, *, #4115, .T. ) ;
#878 = EDGE_CURVE ( 'NONE', #7296, #7260, #2570, .T. ) ;
#879 = DIRECTION ( 'NONE',  ( 0.000000000000000000, 0.000000000000000000, 1.000000000000000000 ) ) ;
#880 = DIRECTION ( 'NONE',  ( -1.000000000000000000, 0.000000000000000000, 1.674039542559039894E-16 ) ) ;
#881 = EDGE_CURVE ( 'NONE', #3850, #9938, #2619, .T. ) ;
#882 = EDGE_LOOP ( 'NONE', ( #9072, #6961 ) ) ;
#883 = CARTESIAN_POINT ( 'NONE',  ( 2.950745019243989908, -13.50534825036277908, 42.95000000000000284 ) ) ;
#884 = CARTESIAN_POINT ( 'NONE',  ( 3.950745019243990352, -13.00534825036277908, 42.95000000000000284 ) ) ;
#885 = EDGE_CURVE ( 'NONE', #2826, #9102, #10685, .T. ) ;
#886 = CARTESIAN_POINT ( 'NONE',  ( 10.41867639674858381, -19.52271052854393218, -41.95860227581981405 ) ) ;
#887 = EDGE_LOOP ( 'NONE', ( #7717, #11702, #6864, #2183, #5079 ) ) ;
#888 = CARTESIAN_POINT ( 'NONE',  ( -42.95000000000000284, -13.35186151901900153, 20.23208702463425368 ) ) ;
#889 = EDGE_LOOP ( 'NONE', ( #8659, #10578, #3218, #1609, #9798, #4614, #3824, #3774, #9812, #2472, #9814, #364, #10579, #8500, #2197, #6559, #11558, #10239 ) ) ;
#890 = EDGE_CURVE ( 'NONE', #6361, #683, #8778, .T. ) ;
#891 = LINE ( 'NONE', #8071, #1947 ) ;
#892 = DIRECTION ( 'NONE',  ( 0.000000000000000000, -1.000000000000000000, 0.000000000000000000 ) ) ;
#893 = CYLINDRICAL_SURFACE ( 'NONE', #9559, 1.000000000000000888 ) ;
#894 = CARTESIAN_POINT ( 'NONE',  ( 40.13014898641770856, -17.20377574253484809, -33.89168158773128425 ) ) ;
#895 = CARTESIAN_POINT ( 'NONE',  ( 27.75000000000000000, -17.50534825036275066, -26.55000000000000071 ) ) ;
#896 = ORIENTED_EDGE ( 'NONE', *, *, #10516, .F. ) ;
#897 = EDGE_LOOP ( 'NONE', ( #5633, #8526, #2625, #2846 ) ) ;
#898 = CARTESIAN_POINT ( 'NONE',  ( 39.56585625884540036, -7.259024777604330403, -28.35181987984540086 ) ) ;
#899 = ORIENTED_EDGE ( 'NONE', *, *, #4432, .T. ) ;
#900 = LINE ( 'NONE', #5383, #1906 ) ;
#901 = FACE_OUTER_BOUND ( 'NONE', #3910, .T. ) ;
#902 = EDGE_CURVE ( 'NONE', #9862, #9865, #9911, .T. ) ;
#903 = DIRECTION ( 'NONE',  ( -1.000000000000000000, 0.000000000000000000, 0.000000000000000000 ) ) ;
#904 = CARTESIAN_POINT ( 'NONE',  ( 18.62963360958150005, -17.50534825036275066, -38.68619997939700283 ) ) ;
#905 = CARTESIAN_POINT ( 'NONE',  ( -30.94999999999999929, -17.50534825036275066, 25.55000000000000071 ) ) ;
#906 = DIRECTION ( 'NONE',  ( 0.000000000000000000, -1.000000000000000000, 0.000000000000000000 ) ) ;
#907 = ORIENTED_EDGE ( 'NONE', *, *, #7811, .T. ) ;
#908 = FACE_OUTER_BOUND ( 'NONE', #3624, .T. ) ;
#909 = ORIENTED_EDGE ( 'NONE', *, *, #1486, .T. ) ;
#910 = CARTESIAN_POINT ( 'NONE',  ( -37.75000000000000000, -7.005348250362779972, -33.45000000000000284 ) ) ;
#911 = VECTOR ( 'NONE', #526, 1000.000000000000000 ) ;
#912 = EDGE_CURVE ( 'NONE', #2862, #4153, #5372, .T. ) ;
#913 = EDGE_LOOP ( 'NONE', ( #2591, #2926, #1437, #8567, #10324, #10137 ) ) ;
#914 = ORIENTED_EDGE ( 'NONE', *, *, #10168, .F. ) ;
#915 = DIRECTION ( 'NONE',  ( 1.000000000000000000, 0.000000000000000000, 0.000000000000000000 ) ) ;
#916 = LINE ( 'NONE', #9941, #6314 ) ;
#917 = EDGE_CURVE ( 'NONE', #1628, #1451, #1153, .T. ) ;
#918 = CARTESIAN_POINT ( 'NONE',  ( 4.450745019243995237, -13.00534825036277908, 40.95000000000000284 ) ) ;
#919 = ORIENTED_EDGE ( 'NONE', *, *, #4474, .F. ) ;
#920 = CARTESIAN_POINT ( 'NONE',  ( -37.75000000000000000, -19.00534825036275421, -28.35000000000000142 ) ) ;
#921 = ORIENTED_EDGE ( 'NONE', *, *, #6037, .T. ) ;
#922 = CARTESIAN_POINT ( 'NONE',  ( -40.95000000000000284, -7.235209088831470403, -27.19471303271214779 ) ) ;
#923 = CARTESIAN_POINT ( 'NONE',  ( -40.95000000000003126, -8.005348250362782636, 28.73120675179930572 ) ) ;
#924 = EDGE_CURVE ( 'NONE', #1666, #2341, #9030, .T. ) ;
#925 = AXIS2_PLACEMENT_3D ( 'NONE', #5258, #10693, #4418 ) ;
#926 = ADVANCED_FACE ( 'NONE', ( #8964 ), #208, .F. ) ;
#927 = DIRECTION ( 'NONE',  ( 0.000000000000000000, 0.000000000000000000, -1.000000000000000000 ) ) ;
#928 = CARTESIAN_POINT ( 'NONE',  ( -11.84999999999999964, -9.005348250362779083, 42.95000000000000284 ) ) ;
#929 = ORIENTED_EDGE ( 'NONE', *, *, #10500, .F. ) ;
#930 = FACE_OUTER_BOUND ( 'NONE', #5657, .T. ) ;
#931 = DIRECTION ( 'NONE',  ( 1.000000000000000000, 0.000000000000000000, 0.000000000000000000 ) ) ;
#932 = VECTOR ( 'NONE', #5489, 1000.000000000000114 ) ;
#933 = ORIENTED_EDGE ( 'NONE', *, *, #9205, .T. ) ;
#934 = CARTESIAN_POINT ( 'NONE',  ( 39.48171950751544301, -7.620278669526720172, -33.90633538178249751 ) ) ;
#935 = CARTESIAN_POINT ( 'NONE',  ( 10.70236120128805268, -19.49681693678461869, -42.10278654014377508 ) ) ;
#936 = ORIENTED_EDGE ( 'NONE', *, *, #2418, .T. ) ;
#937 = CARTESIAN_POINT ( 'NONE',  ( 10.49572205530400737, -19.52103456948115223, -41.95592814448041707 ) ) ;
#938 = VERTEX_POINT ( 'NONE', #6083 ) ;
#939 = CIRCLE ( 'NONE', #2467, 0.5000000000000004441 ) ;
#940 = CARTESIAN_POINT ( 'NONE',  ( 41.45000000000000284, -18.50534825036275421, -40.21794919243114919 ) ) ;
#941 = ADVANCED_FACE ( 'NONE', ( #5196 ), #11756, .F. ) ;
#942 = VECTOR ( 'NONE', #7035, 1000.000000000000000 ) ;
#943 = FACE_OUTER_BOUND ( 'NONE', #3256, .T. ) ;
#944 = EDGE_CURVE ( 'NONE', #1223, #6317, #764, .T. ) ;
#945 = VERTEX_POINT ( 'NONE', #125 ) ;
#946 = DIRECTION ( 'NONE',  ( 0.000000000000000000, -1.000000000000000000, 0.000000000000000000 ) ) ;
#947 = DIRECTION ( 'NONE',  ( -1.000000000000000000, 0.000000000000000000, 1.674039542559039894E-16 ) ) ;
#948 = CARTESIAN_POINT ( 'NONE',  ( -42.95000000000000284, -19.50534825036275066, -41.45000000000000284 ) ) ;
#949 = AXIS2_PLACEMENT_3D ( 'NONE', #3378, #647, #3193 ) ;
#950 = FACE_OUTER_BOUND ( 'NONE', #7394, .T. ) ;
#951 = CARTESIAN_POINT ( 'NONE',  ( -40.02963287186252472, -17.12027862210487328, 28.02140971511310141 ) ) ;
#952 = DIRECTION ( 'NONE',  ( 0.000000000000000000, 0.000000000000000000, 1.000000000000000000 ) ) ;
#953 = CIRCLE ( 'NONE', #2481, 2.399999999999999467 ) ;
#954 = ORIENTED_EDGE ( 'NONE', *, *, #2770, .F. ) ;
#955 = ORIENTED_EDGE ( 'NONE', *, *, #3767, .F. ) ;
#956 = AXIS2_PLACEMENT_3D ( 'NONE', #4951, #8673, #3168 ) ;
#957 = DIRECTION ( 'NONE',  ( -1.000000000000000000, 0.000000000000000000, 0.000000000000000000 ) ) ;
#958 = ORIENTED_EDGE ( 'NONE', *, *, #7589, .T. ) ;
#959 = CARTESIAN_POINT ( 'NONE',  ( -40.95000000000000284, -7.235215155995500247, -27.19471023097684892 ) ) ;
#960 = VECTOR ( 'NONE', #8005, 1000.000000000000000 ) ;
#961 = CARTESIAN_POINT ( 'NONE',  ( -28.25000000000000000, -19.50534825036275066, 25.55000000000000071 ) ) ;
#962 = EDGE_CURVE ( 'NONE', #2801, #10418, #10143, .T. ) ;
#963 = CARTESIAN_POINT ( 'NONE',  ( 40.94999999999998153, -7.961971048009344187, 33.20430997533506456 ) ) ;
#964 = AXIS2_PLACEMENT_3D ( 'NONE', #8307, #6512, #4658 ) ;
#965 = CARTESIAN_POINT ( 'NONE',  ( 40.20447436605787317, -17.26044779329637535, -27.99219070951917487 ) ) ;
#966 = CARTESIAN_POINT ( 'NONE',  ( 19.55000000000000071, -16.51385150205409857, 0.000000000000000000 ) ) ;
#967 = CARTESIAN_POINT ( 'NONE',  ( -25.55000000000000071, -17.50534825036275066, 22.84999999999999787 ) ) ;
#968 = CARTESIAN_POINT ( 'NONE',  ( 26.16451381257065023, -19.50039081108100092, -41.85050154936364919 ) ) ;
#969 = ORIENTED_EDGE ( 'NONE', *, *, #8245, .F. ) ;
#970 = FACE_BOUND ( 'NONE', #9425, .T. ) ;
#971 = VERTEX_POINT ( 'NONE', #1014 ) ;
#972 = ADVANCED_FACE ( 'NONE', ( #3703 ), #7402, .T. ) ;
#973 = CARTESIAN_POINT ( 'NONE',  ( -42.05481555856610498, -1.705348250362779927, -41.45000000000000284 ) ) ;
#974 = VECTOR ( 'NONE', #1118, 1000.000000000000000 ) ;
#975 = CIRCLE ( 'NONE', #9367, 2.099999999999997868 ) ;
#976 = VERTEX_POINT ( 'NONE', #3755 ) ;
#977 = VECTOR ( 'NONE', #10541, 1000.000000000000000 ) ;
#978 = VERTEX_POINT ( 'NONE', #11025 ) ;
#979 = PRODUCT_DEFINITION_FORMATION_WITH_SPECIFIED_SOURCE ( 'хн╨н', '', #5215, .NOT_KNOWN. ) ;
#980 = CIRCLE ( 'NONE', #7661, 4.500000000000000888 ) ;
#981 = DIRECTION ( 'NONE',  ( 0.000000000000000000, 0.000000000000000000, -1.000000000000000000 ) ) ;
#982 = CARTESIAN_POINT ( 'NONE',  ( 41.45000000000000284, -17.50534825036275066, 27.17781907207880110 ) ) ;
#983 = AXIS2_PLACEMENT_3D ( 'NONE', #3677, #10827, #42 ) ;
#984 = DIRECTION ( 'NONE',  ( 1.050198315463631445E-16, -0.9083415329249426851, 0.4182291950158013027 ) ) ;
#985 = ORIENTED_EDGE ( 'NONE', *, *, #1798, .F. ) ;
#986 = CARTESIAN_POINT ( 'NONE',  ( 10.55909961199556868, -19.64504725800053819, -41.82454478107520401 ) ) ;
#987 = ORIENTED_EDGE ( 'NONE', *, *, #10508, .T. ) ;
#988 = DIRECTION ( 'NONE',  ( -1.000000000000000000, 0.000000000000000000, 0.000000000000000000 ) ) ;
#989 = CARTESIAN_POINT ( 'NONE',  ( -22.84999999999999787, -19.50534825036275066, 29.94999999999999929 ) ) ;
#990 = AXIS2_PLACEMENT_3D ( 'NONE', #1275, #7495, #4020 ) ;
#991 = AXIS2_PLACEMENT_3D ( 'NONE', #2019, #11021, #6318 ) ;
#992 = AXIS2_PLACEMENT_3D ( 'NONE', #8727, #5976, #6881 ) ;
#993 = EDGE_CURVE ( 'NONE', #1159, #6024, #2855, .T. ) ;
#994 = LINE ( 'NONE', #1946, #275 ) ;
#995 = DIRECTION ( 'NONE',  ( 0.000000000000000000, 0.000000000000000000, 1.000000000000000000 ) ) ;
#996 = ORIENTED_EDGE ( 'NONE', *, *, #6805, .T. ) ;
#997 = EDGE_CURVE ( 'NONE', #11804, #7528, #2796, .T. ) ;
#998 = CARTESIAN_POINT ( 'NONE',  ( -41.45000000000000284, -18.50534825036275421, -42.95000000000000284 ) ) ;
#999 = VECTOR ( 'NONE', #1873, 1000.000000000000000 ) ;
#1000 = ORIENTED_EDGE ( 'NONE', *, *, #1738, .T. ) ;
#1001 = AXIS2_PLACEMENT_3D ( 'NONE', #6673, #479, #9428 ) ;
#1002 = LINE ( 'NONE', #1174, #3111 ) ;
#1003 = CARTESIAN_POINT ( 'NONE',  ( 11.07718137533596447, -19.50172806309024764, -41.86494791487094602 ) ) ;
#1004 = AXIS2_PLACEMENT_3D ( 'NONE', #3745, #7450, #9241 ) ;
#1005 = CARTESIAN_POINT ( 'NONE',  ( 11.05604070509910031, -19.50319271918114694, -41.88308799164045126 ) ) ;
#1006 = VERTEX_POINT ( 'NONE', #181 ) ;
#1007 = DIRECTION ( 'NONE',  ( 0.000000000000000000, -1.000000000000000000, 0.000000000000000000 ) ) ;
#1008 = EDGE_CURVE ( 'NONE', #8181, #1099, #1967, .T. ) ;
#1009 = CIRCLE ( 'NONE', #2158, 0.8999999999999980238 ) ;
#1010 = PRESENTATION_STYLE_ASSIGNMENT (( #3812 ) ) ;
#1011 = VECTOR ( 'NONE', #6953, 1000.000000000000000 ) ;
#1012 = EDGE_LOOP ( 'NONE', ( #2018, #7190, #2264, #1989, #5025 ) ) ;
#1013 = DIRECTION ( 'NONE',  ( 0.000000000000000000, 0.000000000000000000, -1.000000000000000000 ) ) ;
#1014 = CARTESIAN_POINT ( 'NONE',  ( 37.75000000000000000, -8.005348250362779083, -27.44999999999999929 ) ) ;
#1015 = EDGE_CURVE ( 'NONE', #7866, #11253, #3828, .T. ) ;
#1016 = DIRECTION ( 'NONE',  ( 0.000000000000000000, 0.000000000000000000, 1.000000000000000000 ) ) ;
#1017 = DIRECTION ( 'NONE',  ( 0.000000000000000000, 0.000000000000000000, 1.000000000000000000 ) ) ;
#1018 = DIRECTION ( 'NONE',  ( 0.000000000000000000, -1.000000000000000000, 0.000000000000000000 ) ) ;
#1019 = EDGE_CURVE ( 'NONE', #3000, #7719, #9252, .T. ) ;
#1020 = LINE ( 'NONE', #8127, #1975 ) ;
#1021 = ORIENTED_EDGE ( 'NONE', *, *, #3667, .T. ) ;
#1022 = DIRECTION ( 'NONE',  ( 0.000000000000000000, -1.000000000000000000, 0.000000000000000000 ) ) ;
#1023 = AXIS2_PLACEMENT_3D ( 'NONE', #7393, #6488, #1960 ) ;
#1024 = ORIENTED_EDGE ( 'NONE', *, *, #9106, .T. ) ;
#1025 = DIRECTION ( 'NONE',  ( 0.000000000000000000, 0.000000000000000000, -1.000000000000000000 ) ) ;
#1026 = VECTOR ( 'NONE', #4697, 1000.000000000000000 ) ;
#1027 = CARTESIAN_POINT ( 'NONE',  ( 27.39485493925664983, -19.73292608046240204, -41.70393699350960759 ) ) ;
#1028 = CARTESIAN_POINT ( 'NONE',  ( 39.60885351933610110, -7.174264602943280167, 33.38210503028235365 ) ) ;
#1029 = CARTESIAN_POINT ( 'NONE',  ( 26.44365237008046776, -19.50108312459541082, -42.04237907413190811 ) ) ;
#1030 = ADVANCED_FACE ( 'NONE', ( #3815 ), #11091, .F. ) ;
#1031 = CARTESIAN_POINT ( 'NONE',  ( 18.62963360958150005, -19.50534825036275066, -34.03619997939700426 ) ) ;
#1032 = DIRECTION ( 'NONE',  ( 0.000000000000000000, -1.000000000000000000, 0.000000000000000000 ) ) ;
#1033 = CARTESIAN_POINT ( 'NONE',  ( 26.14454148492119856, -19.49897488104939924, -41.83727044099745029 ) ) ;
#1034 = ORIENTED_EDGE ( 'NONE', *, *, #1642, .T. ) ;
#1035 = DIRECTION ( 'NONE',  ( 0.000000000000000000, -1.000000000000000000, 0.000000000000000000 ) ) ;
#1036 = EDGE_CURVE ( 'NONE', #11384, #3343, #9975, .T. ) ;
#1037 = ORIENTED_EDGE ( 'NONE', *, *, #8310, .F. ) ;
#1038 = LINE ( 'NONE', #3725, #11043 ) ;
#1039 = VERTEX_POINT ( 'NONE', #8416 ) ;
#1040 = ORIENTED_EDGE ( 'NONE', *, *, #9717, .F. ) ;
#1041 = B_SPLINE_CURVE_WITH_KNOTS ( 'NONE', 3,
 ( #9108, #867, #10175, #2650, #1043, #10997, #2772, #8209, #8145, #6407, #2717, #11782, #5510, #6357 ),
 .UNSPECIFIED., .F., .F.,
 ( 4, 2, 2, 1, 1, 2, 2, 4 ),
 ( 0.000000000000000000, 0.2500000000000213718, 0.3750000000000356382, 0.4375000000000552336, 0.4687500000000667799, 0.4843750000000763833, 0.5000000000000860423, 1.000000000000000000 ),
 .UNSPECIFIED. ) ;
#1042 = DIRECTION ( 'NONE',  ( 0.000000000000000000, 0.000000000000000000, 1.000000000000000000 ) ) ;
#1043 = CARTESIAN_POINT ( 'NONE',  ( 39.63017628712476892, -16.71362226703834608, -27.97207794906004352 ) ) ;
#1044 = CARTESIAN_POINT ( 'NONE',  ( 39.95000000000000284, -17.50534825036275066, 27.02444271472185022 ) ) ;
#1045 = VERTEX_POINT ( 'NONE', #7521 ) ;
#1046 = CARTESIAN_POINT ( 'NONE',  ( 10.90510126432966231, -19.54483588047225595, -41.70503828750930353 ) ) ;
#1047 = ORIENTED_EDGE ( 'NONE', *, *, #5262, .F. ) ;
#1048 = ORIENTED_EDGE ( 'NONE', *, *, #7475, .T. ) ;
#1049 = CARTESIAN_POINT ( 'NONE',  ( 25.12963360958150005, -14.50534825036275954, -40.53619997939700426 ) ) ;
#1050 = DIRECTION ( 'NONE',  ( 0.000000000000000000, 0.000000000000000000, -1.000000000000000000 ) ) ;
#1051 = FACE_OUTER_BOUND ( 'NONE', #1753, .T. ) ;
#1052 = CARTESIAN_POINT ( 'NONE',  ( 14.44999999999999929, -19.50534825036275066, 27.17781907207880110 ) ) ;
#1053 = VERTEX_POINT ( 'NONE', #1796 ) ;
#1054 = CARTESIAN_POINT ( 'NONE',  ( -37.75000000000000000, -16.50534825036275066, -30.94999999999999929 ) ) ;
#1055 = DIRECTION ( 'NONE',  ( 0.000000000000000000, 0.000000000000000000, -1.000000000000000000 ) ) ;
#1056 = VERTEX_POINT ( 'NONE', #5429 ) ;
#1057 = DIRECTION ( 'NONE',  ( 1.000000000000000000, 0.000000000000000000, 0.000000000000000000 ) ) ;
#1058 = DIRECTION ( 'NONE',  ( 0.000000000000000000, -1.000000000000000000, 0.000000000000000000 ) ) ;
#1059 = CARTESIAN_POINT ( 'NONE',  ( 11.03079294699442059, -19.50873578861650159, -41.70261636366984703 ) ) ;
#1060 = ORIENTED_EDGE ( 'NONE', *, *, #2121, .F. ) ;
#1061 = LINE ( 'NONE', #1840, #6116 ) ;
#1062 = ORIENTED_EDGE ( 'NONE', *, *, #6597, .F. ) ;
#1063 = DIRECTION ( 'NONE',  ( 0.000000000000000000, 0.000000000000000000, -1.000000000000000000 ) ) ;
#1064 = ORIENTED_EDGE ( 'NONE', *, *, #9556, .F. ) ;
#1065 = DIRECTION ( 'NONE',  ( 0.000000000000000000, 0.000000000000000000, 1.000000000000000000 ) ) ;
#1066 = CARTESIAN_POINT ( 'NONE',  ( 18.84999999999999787, -19.50534825036275066, 41.45000000000000284 ) ) ;
#1067 = CARTESIAN_POINT ( 'NONE',  ( 42.95000000000000284, -13.35186151901900153, 6.232087024634219929 ) ) ;
#1068 = CARTESIAN_POINT ( 'NONE',  ( -40.95000000000000284, -17.50534825036275066, -34.87555728527809151 ) ) ;
#1069 = CARTESIAN_POINT ( 'NONE',  ( 16.44999999999999929, -16.51385150205409857, 20.75000000000000000 ) ) ;
#1070 = ORIENTED_EDGE ( 'NONE', *, *, #6700, .T. ) ;
#1071 = EDGE_CURVE ( 'NONE', #2654, #5361, #5716, .T. ) ;
#1072 = FACE_OUTER_BOUND ( 'NONE', #346, .T. ) ;
#1073 = ORIENTED_EDGE ( 'NONE', *, *, #9772, .F. ) ;
#1074 = CARTESIAN_POINT ( 'NONE',  ( 40.94999999999998863, -7.998361893814823986, -28.72554653697645222 ) ) ;
#1075 = ORIENTED_EDGE ( 'NONE', *, *, #7683, .F. ) ;
#1076 = DIRECTION ( 'NONE',  ( 0.000000000000000000, 0.000000000000000000, -1.000000000000000000 ) ) ;
#1077 = EDGE_CURVE ( 'NONE', #8496, #3652, #11249, .T. ) ;
#1078 = CARTESIAN_POINT ( 'NONE',  ( -25.55000000000000071, -17.50534825036275066, 21.14999999999999858 ) ) ;
#1079 = EDGE_CURVE ( 'NONE', #10691, #10499, #8784, .T. ) ;
#1080 = LINE ( 'NONE', #262, #6872 ) ;
#1081 = CARTESIAN_POINT ( 'NONE',  ( 26.12877078683727206, -19.49845987769757016, -41.83282503009117193 ) ) ;
#1082 = DIRECTION ( 'NONE',  ( 1.050198315463631445E-16, -0.9083415329249426851, 0.4182291950158013027 ) ) ;
#1083 = CARTESIAN_POINT ( 'NONE',  ( 27.58432950818680851, -19.84015669457311049, -41.28834202912265994 ) ) ;
#1084 = CARTESIAN_POINT ( 'NONE',  ( 26.22847427215995353, -19.50873578861490287, -41.70261636367000335 ) ) ;
#1085 = VERTEX_POINT ( 'NONE', #5961 ) ;
#1086 = CARTESIAN_POINT ( 'NONE',  ( 41.45000000000000284, -17.50534825036275066, 41.45000000000000284 ) ) ;
#1087 = ORIENTED_EDGE ( 'NONE', *, *, #5401, .F. ) ;
#1088 = LINE ( 'NONE', #4613, #1715 ) ;
#1089 = VERTEX_POINT ( 'NONE', #2320 ) ;
#1090 = ORIENTED_EDGE ( 'NONE', *, *, #2469, .T. ) ;
#1091 = EDGE_CURVE ( 'NONE', #9780, #6914, #10492, .T. ) ;
#1092 = EDGE_CURVE ( 'NONE', #978, #9080, #8664, .T. ) ;
#1093 = CARTESIAN_POINT ( 'NONE',  ( 10.35637389000588016, -19.65010303937915026, -41.86141557553229831 ) ) ;
#1094 = PLANE ( 'NONE',  #9567 ) ;
#1095 = LINE ( 'NONE', #10051, #999 ) ;
#1096 = AXIS2_PLACEMENT_3D ( 'NONE', #3930, #5606, #9256 ) ;
#1097 = ORIENTED_EDGE ( 'NONE', *, *, #6030, .T. ) ;
#1098 = CARTESIAN_POINT ( 'NONE',  ( 10.83721301993380592, -19.57206687769349429, -41.71568442681056155 ) ) ;
#1099 = VERTEX_POINT ( 'NONE', #3032 ) ;
#1100 = DIRECTION ( 'NONE',  ( 0.000000000000000000, 0.000000000000000000, 1.000000000000000000 ) ) ;
#1101 = DIRECTION ( 'NONE',  ( 0.000000000000000000, -1.000000000000000000, 0.000000000000000000 ) ) ;
#1102 = AXIS2_PLACEMENT_3D ( 'NONE', #5767, #10365, #8579 ) ;
#1103 = CIRCLE ( 'NONE', #11006, 0.3594872681224082767 ) ;
#1104 = DIRECTION ( 'NONE',  ( 0.000000000000000000, 1.000000000000000000, 0.000000000000000000 ) ) ;
#1105 = CARTESIAN_POINT ( 'NONE',  ( 26.12963360958150005, -20.00534825036275066, 41.45000000000000284 ) ) ;
#1106 = EDGE_LOOP ( 'NONE', ( #4785, #3989, #5843, #8592 ) ) ;
#1107 = DIRECTION ( 'NONE',  ( 0.000000000000000000, 0.000000000000000000, -1.000000000000000000 ) ) ;
#1108 = CARTESIAN_POINT ( 'NONE',  ( 16.44999999999999929, -17.50534825036275066, 20.75000000000000000 ) ) ;
#1109 = ORIENTED_EDGE ( 'NONE', *, *, #6018, .T. ) ;
#1110 = CARTESIAN_POINT ( 'NONE',  ( 40.95000000000000284, -13.35186151901900153, -14.76791297536578007 ) ) ;
#1111 = CARTESIAN_POINT ( 'NONE',  ( -22.84999999999999787, -19.50534825036275066, 24.54999999999999716 ) ) ;
#1112 = CARTESIAN_POINT ( 'NONE',  ( 11.19383492825329007, -19.49125194201051769, -41.76938843849597305 ) ) ;
#1113 = AXIS2_PLACEMENT_3D ( 'NONE', #3443, #8102, #1824 ) ;
#1114 = AXIS2_PLACEMENT_3D ( 'NONE', #5688, #8513, #1165 ) ;
#1115 = B_SPLINE_CURVE_WITH_KNOTS ( 'NONE', 3,
 ( #2610, #10964, #6252, #1889, #6197, #7995, #7209, #9846, #3574, #61, #3458, #5531, #8163, #8059, #7105, #3693, #1720, #1660, #9182, #9125, #3523, #1003, #11698, #4464, #4513, #10738, #5292, #10909, #10847, #11746, #7159, #935, #8952, #2672 ),
 .UNSPECIFIED., .F., .F.,
 ( 4, 2, 2, 1, 2, 2, 2, 2, 2, 2, 1, 2, 2, 2, 2, 2, 2, 4 ),
 ( 0.000000000000000000, 0.06250000000008423817, 0.1250000000001684763, 0.1406250000001966205, 0.1484375000002043921, 0.1562500000002121914, 0.1718750000002182698, 0.1796875000002249034, 0.1875000000002315093, 0.2187500000002217115, 0.2343750000002168266, 0.2421875000002083056, 0.2500000000001997291, 0.3750000000001354472, 0.4375000000001052491, 0.4687500000000924816, 0.5000000000000797140, 1.000000000000000000 ),
 .UNSPECIFIED. ) ;
#1116 = ORIENTED_EDGE ( 'NONE', *, *, #352, .F. ) ;
#1117 = EDGE_CURVE ( 'NONE', #2346, #6867, #10252, .T. ) ;
#1118 = DIRECTION ( 'NONE',  ( 0.000000000000000000, 0.000000000000000000, -1.000000000000000000 ) ) ;
#1119 = ORIENTED_EDGE ( 'NONE', *, *, #5422, .T. ) ;
#1120 = LINE ( 'NONE', #3752, #3091 ) ;
#1121 = EDGE_LOOP ( 'NONE', ( #6330, #9180, #2224, #7540 ) ) ;
#1122 = CARTESIAN_POINT ( 'NONE',  ( 18.62963360958150005, -19.50534825036275066, -34.03619997939700426 ) ) ;
#1123 = VECTOR ( 'NONE', #4182, 1000.000000000000000 ) ;
#1124 = CARTESIAN_POINT ( 'NONE',  ( 27.62963360958149650, -20.00534825036275066, 0.000000000000000000 ) ) ;
#1125 = EDGE_CURVE ( 'NONE', #5098, #11567, #5714, .T. ) ;
#1126 = FACE_BOUND ( 'NONE', #6459, .T. ) ;
#1127 = DIRECTION ( 'NONE',  ( 0.000000000000000000, -1.000000000000000000, 0.000000000000000000 ) ) ;
#1128 = AXIS2_PLACEMENT_3D ( 'NONE', #10060, #9011, #9953 ) ;
#1129 = CARTESIAN_POINT ( 'NONE',  ( 10.12963360958148051, -19.48665501328809668, -42.14245008972989837 ) ) ;
#1130 = ORIENTED_EDGE ( 'NONE', *, *, #4790, .F. ) ;
#1131 = CARTESIAN_POINT ( 'NONE',  ( 39.50253182032934518, -7.483710778396470253, -28.08702613602299891 ) ) ;
#1132 = ORIENTED_EDGE ( 'NONE', *, *, #1376, .T. ) ;
#1133 = DIRECTION ( 'NONE',  ( 0.000000000000000000, 0.000000000000000000, -1.000000000000000000 ) ) ;
#1134 = AXIS2_PLACEMENT_3D ( 'NONE', #3386, #4835, #11520 ) ;
#1135 = CARTESIAN_POINT ( 'NONE',  ( -42.95000000000000284, -6.661991010183810680, -10.84814112331864067 ) ) ;
#1136 = CIRCLE ( 'NONE', #949, 1.750000000000001554 ) ;
#1137 = CARTESIAN_POINT ( 'NONE',  ( 40.95000000000000284, -6.343180952846199538, 33.82690014727899808 ) ) ;
#1138 = CARTESIAN_POINT ( 'NONE',  ( 40.28848922888720807, -17.31864157264172377, -27.96557628390749528 ) ) ;
#1139 = VECTOR ( 'NONE', #2709, 1000.000000000000227 ) ;
#1140 = DIRECTION ( 'NONE',  ( 0.000000000000000000, -1.000000000000000000, 0.000000000000000000 ) ) ;
#1141 = DIRECTION ( 'NONE',  ( -1.000000000000000000, 0.000000000000000000, 0.000000000000000000 ) ) ;
#1142 = EDGE_CURVE ( 'NONE', #1999, #10272, #5532, .T. ) ;
#1143 = CARTESIAN_POINT ( 'NONE',  ( 18.62963360958150005, -19.50534825036275066, -41.53619997939700426 ) ) ;
#1144 = EDGE_LOOP ( 'NONE', ( #6158, #4743, #9310, #11018 ) ) ;
#1145 = LINE ( 'NONE', #4782, #180 ) ;
#1146 = VECTOR ( 'NONE', #10857, 1000.000000000000000 ) ;
#1147 = ORIENTED_EDGE ( 'NONE', *, *, #7077, .F. ) ;
#1148 = LINE ( 'NONE', #3947, #2094 ) ;
#1149 = ORIENTED_EDGE ( 'NONE', *, *, #9344, .F. ) ;
#1150 = ORIENTED_EDGE ( 'NONE', *, *, #4438, .F. ) ;
#1151 = ORIENTED_EDGE ( 'NONE', *, *, #6985, .T. ) ;
#1152 = CIRCLE ( 'NONE', #3440, 1.000000000000000888 ) ;
#1153 = CIRCLE ( 'NONE', #8983, 4.150000000000001243 ) ;
#1154 = CARTESIAN_POINT ( 'NONE',  ( 10.71542298635512047, -19.72221178096474858, -41.39595774740739387 ) ) ;
#1155 = DIRECTION ( 'NONE',  ( 0.000000000000000000, -1.000000000000000000, 0.000000000000000000 ) ) ;
#1156 = CARTESIAN_POINT ( 'NONE',  ( -25.55000000000000071, -19.50534825036275066, 21.14999999999999858 ) ) ;
#1157 = VECTOR ( 'NONE', #2211, 1000.000000000000000 ) ;
#1158 = VECTOR ( 'NONE', #6043, 1000.000000000000000 ) ;
#1159 = VERTEX_POINT ( 'NONE', #9365 ) ;
#1160 = CARTESIAN_POINT ( 'NONE',  ( 10.75245378745989910, -19.60412847222162824, -41.74815743015489744 ) ) ;
#1161 = ORIENTED_EDGE ( 'NONE', *, *, #9506, .F. ) ;
#1162 = VECTOR ( 'NONE', #725, 1000.000000000000000 ) ;
#1163 = ORIENTED_EDGE ( 'NONE', *, *, #4817, .T. ) ;
#1164 = ADVANCED_FACE ( 'NONE', ( #4160 ), #6886, .T. ) ;
#1165 = DIRECTION ( 'NONE',  ( 0.000000000000000000, 0.000000000000000000, 1.000000000000000000 ) ) ;
#1166 = FACE_OUTER_BOUND ( 'NONE', #1449, .T. ) ;
#1167 = AXIS2_PLACEMENT_3D ( 'NONE', #1717, #5357, #830 ) ;
#1168 = DIRECTION ( 'NONE',  ( 0.000000000000000000, -1.000000000000000000, 0.000000000000000000 ) ) ;
#1169 = CARTESIAN_POINT ( 'NONE',  ( -40.95000000000005258, -7.871977774763973201, -33.22940351123870784 ) ) ;
#1170 = DIRECTION ( 'NONE',  ( -1.674039542559044824E-16, 0.000000000000000000, -1.000000000000000000 ) ) ;
#1171 = CARTESIAN_POINT ( 'NONE',  ( 42.95000000000000284, -6.511642939418550213, 10.47839609287463958 ) ) ;
#1172 = EDGE_CURVE ( 'NONE', #9880, #11763, #305, .T. ) ;
#1173 = ORIENTED_EDGE ( 'NONE', *, *, #1962, .F. ) ;
#1174 = CARTESIAN_POINT ( 'NONE',  ( 25.12963360958150005, -17.50534825036275066, -40.53619997939700426 ) ) ;
#1175 = DIRECTION ( 'NONE',  ( 0.000000000000000000, -1.000000000000000000, 0.000000000000000000 ) ) ;
#1176 = VERTEX_POINT ( 'NONE', #10491 ) ;
#1177 = EDGE_CURVE ( 'NONE', #1897, #10560, #6105, .T. ) ;
#1178 = CARTESIAN_POINT ( 'NONE',  ( 11.28357402297254630, -19.49451698348538997, -41.78226872895302790 ) ) ;
#1179 = EDGE_CURVE ( 'NONE', #1056, #4284, #11393, .T. ) ;
#1180 = CIRCLE ( 'NONE', #2707, 1.000000000000000888 ) ;
#1181 = ORIENTED_EDGE ( 'NONE', *, *, #1600, .T. ) ;
#1182 = CARTESIAN_POINT ( 'NONE',  ( 19.55000000000000071, -17.50534825036275066, 41.45000000000000284 ) ) ;
#1183 = ORIENTED_EDGE ( 'NONE', *, *, #1486, .F. ) ;
#1184 = DIRECTION ( 'NONE',  ( 1.000000000000000000, 0.000000000000000000, 0.000000000000000000 ) ) ;
#1185 = DIRECTION ( 'NONE',  ( -1.000000000000000000, 0.000000000000000000, 0.000000000000000000 ) ) ;
#1186 = CARTESIAN_POINT ( 'NONE',  ( 42.95000000000000284, -6.812339080949070258, 9.825321660488031128 ) ) ;
#1187 = CIRCLE ( 'NONE', #9583, 0.8999999999999980238 ) ;
#1188 = DIRECTION ( 'NONE',  ( 0.000000000000000000, -1.000000000000000000, 0.000000000000000000 ) ) ;
#1189 = VECTOR ( 'NONE', #25, 1000.000000000000000 ) ;
#1190 = VECTOR ( 'NONE', #2131, 1000.000000000000000 ) ;
#1191 = ADVANCED_FACE ( 'NONE', ( #2204, #6676, #7701, #8533, #483, #6617, #10315, #5837, #2146, #3215, #9484, #2974, #1304, #9431, #1247, #422, #356, #4050, #7633, #11271, #11339, #9550, #1368, #4104, #7756, #2431, #5239, #9672, #10610 ), #11576, .T. ) ;
#1192 = EDGE_LOOP ( 'NONE', ( #9748, #4849, #5062, #6345 ) ) ;
#1193 = DIRECTION ( 'NONE',  ( -1.000000000000000000, 0.000000000000000000, 1.674039542559039894E-16 ) ) ;
#1194 = CARTESIAN_POINT ( 'NONE',  ( 26.62963360958150005, -20.00534825036275066, -40.21794919243114919 ) ) ;
#1195 = VERTEX_POINT ( 'NONE', #4332 ) ;
#1196 = CARTESIAN_POINT ( 'NONE',  ( 39.71666965375899139, -7.061322562860168794, 28.90617613701915189 ) ) ;
#1197 = ORIENTED_EDGE ( 'NONE', *, *, #2581, .F. ) ;
#1198 = DIRECTION ( 'NONE',  ( 0.000000000000000000, 0.000000000000000000, 1.000000000000000000 ) ) ;
#1199 = ORIENTED_EDGE ( 'NONE', *, *, #6546, .F. ) ;
#1200 = LINE ( 'NONE', #4837, #7257 ) ;
#1201 = AXIS2_PLACEMENT_3D ( 'NONE', #11443, #2195, #6845 ) ;
#1202 = LINE ( 'NONE', #3044, #1586 ) ;
#1203 = CARTESIAN_POINT ( 'NONE',  ( 39.47402740632239926, -7.693141371029299513, 33.94217499631254498 ) ) ;
#1204 = DIRECTION ( 'NONE',  ( 0.000000000000000000, -1.000000000000000000, 0.000000000000000000 ) ) ;
#1205 = DIRECTION ( 'NONE',  ( 0.000000000000000000, -1.000000000000000000, 0.000000000000000000 ) ) ;
#1206 = CYLINDRICAL_SURFACE ( 'NONE', #1755, 1.000000000000000888 ) ;
#1207 = AXIS2_PLACEMENT_3D ( 'NONE', #5187, #8844, #668 ) ;
#1208 = DIRECTION ( 'NONE',  ( -1.000000000000000000, 0.000000000000000000, -1.084202172485499627E-16 ) ) ;
#1209 = EDGE_LOOP ( 'NONE', ( #6441, #7012 ) ) ;
#1210 = DIRECTION ( 'NONE',  ( 0.000000000000000000, 0.000000000000000000, 1.000000000000000000 ) ) ;
#1211 = ORIENTED_EDGE ( 'NONE', *, *, #3227, .F. ) ;
#1212 = AXIS2_PLACEMENT_3D ( 'NONE', #2795, #5652, #5713 ) ;
#1213 = CARTESIAN_POINT ( 'NONE',  ( 27.12963360958150005, -18.50534825036275421, -40.21794919243114919 ) ) ;
#1214 = ORIENTED_EDGE ( 'NONE', *, *, #11547, .F. ) ;
#1215 = VERTEX_POINT ( 'NONE', #5112 ) ;
#1216 = ORIENTED_EDGE ( 'NONE', *, *, #5410, .F. ) ;
#1217 = CARTESIAN_POINT ( 'NONE',  ( 11.09446073845647085, -19.50223904204035463, -41.98793254278928799 ) ) ;
#1218 = FACE_OUTER_BOUND ( 'NONE', #377, .T. ) ;
#1219 = DIRECTION ( 'NONE',  ( -1.000000000000000000, 0.000000000000000000, 0.000000000000000000 ) ) ;
#1220 = CARTESIAN_POINT ( 'NONE',  ( 39.47402740632243479, -7.693141371029307507, 33.94217499631252366 ) ) ;
#1221 = EDGE_LOOP ( 'NONE', ( #10766, #4094, #2485, #3650 ) ) ;
#1222 = CARTESIAN_POINT ( 'NONE',  ( 10.74274633830949455, -19.60706496327770409, -41.75274334399325227 ) ) ;
#1223 = VERTEX_POINT ( 'NONE', #8947 ) ;
#1224 = EDGE_CURVE ( 'NONE', #9688, #11125, #769, .T. ) ;
#1225 = ORIENTED_EDGE ( 'NONE', *, *, #7724, .T. ) ;
#1226 = CARTESIAN_POINT ( 'NONE',  ( -37.75000000000000000, -7.005348250362779972, -30.94999999999999929 ) ) ;
#1227 = CARTESIAN_POINT ( 'NONE',  ( -41.45000000000000284, -3.705348250362780149, 41.45000000000000284 ) ) ;
#1228 = EDGE_CURVE ( 'NONE', #5866, #2782, #176, .T. ) ;
#1229 = CARTESIAN_POINT ( 'NONE',  ( 3.950745019243990352, -14.50534825036277908, 40.95000000000000284 ) ) ;
#1230 = CARTESIAN_POINT ( 'NONE',  ( -40.95000000000000284, -8.005348250362779083, -34.87555728527809151 ) ) ;
#1232 = VERTEX_POINT ( 'NONE', #2494 ) ;
#1231 = ADVANCED_FACE ( 'NONE', ( #7882 ), #10787, .F. ) ;
#1233 = DIRECTION ( 'NONE',  ( 0.000000000000000000, 1.000000000000000000, 0.000000000000000000 ) ) ;
#1234 = CARTESIAN_POINT ( 'NONE',  ( 24.35000000000000142, -16.51385150205409857, 20.75000000000000000 ) ) ;
#1235 = EDGE_LOOP ( 'NONE', ( #1116, #13, #7505, #6405 ) ) ;
#1236 = FACE_OUTER_BOUND ( 'NONE', #8057, .T. ) ;
#1237 = ORIENTED_EDGE ( 'NONE', *, *, #3874, .T. ) ;
#1238 = CARTESIAN_POINT ( 'NONE',  ( 11.13246837166748193, -19.49851126123590106, -41.83326424768864626 ) ) ;
#1239 = ORIENTED_EDGE ( 'NONE', *, *, #9625, .F. ) ;
#1240 = LINE ( 'NONE', #8660, #4786 ) ;
#1241 = ORIENTED_EDGE ( 'NONE', *, *, #6632, .F. ) ;
#1242 = EDGE_CURVE ( 'NONE', #5766, #2210, #6134, .T. ) ;
#1243 = CARTESIAN_POINT ( 'NONE',  ( 16.44999999999999929, -12.30534825036276025, 22.50000000000000000 ) ) ;
#1244 = ORIENTED_EDGE ( 'NONE', *, *, #7961, .F. ) ;
#1245 = EDGE_CURVE ( 'NONE', #11065, #7516, #6931, .T. ) ;
#1246 = DIRECTION ( 'NONE',  ( 0.000000000000000000, 1.000000000000000000, 0.000000000000000000 ) ) ;
#1247 = FACE_BOUND ( 'NONE', #7876, .T. ) ;
#1248 = EDGE_CURVE ( 'NONE', #4612, #10989, #711, .T. ) ;
#1249 = VERTEX_POINT ( 'NONE', #6017 ) ;
#1250 = FACE_OUTER_BOUND ( 'NONE', #9110, .T. ) ;
#1251 = CARTESIAN_POINT ( 'NONE',  ( 26.63552177188523018, -20.49042621079471260, -40.49834917194171879 ) ) ;
#1252 = ORIENTED_EDGE ( 'NONE', *, *, #2182, .F. ) ;
#1253 = CARTESIAN_POINT ( 'NONE',  ( 42.95000000000000284, -6.511642939418550213, 17.47839609287465024 ) ) ;
#1254 = ORIENTED_EDGE ( 'NONE', *, *, #2236, .T. ) ;
#1255 = DIRECTION ( 'NONE',  ( 0.000000000000000000, 0.000000000000000000, -1.000000000000000000 ) ) ;
#1256 = EDGE_CURVE ( 'NONE', #1249, #3459, #5915, .T. ) ;
#1257 = CARTESIAN_POINT ( 'NONE',  ( 41.45000000000000284, -1.705348250362779927, 41.45000000000000284 ) ) ;
#1258 = CARTESIAN_POINT ( 'NONE',  ( 37.75000000000000000, -8.005348250362779083, -30.94999999999999929 ) ) ;
#1259 = DIRECTION ( 'NONE',  ( -1.000000000000000000, 0.000000000000000000, 0.000000000000000000 ) ) ;
#1260 = LINE ( 'NONE', #4894, #2123 ) ;
#1261 = CYLINDRICAL_SURFACE ( 'NONE', #10134, 0.3594872681224082767 ) ;
#1262 = CARTESIAN_POINT ( 'NONE',  ( -39.95000000000000284, -7.005348250362779972, -28.02444271472189996 ) ) ;
#1263 = ORIENTED_EDGE ( 'NONE', *, *, #6037, .F. ) ;
#1264 = CARTESIAN_POINT ( 'NONE',  ( -39.69707467209263996, -16.79005100960661068, -27.99193305118109976 ) ) ;
#1265 = VERTEX_POINT ( 'NONE', #1603 ) ;
#1266 = DIRECTION ( 'NONE',  ( -1.674039542559039894E-16, 0.000000000000000000, -1.000000000000000000 ) ) ;
#1267 = ORIENTED_EDGE ( 'NONE', *, *, #4233, .T. ) ;
#1268 = EDGE_LOOP ( 'NONE', ( #4721, #624, #5918, #11120 ) ) ;
#1269 = ORIENTED_EDGE ( 'NONE', *, *, #379, .T. ) ;
#1270 = ORIENTED_EDGE ( 'NONE', *, *, #3292, .T. ) ;
#1271 = EDGE_CURVE ( 'NONE', #4012, #2309, #6989, .T. ) ;
#1272 = DIRECTION ( 'NONE',  ( 0.000000000000000000, 0.000000000000000000, -1.000000000000000000 ) ) ;
#1273 = CARTESIAN_POINT ( 'NONE',  ( 42.05481555856610498, -1.705348250362779927, 41.45000000000000284 ) ) ;
#1274 = CARTESIAN_POINT ( 'NONE',  ( 42.95000000000000284, -6.812339080949070258, -11.17467833951197953 ) ) ;
#1275 = CARTESIAN_POINT ( 'NONE',  ( 37.75000000000000000, -7.005348250362779972, 30.94999999999999929 ) ) ;
#1276 = ORIENTED_EDGE ( 'NONE', *, *, #4482, .T. ) ;
#1277 = DIRECTION ( 'NONE',  ( 0.000000000000000000, -1.000000000000000000, 0.000000000000000000 ) ) ;
#1278 = ORIENTED_EDGE ( 'NONE', *, *, #962, .T. ) ;
#1279 = CARTESIAN_POINT ( 'NONE',  ( -39.46111111111110148, -8.005348250362779083, 34.00321122188300649 ) ) ;
#1280 = CYLINDRICAL_SURFACE ( 'NONE', #11232, 1.000000000000000888 ) ;
#1281 = CARTESIAN_POINT ( 'NONE',  ( -39.46111111413635086, -7.925270358654159963, 34.00321122018755204 ) ) ;
#1282 = CARTESIAN_POINT ( 'NONE',  ( -39.48165284103080097, -7.620694738669699930, -33.90663311188180273 ) ) ;
#1283 = ADVANCED_FACE ( 'NONE', ( #5180 ), #2606, .F. ) ;
#1284 = ORIENTED_EDGE ( 'NONE', *, *, #7096, .F. ) ;
#1285 = CIRCLE ( 'NONE', #4739, 1.000000000000000888 ) ;
#1286 = CARTESIAN_POINT ( 'NONE',  ( 28.13033004156050154, -19.50534825036275066, -40.52145830494129797 ) ) ;
#1287 = CARTESIAN_POINT ( 'NONE',  ( 27.10313549736571659, -20.19750884441150518, -41.28697502757390936 ) ) ;
#1288 = LINE ( 'NONE', #3084, #9008 ) ;
#1289 = ORIENTED_EDGE ( 'NONE', *, *, #1761, .F. ) ;
#1290 = DIRECTION ( 'NONE',  ( 0.000000000000000000, -1.000000000000000000, 0.000000000000000000 ) ) ;
#1291 = CARTESIAN_POINT ( 'NONE',  ( 42.95000000000000284, -6.812339080949070258, -4.174678339511975089 ) ) ;
#1292 = EDGE_CURVE ( 'NONE', #11442, #11521, #4391, .T. ) ;
#1293 = ORIENTED_EDGE ( 'NONE', *, *, #1228, .F. ) ;
#1294 = CARTESIAN_POINT ( 'NONE',  ( 11.21946324721116994, -19.49169556968652017, -41.77088150953518664 ) ) ;
#1295 = AXIS2_PLACEMENT_3D ( 'NONE', #5466, #10127, #10186 ) ;
#1296 = ORIENTED_EDGE ( 'NONE', *, *, #2344, .T. ) ;
#1297 = ADVANCED_FACE ( 'NONE', ( #663 ), #7252, .F. ) ;
#1298 = DIRECTION ( 'NONE',  ( 1.000000000000000000, -3.635804631495415109E-16, 0.000000000000000000 ) ) ;
#1299 = AXIS2_PLACEMENT_3D ( 'NONE', #3867, #9242, #2132 ) ;
#1300 = ORIENTED_EDGE ( 'NONE', *, *, #7071, .T. ) ;
#1301 = CARTESIAN_POINT ( 'NONE',  ( 41.95000000000000284, -18.50534825036275421, 41.45000000000000284 ) ) ;
#1302 = DIRECTION ( 'NONE',  ( 0.000000000000000000, 0.000000000000000000, -1.000000000000000000 ) ) ;
#1303 = DIRECTION ( 'NONE',  ( 0.000000000000000000, -0.9083415329249424630, 0.4182291950158018023 ) ) ;
#1304 = FACE_BOUND ( 'NONE', #6779, .T. ) ;
#1305 = AXIS2_PLACEMENT_3D ( 'NONE', #4733, #5686, #2891 ) ;
#1306 = VERTEX_POINT ( 'NONE', #3284 ) ;
#1307 = CARTESIAN_POINT ( 'NONE',  ( 40.95000000000000284, -13.35186151901900153, 6.232087024634219929 ) ) ;
#1308 = CARTESIAN_POINT ( 'NONE',  ( 26.62898865930225156, -19.97766669865259814, -40.63520113780769805 ) ) ;
#1309 = ORIENTED_EDGE ( 'NONE', *, *, #7013, .T. ) ;
#1310 = CARTESIAN_POINT ( 'NONE',  ( 9.691618009122251465, -19.50062731880120026, -42.05315423253210128 ) ) ;
#1311 = ORIENTED_EDGE ( 'NONE', *, *, #9007, .T. ) ;
#1312 = ADVANCED_FACE ( 'NONE', ( #4281 ), #782, .T. ) ;
#1313 = FACE_OUTER_BOUND ( 'NONE', #5593, .T. ) ;
#1314 = CIRCLE ( 'NONE', #3610, 1.000000000000000888 ) ;
#1315 = DIRECTION ( 'NONE',  ( 0.000000000000000000, 0.000000000000000000, 1.000000000000000000 ) ) ;
#1316 = CIRCLE ( 'NONE', #6273, 0.5000000000000004441 ) ;
#1317 = CARTESIAN_POINT ( 'NONE',  ( 39.46111111111110148, -16.50534825036275066, -34.00321122188300649 ) ) ;
#1318 = CARTESIAN_POINT ( 'NONE',  ( -40.95000000000000284, -13.20151344825372064, -14.44137575917246075 ) ) ;
#1319 = CYLINDRICAL_SURFACE ( 'NONE', #3268, 3.500000000000003109 ) ;
#1320 = DIRECTION ( 'NONE',  ( 0.000000000000000000, -1.000000000000000000, 0.000000000000000000 ) ) ;
#1321 = DIRECTION ( 'NONE',  ( 1.000000000000000000, 0.000000000000000000, 0.000000000000000000 ) ) ;
#1322 = CARTESIAN_POINT ( 'NONE',  ( -41.45000000000000284, -18.50534825036275421, 41.45000000000000284 ) ) ;
#1323 = ORIENTED_EDGE ( 'NONE', *, *, #3963, .T. ) ;
#1324 = CARTESIAN_POINT ( 'NONE',  ( -39.95000000000000284, -6.005348250362779972, 32.13743420870380163 ) ) ;
#1325 = EDGE_LOOP ( 'NONE', ( #11191, #9249, #6239, #623 ) ) ;
#1326 = DIRECTION ( 'NONE',  ( 0.000000000000000000, -1.000000000000000000, 0.000000000000000000 ) ) ;
#1327 = EDGE_LOOP ( 'NONE', ( #6403, #1090, #1760, #5539 ) ) ;
#1328 = ORIENTED_EDGE ( 'NONE', *, *, #834, .F. ) ;
#1329 = ADVANCED_FACE ( 'NONE', ( #8110 ), #7336, .T. ) ;
#1330 = ORIENTED_EDGE ( 'NONE', *, *, #5401, .T. ) ;
#1331 = AXIS2_PLACEMENT_3D ( 'NONE', #2202, #2074, #4879 ) ;
#1332 = VECTOR ( 'NONE', #7369, 1000.000000000000000 ) ;
#1333 = CARTESIAN_POINT ( 'NONE',  ( 26.40554038392916425, -19.58722762956163166, -41.56365463788264947 ) ) ;
#1334 = DIRECTION ( 'NONE',  ( 0.000000000000000000, -0.9083415329249427961, 0.4182291950158013583 ) ) ;
#1335 = DIRECTION ( 'NONE',  ( 0.000000000000000000, 0.000000000000000000, -1.000000000000000000 ) ) ;
#1336 = AXIS2_PLACEMENT_3D ( 'NONE', #4893, #7827, #1385 ) ;
#1337 = DIRECTION ( 'NONE',  ( 0.000000000000000000, -1.000000000000000000, 0.000000000000000000 ) ) ;
#1338 = ADVANCED_FACE ( 'NONE', ( #5639 ), #10905, .T. ) ;
#1339 = ORIENTED_EDGE ( 'NONE', *, *, #4278, .F. ) ;
#1340 = DIRECTION ( 'NONE',  ( 0.000000000000000000, 1.000000000000000000, 0.000000000000000000 ) ) ;
#1341 = EDGE_LOOP ( 'NONE', ( #11726, #2578, #8871, #11514 ) ) ;
#1342 = CARTESIAN_POINT ( 'NONE',  ( 42.95000000000000284, -13.50220958978423980, 19.90554980844089883 ) ) ;
#1343 = CARTESIAN_POINT ( 'NONE',  ( 42.95000000000000284, -6.661991010183810680, 17.15185887668135223 ) ) ;
#1344 = AXIS2_PLACEMENT_3D ( 'NONE', #9040, #3541, #733 ) ;
#1345 = VECTOR ( 'NONE', #6499, 1000.000000000000000 ) ;
#1346 = CARTESIAN_POINT ( 'NONE',  ( 37.75000000000000000, -8.005348250362779083, 30.94999999999999929 ) ) ;
#1347 = EDGE_CURVE ( 'NONE', #8202, #10107, #56, .T. ) ;
#1348 = CARTESIAN_POINT ( 'NONE',  ( -40.95000000000003126, -7.606392753683966390, -33.15575013372863111 ) ) ;
#1349 = EDGE_LOOP ( 'NONE', ( #10831, #9713, #6109, #7397 ) ) ;
#1350 = AXIS2_PLACEMENT_3D ( 'NONE', #6376, #6611, #5598 ) ;
#1351 = FACE_OUTER_BOUND ( 'NONE', #4923, .T. ) ;
#1352 = CARTESIAN_POINT ( 'NONE',  ( 27.08424018266156708, -20.10783278942602692, -41.41519547246259947 ) ) ;
#1353 = AXIS2_PLACEMENT_3D ( 'NONE', #5430, #5375, #6263 ) ;
#1354 = FACE_OUTER_BOUND ( 'NONE', #11085, .T. ) ;
#1355 = ORIENTED_EDGE ( 'NONE', *, *, #1900, .T. ) ;
#1356 = CARTESIAN_POINT ( 'NONE',  ( 41.95000000000000284, -18.50534825036275421, 41.45000000000000284 ) ) ;
#1357 = DIRECTION ( 'NONE',  ( -1.000000000000000000, 0.000000000000000000, 0.000000000000000000 ) ) ;
#1358 = ORIENTED_EDGE ( 'NONE', *, *, #3487, .T. ) ;
#1359 = CARTESIAN_POINT ( 'NONE',  ( -39.95000000000000284, -6.005348250362779972, -30.94999999999999929 ) ) ;
#1360 = EDGE_LOOP ( 'NONE', ( #5803, #7297, #4904, #6041 ) ) ;
#1361 = VECTOR ( 'NONE', #11523, 1000.000000000000000 ) ;
#1362 = CIRCLE ( 'NONE', #7848, 2.500000000000002220 ) ;
#1363 = AXIS2_PLACEMENT_3D ( 'NONE', #6465, #10001, #3613 ) ;
#1364 = DIRECTION ( 'NONE',  ( 1.000000000000000000, 0.000000000000000000, 0.000000000000000000 ) ) ;
#1365 = DIRECTION ( 'NONE',  ( -2.698774586721194836E-16, 0.000000000000000000, 1.000000000000000000 ) ) ;
#1366 = EDGE_CURVE ( 'NONE', #5766, #351, #10013, .T. ) ;
#1367 = CARTESIAN_POINT ( 'NONE',  ( 16.44999999999999929, -12.30534825036276025, 20.75000000000000000 ) ) ;
#1368 = FACE_BOUND ( 'NONE', #4991, .T. ) ;
#1369 = CIRCLE ( 'NONE', #1570, 7.500000000000000000 ) ;
#1370 = EDGE_LOOP ( 'NONE', ( #2086, #580 ) ) ;
#1371 = CARTESIAN_POINT ( 'NONE',  ( 10.64333106824331843, -19.88661233502569203, -41.03177976470923483 ) ) ;
#1372 = CARTESIAN_POINT ( 'NONE',  ( 26.66750119339787517, -20.39154152769893713, -40.89590790520819041 ) ) ;
#1373 = ORIENTED_EDGE ( 'NONE', *, *, #11087, .F. ) ;
#1374 = AXIS2_PLACEMENT_3D ( 'NONE', #4064, #6763, #4779 ) ;
#1375 = CARTESIAN_POINT ( 'NONE',  ( -39.63296566873724913, -7.139451988590720610, 33.29235177973934867 ) ) ;
#1376 = EDGE_CURVE ( 'NONE', #2413, #6200, #9562, .T. ) ;
#1377 = ORIENTED_EDGE ( 'NONE', *, *, #20, .T. ) ;
#1378 = DIRECTION ( 'NONE',  ( 1.000000000000000000, 0.000000000000000000, 0.000000000000000000 ) ) ;
#1379 = AXIS2_PLACEMENT_3D ( 'NONE', #4383, #1644, #5277 ) ;
#1380 = CARTESIAN_POINT ( 'NONE',  ( 14.05000000000000071, -17.50534825036275066, 20.75000000000000000 ) ) ;
#1381 = CIRCLE ( 'NONE', #1765, 0.3594872681224064448 ) ;
#1382 = EDGE_CURVE ( 'NONE', #8702, #5312, #5417, .T. ) ;
#1383 = CIRCLE ( 'NONE', #5193, 1.000000000000000888 ) ;
#1384 = CARTESIAN_POINT ( 'NONE',  ( -40.95000000000000284, -39.63556012225755154, -2.270303909271404574 ) ) ;
#1385 = DIRECTION ( 'NONE',  ( -1.000000000000000000, 0.000000000000000000, 0.000000000000000000 ) ) ;
#1386 = AXIS2_PLACEMENT_3D ( 'NONE', #1258, #4241, #1440 ) ;
#1387 = FACE_OUTER_BOUND ( 'NONE', #5105, .T. ) ;
#1388 = ADVANCED_FACE ( 'NONE', ( #5527 ), #8223, .F. ) ;
#1389 = CARTESIAN_POINT ( 'NONE',  ( -22.84999999999999787, -17.50534825036275066, 21.85000000000000142 ) ) ;
#1390 = CARTESIAN_POINT ( 'NONE',  ( 25.96360269682468669, -19.49539555319333672, -41.78615765079306499 ) ) ;
#1391 = VERTEX_POINT ( 'NONE', #1783 ) ;
#1392 = DIRECTION ( 'NONE',  ( 0.000000000000000000, 1.000000000000000000, 0.000000000000000000 ) ) ;
#1393 = TOROIDAL_SURFACE ( 'NONE', #2910, 2.600000000000000089, 0.5000000000000000000 ) ;
#1394 = ORIENTED_EDGE ( 'NONE', *, *, #2120, .T. ) ;
#1395 = CARTESIAN_POINT ( 'NONE',  ( 14.05000000000000071, -16.51385150205409857, 0.000000000000000000 ) ) ;
#1396 = ORIENTED_EDGE ( 'NONE', *, *, #10987, .F. ) ;
#1397 = EDGE_LOOP ( 'NONE', ( #8551, #7063, #5757, #5889, #7066, #8641, #8626, #8095 ) ) ;
#1398 = ORIENTED_EDGE ( 'NONE', *, *, #6625, .F. ) ;
#1399 = ADVANCED_FACE ( 'NONE', ( #9178 ), #3191, .F. ) ;
#1400 = VECTOR ( 'NONE', #10384, 1000.000000000000000 ) ;
#1401 = DIRECTION ( 'NONE',  ( -1.000000000000000000, 0.000000000000000000, 1.674039542559039894E-16 ) ) ;
#1402 = DIRECTION ( 'NONE',  ( 0.000000000000000000, 0.000000000000000000, 1.000000000000000000 ) ) ;
#1403 = ADVANCED_FACE ( 'NONE', ( #930 ), #8337, .T. ) ;
#1404 = DIRECTION ( 'NONE',  ( 0.000000000000000000, 0.000000000000000000, 1.000000000000000000 ) ) ;
#1405 = LINE ( 'NONE', #5926, #3099 ) ;
#1406 = ORIENTED_EDGE ( 'NONE', *, *, #3046, .T. ) ;
#1407 = FACE_OUTER_BOUND ( 'NONE', #11300, .T. ) ;
#1408 = ORIENTED_EDGE ( 'NONE', *, *, #44, .T. ) ;
#1409 = CARTESIAN_POINT ( 'NONE',  ( 12.12963360958148051, -14.50534825036275954, -27.53619997939699715 ) ) ;
#1410 = DIRECTION ( 'NONE',  ( 0.000000000000000000, 1.000000000000000000, 0.000000000000000000 ) ) ;
#1411 = VECTOR ( 'NONE', #11332, 1000.000000000000114 ) ;
#1412 = CARTESIAN_POINT ( 'NONE',  ( 42.95000000000000284, -6.661991010183810680, 3.151858876681335353 ) ) ;
#1413 = DIRECTION ( 'NONE',  ( 0.000000000000000000, 0.000000000000000000, -1.000000000000000000 ) ) ;
#1414 = VERTEX_POINT ( 'NONE', #2904 ) ;
#1415 = VECTOR ( 'NONE', #9786, 1000.000000000000000 ) ;
#1416 = CARTESIAN_POINT ( 'NONE',  ( 42.95000000000000284, -6.812339080949070258, -11.17467833951197953 ) ) ;
#1417 = DIRECTION ( 'NONE',  ( 0.000000000000000000, 0.000000000000000000, 1.000000000000000000 ) ) ;
#1418 = CARTESIAN_POINT ( 'NONE',  ( 40.38079992301080523, -17.37715022707021006, 27.92900333455722617 ) ) ;
#1419 = ORIENTED_EDGE ( 'NONE', *, *, #4536, .T. ) ;
#1420 = DIRECTION ( 'NONE',  ( 0.000000000000000000, -1.000000000000000000, 0.000000000000000000 ) ) ;
#1421 = CARTESIAN_POINT ( 'NONE',  ( -40.95000000000000284, -13.35186151901900153, -0.4084257072433549740 ) ) ;
#1422 = ORIENTED_EDGE ( 'NONE', *, *, #7945, .T. ) ;
#1423 = CARTESIAN_POINT ( 'NONE',  ( 28.12963360958149650, -19.50534825036275066, -40.21794919243114919 ) ) ;
#1424 = DIRECTION ( 'NONE',  ( 0.000000000000000000, -1.000000000000000000, 0.000000000000000000 ) ) ;
#1425 = ORIENTED_EDGE ( 'NONE', *, *, #11767, .T. ) ;
#1426 = DIRECTION ( 'NONE',  ( 0.000000000000000000, 0.000000000000000000, -1.000000000000000000 ) ) ;
#1427 = AXIS2_PLACEMENT_3D ( 'NONE', #4458, #6477, #927 ) ;
#1428 = CARTESIAN_POINT ( 'NONE',  ( 42.95000000000000284, -13.50220958978423980, 12.90554980844090238 ) ) ;
#1429 = FACE_OUTER_BOUND ( 'NONE', #9308, .T. ) ;
#1430 = LINE ( 'NONE', #304, #8460 ) ;
#1431 = DIRECTION ( 'NONE',  ( 0.000000000000000000, -1.000000000000000000, 0.000000000000000000 ) ) ;
#1432 = EDGE_LOOP ( 'NONE', ( #2194, #5296, #642, #1241, #11394 ) ) ;
#1433 = CARTESIAN_POINT ( 'NONE',  ( 10.81663378140849652, -19.61513224281195988, -41.53417883130250488 ) ) ;
#1434 = DIRECTION ( 'NONE',  ( 0.000000000000000000, 0.000000000000000000, -1.000000000000000000 ) ) ;
#1435 = CARTESIAN_POINT ( 'NONE',  ( 19.55000000000000071, -19.50534825036275066, 20.75000000000000000 ) ) ;
#1436 = EDGE_CURVE ( 'NONE', #2642, #3161, #8352, .T. ) ;
#1437 = ORIENTED_EDGE ( 'NONE', *, *, #3273, .T. ) ;
#1438 = CARTESIAN_POINT ( 'NONE',  ( 10.34253243444682013, -19.68291636587315097, -41.83452994616209963 ) ) ;
#1439 = CARTESIAN_POINT ( 'NONE',  ( 42.95000000000000284, -13.20151344825372064, -14.44137575917246075 ) ) ;
#1440 = DIRECTION ( 'NONE',  ( -3.965082230804130614E-15, 0.000000000000000000, 1.000000000000000000 ) ) ;
#1441 = CARTESIAN_POINT ( 'NONE',  ( 37.75000000000000000, -19.00534825036275421, 30.94999999999999929 ) ) ;
#1442 = EDGE_CURVE ( 'NONE', #7296, #3801, #10960, .T. ) ;
#1443 = PLANE ( 'NONE',  #10348 ) ;
#1444 = CARTESIAN_POINT ( 'NONE',  ( -28.25000000000000000, -17.50534825036275066, 28.25000000000000000 ) ) ;
#1445 = CARTESIAN_POINT ( 'NONE',  ( -20.15000000000000213, -19.50534825036275066, 23.85000000000000142 ) ) ;
#1446 = ORIENTED_EDGE ( 'NONE', *, *, #10581, .T. ) ;
#1447 = VERTEX_POINT ( 'NONE', #3742 ) ;
#1448 = CARTESIAN_POINT ( 'NONE',  ( -39.78186789785643640, -16.88214734859555932, -28.01047111564933445 ) ) ;
#1449 = EDGE_LOOP ( 'NONE', ( #2277, #10274, #3444, #10398 ) ) ;
#1450 = CARTESIAN_POINT ( 'NONE',  ( 40.95000000000000284, -19.50534825036275066, 34.87555728527809151 ) ) ;
#1451 = VERTEX_POINT ( 'NONE', #7387 ) ;
#1452 = ORIENTED_EDGE ( 'NONE', *, *, #4776, .F. ) ;
#1453 = ORIENTED_EDGE ( 'NONE', *, *, #3366, .F. ) ;
#1454 = DIRECTION ( 'NONE',  ( 0.000000000000000000, 0.000000000000000000, 1.000000000000000000 ) ) ;
#1455 = DIRECTION ( 'NONE',  ( 0.000000000000000000, 0.000000000000000000, -1.000000000000000000 ) ) ;
#1456 = LINE ( 'NONE', #10354, #751 ) ;
#1457 = DIRECTION ( 'NONE',  ( 7.001322103090877533E-17, -0.9083415329249426851, 0.4182291950158013027 ) ) ;
#1458 = ORIENTED_EDGE ( 'NONE', *, *, #1977, .F. ) ;
#1459 = DIRECTION ( 'NONE',  ( 0.000000000000000000, 0.000000000000000000, -1.000000000000000000 ) ) ;
#1460 = ORIENTED_EDGE ( 'NONE', *, *, #11731, .F. ) ;
#1461 = CARTESIAN_POINT ( 'NONE',  ( 26.45000000000000284, -10.00534825036277908, 40.95000000000000284 ) ) ;
#1462 = CARTESIAN_POINT ( 'NONE',  ( 9.129633609531330407, -19.50534825036275066, -40.36967454574390501 ) ) ;
#1463 = ORIENTED_EDGE ( 'NONE', *, *, #7575, .F. ) ;
#1464 = EDGE_CURVE ( 'NONE', #11253, #5782, #8927, .T. ) ;
#1465 = EDGE_CURVE ( 'NONE', #7103, #2173, #3206, .T. ) ;
#1466 = LINE ( 'NONE', #5938, #5140 ) ;
#1467 = PLANE ( 'NONE',  #4610 ) ;
#1468 = DIRECTION ( 'NONE',  ( 0.000000000000000000, 1.000000000000000000, 0.000000000000000000 ) ) ;
#1469 = DIRECTION ( 'NONE',  ( 0.000000000000000000, -1.000000000000000000, 0.000000000000000000 ) ) ;
#1470 = VERTEX_POINT ( 'NONE', #7205 ) ;
#1471 = DIRECTION ( 'NONE',  ( 1.000000000000000000, 0.000000000000000000, 0.000000000000000000 ) ) ;
#1472 = CARTESIAN_POINT ( 'NONE',  ( 19.55000000000000071, -16.51385150205409857, 27.17781907207880110 ) ) ;
#1473 = VERTEX_POINT ( 'NONE', #9290 ) ;
#1474 = FACE_OUTER_BOUND ( 'NONE', #10817, .T. ) ;
#1475 = CARTESIAN_POINT ( 'NONE',  ( 41.45000000000000284, -17.50534825036275066, 40.95000000000000284 ) ) ;
#1476 = ORIENTED_EDGE ( 'NONE', *, *, #6556, .T. ) ;
#1477 = CARTESIAN_POINT ( 'NONE',  ( 42.95000000000000284, -13.20151344825372064, 6.558624240827529484 ) ) ;
#1478 = ADVANCED_FACE ( 'NONE', ( #4460 ), #4509, .F. ) ;
#1479 = CARTESIAN_POINT ( 'NONE',  ( 42.95000000000000284, -13.20151344825372064, 20.55862424082754814 ) ) ;
#1480 = CARTESIAN_POINT ( 'NONE',  ( 42.95000000000000284, -13.50220958978423980, -15.09445019155910117 ) ) ;
#1481 = DIRECTION ( 'NONE',  ( 0.000000000000000000, -0.9083415329249426851, 0.4182291950158013027 ) ) ;
#1482 = CARTESIAN_POINT ( 'NONE',  ( 25.99169651237301792, -19.50534825036275066, -41.87635889694247737 ) ) ;
#1483 = ORIENTED_EDGE ( 'NONE', *, *, #3065, .T. ) ;
#1484 = CARTESIAN_POINT ( 'NONE',  ( 10.97355995623857439, -19.52544069481055899, -41.61909823167069078 ) ) ;
#1485 = DIRECTION ( 'NONE',  ( 0.000000000000000000, 0.000000000000000000, 1.000000000000000000 ) ) ;
#1486 = EDGE_CURVE ( 'NONE', #2691, #6200, #11403, .T. ) ;
#1487 = FACE_BOUND ( 'NONE', #3137, .T. ) ;
#1488 = AXIS2_PLACEMENT_3D ( 'NONE', #2354, #7729, #11364 ) ;
#1489 = EDGE_LOOP ( 'NONE', ( #561, #1877, #5290, #1453 ) ) ;
#1490 = CARTESIAN_POINT ( 'NONE',  ( -39.95000000000000284, -7.005348250362779972, -27.02444271472190351 ) ) ;
#1491 = LINE ( 'NONE', #4343, #6157 ) ;
#1492 = CARTESIAN_POINT ( 'NONE',  ( 39.54725500684016026, -7.308531440958519809, 28.27663614210580079 ) ) ;
#1493 = DIRECTION ( 'NONE',  ( 0.000000000000000000, 0.000000000000000000, -1.000000000000000000 ) ) ;
#1494 = AXIS2_PLACEMENT_3D ( 'NONE', #5827, #7511, #10190 ) ;
#1495 = DIRECTION ( 'NONE',  ( 0.000000000000000000, 0.000000000000000000, 1.000000000000000000 ) ) ;
#1496 = EDGE_CURVE ( 'NONE', #1056, #3670, #11243, .T. ) ;
#1497 = LINE ( 'NONE', #5126, #3646 ) ;
#1498 = DIRECTION ( 'NONE',  ( -1.000000000000000000, 0.000000000000000000, 0.000000000000000000 ) ) ;
#1499 = DIRECTION ( 'NONE',  ( 0.000000000000000000, 0.000000000000000000, 1.000000000000000000 ) ) ;
#1500 = VERTEX_POINT ( 'NONE', #6730 ) ;
#1501 = ORIENTED_EDGE ( 'NONE', *, *, #7071, .F. ) ;
#1502 = CARTESIAN_POINT ( 'NONE',  ( 40.95000000000000284, -6.005348227543000128, -29.44530588873764643 ) ) ;
#1503 = ORIENTED_EDGE ( 'NONE', *, *, #8153, .F. ) ;
#1504 = CARTESIAN_POINT ( 'NONE',  ( -22.84999999999999787, -19.50534825036275066, 19.14999999999999858 ) ) ;
#1505 = ORIENTED_EDGE ( 'NONE', *, *, #8257, .F. ) ;
#1506 = CIRCLE ( 'NONE', #1305, 1.000000000000000888 ) ;
#1507 = VECTOR ( 'NONE', #6904, 1000.000000000000000 ) ;
#1508 = VERTEX_POINT ( 'NONE', #7617 ) ;
#1510 = ORIENTED_EDGE ( 'NONE', *, *, #6546, .T. ) ;
#1509 = EDGE_CURVE ( 'NONE', #945, #10627, #6840, .T. ) ;
#1511 = EDGE_CURVE ( 'NONE', #1039, #3157, #6249, .T. ) ;
#1512 = VECTOR ( 'NONE', #3478, 1000.000000000000000 ) ;
#1513 = CARTESIAN_POINT ( 'NONE',  ( 25.44999999999999929, -11.50534825036277908, 42.95000000000000284 ) ) ;
#1514 = DIRECTION ( 'NONE',  ( 0.000000000000000000, 0.000000000000000000, 1.000000000000000000 ) ) ;
#1515 = CIRCLE ( 'NONE', #3985, 1.000000000000000888 ) ;
#1516 = CARTESIAN_POINT ( 'NONE',  ( -25.55000000000000071, -17.50534825036275066, 20.15000000000000213 ) ) ;
#1517 = CARTESIAN_POINT ( 'NONE',  ( 41.95000000000000284, -3.705348250362780149, -41.45000000000000284 ) ) ;
#1518 = ORIENTED_EDGE ( 'NONE', *, *, #5440, .T. ) ;
#1519 = DIRECTION ( 'NONE',  ( 1.000000000000000000, 0.000000000000000000, 0.000000000000000000 ) ) ;
#1520 = VECTOR ( 'NONE', #5586, 1000.000000000000000 ) ;
#1521 = ORIENTED_EDGE ( 'NONE', *, *, #8566, .F. ) ;
#1522 = LINE ( 'NONE', #8812, #7221 ) ;
#1523 = CARTESIAN_POINT ( 'NONE',  ( -40.95000000000000284, -34.61772699018344923, 8.627802424452079677 ) ) ;
#1524 = DIRECTION ( 'NONE',  ( -2.511059313838565264E-16, 0.000000000000000000, -1.000000000000000000 ) ) ;
#1525 = AXIS2_PLACEMENT_3D ( 'NONE', #4952, #10442, #7585 ) ;
#1526 = CARTESIAN_POINT ( 'NONE',  ( -40.95000000000000284, -7.235215155995500247, 34.70528976902320295 ) ) ;
#1527 = LINE ( 'NONE', #2543, #1552 ) ;
#1528 = DIRECTION ( 'NONE',  ( 0.000000000000000000, 0.000000000000000000, -1.000000000000000000 ) ) ;
#1529 = EDGE_CURVE ( 'NONE', #10107, #11723, #2630, .T. ) ;
#1530 = AXIS2_PLACEMENT_3D ( 'NONE', #2644, #6229, #7079 ) ;
#1531 = ORIENTED_EDGE ( 'NONE', *, *, #825, .T. ) ;
#1532 = FACE_OUTER_BOUND ( 'NONE', #7044, .T. ) ;
#1533 = DIRECTION ( 'NONE',  ( 0.000000000000000000, -0.9083415329249424630, 0.4182291950158018023 ) ) ;
#1534 = ORIENTED_EDGE ( 'NONE', *, *, #7292, .F. ) ;
#1535 = CARTESIAN_POINT ( 'NONE',  ( 18.62963360958150005, -17.50534825036275066, -34.03619997939700426 ) ) ;
#1536 = DIRECTION ( 'NONE',  ( 0.000000000000000000, 0.000000000000000000, -1.000000000000000000 ) ) ;
#1537 = VECTOR ( 'NONE', #8054, 1000.000000000000227 ) ;
#1538 = CIRCLE ( 'NONE', #11055, 2.599999999999998312 ) ;
#1539 = LINE ( 'NONE', #2603, #1415 ) ;
#1540 = DIRECTION ( 'NONE',  ( 0.000000000000000000, -1.000000000000000000, 0.000000000000000000 ) ) ;
#1541 = ADVANCED_FACE ( 'NONE', ( #5823 ), #11324, .F. ) ;
#1542 = CARTESIAN_POINT ( 'NONE',  ( -28.25000000000000000, -19.50534825036275066, 30.94999999999999929 ) ) ;
#1543 = LINE ( 'NONE', #4461, #8613 ) ;
#1544 = ADVANCED_FACE ( 'NONE', ( #7557 ), #7167, .F. ) ;
#1545 = EDGE_LOOP ( 'NONE', ( #4487, #7663, #11303, #1850 ) ) ;
#1546 = CARTESIAN_POINT ( 'NONE',  ( 39.95000000000000284, -6.005348250362779972, -32.13743420870390111 ) ) ;
#1547 = CARTESIAN_POINT ( 'NONE',  ( 26.36126845768090377, -19.55415137569401196, -41.95124890728473588 ) ) ;
#1548 = ADVANCED_FACE ( 'NONE', ( #1351 ), #468, .F. ) ;
#1549 = CARTESIAN_POINT ( 'NONE',  ( 37.75000000000000000, -7.005348250362779972, 30.94999999999999929 ) ) ;
#1550 = VECTOR ( 'NONE', #1791, 1000.000000000000000 ) ;
#1551 = AXIS2_PLACEMENT_3D ( 'NONE', #3490, #10811, #8981 ) ;
#1552 = VECTOR ( 'NONE', #8818, 1000.000000000000000 ) ;
#1553 = EDGE_LOOP ( 'NONE', ( #6060, #8249, #8212, #9995 ) ) ;
#1554 = DIRECTION ( 'NONE',  ( 1.000000000000000000, -3.635804631495415109E-16, 0.000000000000000000 ) ) ;
#1555 = CARTESIAN_POINT ( 'NONE',  ( -40.95000000000000284, -8.005348250362779083, 34.87555728527809151 ) ) ;
#1556 = CARTESIAN_POINT ( 'NONE',  ( 40.95000000000000995, -8.001901825225017362, 28.73120674957329257 ) ) ;
#1557 = EDGE_CURVE ( 'NONE', #9326, #9375, #538, .T. ) ;
#1558 = CARTESIAN_POINT ( 'NONE',  ( 26.24420096354462473, -19.51214289732331153, -41.70223685495676591 ) ) ;
#1559 = CARTESIAN_POINT ( 'NONE',  ( 18.62963360958150005, -19.50534825036275066, -34.03619997939700426 ) ) ;
#1560 = VECTOR ( 'NONE', #5629, 1000.000000000000000 ) ;
#1561 = LINE ( 'NONE', #5199, #2115 ) ;
#1562 = CARTESIAN_POINT ( 'NONE',  ( 27.61929433838140824, -19.91618197844555027, -40.97519760015229906 ) ) ;
#1563 = CARTESIAN_POINT ( 'NONE',  ( -39.74236618137961585, -16.83978748505630563, -33.89735005462525663 ) ) ;
#1564 = ORIENTED_EDGE ( 'NONE', *, *, #3520, .F. ) ;
#1565 = ORIENTED_EDGE ( 'NONE', *, *, #8996, .F. ) ;
#1566 = DIRECTION ( 'NONE',  ( 0.000000000000000000, 0.000000000000000000, 1.000000000000000000 ) ) ;
#1567 = ORIENTED_EDGE ( 'NONE', *, *, #11093, .T. ) ;
#1568 = LINE ( 'NONE', #850, #9166 ) ;
#1569 = ORIENTED_EDGE ( 'NONE', *, *, #1382, .F. ) ;
#1570 = AXIS2_PLACEMENT_3D ( 'NONE', #9001, #1469, #6913 ) ;
#1571 = AXIS2_PLACEMENT_3D ( 'NONE', #967, #11721, #2762 ) ;
#1572 = ORIENTED_EDGE ( 'NONE', *, *, #8819, .F. ) ;
#1573 = CONICAL_SURFACE ( 'NONE', #4616, 0.5000000000000004441, 0.05235987755983064623 ) ;
#1574 = FACE_OUTER_BOUND ( 'NONE', #10885, .T. ) ;
#1575 = AXIS2_PLACEMENT_3D ( 'NONE', #9248, #122, #1063 ) ;
#1576 = FACE_OUTER_BOUND ( 'NONE', #4470, .T. ) ;
#1577 = B_SPLINE_CURVE_WITH_KNOTS ( 'NONE', 3,
 ( #8726, #11409, #4296, #9633, #4953, #8788, #8616, #11350, #6085, #440, #8675, #3301, #11592, #10686, #7005, #7713 ),
 .UNSPECIFIED., .F., .F.,
 ( 4, 2, 2, 2, 2, 2, 2, 4 ),
 ( 0.000000000000000000, 0.2500000000000004996, 0.3750000000000009992, 0.4999999999999987232, 0.6249999999999987788, 0.7499999999999992228, 0.8749999999999995559, 1.000000000000000000 ),
 .UNSPECIFIED. ) ;
#1578 = AXIS2_PLACEMENT_3D ( 'NONE', #2079, #8420, #3881 ) ;
#1579 = DIRECTION ( 'NONE',  ( -1.000000000000000000, 0.000000000000000000, 0.000000000000000000 ) ) ;
#1580 = CARTESIAN_POINT ( 'NONE',  ( -20.15000000000000213, -17.50534825036275066, 25.55000000000000071 ) ) ;
#1581 = ORIENTED_EDGE ( 'NONE', *, *, #5255, .T. ) ;
#1582 = CARTESIAN_POINT ( 'NONE',  ( -28.25000000000000000, -17.50534825036275066, 27.25000000000000000 ) ) ;
#1583 = VERTEX_POINT ( 'NONE', #2061 ) ;
#1584 = DIRECTION ( 'NONE',  ( 0.000000000000000000, -0.9083415329249427961, 0.4182291950158013583 ) ) ;
#1585 = CARTESIAN_POINT ( 'NONE',  ( 9.629633609581464526, -19.50534825036273290, -40.21794919243112076 ) ) ;
#1586 = VECTOR ( 'NONE', #7645, 1000.000000000000000 ) ;
#1587 = CIRCLE ( 'NONE', #7124, 0.6048155585660839328 ) ;
#1588 = FACE_OUTER_BOUND ( 'NONE', #692, .T. ) ;
#1589 = CARTESIAN_POINT ( 'NONE',  ( -40.95000000000000284, -6.005348250362779972, 32.45466998818324811 ) ) ;
#1590 = CARTESIAN_POINT ( 'NONE',  ( -42.95000000000000284, -6.661991010183810680, 3.151858876681350008 ) ) ;
#1591 = EDGE_CURVE ( 'NONE', #4929, #10764, #5696, .T. ) ;
#1592 = DIRECTION ( 'NONE',  ( 0.000000000000000000, 1.000000000000000000, 0.000000000000000000 ) ) ;
#1593 = ORIENTED_EDGE ( 'NONE', *, *, #5591, .F. ) ;
#1594 = CARTESIAN_POINT ( 'NONE',  ( 26.18695410933150214, -19.50282807886549818, -41.70321450898740068 ) ) ;
#1595 = CARTESIAN_POINT ( 'NONE',  ( -39.88358918499817918, -7.005348250362780860, -32.41936206027969547 ) ) ;
#1596 = AXIS2_PLACEMENT_3D ( 'NONE', #7160, #4574, #4641 ) ;
#1597 = ORIENTED_EDGE ( 'NONE', *, *, #9904, .T. ) ;
#1598 = CARTESIAN_POINT ( 'NONE',  ( 28.04222113069310041, -19.50534825036275066, -41.42671319408079711 ) ) ;
#1599 = PLANE ( 'NONE',  #4364 ) ;
#1600 = EDGE_CURVE ( 'NONE', #3748, #11340, #8076, .T. ) ;
#1601 = DIRECTION ( 'NONE',  ( 1.000000000000000000, 0.000000000000000000, 0.000000000000000000 ) ) ;
#1602 = FACE_OUTER_BOUND ( 'NONE', #9867, .T. ) ;
#1603 = CARTESIAN_POINT ( 'NONE',  ( 42.95000000000000284, -13.35186151901900153, 13.59157429275662032 ) ) ;
#1604 = CARTESIAN_POINT ( 'NONE',  ( 40.95000000000000284, -6.511642939418550213, -17.52160390712534621 ) ) ;
#1605 = ORIENTED_EDGE ( 'NONE', *, *, #8833, .T. ) ;
#1606 = CARTESIAN_POINT ( 'NONE',  ( 39.50243578279824419, -7.484319576945080321, -33.81340334905680578 ) ) ;
#1607 = PLANE ( 'NONE',  #4526 ) ;
#1608 = DIRECTION ( 'NONE',  ( 0.000000000000000000, 0.000000000000000000, -1.000000000000000000 ) ) ;
#1609 = ORIENTED_EDGE ( 'NONE', *, *, #10048, .T. ) ;
#1610 = EDGE_CURVE ( 'NONE', #8328, #8720, #11438, .T. ) ;
#1611 = CARTESIAN_POINT ( 'NONE',  ( 27.62963360958149650, -20.00534825036275066, -25.94999999999999929 ) ) ;
#1612 = EDGE_CURVE ( 'NONE', #1508, #513, #4142, .T. ) ;
#1613 = CYLINDRICAL_SURFACE ( 'NONE', #645, 1.000000000000000888 ) ;
#1614 = EDGE_CURVE ( 'NONE', #7545, #8702, #5225, .T. ) ;
#1615 = CARTESIAN_POINT ( 'NONE',  ( 40.95000000000003837, -7.606298602108916285, 28.74430369740799662 ) ) ;
#1616 = CARTESIAN_POINT ( 'NONE',  ( 26.58503932447378304, -19.62422503962271492, -41.78507574201903907 ) ) ;
#1617 = CARTESIAN_POINT ( 'NONE',  ( 42.95000000000000284, -6.812339080949070258, 9.825321660488031128 ) ) ;
#1618 = LINE ( 'NONE', #8906, #1162 ) ;
#1619 = CARTESIAN_POINT ( 'NONE',  ( 40.95000000000000284, -6.273563507398599803, 28.21537380224789970 ) ) ;
#1620 = CARTESIAN_POINT ( 'NONE',  ( -39.73914312096443524, -16.83629330559528015, -33.89803597592553785 ) ) ;
#1621 = ORIENTED_EDGE ( 'NONE', *, *, #10837, .F. ) ;
#1622 = ORIENTED_EDGE ( 'NONE', *, *, #11003, .F. ) ;
#1623 = DIRECTION ( 'NONE',  ( 1.000000000000000000, 0.000000000000000000, 0.000000000000000000 ) ) ;
#1624 = ORIENTED_EDGE ( 'NONE', *, *, #9822, .F. ) ;
#1625 = EDGE_CURVE ( 'NONE', #11784, #3527, #4535, .T. ) ;
#1626 = DIRECTION ( 'NONE',  ( 0.000000000000000000, 0.000000000000000000, 1.000000000000000000 ) ) ;
#1627 = ORIENTED_EDGE ( 'NONE', *, *, #6351, .T. ) ;
#1628 = VERTEX_POINT ( 'NONE', #10596 ) ;
#1629 = CARTESIAN_POINT ( 'NONE',  ( 11.23797755924339015, -19.50534825036275421, -41.75172035546243876 ) ) ;
#1630 = DIRECTION ( 'NONE',  ( 0.000000000000000000, -1.000000000000000000, 0.000000000000000000 ) ) ;
#1631 = CARTESIAN_POINT ( 'NONE',  ( 40.95000000000000284, -6.005348250362779972, 32.13743420870385137 ) ) ;
#1632 = CARTESIAN_POINT ( 'NONE',  ( -41.45000000000000284, -3.705348250362780149, 41.95000000000000284 ) ) ;
#1633 = ORIENTED_EDGE ( 'NONE', *, *, #3891, .F. ) ;
#1634 = FACE_OUTER_BOUND ( 'NONE', #1144, .T. ) ;
#1635 = ORIENTED_EDGE ( 'NONE', *, *, #7715, .T. ) ;
#1636 = EDGE_CURVE ( 'NONE', #10866, #2955, #1515, .T. ) ;
#1637 = CYLINDRICAL_SURFACE ( 'NONE', #7047, 0.3594872681224064448 ) ;
#1638 = CARTESIAN_POINT ( 'NONE',  ( -37.75000000000000000, -8.005348250362779083, -30.94999999999999929 ) ) ;
#1639 = ADVANCED_FACE ( 'NONE', ( #10540 ), #5143, .T. ) ;
#1640 = CYLINDRICAL_SURFACE ( 'NONE', #4760, 1.000000000000000888 ) ;
#1641 = CARTESIAN_POINT ( 'NONE',  ( -40.95000000000000284, -6.005348250362779972, 32.13743420870380163 ) ) ;
#1642 = EDGE_CURVE ( 'NONE', #3852, #8328, #9186, .T. ) ;
#1643 = DIRECTION ( 'NONE',  ( 0.000000000000000000, 0.000000000000000000, -1.000000000000000000 ) ) ;
#1644 = DIRECTION ( 'NONE',  ( -0.000000000000000000, 1.000000000000000000, 0.000000000000000000 ) ) ;
#1645 = ORIENTED_EDGE ( 'NONE', *, *, #6599, .T. ) ;
#1646 = CARTESIAN_POINT ( 'NONE',  ( 26.47238457946965084, -19.59247782983494801, -41.73287370453964940 ) ) ;
#1647 = CARTESIAN_POINT ( 'NONE',  ( -39.48165284103084360, -7.620694738669709700, -33.90663311188178852 ) ) ;
#1648 = ORIENTED_EDGE ( 'NONE', *, *, #8610, .T. ) ;
#1649 = CARTESIAN_POINT ( 'NONE',  ( -40.94999999999839702, -8.001901825225342435, -28.73120674957280585 ) ) ;
#1650 = CARTESIAN_POINT ( 'NONE',  ( -39.71674008408589884, -7.061271269277150431, 28.90642211375239867 ) ) ;
#1651 = DIRECTION ( 'NONE',  ( -1.000000000000000000, 0.000000000000000000, 1.674039542559039894E-16 ) ) ;
#1652 = EDGE_CURVE ( 'NONE', #11627, #11260, #3501, .T. ) ;
#1653 = DIRECTION ( 'NONE',  ( 0.000000000000000000, 0.000000000000000000, 1.000000000000000000 ) ) ;
#1654 = CARTESIAN_POINT ( 'NONE',  ( 19.94999999999999929, -16.51385150205409857, 0.000000000000000000 ) ) ;
#1655 = CARTESIAN_POINT ( 'NONE',  ( 26.02758310243758899, -19.50534825036276132, -41.73452860366258221 ) ) ;
#1656 = EDGE_CURVE ( 'NONE', #9283, #11670, #10514, .T. ) ;
#1657 = CARTESIAN_POINT ( 'NONE',  ( 16.44999999999999929, -16.51385150205409857, 20.75000000000000000 ) ) ;
#1658 = ORIENTED_EDGE ( 'NONE', *, *, #1656, .T. ) ;
#1659 = CARTESIAN_POINT ( 'NONE',  ( 39.88349853401830813, -7.005348250362779972, -32.41974689511475560 ) ) ;
#1660 = CARTESIAN_POINT ( 'NONE',  ( 11.11381695266240044, -19.49905531542776771, -41.83781923444516337 ) ) ;
#1661 = ORIENTED_EDGE ( 'NONE', *, *, #4108, .T. ) ;
#1662 = EDGE_CURVE ( 'NONE', #6378, #1391, #3666, .T. ) ;
#1663 = CARTESIAN_POINT ( 'NONE',  ( 10.83775380266325605, -19.50651497126556322, -41.84427933731103622 ) ) ;
#1664 = VERTEX_POINT ( 'NONE', #6058 ) ;
#1665 = DIRECTION ( 'NONE',  ( 0.000000000000000000, -1.000000000000000000, 0.000000000000000000 ) ) ;
#1666 = VERTEX_POINT ( 'NONE', #753 ) ;
#1667 = CARTESIAN_POINT ( 'NONE',  ( -28.25000000000000000, -17.50534825036275066, 23.85000000000000142 ) ) ;
#1668 = CARTESIAN_POINT ( 'NONE',  ( 40.95000000000000284, -6.836008817989349673, 27.45525966104995064 ) ) ;
#1669 = DIRECTION ( 'NONE',  ( 0.000000000000000000, -1.000000000000000000, 0.000000000000000000 ) ) ;
#1670 = FACE_OUTER_BOUND ( 'NONE', #9919, .T. ) ;
#1671 = CARTESIAN_POINT ( 'NONE',  ( 18.45000000000000284, -19.50534825036275066, 27.17781907207880110 ) ) ;
#1672 = VECTOR ( 'NONE', #5485, 1000.000000000000000 ) ;
#1673 = CARTESIAN_POINT ( 'NONE',  ( 40.55779783945304473, -17.46159148746881584, -34.08061739220044473 ) ) ;
#1674 = ADVANCED_FACE ( 'NONE', ( #4381 ), #1467, .F. ) ;
#1675 = CARTESIAN_POINT ( 'NONE',  ( 37.75000000000000000, -8.505348250362779083, 33.05000000000000426 ) ) ;
#1676 = ORIENTED_EDGE ( 'NONE', *, *, #149, .F. ) ;
#1677 = VERTEX_POINT ( 'NONE', #581 ) ;
#1678 = LINE ( 'NONE', #6269, #1512 ) ;
#1679 = EDGE_LOOP ( 'NONE', ( #4732, #7775, #8993, #474 ) ) ;
#1680 = DIRECTION ( 'NONE',  ( 0.000000000000000000, 0.000000000000000000, -1.000000000000000000 ) ) ;
#1681 = VERTEX_POINT ( 'NONE', #9601 ) ;
#1682 = CIRCLE ( 'NONE', #2632, 0.5000000000000004441 ) ;
#1683 = CARTESIAN_POINT ( 'NONE',  ( -39.48171950751544301, -7.620278669526710402, 33.90633538178244777 ) ) ;
#1684 = ADVANCED_FACE ( 'NONE', ( #4202 ), #1820, .F. ) ;
#1685 = DIRECTION ( 'NONE',  ( -1.492235248152091785E-16, 0.000000000000000000, 1.000000000000000000 ) ) ;
#1686 = CARTESIAN_POINT ( 'NONE',  ( -39.46111111111110148, -16.50534825036275066, 34.00321122188300649 ) ) ;
#1687 = FACE_BOUND ( 'NONE', #6586, .T. ) ;
#1688 = TOROIDAL_SURFACE ( 'NONE', #2456, 4.500000000000000000, 1.000000000000000000 ) ;
#1689 = VERTEX_POINT ( 'NONE', #866 ) ;
#1690 = DIRECTION ( 'NONE',  ( 0.000000000000000000, 0.000000000000000000, 1.000000000000000000 ) ) ;
#1691 = AXIS2_PLACEMENT_3D ( 'NONE', #3257, #6782, #5870 ) ;
#1692 = ADVANCED_FACE ( 'NONE', ( #6293 ), #8325, .F. ) ;
#1693 = VERTEX_POINT ( 'NONE', #9225 ) ;
#1694 = DIRECTION ( 'NONE',  ( -1.520599644265049566E-16, -0.4182291950158013583, -0.9083415329249427961 ) ) ;
#1695 = LINE ( 'NONE', #4492, #9735 ) ;
#1696 = ORIENTED_EDGE ( 'NONE', *, *, #1700, .T. ) ;
#1697 = AXIS2_PLACEMENT_3D ( 'NONE', #269, #8266, #7422 ) ;
#1698 = VECTOR ( 'NONE', #1970, 1000.000000000000000 ) ;
#1699 = CARTESIAN_POINT ( 'NONE',  ( 40.66147700459094949, -17.50534825036278264, -27.74826737266468868 ) ) ;
#1700 = EDGE_CURVE ( 'NONE', #9572, #4493, #11668, .T. ) ;
#1701 = CARTESIAN_POINT ( 'NONE',  ( 10.63689377097449906, -19.91769996437120227, -40.92945655336080790 ) ) ;
#1702 = FACE_OUTER_BOUND ( 'NONE', #11242, .T. ) ;
#1703 = CARTESIAN_POINT ( 'NONE',  ( 39.75390419762526051, -16.85223072137174682, 28.00502922458151644 ) ) ;
#1704 = VERTEX_POINT ( 'NONE', #10049 ) ;
#1705 = CARTESIAN_POINT ( 'NONE',  ( -25.55000000000000071, -17.50534825036275066, 23.85000000000000142 ) ) ;
#1706 = ORIENTED_EDGE ( 'NONE', *, *, #4282, .T. ) ;
#1707 = FACE_OUTER_BOUND ( 'NONE', #6288, .T. ) ;
#1708 = CARTESIAN_POINT ( 'NONE',  ( -40.95000000000000284, -6.022872084631190504, 29.13032723018605097 ) ) ;
#1709 = VECTOR ( 'NONE', #4211, 1000.000000000000227 ) ;
#1710 = AXIS2_PLACEMENT_3D ( 'NONE', #287, #3913, #10363 ) ;
#1711 = CIRCLE ( 'NONE', #3245, 3.499999999999999556 ) ;
#1712 = CARTESIAN_POINT ( 'NONE',  ( -37.75000000000000000, -16.50534825036275066, -30.94999999999999929 ) ) ;
#1713 = CARTESIAN_POINT ( 'NONE',  ( -40.95000000000000284, -6.273199265817610559, -33.68380844900974580 ) ) ;
#1714 = B_SPLINE_CURVE_WITH_KNOTS ( 'NONE', 3,
 ( #7997, #9676, #542, #8898, #10561, #5901, #9732, #9557, #488, #7048, #1375, #9626, #4229, #716, #11642, #7940 ),
 .UNSPECIFIED., .F., .F.,
 ( 4, 2, 2, 2, 2, 2, 2, 4 ),
 ( 0.000000000000000000, 0.1249999999999996531, 0.2500000000000003886, 0.3749999999999998890, 0.5000000000000007772, 0.6250000000000002220, 0.7500000000000009992, 1.000000000000000000 ),
 .UNSPECIFIED. ) ;
#1715 = VECTOR ( 'NONE', #2998, 1000.000000000000227 ) ;
#1716 = CARTESIAN_POINT ( 'NONE',  ( 27.75000000000000000, -17.50534825036275066, 19.94999999999999929 ) ) ;
#1717 = CARTESIAN_POINT ( 'NONE',  ( -41.45000000000000284, -18.50534825036275421, 41.95000000000000284 ) ) ;
#1718 = ORIENTED_EDGE ( 'NONE', *, *, #3818, .T. ) ;
#1719 = CARTESIAN_POINT ( 'NONE',  ( 40.95000000000000284, -7.688764287217700222, -34.85385424345235350 ) ) ;
#1720 = CARTESIAN_POINT ( 'NONE',  ( 11.12076767737781857, -19.49864205839260123, -41.83438009686091164 ) ) ;
#1721 = ORIENTED_EDGE ( 'NONE', *, *, #2718, .T. ) ;
#1722 = CIRCLE ( 'NONE', #1525, 0.3594872681224078881 ) ;
#1723 = PLANE ( 'NONE',  #6166 ) ;
#1724 = EDGE_LOOP ( 'NONE', ( #9408, #10005, #5503, #10807 ) ) ;
#1725 = UNCERTAINTY_MEASURE_WITH_UNIT (LENGTH_MEASURE( 1.000000000000000082E-05 ), #7792, 'distance_accuracy_value', 'NONE');
#1726 = CYLINDRICAL_SURFACE ( 'NONE', #2685, 1.000000000000000888 ) ;
#1727 = AXIS2_PLACEMENT_3D ( 'NONE', #8132, #684, #8862 ) ;
#1728 = EDGE_CURVE ( 'NONE', #11230, #9283, #9949, .T. ) ;
#1729 = DIRECTION ( 'NONE',  ( 0.000000000000000000, -1.000000000000000000, 0.000000000000000000 ) ) ;
#1730 = DIRECTION ( 'NONE',  ( 0.000000000000000000, 0.000000000000000000, -1.000000000000000000 ) ) ;
#1731 = AXIS2_PLACEMENT_3D ( 'NONE', #10063, #2667, #10841 ) ;
#1732 = CARTESIAN_POINT ( 'NONE',  ( 26.13069729847654088, -19.49999553045499923, -41.70326975684461246 ) ) ;
#1733 = DIRECTION ( 'NONE',  ( 0.000000000000000000, 0.000000000000000000, -1.000000000000000000 ) ) ;
#1734 = DIRECTION ( 'NONE',  ( 0.000000000000000000, -1.000000000000000000, 0.000000000000000000 ) ) ;
#1735 = TOROIDAL_SURFACE ( 'NONE', #6502, 2.500000000000000000, 1.000000000000000000 ) ;
#1736 = CARTESIAN_POINT ( 'NONE',  ( 21.94999999999999929, -16.51385150205409857, 20.75000000000000000 ) ) ;
#1737 = VECTOR ( 'NONE', #9031, 1000.000000000000000 ) ;
#1738 = EDGE_CURVE ( 'NONE', #7635, #8970, #2771, .T. ) ;
#1739 = DIRECTION ( 'NONE',  ( 0.000000000000000000, 1.000000000000000000, 0.000000000000000000 ) ) ;
#1740 = ORIENTED_EDGE ( 'NONE', *, *, #11534, .F. ) ;
#1741 = ORIENTED_EDGE ( 'NONE', *, *, #9032, .F. ) ;
#1742 = LINE ( 'NONE', #5380, #11215 ) ;
#1743 = ORIENTED_EDGE ( 'NONE', *, *, #2213, .F. ) ;
#1744 = DIRECTION ( 'NONE',  ( 0.000000000000000000, -1.000000000000000000, 0.000000000000000000 ) ) ;
#1745 = TOROIDAL_SURFACE ( 'NONE', #9760, 2.500000000000000000, 1.000000000000000000 ) ;
#1746 = TOROIDAL_SURFACE ( 'NONE', #3280, 2.500000000000000000, 1.000000000000000000 ) ;
#1747 = EDGE_CURVE ( 'NONE', #1451, #1628, #7859, .T. ) ;
#1748 = CARTESIAN_POINT ( 'NONE',  ( 11.22191719065865456, -19.50534825036275066, -41.72116254490899934 ) ) ;
#1749 = CARTESIAN_POINT ( 'NONE',  ( -13.25000000000000000, -17.50534825036275066, 19.94999999999999929 ) ) ;
#1750 = DIRECTION ( 'NONE',  ( 0.000000000000000000, 0.000000000000000000, -1.000000000000000000 ) ) ;
#1751 = FACE_BOUND ( 'NONE', #9218, .T. ) ;
#1752 = CIRCLE ( 'NONE', #5936, 1.000000000000000888 ) ;
#1753 = EDGE_LOOP ( 'NONE', ( #10472, #2342, #3373 ) ) ;
#1754 = LINE ( 'NONE', #8138, #11797 ) ;
#1755 = AXIS2_PLACEMENT_3D ( 'NONE', #3942, #2217, #11222 ) ;
#1756 = ORIENTED_EDGE ( 'NONE', *, *, #4891, .T. ) ;
#1757 = DIRECTION ( 'NONE',  ( 0.000000000000000000, 0.000000000000000000, 1.000000000000000000 ) ) ;
#1758 = CARTESIAN_POINT ( 'NONE',  ( -28.25000000000000000, -17.50534825036275066, 19.14999999999999858 ) ) ;
#1759 = ORIENTED_EDGE ( 'NONE', *, *, #9278, .T. ) ;
#1760 = ORIENTED_EDGE ( 'NONE', *, *, #8153, .T. ) ;
#1761 = EDGE_CURVE ( 'NONE', #2221, #5866, #1871, .T. ) ;
#1762 = EDGE_CURVE ( 'NONE', #5704, #7366, #6893, .T. ) ;
#1763 = AXIS2_PLACEMENT_3D ( 'NONE', #11178, #3069, #2290 ) ;
#1764 = VECTOR ( 'NONE', #1729, 1000.000000000000000 ) ;
#1765 = AXIS2_PLACEMENT_3D ( 'NONE', #5559, #3597, #10761 ) ;
#1766 = ADVANCED_FACE ( 'NONE', ( #3783 ), #6464, .T. ) ;
#1767 = AXIS2_PLACEMENT_3D ( 'NONE', #9255, #5718, #6619 ) ;
#1768 = CARTESIAN_POINT ( 'NONE',  ( 10.12945348066793905, -20.49034245928839937, -40.49988321811370184 ) ) ;
#1769 = VECTOR ( 'NONE', #11406, 1000.000000000000000 ) ;
#1770 = DIRECTION ( 'NONE',  ( 0.000000000000000000, -1.000000000000000000, 0.000000000000000000 ) ) ;
#1771 = DIRECTION ( 'NONE',  ( -1.000000000000000000, 0.000000000000000000, 0.000000000000000000 ) ) ;
#1772 = ORIENTED_EDGE ( 'NONE', *, *, #3313, .T. ) ;
#1773 = FACE_OUTER_BOUND ( 'NONE', #8378, .T. ) ;
#1774 = ORIENTED_EDGE ( 'NONE', *, *, #10697, .T. ) ;
#1775 = CARTESIAN_POINT ( 'NONE',  ( -40.94999999999997442, -7.413187704329772032, -28.90093934766904127 ) ) ;
#1776 = CARTESIAN_POINT ( 'NONE',  ( -39.46368585746500202, -7.846266129617130325, 27.90919889383370034 ) ) ;
#1777 = CIRCLE ( 'NONE', #10535, 1.000000000000000888 ) ;
#1778 = CIRCLE ( 'NONE', #2726, 4.650000000000001243 ) ;
#1779 = LINE ( 'NONE', #9067, #387 ) ;
#1780 = CARTESIAN_POINT ( 'NONE',  ( -40.95000000000000284, -6.160197295050250155, -33.38723043194915618 ) ) ;
#1781 = EDGE_LOOP ( 'NONE', ( #10344, #5469 ) ) ;
#1782 = CIRCLE ( 'NONE', #4058, 3.500000000000003109 ) ;
#1783 = CARTESIAN_POINT ( 'NONE',  ( -37.75000000000000000, -7.005348250362779972, -31.85000000000000497 ) ) ;
#1784 = AXIS2_PLACEMENT_3D ( 'NONE', #1549, #5118, #11535 ) ;
#1785 = CARTESIAN_POINT ( 'NONE',  ( 42.95000000000000284, -13.35186151901900153, -7.408425707243370795 ) ) ;
#1786 = ORIENTED_EDGE ( 'NONE', *, *, #2779, .T. ) ;
#1787 = CARTESIAN_POINT ( 'NONE',  ( 39.46365580493074532, -7.847056268996601247, -33.99094571670844545 ) ) ;
#1788 = DIRECTION ( 'NONE',  ( 0.000000000000000000, 0.000000000000000000, 1.000000000000000000 ) ) ;
#1789 = CARTESIAN_POINT ( 'NONE',  ( 11.00915092333599965, -19.50503552633700011, -41.92204518375890387 ) ) ;
#1790 = ORIENTED_EDGE ( 'NONE', *, *, #5465, .F. ) ;
#1791 = DIRECTION ( 'NONE',  ( 0.000000000000000000, -1.000000000000000000, 0.000000000000000000 ) ) ;
#1792 = ORIENTED_EDGE ( 'NONE', *, *, #2326, .F. ) ;
#1793 = DIRECTION ( 'NONE',  ( 0.000000000000000000, -1.000000000000000000, 0.000000000000000000 ) ) ;
#1794 = VERTEX_POINT ( 'NONE', #8207 ) ;
#1795 = DIRECTION ( 'NONE',  ( 0.000000000000000000, 0.000000000000000000, -1.000000000000000000 ) ) ;
#1796 = CARTESIAN_POINT ( 'NONE',  ( 40.95000000000000284, -17.50534825036275066, -40.95000000000000284 ) ) ;
#1797 = CARTESIAN_POINT ( 'NONE',  ( 40.95000000000000284, -17.50534825036275066, -27.02444271472185022 ) ) ;
#1798 = EDGE_CURVE ( 'NONE', #4493, #5853, #7874, .T. ) ;
#1799 = CARTESIAN_POINT ( 'NONE',  ( -40.95000000000000284, -6.661991010183810680, -3.848141123318650436 ) ) ;
#1800 = DIRECTION ( 'NONE',  ( 0.000000000000000000, 1.000000000000000000, 0.000000000000000000 ) ) ;
#1801 = LINE ( 'NONE', #3648, #8656 ) ;
#1802 = ORIENTED_EDGE ( 'NONE', *, *, #4944, .F. ) ;
#1803 = EDGE_LOOP ( 'NONE', ( #5500, #106, #5478, #3649 ) ) ;
#1804 = CARTESIAN_POINT ( 'NONE',  ( 40.95000000000000284, -7.848442915310489099, -27.02444271642875151 ) ) ;
#1805 = EDGE_LOOP ( 'NONE', ( #5968, #11414 ) ) ;
#1806 = CARTESIAN_POINT ( 'NONE',  ( -40.10112150732314262, -17.18898697494392636, -28.02444271472189996 ) ) ;
#1807 = ADVANCED_FACE ( 'NONE', ( #3730 ), #7410, .T. ) ;
#1808 = CARTESIAN_POINT ( 'NONE',  ( 40.95000000000000284, -6.005348250362779972, 32.13743420870385137 ) ) ;
#1809 = CARTESIAN_POINT ( 'NONE',  ( -22.84999999999999787, -17.50534825036275066, 30.94999999999999929 ) ) ;
#1810 = CARTESIAN_POINT ( 'NONE',  ( 37.75000000000000000, -17.50534825036275066, 30.94999999999999929 ) ) ;
#1811 = EDGE_CURVE ( 'NONE', #8081, #2841, #6588, .T. ) ;
#1812 = FACE_BOUND ( 'NONE', #8065, .T. ) ;
#1813 = ORIENTED_EDGE ( 'NONE', *, *, #1600, .F. ) ;
#1814 = CYLINDRICAL_SURFACE ( 'NONE', #4915, 0.3594872681224065558 ) ;
#1815 = ORIENTED_EDGE ( 'NONE', *, *, #3026, .T. ) ;
#1816 = EDGE_CURVE ( 'NONE', #2818, #2346, #10910, .T. ) ;
#1817 = DIRECTION ( 'NONE',  ( 1.000000000000000000, 0.000000000000000000, 0.000000000000000000 ) ) ;
#1818 = VERTEX_POINT ( 'NONE', #2108 ) ;
#1819 = ORIENTED_EDGE ( 'NONE', *, *, #9866, .F. ) ;
#1820 = CYLINDRICAL_SURFACE ( 'NONE', #9579, 0.3594872681224057231 ) ;
#1821 = DIRECTION ( 'NONE',  ( 0.000000000000000000, -0.9083415329249427961, 0.4182291950158013583 ) ) ;
#1822 = CARTESIAN_POINT ( 'NONE',  ( 40.95000000000000284, 2.194093482123060213, 5.678475012742569383 ) ) ;
#1823 = ORIENTED_EDGE ( 'NONE', *, *, #2365, .T. ) ;
#1824 = DIRECTION ( 'NONE',  ( 0.000000000000000000, 0.000000000000000000, -1.000000000000000000 ) ) ;
#1825 = ORIENTED_EDGE ( 'NONE', *, *, #3520, .T. ) ;
#1826 = EDGE_CURVE ( 'NONE', #840, #7556, #5750, .T. ) ;
#1827 = DIRECTION ( 'NONE',  ( -1.000000000000000000, 0.000000000000000000, 0.000000000000000000 ) ) ;
#1828 = CARTESIAN_POINT ( 'NONE',  ( -39.48165284103085781, -7.620694738669559598, 27.99336688811834861 ) ) ;
#1829 = EDGE_CURVE ( 'NONE', #10643, #5566, #8262, .T. ) ;
#1830 = DIRECTION ( 'NONE',  ( 0.000000000000000000, 0.000000000000000000, 1.000000000000000000 ) ) ;
#1831 = ORIENTED_EDGE ( 'NONE', *, *, #6336, .T. ) ;
#1832 = DIRECTION ( 'NONE',  ( 0.000000000000000000, -1.000000000000000000, 0.000000000000000000 ) ) ;
#1833 = CARTESIAN_POINT ( 'NONE',  ( 10.62963360958148051, -20.00534825036275066, -25.94999999999999929 ) ) ;
#1834 = VERTEX_POINT ( 'NONE', #3180 ) ;
#1835 = CARTESIAN_POINT ( 'NONE',  ( 40.95000000000000284, -6.512581831795079879, -34.09606925960004986 ) ) ;
#1836 = LINE ( 'NONE', #5471, #4909 ) ;
#1837 = CARTESIAN_POINT ( 'NONE',  ( 10.44226107182114127, -19.48665501371829833, -42.14245008753624688 ) ) ;
#1838 = EDGE_CURVE ( 'NONE', #7407, #8164, #6167, .T. ) ;
#1839 = ORIENTED_EDGE ( 'NONE', *, *, #4282, .F. ) ;
#1840 = CARTESIAN_POINT ( 'NONE',  ( 42.95000000000000284, -6.812339080949070258, -11.17467833951197953 ) ) ;
#1841 = DIRECTION ( 'NONE',  ( 1.674039542559039894E-16, 0.000000000000000000, 1.000000000000000000 ) ) ;
#1842 = EDGE_LOOP ( 'NONE', ( #8843, #358 ) ) ;
#1843 = CARTESIAN_POINT ( 'NONE',  ( 40.95000000000000284, -7.234143290676309235, 34.70487777571575094 ) ) ;
#1844 = DIRECTION ( 'NONE',  ( 0.000000000000000000, 0.000000000000000000, -1.000000000000000000 ) ) ;
#1845 = FACE_OUTER_BOUND ( 'NONE', #806, .T. ) ;
#1846 = ADVANCED_FACE ( 'NONE', ( #1574 ), #6962, .F. ) ;
#1847 = CARTESIAN_POINT ( 'NONE',  ( 40.07664190619426847, -17.16019888899801416, -33.88360389633332659 ) ) ;
#1848 = CYLINDRICAL_SURFACE ( 'NONE', #7396, 1.000000000000000888 ) ;
#1849 = FACE_OUTER_BOUND ( 'NONE', #8143, .T. ) ;
#1850 = ORIENTED_EDGE ( 'NONE', *, *, #7757, .F. ) ;
#1851 = ORIENTED_EDGE ( 'NONE', *, *, #648, .F. ) ;
#1852 = CARTESIAN_POINT ( 'NONE',  ( 42.95000000000000284, -6.812339080949070258, -18.17467833951194933 ) ) ;
#1853 = ORIENTED_EDGE ( 'NONE', *, *, #5728, .T. ) ;
#1854 = CARTESIAN_POINT ( 'NONE',  ( -40.95000000000000284, -6.963298601731169768, -27.35576694651345164 ) ) ;
#1855 = CARTESIAN_POINT ( 'NONE',  ( 27.12963360958150005, -19.68291636587315097, -41.83452994616209963 ) ) ;
#1856 = EDGE_CURVE ( 'NONE', #5382, #8985, #8865, .T. ) ;
#1857 = CARTESIAN_POINT ( 'NONE',  ( 40.94999999999892282, -7.174063434578835441, 32.66323545568972975 ) ) ;
#1858 = CYLINDRICAL_SURFACE ( 'NONE', #1551, 1.000000000000000888 ) ;
#1859 = DIRECTION ( 'NONE',  ( -1.000000000000000000, 0.000000000000000000, 1.674039542559039894E-16 ) ) ;
#1860 = CARTESIAN_POINT ( 'NONE',  ( 26.26130977874078809, -19.49329162388214343, -41.77712158095985728 ) ) ;
#1861 = ORIENTED_EDGE ( 'NONE', *, *, #7203, .F. ) ;
#1862 = CARTESIAN_POINT ( 'NONE',  ( 24.12963360958149650, -17.50534825036275066, -39.53619997939700426 ) ) ;
#1863 = EDGE_CURVE ( 'NONE', #11213, #8556, #7781, .T. ) ;
#1864 = ORIENTED_EDGE ( 'NONE', *, *, #9136, .F. ) ;
#1865 = DIRECTION ( 'NONE',  ( 1.577021341797100025E-16, 0.000000000000000000, 1.000000000000000000 ) ) ;
#1866 = AXIS2_PLACEMENT_3D ( 'NONE', #4163, #3287, #6021 ) ;
#1867 = ORIENTED_EDGE ( 'NONE', *, *, #878, .T. ) ;
#1868 = ORIENTED_EDGE ( 'NONE', *, *, #1816, .T. ) ;
#1869 = ADVANCED_FACE ( 'NONE', ( #10638 ), #8685, .F. ) ;
#1870 = VECTOR ( 'NONE', #11667, 1000.000000000000227 ) ;
#1871 = LINE ( 'NONE', #4552, #214 ) ;
#1872 = DIRECTION ( 'NONE',  ( -1.520599644265049566E-16, -0.4182291950158013583, -0.9083415329249427961 ) ) ;
#1873 = DIRECTION ( 'NONE',  ( 0.000000000000000000, -1.000000000000000000, 0.000000000000000000 ) ) ;
#1874 = ORIENTED_EDGE ( 'NONE', *, *, #11594, .F. ) ;
#1875 = CYLINDRICAL_SURFACE ( 'NONE', #9891, 4.650000000000001243 ) ;
#1876 = EDGE_CURVE ( 'NONE', #4073, #8121, #11495, .T. ) ;
#1877 = ORIENTED_EDGE ( 'NONE', *, *, #8463, .T. ) ;
#1878 = DIRECTION ( 'NONE',  ( 0.000000000000000000, 0.000000000000000000, 1.000000000000000000 ) ) ;
#1879 = CARTESIAN_POINT ( 'NONE',  ( -39.88358918499839234, -7.005348250362779972, 29.48063793972024982 ) ) ;
#1880 = CIRCLE ( 'NONE', #3784, 1.000000000000000888 ) ;
#1881 = CARTESIAN_POINT ( 'NONE',  ( 42.95000000000000284, -6.812339080949070258, -18.17467833951194933 ) ) ;
#1882 = CARTESIAN_POINT ( 'NONE',  ( -28.25000000000000000, -17.50534825036275066, 24.54999999999999716 ) ) ;
#1884 = EDGE_CURVE ( 'NONE', #11601, #10989, #3856, .T. ) ;
#1883 = ORIENTED_EDGE ( 'NONE', *, *, #8389, .T. ) ;
#1885 = DIRECTION ( 'NONE',  ( 1.000000000000000000, 0.000000000000000000, 2.168404344971006896E-16 ) ) ;
#1886 = CARTESIAN_POINT ( 'NONE',  ( 41.45000000000000284, -3.705348250362780149, -41.95000000000000284 ) ) ;
#1887 = ORIENTED_EDGE ( 'NONE', *, *, #6644, .F. ) ;
#1888 = FACE_BOUND ( 'NONE', #2892, .T. ) ;
#1889 = CARTESIAN_POINT ( 'NONE',  ( 11.22728577276819273, -19.50433531643027152, -41.90284358458185210 ) ) ;
#1890 = CARTESIAN_POINT ( 'NONE',  ( 10.84344597455373993, -19.57012788484665222, -41.71383721280490420 ) ) ;
#1891 = ORIENTED_EDGE ( 'NONE', *, *, #4594, .T. ) ;
#1892 = TOROIDAL_SURFACE ( 'NONE', #385, 2.600000000000000089, 0.5000000000000000000 ) ;
#1893 = CARTESIAN_POINT ( 'NONE',  ( 40.52375977082017044, -17.45970162999753228, 34.03883993803996333 ) ) ;
#1894 = ORIENTED_EDGE ( 'NONE', *, *, #6778, .T. ) ;
#1895 = EDGE_CURVE ( 'NONE', #11228, #4284, #2112, .T. ) ;
#1896 = CYLINDRICAL_SURFACE ( 'NONE', #1942, 1.000000000000000888 ) ;
#1897 = VERTEX_POINT ( 'NONE', #8802 ) ;
#1898 = CARTESIAN_POINT ( 'NONE',  ( 40.95000000000000284, -7.684732944839810287, 34.85313144009210617 ) ) ;
#1899 = CARTESIAN_POINT ( 'NONE',  ( 27.75000000000000711, -19.65144744857543557, -25.26760080236861938 ) ) ;
#1900 = EDGE_CURVE ( 'NONE', #6125, #2955, #633, .T. ) ;
#1901 = CARTESIAN_POINT ( 'NONE',  ( 27.12886496185568674, -20.45324296863328684, -40.67155701262133505 ) ) ;
#1902 = CIRCLE ( 'NONE', #8198, 3.499999999999999556 ) ;
#1903 = CARTESIAN_POINT ( 'NONE',  ( 40.44160051696636771, -17.40885561297735507, -34.00470219078585643 ) ) ;
#1904 = CARTESIAN_POINT ( 'NONE',  ( -39.52010732748085076, -16.58203264056874104, 27.92985202661430932 ) ) ;
#1905 = DIRECTION ( 'NONE',  ( 0.000000000000000000, -1.000000000000000000, 0.000000000000000000 ) ) ;
#1906 = VECTOR ( 'NONE', #18, 1000.000000000000000 ) ;
#1907 = ORIENTED_EDGE ( 'NONE', *, *, #3460, .F. ) ;
#1908 = APPLICATION_CONTEXT ( 'automotive_design' ) ;
#1909 = CARTESIAN_POINT ( 'NONE',  ( -37.75000000000000000, -16.50534825036275066, 30.94999999999999929 ) ) ;
#1910 = ORIENTED_EDGE ( 'NONE', *, *, #6925, .F. ) ;
#1911 = DIRECTION ( 'NONE',  ( 0.000000000000000000, 0.000000000000000000, 1.000000000000000000 ) ) ;
#1912 = CARTESIAN_POINT ( 'NONE',  ( -39.71666965375899139, -7.061322562860109286, -28.90617613701950006 ) ) ;
#1913 = CARTESIAN_POINT ( 'NONE',  ( 40.94999999999999574, -7.781058823003335512, 33.22299614899476694 ) ) ;
#1914 = AXIS2_PLACEMENT_3D ( 'NONE', #11585, #9906, #8901 ) ;
#1915 = CARTESIAN_POINT ( 'NONE',  ( 26.41359914863074110, -19.50234233241472381, -42.02759808722907309 ) ) ;
#1916 = AXIS2_PLACEMENT_3D ( 'NONE', #2683, #785, #4414 ) ;
#1917 = DIRECTION ( 'NONE',  ( 0.000000000000000000, 0.000000000000000000, -1.000000000000000000 ) ) ;
#1918 = DIRECTION ( 'NONE',  ( 0.000000000000000000, 0.9083415329249426851, -0.4182291950158013027 ) ) ;
#1919 = CARTESIAN_POINT ( 'NONE',  ( 26.19606554089939365, -19.49128442047310372, -41.76949341824740713 ) ) ;
#1920 = ORIENTED_EDGE ( 'NONE', *, *, #834, .T. ) ;
#1921 = DIRECTION ( 'NONE',  ( 0.000000000000000000, 0.000000000000000000, 1.000000000000000000 ) ) ;
#1922 = ORIENTED_EDGE ( 'NONE', *, *, #8224, .F. ) ;
#1923 = CYLINDRICAL_SURFACE ( 'NONE', #2284, 0.9000000000000014655 ) ;
#1924 = CIRCLE ( 'NONE', #7276, 1.000000000000000888 ) ;
#1925 = AXIS2_PLACEMENT_3D ( 'NONE', #6990, #10843, #7936 ) ;
#1926 = ORIENTED_EDGE ( 'NONE', *, *, #11391, .T. ) ;
#1927 = CIRCLE ( 'NONE', #3843, 1.000000000000000888 ) ;
#1928 = ORIENTED_EDGE ( 'NONE', *, *, #3367, .T. ) ;
#1929 = COLOUR_RGB ( '',1.000000000000000000, 1.000000000000000000, 1.000000000000000000 ) ;
#1930 = VECTOR ( 'NONE', #57, 1000.000000000000000 ) ;
#1931 = CARTESIAN_POINT ( 'NONE',  ( 10.59176602576528836, -20.39154152769911832, -40.89590790520857411 ) ) ;
#1932 = CYLINDRICAL_SURFACE ( 'NONE', #7851, 1.750000000000001554 ) ;
#1933 = AXIS2_PLACEMENT_3D ( 'NONE', #5669, #9320, #2166 ) ;
#1934 = CARTESIAN_POINT ( 'NONE',  ( 21.94999999999999929, -17.50534825036275066, 20.75000000000000000 ) ) ;
#1935 = AXIS2_PLACEMENT_3D ( 'NONE', #11162, #22, #7473 ) ;
#1936 = ORIENTED_EDGE ( 'NONE', *, *, #3935, .F. ) ;
#1937 = CARTESIAN_POINT ( 'NONE',  ( 10.76142690260537194, -19.60122189433577589, -41.74405604082427601 ) ) ;
#1938 = EDGE_LOOP ( 'NONE', ( #7849, #929, #7903, #340 ) ) ;
#1939 = DIRECTION ( 'NONE',  ( 0.000000000000000000, 1.000000000000000000, 0.000000000000000000 ) ) ;
#1940 = CARTESIAN_POINT ( 'NONE',  ( 40.95000000000000284, -6.812339080949070258, 9.825321660488031128 ) ) ;
#1941 = VECTOR ( 'NONE', #2595, 1000.000000000000000 ) ;
#1942 = AXIS2_PLACEMENT_3D ( 'NONE', #8236, #9299, #2793 ) ;
#1943 = VECTOR ( 'NONE', #8587, 1000.000000000000227 ) ;
#1944 = AXIS2_PLACEMENT_3D ( 'NONE', #5275, #3504, #9827 ) ;
#1945 = AXIS2_PLACEMENT_3D ( 'NONE', #2858, #7636, #4829 ) ;
#1946 = CARTESIAN_POINT ( 'NONE',  ( 27.75000000000000000, -17.50534825036275066, -26.55000000000000071 ) ) ;
#1947 = VECTOR ( 'NONE', #6152, 1000.000000000000000 ) ;
#1948 = CYLINDRICAL_SURFACE ( 'NONE', #10666, 0.3594872681224065558 ) ;
#1949 = EDGE_CURVE ( 'NONE', #1056, #5346, #9359, .T. ) ;
#1950 = EDGE_LOOP ( 'NONE', ( #2356, #1034, #4696, #3576, #2322 ) ) ;
#1951 = CARTESIAN_POINT ( 'NONE',  ( 12.12963360958148051, -14.50534825036275954, -40.53619997939700426 ) ) ;
#1952 = DIRECTION ( 'NONE',  ( 0.000000000000000000, -1.000000000000000000, 0.000000000000000000 ) ) ;
#1953 = VECTOR ( 'NONE', #9381, 1000.000000000000000 ) ;
#1954 = ORIENTED_EDGE ( 'NONE', *, *, #5648, .F. ) ;
#1955 = CIRCLE ( 'NONE', #8252, 0.3594872681224065558 ) ;
#1956 = CARTESIAN_POINT ( 'NONE',  ( 26.45000000000000284, -11.50534825036277908, 40.95000000000000284 ) ) ;
#1957 = CARTESIAN_POINT ( 'NONE',  ( 42.95000000000000284, -13.35186151901900153, -0.7679129753657750745 ) ) ;
#1958 = EDGE_CURVE ( 'NONE', #5704, #8910, #4190, .T. ) ;
#1959 = CIRCLE ( 'NONE', #4251, 3.500000000000003109 ) ;
#1960 = DIRECTION ( 'NONE',  ( 0.000000000000000000, 0.000000000000000000, -1.000000000000000000 ) ) ;
#1961 = ORIENTED_EDGE ( 'NONE', *, *, #6227, .T. ) ;
#1962 = EDGE_CURVE ( 'NONE', #794, #11578, #7069, .T. ) ;
#1963 = CARTESIAN_POINT ( 'NONE',  ( 40.95000000000000284, -8.005348250362779083, -34.87555728527814836 ) ) ;
#1964 =( NAMED_UNIT ( * ) PLANE_ANGLE_UNIT ( ) SI_UNIT ( $, .RADIAN. ) );
#1965 = ORIENTED_EDGE ( 'NONE', *, *, #437, .T. ) ;
#1966 = DIRECTION ( 'NONE',  ( 0.000000000000000000, -1.000000000000000000, 0.000000000000000000 ) ) ;
#1967 = LINE ( 'NONE', #8353, #9162 ) ;
#1968 = CARTESIAN_POINT ( 'NONE',  ( 27.23161524997961536, -19.69109264338465692, -41.81575904568505564 ) ) ;
#1969 = DIRECTION ( 'NONE',  ( 0.000000000000000000, -1.000000000000000000, 0.000000000000000000 ) ) ;
#1970 = DIRECTION ( 'NONE',  ( 0.000000000000000000, 0.000000000000000000, 1.000000000000000000 ) ) ;
#1971 = EDGE_CURVE ( 'NONE', #450, #2341, #5265, .T. ) ;
#1972 = FACE_OUTER_BOUND ( 'NONE', #489, .T. ) ;
#1973 = EDGE_LOOP ( 'NONE', ( #5695, #38, #1759, #4725, #1706, #7343, #8956, #9050, #3025, #9700, #8744, #9902 ) ) ;
#1974 = CARTESIAN_POINT ( 'NONE',  ( 40.94999999999996021, -7.908497164570098548, -28.67700944774662375 ) ) ;
#1975 = VECTOR ( 'NONE', #8075, 1000.000000000000227 ) ;
#1976 = ORIENTED_EDGE ( 'NONE', *, *, #8489, .F. ) ;
#1977 = EDGE_CURVE ( 'NONE', #9622, #8395, #2899, .T. ) ;
#1978 = FACE_OUTER_BOUND ( 'NONE', #3826, .T. ) ;
#1979 = EDGE_CURVE ( 'NONE', #4929, #2751, #7844, .T. ) ;
#1980 = VECTOR ( 'NONE', #73, 1000.000000000000000 ) ;
#1981 = FACE_OUTER_BOUND ( 'NONE', #9337, .T. ) ;
#1982 = VECTOR ( 'NONE', #10010, 1000.000000000000000 ) ;
#1983 = CARTESIAN_POINT ( 'NONE',  ( 40.95000000000001705, -7.998361893814685430, 33.17445346302350373 ) ) ;
#1984 = CARTESIAN_POINT ( 'NONE',  ( 26.09664840072518643, -19.50023581122550098, -41.84891881499957123 ) ) ;
#1985 = DIRECTION ( 'NONE',  ( 0.000000000000000000, 0.000000000000000000, -1.000000000000000000 ) ) ;
#1986 = DIRECTION ( 'NONE',  ( -1.000000000000000000, 0.000000000000000000, 0.000000000000000000 ) ) ;
#1987 = EDGE_CURVE ( 'NONE', #7763, #10151, #4201, .T. ) ;
#1988 = CARTESIAN_POINT ( 'NONE',  ( 26.18631389554424516, -19.49114900410428675, -41.76906661125205744 ) ) ;
#1989 = ORIENTED_EDGE ( 'NONE', *, *, #4087, .F. ) ;
#1990 = DIRECTION ( 'NONE',  ( 0.000000000000000000, 0.000000000000000000, -1.000000000000000000 ) ) ;
#1991 = ORIENTED_EDGE ( 'NONE', *, *, #6445, .F. ) ;
#1992 = DIRECTION ( 'NONE',  ( 0.000000000000000000, 0.000000000000000000, 1.000000000000000000 ) ) ;
#1993 = ORIENTED_EDGE ( 'NONE', *, *, #3460, .T. ) ;
#1994 = VERTEX_POINT ( 'NONE', #2352 ) ;
#1995 = CARTESIAN_POINT ( 'NONE',  ( 10.76166857261466170, -19.25785890406580236, -42.07229408902720280 ) ) ;
#1996 = CARTESIAN_POINT ( 'NONE',  ( 37.75000000000000000, -8.505348250362779083, 30.94999999999999929 ) ) ;
#1997 = CARTESIAN_POINT ( 'NONE',  ( 21.94999999999999929, -12.30534825036276025, 22.50000000000000000 ) ) ;
#1998 = ADVANCED_FACE ( 'NONE', ( #9990 ), #1858, .F. ) ;
#1999 = VERTEX_POINT ( 'NONE', #852 ) ;
#2000 = CARTESIAN_POINT ( 'NONE',  ( 10.97154999527442421, -19.52288774199615773, -41.70205751470918187 ) ) ;
#2001 =( BOUNDED_SURFACE ( )  B_SPLINE_SURFACE ( 3, 2, ( 
 ( #7152, #6413, #9113 ),
 ( #2600, #1649, #4454 ),
 ( #6187, #2550, #10056 ),
 ( #7197, #8215, #821 ),
 ( #922, #2723, #11628 ),
 ( #3445, #9835, #6362 ),
 ( #7330, #5411, #10954 ),
 ( #6240, #9889, #8939 ),
 ( #8104, #8046, #5233 ),
 ( #5347, #873, #11738 ),
 ( #7094, #9947, #7981 ),
 ( #5460, #1775, #10007 ),
 ( #2655, #9005, #706 ),
 ( #4558, #48, #3564 ),
 ( #9062, #8885, #5282 ),
 ( #4503, #760, #8151 ) ),
 .UNSPECIFIED., .F., .F., .T. ) 
 B_SPLINE_SURFACE_WITH_KNOTS ( ( 4, 2, 2, 2, 2, 2, 2, 4 ),
 ( 3, 3 ),
 ( 0.001199374304475626148, 0.001673077667029984877, 0.002146781029584339702, 0.002620484392138694961, 0.003094187754693054990, 0.003567891117247410249, 0.004041594479801769411, 0.004989001204910479929 ),
 ( 0.000000000000000000, 1.000000000000000000 ),
 .UNSPECIFIED. ) 
 GEOMETRIC_REPRESENTATION_ITEM ( )  RATIONAL_B_SPLINE_SURFACE ( (
 ( 1.000000000000000000, 0.5055250296034329294, 1.000000000000000000),
 ( 1.000000000000000000, 0.5055357619159599469, 1.000000000000000000),
 ( 1.000000000000000000, 0.5067881805098960468, 1.000000000000000000),
 ( 1.000000000000000000, 0.5118308550129200274, 1.000000000000000000),
 ( 1.000000000000000000, 0.5156398884651059999, 1.000000000000000000),
 ( 1.000000000000000000, 0.5255878917605780742, 1.000000000000000000),
 ( 1.000000000000000000, 0.5318613981605739838, 1.000000000000000000),
 ( 1.000000000000000000, 0.5465173396839450026, 1.000000000000000000),
 ( 1.000000000000000000, 0.5550054062776080821, 1.000000000000000000),
 ( 1.000000000000000000, 0.5740512815402259994, 1.000000000000000000),
 ( 1.000000000000000000, 0.5844747702795540789, 1.000000000000000000),
 ( 1.000000000000000000, 0.6070953401083349910, 1.000000000000000000),
 ( 1.000000000000000000, 0.6192658652619380533, 1.000000000000000000),
 ( 1.000000000000000000, 0.6566619271705590455, 1.000000000000000000),
 ( 1.000000000000000000, 0.6834271474991979733, 1.000000000000000000),
 ( 1.000000000000000000, 0.7071067811865480168, 1.000000000000000000) ) ) 
 REPRESENTATION_ITEM ( '' )  SURFACE ( )  );
#2002 = ORIENTED_EDGE ( 'NONE', *, *, #6234, .F. ) ;
#2003 = DIRECTION ( 'NONE',  ( -1.000000000000000000, 0.000000000000000000, 0.000000000000000000 ) ) ;
#2004 = FACE_OUTER_BOUND ( 'NONE', #10437, .T. ) ;
#2005 = DIRECTION ( 'NONE',  ( 1.000000000000000000, 0.000000000000000000, 0.000000000000000000 ) ) ;
#2006 = ADVANCED_FACE ( 'NONE', ( #5323 ), #2701, .F. ) ;
#2007 = CARTESIAN_POINT ( 'NONE',  ( -39.95000000000000284, -7.005348250362779972, -32.13743420870380163 ) ) ;
#2008 = ORIENTED_EDGE ( 'NONE', *, *, #2326, .T. ) ;
#2009 = DIRECTION ( 'NONE',  ( 1.000000000000000000, 0.000000000000000000, 0.000000000000000000 ) ) ;
#2010 = CARTESIAN_POINT ( 'NONE',  ( 18.62963360958150005, -22.29256159040334850, -34.03619997939700426 ) ) ;
#2011 = ORIENTED_EDGE ( 'NONE', *, *, #6771, .F. ) ;
#2012 = LINE ( 'NONE', #10189, #1190 ) ;
#2013 = FACE_OUTER_BOUND ( 'NONE', #1545, .T. ) ;
#2014 = DIRECTION ( 'NONE',  ( 0.000000000000000000, 0.000000000000000000, -1.000000000000000000 ) ) ;
#2015 = EDGE_CURVE ( 'NONE', #8121, #6411, #10985, .T. ) ;
#2016 = ORIENTED_EDGE ( 'NONE', *, *, #5468, .T. ) ;
#2017 = DIRECTION ( 'NONE',  ( 0.000000000000000000, 1.000000000000000000, 0.000000000000000000 ) ) ;
#2018 = ORIENTED_EDGE ( 'NONE', *, *, #4889, .F. ) ;
#2019 = CARTESIAN_POINT ( 'NONE',  ( -37.75000000000000000, -8.505348250362779083, -30.94999999999999929 ) ) ;
#2020 = ORIENTED_EDGE ( 'NONE', *, *, #10266, .F. ) ;
#2021 = EDGE_CURVE ( 'NONE', #3970, #6200, #3718, .T. ) ;
#2022 = CARTESIAN_POINT ( 'NONE',  ( 40.95000000000000284, -7.844848116524470782, 34.87555728527814836 ) ) ;
#2023 = CARTESIAN_POINT ( 'NONE',  ( -39.95000000000000284, -6.005348250362779972, 30.94999999999999929 ) ) ;
#2024 = CARTESIAN_POINT ( 'NONE',  ( 27.12901356319767032, -20.45932280663827996, -40.64472549865154605 ) ) ;
#2025 = CARTESIAN_POINT ( 'NONE',  ( 42.95000000000000284, -6.812339080949070258, -4.174678339511975089 ) ) ;
#2026 = CARTESIAN_POINT ( 'NONE',  ( -30.94999999999999929, -17.50534825036275066, 24.54999999999999716 ) ) ;
#2027 = CARTESIAN_POINT ( 'NONE',  ( 9.965058271481041174, -19.52500484891154997, -41.92755939137686028 ) ) ;
#2028 = ORIENTED_EDGE ( 'NONE', *, *, #7532, .T. ) ;
#2029 = CARTESIAN_POINT ( 'NONE',  ( 39.46111111111110148, -8.005348250362779083, -27.89678877811699920 ) ) ;
#2030 = ORIENTED_EDGE ( 'NONE', *, *, #3937, .T. ) ;
#2031 = DIRECTION ( 'NONE',  ( 0.000000000000000000, 0.000000000000000000, 1.000000000000000000 ) ) ;
#2032 = DIRECTION ( 'NONE',  ( -1.000000000000000000, 0.000000000000000000, 0.000000000000000000 ) ) ;
#2033 = CARTESIAN_POINT ( 'NONE',  ( 40.95000000000001705, -7.726441658010120506, 33.21054575905226613 ) ) ;
#2034 = FACE_OUTER_BOUND ( 'NONE', #1106, .T. ) ;
#2035 = EDGE_CURVE ( 'NONE', #10196, #2646, #3673, .T. ) ;
#2036 = DIRECTION ( 'NONE',  ( 0.000000000000000000, 1.000000000000000000, 0.000000000000000000 ) ) ;
#2037 = FACE_OUTER_BOUND ( 'NONE', #1121, .T. ) ;
#2038 = CARTESIAN_POINT ( 'NONE',  ( 25.90765986714561464, -19.49978104247376720, -41.80634204986716185 ) ) ;
#2039 = VERTEX_POINT ( 'NONE', #7363 ) ;
#2040 = CARTESIAN_POINT ( 'NONE',  ( -42.95000000000000284, -13.20151344825372064, 20.55862424082754814 ) ) ;
#2041 = ORIENTED_EDGE ( 'NONE', *, *, #8324, .F. ) ;
#2042 = CARTESIAN_POINT ( 'NONE',  ( 39.46111111111110148, -16.50534825036275066, -27.89678877811699920 ) ) ;
#2043 = VERTEX_POINT ( 'NONE', #800 ) ;
#2044 = ORIENTED_EDGE ( 'NONE', *, *, #6773, .F. ) ;
#2045 = CARTESIAN_POINT ( 'NONE',  ( 26.62029506360743270, -19.90742686749618073, -40.96379192960701232 ) ) ;
#2046 = PLANE ( 'NONE',  #8041 ) ;
#2047 = ADVANCED_FACE ( 'NONE', ( #90 ), #10936, .F. ) ;
#2048 = CARTESIAN_POINT ( 'NONE',  ( 39.95000000000000284, -7.005348250362779972, 32.13743420870385137 ) ) ;
#2049 = VECTOR ( 'NONE', #2288, 1000.000000000000000 ) ;
#2050 = ORIENTED_EDGE ( 'NONE', *, *, #5326, .T. ) ;
#2051 = LINE ( 'NONE', #6593, #5873 ) ;
#2052 = VERTEX_POINT ( 'NONE', #7310 ) ;
#2053 = CARTESIAN_POINT ( 'NONE',  ( 42.95000000000000284, -6.812339080949070258, -18.17467833951194933 ) ) ;
#2054 = CARTESIAN_POINT ( 'NONE',  ( 40.95000000000000284, -7.845171262107431431, -34.87555728527814836 ) ) ;
#2055 = ADVANCED_FACE ( 'NONE', ( #9870 ), #9151, .F. ) ;
#2056 = CIRCLE ( 'NONE', #6057, 4.499999999999997335 ) ;
#2057 = ORIENTED_EDGE ( 'NONE', *, *, #7256, .T. ) ;
#2058 = CARTESIAN_POINT ( 'NONE',  ( 41.45000000000000284, -19.50534825036275066, 42.95000000000000284 ) ) ;
#2059 = CARTESIAN_POINT ( 'NONE',  ( -40.95000000000000284, -6.661991010183810680, -17.84814112331865132 ) ) ;
#2060 = ORIENTED_EDGE ( 'NONE', *, *, #5468, .F. ) ;
#2061 = CARTESIAN_POINT ( 'NONE',  ( 18.62963360958150005, -21.50534825036274711, -39.53619997939700426 ) ) ;
#2062 = DIRECTION ( 'NONE',  ( 0.000000000000000000, -1.000000000000000000, 0.000000000000000000 ) ) ;
#2063 = ORIENTED_EDGE ( 'NONE', *, *, #6649, .F. ) ;
#2064 = DIRECTION ( 'NONE',  ( 0.000000000000000000, -1.000000000000000000, 0.000000000000000000 ) ) ;
#2065 = CARTESIAN_POINT ( 'NONE',  ( 41.45000000000000284, -17.50534825036275066, 27.17781907207880110 ) ) ;
#2066 = ORIENTED_EDGE ( 'NONE', *, *, #466, .F. ) ;
#2067 = CARTESIAN_POINT ( 'NONE',  ( 11.07231310981974026, -19.50282807886674874, -41.70321450898725146 ) ) ;
#2068 = AXIS2_PLACEMENT_3D ( 'NONE', #920, #4387, #3680 ) ;
#2069 = CIRCLE ( 'NONE', #5682, 0.8999999999999980238 ) ;
#2070 = ORIENTED_EDGE ( 'NONE', *, *, #6933, .T. ) ;
#2071 = CARTESIAN_POINT ( 'NONE',  ( -40.95000000000000284, -13.35186151901900153, -14.76791297536576053 ) ) ;
#2072 = EDGE_LOOP ( 'NONE', ( #4939, #6678, #3873, #2711 ) ) ;
#2073 = FACE_OUTER_BOUND ( 'NONE', #8734, .T. ) ;
#2074 = DIRECTION ( 'NONE',  ( 0.000000000000000000, -1.000000000000000000, 0.000000000000000000 ) ) ;
#2075 = FACE_OUTER_BOUND ( 'NONE', #7370, .T. ) ;
#2076 = AXIS2_PLACEMENT_3D ( 'NONE', #9504, #10339, #3307 ) ;
#2077 = CARTESIAN_POINT ( 'NONE',  ( -25.55000000000000071, -17.50534825036275066, 27.25000000000000000 ) ) ;
#2078 = ORIENTED_EDGE ( 'NONE', *, *, #9653, .T. ) ;
#2079 = CARTESIAN_POINT ( 'NONE',  ( 41.45000000000000284, -3.705348250362780149, 41.95000000000000284 ) ) ;
#2080 = FACE_OUTER_BOUND ( 'NONE', #2348, .T. ) ;
#2081 = ORIENTED_EDGE ( 'NONE', *, *, #8475, .F. ) ;
#2082 = AXIS2_PLACEMENT_3D ( 'NONE', #5711, #8477, #3925 ) ;
#2083 = CARTESIAN_POINT ( 'NONE',  ( 9.823911700637349753, -19.74633850339374774, -41.65092130572939766 ) ) ;
#2084 = VERTEX_POINT ( 'NONE', #4429 ) ;
#2085 = FACE_OUTER_BOUND ( 'NONE', #7564, .T. ) ;
#2086 = ORIENTED_EDGE ( 'NONE', *, *, #7308, .F. ) ;
#2087 = DIRECTION ( 'NONE',  ( -7.001322103090887394E-17, 0.9083415329249426851, -0.4182291950158013027 ) ) ;
#2088 = CIRCLE ( 'NONE', #9907, 1.000000000000000888 ) ;
#2089 = CARTESIAN_POINT ( 'NONE',  ( 27.74107742746965144, -19.50534825036275066, -41.95000000000000284 ) ) ;
#2090 = VECTOR ( 'NONE', #3354, 1000.000000000000000 ) ;
#2091 = CARTESIAN_POINT ( 'NONE',  ( -40.10112150738143555, -17.18898697499803419, 33.87555728527810572 ) ) ;
#2092 = CARTESIAN_POINT ( 'NONE',  ( 42.95000000000000284, -6.661991010183810680, 10.15185887668133979 ) ) ;
#2093 = EDGE_CURVE ( 'NONE', #6743, #7599, #6921, .T. ) ;
#2094 = VECTOR ( 'NONE', #4784, 1000.000000000000000 ) ;
#2095 = CARTESIAN_POINT ( 'NONE',  ( -25.55000000000000071, -17.50534825036275066, 26.55000000000000071 ) ) ;
#2096 = DIRECTION ( 'NONE',  ( 1.520599644265049812E-16, 0.4182291950158013583, 0.9083415329249427961 ) ) ;
#2097 = DIRECTION ( 'NONE',  ( 1.084202172485499873E-16, 0.000000000000000000, -1.000000000000000000 ) ) ;
#2098 = ORIENTED_EDGE ( 'NONE', *, *, #9325, .T. ) ;
#2099 = DIRECTION ( 'NONE',  ( 0.000000000000000000, 0.000000000000000000, -1.000000000000000000 ) ) ;
#2100 = AXIS2_PLACEMENT_3D ( 'NONE', #9082, #892, #5481 ) ;
#2101 = ORIENTED_EDGE ( 'NONE', *, *, #2480, .F. ) ;
#2102 = LINE ( 'NONE', #4848, #4376 ) ;
#2103 = ORIENTED_EDGE ( 'NONE', *, *, #6462, .T. ) ;
#2104 = ORIENTED_EDGE ( 'NONE', *, *, #2930, .F. ) ;
#2105 = ORIENTED_EDGE ( 'NONE', *, *, #2223, .T. ) ;
#2106 = EDGE_CURVE ( 'NONE', #7138, #4555, #10340, .T. ) ;
#2107 = AXIS2_PLACEMENT_3D ( 'NONE', #2222, #6958, #7658 ) ;
#2108 = CARTESIAN_POINT ( 'NONE',  ( 33.75000000000000000, -17.50534825036275066, -26.55000000000000071 ) ) ;
#2109 = CARTESIAN_POINT ( 'NONE',  ( 27.12963360958150005, -20.00534825036275066, 0.000000000000000000 ) ) ;
#2110 = CARTESIAN_POINT ( 'NONE',  ( 39.48165284103078676, -7.620694738669657298, 33.90663311188178852 ) ) ;
#2111 = AXIS2_PLACEMENT_3D ( 'NONE', #940, #10193, #11807 ) ;
#2112 = CIRCLE ( 'NONE', #35, 1.000000000000000888 ) ;
#2113 = ORIENTED_EDGE ( 'NONE', *, *, #8006, .T. ) ;
#2114 = CARTESIAN_POINT ( 'NONE',  ( 10.52886870493433058, -19.64965925802948021, -41.83139431844880818 ) ) ;
#2115 = VECTOR ( 'NONE', #676, 1000.000000000000000 ) ;
#2116 = VERTEX_POINT ( 'NONE', #2583 ) ;
#2117 = EDGE_CURVE ( 'NONE', #9091, #5221, #1381, .T. ) ;
#2118 = CARTESIAN_POINT ( 'NONE',  ( -22.84999999999999787, -17.50534825036275066, 25.55000000000000071 ) ) ;
#2119 = LINE ( 'NONE', #338, #2840 ) ;
#2120 = EDGE_CURVE ( 'NONE', #9015, #10574, #11720, .T. ) ;
#2121 = EDGE_CURVE ( 'NONE', #268, #6411, #5352, .T. ) ;
#2122 =( GEOMETRIC_REPRESENTATION_CONTEXT ( 3 ) GLOBAL_UNCERTAINTY_ASSIGNED_CONTEXT ( ( #1725 ) ) GLOBAL_UNIT_ASSIGNED_CONTEXT ( ( #7792, #5157, #9525 ) ) REPRESENTATION_CONTEXT ( 'NONE', 'WORKASPACE' ) );
#2123 = VECTOR ( 'NONE', #8548, 1000.000000000000000 ) ;
#2124 = CARTESIAN_POINT ( 'NONE',  ( -40.95000000000000284, -8.005348250362779083, 34.87555728527809151 ) ) ;
#2125 = CARTESIAN_POINT ( 'NONE',  ( -40.95000000000000284, -6.273652099918799685, -33.68482537570994850 ) ) ;
#2126 = VECTOR ( 'NONE', #2227, 1000.000000000000000 ) ;
#2127 = ORIENTED_EDGE ( 'NONE', *, *, #2163, .T. ) ;
#2128 = CARTESIAN_POINT ( 'NONE',  ( 28.12437311118189953, -19.50534825036275066, -40.82464186537405482 ) ) ;
#2129 = LINE ( 'NONE', #5768, #4223 ) ;
#2130 = ORIENTED_EDGE ( 'NONE', *, *, #8527, .T. ) ;
#2131 = DIRECTION ( 'NONE',  ( 0.000000000000000000, 1.000000000000000000, 0.000000000000000000 ) ) ;
#2132 = DIRECTION ( 'NONE',  ( 0.000000000000000000, 0.000000000000000000, -1.000000000000000000 ) ) ;
#2133 = ORIENTED_EDGE ( 'NONE', *, *, #7342, .F. ) ;
#2134 = ADVANCED_FACE ( 'NONE', ( #9044 ), #8192, .F. ) ;
#2135 = DIRECTION ( 'NONE',  ( 0.000000000000000000, 0.000000000000000000, -1.000000000000000000 ) ) ;
#2136 = AXIS2_PLACEMENT_3D ( 'NONE', #2784, #3628, #2961 ) ;
#2137 = CIRCLE ( 'NONE', #6322, 4.500000000000000888 ) ;
#2138 = AXIS2_PLACEMENT_3D ( 'NONE', #905, #8193, #8314 ) ;
#2139 = VERTEX_POINT ( 'NONE', #3545 ) ;
#2140 = FACE_OUTER_BOUND ( 'NONE', #8316, .T. ) ;
#2141 = ORIENTED_EDGE ( 'NONE', *, *, #2270, .F. ) ;
#2142 = CARTESIAN_POINT ( 'NONE',  ( 27.75000000000000000, -19.50534825036275066, 19.94999999999999929 ) ) ;
#2143 = PLANE ( 'NONE',  #5512 ) ;
#2144 = CARTESIAN_POINT ( 'NONE',  ( 40.95000000000000284, -7.234143290676309235, -27.19512222428420145 ) ) ;
#2145 = VECTOR ( 'NONE', #392, 1000.000000000000000 ) ;
#2146 = FACE_BOUND ( 'NONE', #270, .T. ) ;
#2147 = AXIS2_PLACEMENT_3D ( 'NONE', #10583, #3248, #688 ) ;
#2148 = AXIS2_PLACEMENT_3D ( 'NONE', #10382, #11207, #2206 ) ;
#2149 = EDGE_LOOP ( 'NONE', ( #4480, #9105, #1109, #6063 ) ) ;
#2150 = DIRECTION ( 'NONE',  ( 0.000000000000000000, 0.000000000000000000, -1.000000000000000000 ) ) ;
#2151 = CARTESIAN_POINT ( 'NONE',  ( 27.12963360961700232, -20.50534825036275066, -40.36019118167724429 ) ) ;
#2152 = ORIENTED_EDGE ( 'NONE', *, *, #2177, .F. ) ;
#2153 = ADVANCED_FACE ( 'NONE', ( #7181 ), #6394, .T. ) ;
#2154 = CARTESIAN_POINT ( 'NONE',  ( 9.518189791693229651, -19.50534825036275066, -41.95000000000000284 ) ) ;
#2155 = EDGE_LOOP ( 'NONE', ( #9258, #2774, #8182, #6621 ) ) ;
#2156 = ORIENTED_EDGE ( 'NONE', *, *, #8511, .T. ) ;
#2157 = CARTESIAN_POINT ( 'NONE',  ( 9.129633609581478737, -19.50534825036275066, -40.21794919243114919 ) ) ;
#2158 = AXIS2_PLACEMENT_3D ( 'NONE', #2568, #3467, #1730 ) ;
#2159 = VECTOR ( 'NONE', #7832, 1000.000000000000000 ) ;
#2160 = DIRECTION ( 'NONE',  ( 0.000000000000000000, -1.000000000000000000, 0.000000000000000000 ) ) ;
#2161 = LINE ( 'NONE', #4892, #7306 ) ;
#2162 = CARTESIAN_POINT ( 'NONE',  ( 40.95000000000000284, -13.20151344825372064, -0.4413757591724684626 ) ) ;
#2163 = EDGE_CURVE ( 'NONE', #8498, #10804, #6335, .T. ) ;
#2164 = AXIS2_PLACEMENT_3D ( 'NONE', #4809, #9417, #520 ) ;
#2165 = DIRECTION ( 'NONE',  ( 0.000000000000000000, 0.000000000000000000, -1.000000000000000000 ) ) ;
#2166 = DIRECTION ( 'NONE',  ( 0.000000000000000000, 0.000000000000000000, -1.000000000000000000 ) ) ;
#2167 = AXIS2_PLACEMENT_3D ( 'NONE', #845, #4476, #2860 ) ;
#2168 = CARTESIAN_POINT ( 'NONE',  ( 25.97569319618915529, -19.49451698348548945, -41.78226872895331923 ) ) ;
#2169 = VERTEX_POINT ( 'NONE', #7652 ) ;
#2170 = LINE ( 'NONE', #323, #10455 ) ;
#2171 = EDGE_LOOP ( 'NONE', ( #7889, #3126, #7562, #3097 ) ) ;
#2172 = CARTESIAN_POINT ( 'NONE',  ( -39.95000000000000284, -6.005348250362779972, 29.76256579129620050 ) ) ;
#2173 = VERTEX_POINT ( 'NONE', #3771 ) ;
#2174 = ORIENTED_EDGE ( 'NONE', *, *, #3715, .T. ) ;
#2176 = ORIENTED_EDGE ( 'NONE', *, *, #4588, .F. ) ;
#2175 = EDGE_CURVE ( 'NONE', #2039, #351, #5800, .T. ) ;
#2177 = EDGE_CURVE ( 'NONE', #501, #10043, #5363, .T. ) ;
#2178 = CARTESIAN_POINT ( 'NONE',  ( 11.16193239077450450, -19.50213853379564100, -41.98800176988802235 ) ) ;
#2179 = DIRECTION ( 'NONE',  ( 0.000000000000000000, 0.000000000000000000, 1.000000000000000000 ) ) ;
#2180 = DIRECTION ( 'NONE',  ( 0.000000000000000000, 0.000000000000000000, -1.000000000000000000 ) ) ;
#2181 = CARTESIAN_POINT ( 'NONE',  ( 39.68683847464118486, -7.082904451479597796, 33.09826810189224489 ) ) ;
#2182 = EDGE_CURVE ( 'NONE', #10102, #3151, #3654, .T. ) ;
#2183 = ORIENTED_EDGE ( 'NONE', *, *, #2480, .T. ) ;
#2184 = CARTESIAN_POINT ( 'NONE',  ( -40.95000000000000284, -31.95846235338109409, 14.40339280750711914 ) ) ;
#2185 = VERTEX_POINT ( 'NONE', #4778 ) ;
#2186 = PLANE ( 'NONE',  #10081 ) ;
#2187 = DIRECTION ( 'NONE',  ( 0.000000000000000000, 0.000000000000000000, 1.000000000000000000 ) ) ;
#2188 = CARTESIAN_POINT ( 'NONE',  ( -40.95000000000000284, -7.845192467253481183, 34.87555727615539780 ) ) ;
#2189 = CARTESIAN_POINT ( 'NONE',  ( -40.95000000000004547, -7.174063434578946463, -32.66323545568861419 ) ) ;
#2190 = ORIENTED_EDGE ( 'NONE', *, *, #9007, .F. ) ;
#2191 = DIRECTION ( 'NONE',  ( -1.000000000000000000, 0.000000000000000000, 0.000000000000000000 ) ) ;
#2192 = CARTESIAN_POINT ( 'NONE',  ( -25.55000000000000071, -17.50534825036275066, 21.14999999999999858 ) ) ;
#2193 = ADVANCED_FACE ( 'NONE', ( #7587 ), #9500, .F. ) ;
#2194 = ORIENTED_EDGE ( 'NONE', *, *, #7143, .F. ) ;
#2195 = DIRECTION ( 'NONE',  ( 0.000000000000000000, -1.000000000000000000, 0.000000000000000000 ) ) ;
#2196 = CYLINDRICAL_SURFACE ( 'NONE', #8166, 1.500000000000001332 ) ;
#2197 = ORIENTED_EDGE ( 'NONE', *, *, #7179, .F. ) ;
#2198 = CARTESIAN_POINT ( 'NONE',  ( 11.18148241092715978, -19.50226115134239535, -41.70328369330755436 ) ) ;
#2199 = ORIENTED_EDGE ( 'NONE', *, *, #9407, .T. ) ;
#2200 = CARTESIAN_POINT ( 'NONE',  ( 18.45000000000000284, -17.50534825036275066, 41.45000000000000284 ) ) ;
#2201 = VERTEX_POINT ( 'NONE', #3895 ) ;
#2202 = CARTESIAN_POINT ( 'NONE',  ( -39.95000000000000284, -8.005348250362779083, 34.87555728527809151 ) ) ;
#2203 = CYLINDRICAL_SURFACE ( 'NONE', #2737, 1.750000000000001554 ) ;
#2204 = FACE_BOUND ( 'NONE', #2776, .T. ) ;
#2205 = ORIENTED_EDGE ( 'NONE', *, *, #7170, .F. ) ;
#2206 = DIRECTION ( 'NONE',  ( 0.000000000000000000, 0.000000000000000000, -1.000000000000000000 ) ) ;
#2207 = DIRECTION ( 'NONE',  ( -1.050198315463631445E-16, 0.9083415329249426851, -0.4182291950158013027 ) ) ;
#2208 = ADVANCED_FACE ( 'NONE', ( #5668, #6695 ), #11289, .T. ) ;
#2209 = CARTESIAN_POINT ( 'NONE',  ( 39.56588062948190299, -7.258965039731469560, 28.35191700660235270 ) ) ;
#2210 = VERTEX_POINT ( 'NONE', #11044 ) ;
#2211 = DIRECTION ( 'NONE',  ( 0.000000000000000000, -1.000000000000000000, 0.000000000000000000 ) ) ;
#2212 = DIRECTION ( 'NONE',  ( 0.000000000000000000, 0.000000000000000000, -1.000000000000000000 ) ) ;
#2213 = EDGE_CURVE ( 'NONE', #8502, #10129, #10889, .T. ) ;
#2214 = CARTESIAN_POINT ( 'NONE',  ( 40.95000000000000284, -13.50220958978423980, -8.094450191559078078 ) ) ;
#2215 = DIRECTION ( 'NONE',  ( -1.000000000000000000, 0.000000000000000000, 1.674039542559039894E-16 ) ) ;
#2216 = DIRECTION ( 'NONE',  ( -0.000000000000000000, 1.000000000000000000, 0.000000000000000000 ) ) ;
#2217 = DIRECTION ( 'NONE',  ( 1.000000000000000000, 0.000000000000000000, 0.000000000000000000 ) ) ;
#2218 = CARTESIAN_POINT ( 'NONE',  ( 26.12679884749405090, -19.49851126123590106, -41.83326424768879548 ) ) ;
#2219 = ORIENTED_EDGE ( 'NONE', *, *, #1271, .T. ) ;
#2220 = CARTESIAN_POINT ( 'NONE',  ( 39.95000000000000284, -17.04862882735370277, 33.87555728527809862 ) ) ;
#2221 = VERTEX_POINT ( 'NONE', #8493 ) ;
#2222 = CARTESIAN_POINT ( 'NONE',  ( 37.75000000000000000, -16.50534825036275066, 35.45000000000000284 ) ) ;
#2223 = EDGE_CURVE ( 'NONE', #2841, #5853, #1362, .T. ) ;
#2224 = ORIENTED_EDGE ( 'NONE', *, *, #6364, .T. ) ;
#2225 = ORIENTED_EDGE ( 'NONE', *, *, #6462, .F. ) ;
#2226 = CARTESIAN_POINT ( 'NONE',  ( -39.95000000000000284, -7.005348250362779972, 32.36774468787579195 ) ) ;
#2227 = DIRECTION ( 'NONE',  ( -1.000000000000000000, 0.000000000000000000, 1.674039542559039894E-16 ) ) ;
#2228 = CARTESIAN_POINT ( 'NONE',  ( -39.95000000000000284, -7.005348250362779972, 34.87555728527809151 ) ) ;
#2229 = CARTESIAN_POINT ( 'NONE',  ( -37.75000000000000000, -7.005348250362779972, 27.44999999999999929 ) ) ;
#2230 = VERTEX_POINT ( 'NONE', #8433 ) ;
#2231 = CARTESIAN_POINT ( 'NONE',  ( 39.95000000000000284, -7.005348250362779972, -28.02444271472184667 ) ) ;
#2232 = VERTEX_POINT ( 'NONE', #4663 ) ;
#2233 = CYLINDRICAL_SURFACE ( 'NONE', #3603, 0.8999999999999980238 ) ;
#2234 = CARTESIAN_POINT ( 'NONE',  ( 9.719585037383398074, -19.50534825036275777, -41.75298099236218263 ) ) ;
#2235 = EDGE_CURVE ( 'NONE', #3431, #10102, #3117, .T. ) ;
#2236 = EDGE_CURVE ( 'NONE', #10223, #9936, #223, .T. ) ;
#2237 = CARTESIAN_POINT ( 'NONE',  ( 10.15844583899752251, -20.18893652068492273, -41.29852909395353322 ) ) ;
#2238 = CARTESIAN_POINT ( 'NONE',  ( -40.95000000000000284, -6.005348227543000128, -32.45469411126229886 ) ) ;
#2239 = ORIENTED_EDGE ( 'NONE', *, *, #4165, .T. ) ;
#2240 = VECTOR ( 'NONE', #5332, 1000.000000000000000 ) ;
#2241 = CARTESIAN_POINT ( 'NONE',  ( 27.54853897117904182, -19.49952898086639053, -42.06245639164200867 ) ) ;
#2242 = CARTESIAN_POINT ( 'NONE',  ( 27.11712583574261259, -20.29513258246099383, -41.11057856549127365 ) ) ;
#2243 = CARTESIAN_POINT ( 'NONE',  ( 40.51285601835928674, -17.44283858908566387, 27.85120145486877163 ) ) ;
#2244 = EDGE_LOOP ( 'NONE', ( #2939, #8443, #115, #5335 ) ) ;
#2245 = LINE ( 'NONE', #9536, #6533 ) ;
#2246 = FACE_BOUND ( 'NONE', #846, .T. ) ;
#2247 = ORIENTED_EDGE ( 'NONE', *, *, #1256, .F. ) ;
#2248 = LINE ( 'NONE', #10661, #1411 ) ;
#2249 = EDGE_CURVE ( 'NONE', #10140, #5396, #5744, .T. ) ;
#2250 = EDGE_LOOP ( 'NONE', ( #10660, #380, #1476, #5885 ) ) ;
#2251 = CARTESIAN_POINT ( 'NONE',  ( 39.81116669259215257, -7.014182230866880197, -32.66460905595934605 ) ) ;
#2252 = AXIS2_PLACEMENT_3D ( 'NONE', #6752, #360, #3820 ) ;
#2253 = EDGE_CURVE ( 'NONE', #11449, #2912, #10316, .T. ) ;
#2254 = FACE_OUTER_BOUND ( 'NONE', #4043, .T. ) ;
#2255 = DIRECTION ( 'NONE',  ( 0.000000000000000000, 1.000000000000000000, 0.000000000000000000 ) ) ;
#2256 = DIRECTION ( 'NONE',  ( 0.000000000000000000, 0.000000000000000000, -1.000000000000000000 ) ) ;
#2257 = CARTESIAN_POINT ( 'NONE',  ( -41.45000000000000284, -1.705348250362779927, 41.45000000000000284 ) ) ;
#2258 = VECTOR ( 'NONE', #6360, 1000.000000000000000 ) ;
#2259 = EDGE_LOOP ( 'NONE', ( #10400, #312, #7544, #7376 ) ) ;
#2260 = CARTESIAN_POINT ( 'NONE',  ( 10.63124418687376682, -19.96509794593317721, -40.70323811884473031 ) ) ;
#2262 = AXIS2_PLACEMENT_3D ( 'NONE', #3619, #7261, #10897 ) ;
#2261 = CARTESIAN_POINT ( 'NONE',  ( 26.90289332915735088, -19.65010303937929947, -41.86141557553224857 ) ) ;
#2263 = CARTESIAN_POINT ( 'NONE',  ( -22.84999999999999787, -17.50534825036275066, 30.94999999999999929 ) ) ;
#2264 = ORIENTED_EDGE ( 'NONE', *, *, #890, .F. ) ;
#2265 = EDGE_CURVE ( 'NONE', #3753, #6195, #9443, .T. ) ;
#2266 = CYLINDRICAL_SURFACE ( 'NONE', #8409, 0.9999999999999991118 ) ;
#2267 = CIRCLE ( 'NONE', #7992, 1.000000000000000888 ) ;
#2268 = CARTESIAN_POINT ( 'NONE',  ( -25.55000000000000071, -17.50534825036275066, 23.85000000000000142 ) ) ;
#2269 = CIRCLE ( 'NONE', #4713, 5.116680757979500171 ) ;
#2270 = EDGE_CURVE ( 'NONE', #10418, #9142, #9266, .T. ) ;
#2271 = CARTESIAN_POINT ( 'NONE',  ( -37.75000000000000000, -19.00534825036275421, -33.55000000000000426 ) ) ;
#2272 = CARTESIAN_POINT ( 'NONE',  ( 9.634492719283494822, -19.94084799041102585, -40.85533232082729427 ) ) ;
#2273 = CARTESIAN_POINT ( 'NONE',  ( 37.75000000000000000, -8.505348250362779083, -30.94999999999999929 ) ) ;
#2274 = CARTESIAN_POINT ( 'NONE',  ( 40.95000000000000284, -7.845171262107420773, 27.02444271472185022 ) ) ;
#2275 = CARTESIAN_POINT ( 'NONE',  ( 25.88551350093424830, -19.55262924800385349, -41.70617184395199928 ) ) ;
#2276 = AXIS2_PLACEMENT_3D ( 'NONE', #3591, #8015, #682 ) ;
#2277 = ORIENTED_EDGE ( 'NONE', *, *, #7901, .F. ) ;
#2278 = ORIENTED_EDGE ( 'NONE', *, *, #11361, .T. ) ;
#2279 = ADVANCED_FACE ( 'NONE', ( #4715 ), #1745, .T. ) ;
#2280 = DIRECTION ( 'NONE',  ( -1.000000000000000000, 0.000000000000000000, 1.674039542559039894E-16 ) ) ;
#2281 = ORIENTED_EDGE ( 'NONE', *, *, #3860, .F. ) ;
#2282 = VERTEX_POINT ( 'NONE', #2095 ) ;
#2283 = CIRCLE ( 'NONE', #8966, 0.5000000000000004441 ) ;
#2284 = AXIS2_PLACEMENT_3D ( 'NONE', #11052, #2879, #10577 ) ;
#2285 = CIRCLE ( 'NONE', #11045, 3.500000000000003109 ) ;
#2286 = DIRECTION ( 'NONE',  ( -1.000000000000000000, 0.000000000000000000, 0.000000000000000000 ) ) ;
#2287 = DIRECTION ( 'NONE',  ( 2.012279232133094462E-13, 0.000000000000000000, -1.000000000000000000 ) ) ;
#2288 = DIRECTION ( 'NONE',  ( -1.000000000000000000, 0.000000000000000000, 0.000000000000000000 ) ) ;
#2289 = AXIS2_PLACEMENT_3D ( 'NONE', #8905, #842, #9682 ) ;
#2290 = DIRECTION ( 'NONE',  ( 1.982541115402065307E-15, 0.000000000000000000, -1.000000000000000000 ) ) ;
#2291 = ORIENTED_EDGE ( 'NONE', *, *, #686, .T. ) ;
#2292 = DIRECTION ( 'NONE',  ( 0.000000000000000000, 0.000000000000000000, -1.000000000000000000 ) ) ;
#2293 = ORIENTED_EDGE ( 'NONE', *, *, #1979, .F. ) ;
#2294 = DIRECTION ( 'NONE',  ( 0.000000000000000000, 0.000000000000000000, -1.000000000000000000 ) ) ;
#2295 = CARTESIAN_POINT ( 'NONE',  ( 37.75000000000000000, -8.005348250362779083, -30.94999999999999929 ) ) ;
#2296 = AXIS2_PLACEMENT_3D ( 'NONE', #10808, #9988, #1680 ) ;
#2297 = APPLICATION_PROTOCOL_DEFINITION ( 'draft international standard', 'automotive_design', 1998, #6570 ) ;
#2298 = AXIS2_PLACEMENT_3D ( 'NONE', #10198, #10025, #6431 ) ;
#2299 = DIRECTION ( 'NONE',  ( 0.000000000000000000, 0.000000000000000000, -1.000000000000000000 ) ) ;
#2300 = DIRECTION ( 'NONE',  ( 0.000000000000000000, 1.000000000000000000, 0.000000000000000000 ) ) ;
#2301 = CIRCLE ( 'NONE', #3831, 0.3594872681224065558 ) ;
#2302 = CARTESIAN_POINT ( 'NONE',  ( 27.62963360958149650, -20.00534825036275066, -40.21794919243114919 ) ) ;
#2303 = CARTESIAN_POINT ( 'NONE',  ( 27.12656141347243022, -20.39891899438555711, -40.86657439591136409 ) ) ;
#2304 = TOROIDAL_SURFACE ( 'NONE', #3833, 1.500000000000000000, 0.5000000000000000000 ) ;
#2305 = CARTESIAN_POINT ( 'NONE',  ( 40.45077165549369624, -17.41353718536201711, 27.89007047788544469 ) ) ;
#2306 = ORIENTED_EDGE ( 'NONE', *, *, #1071, .F. ) ;
#2307 = DIRECTION ( 'NONE',  ( 0.000000000000000000, -1.000000000000000000, 0.000000000000000000 ) ) ;
#2308 = DIRECTION ( 'NONE',  ( 0.000000000000000000, 1.000000000000000000, 0.000000000000000000 ) ) ;
#2309 = VERTEX_POINT ( 'NONE', #9385 ) ;
#2310 = CARTESIAN_POINT ( 'NONE',  ( 18.62963360958150005, -22.50590349045295113, -29.91951922141750231 ) ) ;
#2311 = DIRECTION ( 'NONE',  ( 0.000000000000000000, -1.000000000000000000, 0.000000000000000000 ) ) ;
#2312 = ORIENTED_EDGE ( 'NONE', *, *, #6649, .T. ) ;
#2313 = CARTESIAN_POINT ( 'NONE',  ( 39.47392893459864638, -7.694258541291660869, -33.94263474973804762 ) ) ;
#2314 = AXIS2_PLACEMENT_3D ( 'NONE', #9726, #7206, #6135 ) ;
#2315 = AXIS2_PLACEMENT_3D ( 'NONE', #5752, #4796, #278 ) ;
#2316 = EDGE_CURVE ( 'NONE', #3852, #4575, #1260, .T. ) ;
#2317 = FACE_OUTER_BOUND ( 'NONE', #5673, .T. ) ;
#2318 = DIRECTION ( 'NONE',  ( 0.000000000000000000, -1.000000000000000000, 0.000000000000000000 ) ) ;
#2319 = CARTESIAN_POINT ( 'NONE',  ( 40.95000000000000284, -6.661991010183810680, -3.848141123318665091 ) ) ;
#2320 = CARTESIAN_POINT ( 'NONE',  ( 26.91673478471594905, -19.48665501328809668, -42.14245008972989837 ) ) ;
#2321 = ADVANCED_FACE ( 'NONE', ( #372 ), #4001, .T. ) ;
#2322 = ORIENTED_EDGE ( 'NONE', *, *, #6141, .T. ) ;
#2323 = CARTESIAN_POINT ( 'NONE',  ( 10.77357941824762122, -19.65424217134700768, -41.48824886716108296 ) ) ;
#2324 = CARTESIAN_POINT ( 'NONE',  ( 10.62963360958148051, -20.00534825036275066, -25.94999999999999929 ) ) ;
#2325 = AXIS2_PLACEMENT_3D ( 'NONE', #5560, #1032, #4664 ) ;
#2326 = EDGE_CURVE ( 'NONE', #4302, #11230, #8055, .T. ) ;
#2327 = DIRECTION ( 'NONE',  ( 0.000000000000000000, -1.000000000000000000, 0.000000000000000000 ) ) ;
#2328 = ORIENTED_EDGE ( 'NONE', *, *, #10992, .F. ) ;
#2329 = PLANE ( 'NONE',  #3642 ) ;
#2330 = AXIS2_PLACEMENT_3D ( 'NONE', #7375, #8276, #9058 ) ;
#2331 = CYLINDRICAL_SURFACE ( 'NONE', #5202, 1.000000000000000000 ) ;
#2332 = AXIS2_PLACEMENT_3D ( 'NONE', #1809, #10096, #6221 ) ;
#2333 = VECTOR ( 'NONE', #11192, 1000.000000000000000 ) ;
#2334 = CARTESIAN_POINT ( 'NONE',  ( 23.94999999999999929, -17.50534825036275066, 41.45000000000000284 ) ) ;
#2335 = CARTESIAN_POINT ( 'NONE',  ( 27.12963360958150005, -20.00534825036275066, -25.94999999999999929 ) ) ;
#2336 = DIRECTION ( 'NONE',  ( 0.000000000000000000, -1.000000000000000000, 0.000000000000000000 ) ) ;
#2337 = DIRECTION ( 'NONE',  ( 0.000000000000000000, -1.000000000000000000, 0.000000000000000000 ) ) ;
#2338 = ADVANCED_FACE ( 'NONE', ( #664 ), #2432, .F. ) ;
#2339 = CARTESIAN_POINT ( 'NONE',  ( -40.42127178564301460, -17.39817973850720989, -33.99353511398495442 ) ) ;
#2340 = VECTOR ( 'NONE', #491, 1000.000000000000000 ) ;
#2341 = VERTEX_POINT ( 'NONE', #4283 ) ;
#2342 = ORIENTED_EDGE ( 'NONE', *, *, #7137, .T. ) ;
#2343 = CARTESIAN_POINT ( 'NONE',  ( -30.94999999999999929, -19.50534825036275066, 25.55000000000000071 ) ) ;
#2344 = EDGE_CURVE ( 'NONE', #11228, #4334, #1543, .T. ) ;
#2345 = VECTOR ( 'NONE', #231, 1000.000000000000000 ) ;
#2346 = VERTEX_POINT ( 'NONE', #11637 ) ;
#2347 = DIRECTION ( 'NONE',  ( 0.000000000000000000, 0.000000000000000000, -1.000000000000000000 ) ) ;
#2348 = EDGE_LOOP ( 'NONE', ( #11134, #2692, #7196, #6610 ) ) ;
#2349 = ORIENTED_EDGE ( 'NONE', *, *, #599, .T. ) ;
#2350 = EDGE_LOOP ( 'NONE', ( #4520, #10612, #9728, #3563 ) ) ;
#2351 = AXIS2_PLACEMENT_3D ( 'NONE', #6755, #5245, #2386 ) ;
#2352 = CARTESIAN_POINT ( 'NONE',  ( 33.75000000000000000, -19.50534825036275066, 19.94999999999999929 ) ) ;
#2353 = DIRECTION ( 'NONE',  ( 0.000000000000000000, 0.000000000000000000, -1.000000000000000000 ) ) ;
#2354 = CARTESIAN_POINT ( 'NONE',  ( -25.55000000000000071, -19.50534825036275066, 20.15000000000000213 ) ) ;
#2355 = CARTESIAN_POINT ( 'NONE',  ( 37.75000000000000000, -7.005348250362779972, 30.94999999999999929 ) ) ;
#2356 = ORIENTED_EDGE ( 'NONE', *, *, #10119, .T. ) ;
#2357 = DIRECTION ( 'NONE',  ( 0.000000000000000000, -1.000000000000000000, 0.000000000000000000 ) ) ;
#2358 = ORIENTED_EDGE ( 'NONE', *, *, #4108, .F. ) ;
#2359 = CARTESIAN_POINT ( 'NONE',  ( -37.75000000000000000, -7.005348250362779972, 30.94999999999999929 ) ) ;
#2360 = CARTESIAN_POINT ( 'NONE',  ( 9.629285399253101119, -19.99319376779639867, -40.52103547052000465 ) ) ;
#2361 = CIRCLE ( 'NONE', #276, 1.000000000000000888 ) ;
#2362 = ORIENTED_EDGE ( 'NONE', *, *, #7666, .T. ) ;
#2363 = CARTESIAN_POINT ( 'NONE',  ( 11.27767641807540144, -19.50534825036275066, -41.91878279680206276 ) ) ;
#2364 = LINE ( 'NONE', #519, #8021 ) ;
#2365 = EDGE_CURVE ( 'NONE', #8445, #1447, #9013, .T. ) ;
#2366 = CARTESIAN_POINT ( 'NONE',  ( 9.134888601922659390, -19.50534825036275066, -40.82447927943675126 ) ) ;
#2367 = CARTESIAN_POINT ( 'NONE',  ( 27.06602442872247849, -20.03736131726084579, -41.50366626096717226 ) ) ;
#2368 = CARTESIAN_POINT ( 'NONE',  ( 39.86162168269516570, -16.96380620236775627, 28.02094107106062282 ) ) ;
#2369 = EDGE_LOOP ( 'NONE', ( #7733, #5334, #5232, #3148, #11483 ) ) ;
#2370 = CARTESIAN_POINT ( 'NONE',  ( 3.950745019243990352, -13.50534825036277908, 42.95000000000000284 ) ) ;
#2371 = ADVANCED_FACE ( 'NONE', ( #11577 ), #5182, .F. ) ;
#2372 = ORIENTED_EDGE ( 'NONE', *, *, #11557, .T. ) ;
#2373 = CARTESIAN_POINT ( 'NONE',  ( 41.45000000000000284, -1.705348250362779927, 42.95000000000000284 ) ) ;
#2374 = CARTESIAN_POINT ( 'NONE',  ( 42.95000000000000284, -6.812339080949070258, -4.174678339511975089 ) ) ;
#2375 = ORIENTED_EDGE ( 'NONE', *, *, #466, .T. ) ;
#2376 = FACE_OUTER_BOUND ( 'NONE', #1489, .T. ) ;
#2377 = EDGE_CURVE ( 'NONE', #697, #10868, #975, .T. ) ;
#2378 = DIRECTION ( 'NONE',  ( 0.000000000000000000, -1.000000000000000000, 0.000000000000000000 ) ) ;
#2379 = CARTESIAN_POINT ( 'NONE',  ( -19.25000000000000000, -17.50534825036275066, -26.55000000000000071 ) ) ;
#2380 = CYLINDRICAL_SURFACE ( 'NONE', #200, 0.9999999999999991118 ) ;
#2381 = CARTESIAN_POINT ( 'NONE',  ( 12.12963360958148051, -14.50534825036275954, -27.53619997939699715 ) ) ;
#2382 = ORIENTED_EDGE ( 'NONE', *, *, #3449, .F. ) ;
#2383 = CARTESIAN_POINT ( 'NONE',  ( 10.70850688651236915, -19.73306243179617070, -41.37812015738575866 ) ) ;
#2384 = CARTESIAN_POINT ( 'NONE',  ( 26.58500087041869975, -19.79468890816699655, -41.26484794449814331 ) ) ;
#2385 = EDGE_CURVE ( 'NONE', #5720, #732, #6704, .T. ) ;
#2386 = DIRECTION ( 'NONE',  ( 0.000000000000000000, 0.000000000000000000, 1.000000000000000000 ) ) ;
#2387 = ORIENTED_EDGE ( 'NONE', *, *, #8684, .F. ) ;
#2388 = DIRECTION ( 'NONE',  ( 1.000000000000000000, 0.000000000000000000, 0.000000000000000000 ) ) ;
#2389 = EDGE_CURVE ( 'NONE', #7409, #8524, #797, .T. ) ;
#2390 = CYLINDRICAL_SURFACE ( 'NONE', #10915, 1.000000000000000888 ) ;
#2391 = CARTESIAN_POINT ( 'NONE',  ( 39.46111111111110148, -8.005348250362779083, 27.89678877811699920 ) ) ;
#2392 = CARTESIAN_POINT ( 'NONE',  ( 26.45000000000000284, -9.005348250362779083, 40.95000000000000284 ) ) ;
#2393 = DIRECTION ( 'NONE',  ( 1.000000000000000000, 0.000000000000000000, 0.000000000000000000 ) ) ;
#2394 = CARTESIAN_POINT ( 'NONE',  ( 37.75000000000000000, -8.005348250362779083, 30.94999999999999929 ) ) ;
#2395 = CARTESIAN_POINT ( 'NONE',  ( 18.62963360958150005, -19.50534825036275066, -34.03619997939700426 ) ) ;
#2396 = EDGE_CURVE ( 'NONE', #10414, #503, #3462, .T. ) ;
#2397 = CARTESIAN_POINT ( 'NONE',  ( -40.05175240163357131, -17.13924982040071043, -33.88071256805864095 ) ) ;
#2398 = ORIENTED_EDGE ( 'NONE', *, *, #2789, .T. ) ;
#2399 = ORIENTED_EDGE ( 'NONE', *, *, #3877, .T. ) ;
#2400 = DIRECTION ( 'NONE',  ( 0.000000000000000000, 0.000000000000000000, 1.000000000000000000 ) ) ;
#2401 = ORIENTED_EDGE ( 'NONE', *, *, #5706, .T. ) ;
#2402 = CARTESIAN_POINT ( 'NONE',  ( -37.75000000000000000, -17.50534825036275066, -30.94999999999999929 ) ) ;
#2403 = ORIENTED_EDGE ( 'NONE', *, *, #7909, .F. ) ;
#2404 = VERTEX_POINT ( 'NONE', #11743 ) ;
#2405 = EDGE_LOOP ( 'NONE', ( #3322, #6250, #3540, #6183 ) ) ;
#2406 = EDGE_CURVE ( 'NONE', #10272, #7574, #3571, .T. ) ;
#2407 = DIRECTION ( 'NONE',  ( 1.000000000000000000, 0.000000000000000000, 0.000000000000000000 ) ) ;
#2408 = CYLINDRICAL_SURFACE ( 'NONE', #5931, 1.750000000000001554 ) ;
#2409 = CARTESIAN_POINT ( 'NONE',  ( -41.45000000000000284, -3.705348250362780149, -41.95000000000000284 ) ) ;
#2410 = DIRECTION ( 'NONE',  ( 0.000000000000000000, 0.000000000000000000, -1.000000000000000000 ) ) ;
#2411 = EDGE_LOOP ( 'NONE', ( #4912, #7163, #10484, #10229 ) ) ;
#2412 = CARTESIAN_POINT ( 'NONE',  ( 39.54715864813391590, -7.308857265899427524, -28.27623564306870563 ) ) ;
#2413 = VERTEX_POINT ( 'NONE', #441 ) ;
#2414 = CARTESIAN_POINT ( 'NONE',  ( -39.95000000000000284, -7.005348250362779972, 29.76256579129620050 ) ) ;
#2415 = CARTESIAN_POINT ( 'NONE',  ( -20.15000000000000213, -17.50534825036275066, 21.85000000000000142 ) ) ;
#2416 = ADVANCED_FACE ( 'NONE', ( #3455 ), #7042, .F. ) ;
#2417 = LINE ( 'NONE', #3435, #2476 ) ;
#2418 = EDGE_CURVE ( 'NONE', #4570, #2169, #7463, .T. ) ;
#2419 = CARTESIAN_POINT ( 'NONE',  ( 9.217046088469819765, -19.50534825036275066, -41.42671319408074737 ) ) ;
#2420 = FACE_OUTER_BOUND ( 'NONE', #897, .T. ) ;
#2421 = CARTESIAN_POINT ( 'NONE',  ( 40.32311377117704865, -17.34241610306871095, 27.95441384547753216 ) ) ;
#2422 = ORIENTED_EDGE ( 'NONE', *, *, #1242, .T. ) ;
#2423 = DIRECTION ( 'NONE',  ( 0.000000000000000000, 0.000000000000000000, -1.000000000000000000 ) ) ;
#2424 = DIRECTION ( 'NONE',  ( 0.000000000000000000, 0.000000000000000000, 1.000000000000000000 ) ) ;
#2425 = EDGE_LOOP ( 'NONE', ( #11696, #10815, #10825, #1199, #7175 ) ) ;
#2426 = DIRECTION ( 'NONE',  ( 0.000000000000000000, 0.000000000000000000, -1.000000000000000000 ) ) ;
#2427 = CARTESIAN_POINT ( 'NONE',  ( -40.95000000000000284, -6.812339080949070258, 2.825321660488040010 ) ) ;
#2428 = EDGE_CURVE ( 'NONE', #10099, #10041, #5175, .T. ) ;
#2429 = DIRECTION ( 'NONE',  ( 0.000000000000000000, 0.000000000000000000, -1.000000000000000000 ) ) ;
#2430 = LINE ( 'NONE', #8770, #592 ) ;
#2431 = FACE_BOUND ( 'NONE', #4757, .T. ) ;
#2432 = CYLINDRICAL_SURFACE ( 'NONE', #1925, 0.3594872681224057231 ) ;
#2433 = ORIENTED_EDGE ( 'NONE', *, *, #8850, .T. ) ;
#2434 = CARTESIAN_POINT ( 'NONE',  ( 10.85356657071097608, -19.58733307122448508, -41.56357400835302229 ) ) ;
#2435 = CARTESIAN_POINT ( 'NONE',  ( 25.97376376847980239, -19.18831144660135379, -42.09772611339370485 ) ) ;
#2436 = DIRECTION ( 'NONE',  ( 0.000000000000000000, -1.000000000000000000, 0.000000000000000000 ) ) ;
#2437 = VECTOR ( 'NONE', #6062, 1000.000000000000000 ) ;
#2438 = ORIENTED_EDGE ( 'NONE', *, *, #7987, .T. ) ;
#2439 = DIRECTION ( 'NONE',  ( 0.000000000000000000, -0.9083415329249427961, 0.4182291950158013583 ) ) ;
#2440 = CARTESIAN_POINT ( 'NONE',  ( 40.95000000000000284, -13.20151344825372064, 13.55862424082752149 ) ) ;
#2441 = CARTESIAN_POINT ( 'NONE',  ( 39.71666965375899139, -7.061322562860168794, 28.90617613701915189 ) ) ;
#2442 = ADVANCED_FACE ( 'NONE', ( #712 ), #9842, .F. ) ;
#2443 = CARTESIAN_POINT ( 'NONE',  ( 26.26982553379588126, -19.51804525582871719, -41.70209211400744920 ) ) ;
#2444 = AXIS2_PLACEMENT_3D ( 'NONE', #8745, #4261, #6717 ) ;
#2445 = CARTESIAN_POINT ( 'NONE',  ( 18.62963360958150005, -22.29256159040334850, -28.91951922141749876 ) ) ;
#2446 = DIRECTION ( 'NONE',  ( 0.000000000000000000, -1.000000000000000000, 0.000000000000000000 ) ) ;
#2447 = PRODUCT_RELATED_PRODUCT_CATEGORY ( 'part', '', ( #5215 ) ) ;
#2448 = CARTESIAN_POINT ( 'NONE',  ( 40.95000000000000284, -6.343075220684900373, 28.07329497210015035 ) ) ;
#2449 = CARTESIAN_POINT ( 'NONE',  ( -39.80506042603526140, -16.90747198398995010, -33.88431748852107006 ) ) ;
#2450 = ORIENTED_EDGE ( 'NONE', *, *, #5991, .T. ) ;
#2451 = VERTEX_POINT ( 'NONE', #1604 ) ;
#2452 = CARTESIAN_POINT ( 'NONE',  ( 40.95000000000000284, -6.005348250362779972, -29.53225531212410004 ) ) ;
#2453 = ORIENTED_EDGE ( 'NONE', *, *, #3210, .T. ) ;
#2454 = LINE ( 'NONE', #7064, #5526 ) ;
#2455 = ORIENTED_EDGE ( 'NONE', *, *, #4651, .F. ) ;
#2456 = AXIS2_PLACEMENT_3D ( 'NONE', #6346, #745, #9994 ) ;
#2457 = ORIENTED_EDGE ( 'NONE', *, *, #997, .T. ) ;
#2458 = EDGE_CURVE ( 'NONE', #8524, #7409, #3279, .T. ) ;
#2459 = CIRCLE ( 'NONE', #10280, 0.3594872681224064448 ) ;
#2460 = CARTESIAN_POINT ( 'NONE',  ( 27.75000000000000000, -19.50534825036275066, -26.55000000000000071 ) ) ;
#2461 = DIRECTION ( 'NONE',  ( -1.520599644265049566E-16, -0.4182291950158013583, -0.9083415329249427961 ) ) ;
#2462 = EDGE_CURVE ( 'NONE', #2984, #6008, #3071, .T. ) ;
#2463 = CARTESIAN_POINT ( 'NONE',  ( -39.74478397843484601, -16.84240571281878474, 28.00316119558391037 ) ) ;
#2464 = LINE ( 'NONE', #3493, #2725 ) ;
#2465 = ORIENTED_EDGE ( 'NONE', *, *, #6625, .T. ) ;
#2466 = DIRECTION ( 'NONE',  ( 0.000000000000000000, -1.000000000000000000, 0.000000000000000000 ) ) ;
#2467 = AXIS2_PLACEMENT_3D ( 'NONE', #3390, #9839, #8835 ) ;
#2468 = ORIENTED_EDGE ( 'NONE', *, *, #4662, .T. ) ;
#2469 = EDGE_CURVE ( 'NONE', #9154, #9648, #9071, .T. ) ;
#2470 = CARTESIAN_POINT ( 'NONE',  ( 37.75000000000000000, -19.00534825036275421, -28.85000000000000142 ) ) ;
#2471 = PLANE ( 'NONE',  #4189 ) ;
#2472 = ORIENTED_EDGE ( 'NONE', *, *, #1987, .T. ) ;
#2473 = VECTOR ( 'NONE', #9053, 1000.000000000000000 ) ;
#2474 = PRESENTATION_STYLE_ASSIGNMENT (( #4982 ) ) ;
#2475 = DIRECTION ( 'NONE',  ( 0.000000000000000000, -1.000000000000000000, 0.000000000000000000 ) ) ;
#2476 = VECTOR ( 'NONE', #2300, 1000.000000000000000 ) ;
#2477 = CARTESIAN_POINT ( 'NONE',  ( -40.95000000000000284, -6.343075220684889715, 33.82670502789979849 ) ) ;
#2478 = CARTESIAN_POINT ( 'NONE',  ( 39.68471225965535609, -16.77620175679283321, 33.91138634581821520 ) ) ;
#2479 = DIRECTION ( 'NONE',  ( 0.000000000000000000, 0.000000000000000000, 1.000000000000000000 ) ) ;
#2480 = EDGE_CURVE ( 'NONE', #3789, #1265, #4787, .T. ) ;
#2481 = AXIS2_PLACEMENT_3D ( 'NONE', #6402, #6348, #4315 ) ;
#2482 = EDGE_LOOP ( 'NONE', ( #2281, #6159, #4788, #2002, #4305 ) ) ;
#2483 = FACE_OUTER_BOUND ( 'NONE', #242, .T. ) ;
#2484 = CARTESIAN_POINT ( 'NONE',  ( 42.95000000000000284, -6.511642939418550213, 10.47839609287463958 ) ) ;
#2485 = ORIENTED_EDGE ( 'NONE', *, *, #10934, .T. ) ;
#2486 = EDGE_CURVE ( 'NONE', #6831, #8404, #5544, .T. ) ;
#2487 = FACE_OUTER_BOUND ( 'NONE', #198, .T. ) ;
#2488 = LINE ( 'NONE', #1475, #4746 ) ;
#2489 = ADVANCED_FACE ( 'NONE', ( #10014 ), #3799, .F. ) ;
#2490 = CARTESIAN_POINT ( 'NONE',  ( -13.25000000000000000, -19.50534825036275066, 19.94999999999999929 ) ) ;
#2491 = AXIS2_PLACEMENT_3D ( 'NONE', #1490, #7764, #8721 ) ;
#2492 = CARTESIAN_POINT ( 'NONE',  ( 42.95000000000000284, -13.35186151901900153, 6.232087024634219929 ) ) ;
#2493 = DIRECTION ( 'NONE',  ( 0.000000000000000000, 0.000000000000000000, -1.000000000000000000 ) ) ;
#2494 = CARTESIAN_POINT ( 'NONE',  ( -30.94999999999999929, -19.50534825036275066, 24.54999999999999716 ) ) ;
#2495 = DIRECTION ( 'NONE',  ( -1.000000000000000000, 0.000000000000000000, -1.492235248152091785E-16 ) ) ;
#2496 = ADVANCED_FACE ( 'NONE', ( #5467 ), #6313, .F. ) ;
#2497 = ORIENTED_EDGE ( 'NONE', *, *, #7379, .F. ) ;
#2498 = CARTESIAN_POINT ( 'NONE',  ( 42.95000000000000284, -13.50220958978423980, -1.094450191559082075 ) ) ;
#2499 = CARTESIAN_POINT ( 'NONE',  ( 26.44757950542074809, -19.61643641679490102, -41.53510497137535395 ) ) ;
#2500 = CARTESIAN_POINT ( 'NONE',  ( 24.35000000000000142, -19.50534825036275066, 20.75000000000000000 ) ) ;
#2501 = AXIS2_PLACEMENT_3D ( 'NONE', #3808, #11086, #11451 ) ;
#2502 = AXIS2_PLACEMENT_3D ( 'NONE', #1657, #3342, #8839 ) ;
#2503 = CIRCLE ( 'NONE', #6306, 1.000000000000000888 ) ;
#2504 = ORIENTED_EDGE ( 'NONE', *, *, #5452, .F. ) ;
#2505 = DIRECTION ( 'NONE',  ( 1.520599644265049812E-16, 0.4182291950158013583, 0.9083415329249427961 ) ) ;
#2506 = LINE ( 'NONE', #10796, #6525 ) ;
#2507 = CARTESIAN_POINT ( 'NONE',  ( 18.84999999999999787, -17.50534825036275066, 20.75000000000000000 ) ) ;
#2508 = DIRECTION ( 'NONE',  ( 0.000000000000000000, -1.000000000000000000, 0.000000000000000000 ) ) ;
#2509 = CARTESIAN_POINT ( 'NONE',  ( 40.95000000000000284, -3.705348250362780149, -41.45000000000000284 ) ) ;
#2510 = CARTESIAN_POINT ( 'NONE',  ( -30.94999999999999929, -17.50534825036275066, 27.25000000000000000 ) ) ;
#2511 = EDGE_CURVE ( 'NONE', #4813, #10286, #4584, .T. ) ;
#2512 = CONICAL_SURFACE ( 'NONE', #1935, 0.5000000000000004441, 0.05235987755983064623 ) ;
#2513 = FACE_OUTER_BOUND ( 'NONE', #6765, .T. ) ;
#2514 = CARTESIAN_POINT ( 'NONE',  ( -39.74449973528578539, -16.84209723145890791, -33.89689961788936756 ) ) ;
#2515 = ORIENTED_EDGE ( 'NONE', *, *, #3227, .T. ) ;
#2516 = VERTEX_POINT ( 'NONE', #4745 ) ;
#2517 = DIRECTION ( 'NONE',  ( 0.000000000000000000, -1.000000000000000000, 0.000000000000000000 ) ) ;
#2518 = ORIENTED_EDGE ( 'NONE', *, *, #9331, .T. ) ;
#2519 = FACE_OUTER_BOUND ( 'NONE', #11730, .T. ) ;
#2520 = VERTEX_POINT ( 'NONE', #1833 ) ;
#2521 = CIRCLE ( 'NONE', #2330, 1.000000000000000888 ) ;
#2522 = MECHANICAL_DESIGN_GEOMETRIC_PRESENTATION_REPRESENTATION (  '', ( #9585 ), #4042 ) ;
#2523 = CIRCLE ( 'NONE', #5197, 4.499999999999997335 ) ;
#2524 = EDGE_CURVE ( 'NONE', #11518, #1045, #10122, .T. ) ;
#2525 = VECTOR ( 'NONE', #11347, 1000.000000000000000 ) ;
#2526 = CARTESIAN_POINT ( 'NONE',  ( 26.63001655759594044, -19.99402412738842827, -40.51898285355069618 ) ) ;
#2527 = DIRECTION ( 'NONE',  ( 0.000000000000000000, 0.000000000000000000, 1.000000000000000000 ) ) ;
#2528 = CIRCLE ( 'NONE', #6161, 2.099999999999997868 ) ;
#2529 = CARTESIAN_POINT ( 'NONE',  ( 18.62963360958150005, -21.50534825036274711, -26.53619997939700070 ) ) ;
#2530 = EDGE_LOOP ( 'NONE', ( #3538, #9944, #7594, #3060 ) ) ;
#2531 = CARTESIAN_POINT ( 'NONE',  ( -28.25000000000000000, -17.50534825036275066, 21.14999999999999858 ) ) ;
#2532 = ADVANCED_FACE ( 'NONE', ( #10128 ), #7388, .F. ) ;
#2533 = ORIENTED_EDGE ( 'NONE', *, *, #6810, .T. ) ;
#2534 = DIRECTION ( 'NONE',  ( 0.000000000000000000, 0.000000000000000000, 1.000000000000000000 ) ) ;
#2535 = DIRECTION ( 'NONE',  ( 1.084202172485499873E-16, 0.000000000000000000, -1.000000000000000000 ) ) ;
#2536 = VECTOR ( 'NONE', #10763, 1000.000000000000000 ) ;
#2537 = VECTOR ( 'NONE', #8052, 1000.000000000000000 ) ;
#2538 = AXIS2_PLACEMENT_3D ( 'NONE', #2750, #9201, #11 ) ;
#2539 = ADVANCED_FACE ( 'NONE', ( #11796 ), #4688, .F. ) ;
#2540 = PLANE ( 'NONE',  #10676 ) ;
#2541 = EDGE_CURVE ( 'NONE', #10764, #1693, #424, .T. ) ;
#2542 = CARTESIAN_POINT ( 'NONE',  ( 9.141876210084040721, -19.50534825036275066, -40.97583417660865024 ) ) ;
#2543 = CARTESIAN_POINT ( 'NONE',  ( 42.95000000000000284, -13.35186151901900153, -0.4084257072433690183 ) ) ;
#2544 = DIRECTION ( 'NONE',  ( 0.000000000000000000, 1.000000000000000000, 0.000000000000000000 ) ) ;
#2545 = ORIENTED_EDGE ( 'NONE', *, *, #2389, .F. ) ;
#2546 = CARTESIAN_POINT ( 'NONE',  ( 26.61630531458054705, -19.51722860130512416, -41.92883005003038477 ) ) ;
#2547 = CARTESIAN_POINT ( 'NONE',  ( -39.54715864813429249, -7.308857265899563416, -33.62376435693118992 ) ) ;
#2548 = CIRCLE ( 'NONE', #9224, 1.000000000000000888 ) ;
#2549 = VERTEX_POINT ( 'NONE', #6549 ) ;
#2550 = CARTESIAN_POINT ( 'NONE',  ( -40.95000000000000995, -7.998409371094493459, -28.72561155987707693 ) ) ;
#2551 = CARTESIAN_POINT ( 'NONE',  ( -40.95000000000000284, -6.273652099918729519, 28.21517462429029877 ) ) ;
#2552 = AXIS2_PLACEMENT_3D ( 'NONE', #9301, #9364, #6429 ) ;
#2553 = PLANE ( 'NONE',  #11473 ) ;
#2554 = VECTOR ( 'NONE', #5414, 1000.000000000000000 ) ;
#2555 = DIRECTION ( 'NONE',  ( 0.000000000000000000, 0.000000000000000000, -1.000000000000000000 ) ) ;
#2556 = CARTESIAN_POINT ( 'NONE',  ( 42.95000000000000284, -1.705348250362779927, -41.45000000000000284 ) ) ;
#2557 = EDGE_CURVE ( 'NONE', #11521, #11442, #5371, .T. ) ;
#2558 = CARTESIAN_POINT ( 'NONE',  ( 26.01696727956191069, -19.50534825036274711, -41.76286217867023254 ) ) ;
#2559 = DIRECTION ( 'NONE',  ( 0.000000000000000000, -1.000000000000000000, 0.000000000000000000 ) ) ;
#2560 = ORIENTED_EDGE ( 'NONE', *, *, #5479, .F. ) ;
#2561 = CARTESIAN_POINT ( 'NONE',  ( 39.63296566873724913, -7.139451988590550080, -33.29235177973890103 ) ) ;
#2562 = CARTESIAN_POINT ( 'NONE',  ( -42.95000000000000284, -13.20151344825372064, -7.441375759172458970 ) ) ;
#2563 = EDGE_LOOP ( 'NONE', ( #11658, #10510, #10742, #9223 ) ) ;
#2564 = DIRECTION ( 'NONE',  ( 1.000000000000000000, 0.000000000000000000, 0.000000000000000000 ) ) ;
#2565 = ORIENTED_EDGE ( 'NONE', *, *, #4392, .F. ) ;
#2566 = DIRECTION ( 'NONE',  ( 0.000000000000000000, 0.000000000000000000, -1.000000000000000000 ) ) ;
#2567 = CARTESIAN_POINT ( 'NONE',  ( -37.75000000000000000, -16.50534825036275066, 30.94999999999999929 ) ) ;
#2568 = CARTESIAN_POINT ( 'NONE',  ( -37.75000000000000000, -8.505348250362779083, -30.94999999999999929 ) ) ;
#2569 = DIRECTION ( 'NONE',  ( 1.000000000000000000, 0.000000000000000000, 0.000000000000000000 ) ) ;
#2570 = LINE ( 'NONE', #9804, #9731 ) ;
#2571 = ADVANCED_FACE ( 'NONE', ( #5592 ), #3690, .T. ) ;
#2572 = CARTESIAN_POINT ( 'NONE',  ( 39.95000000000000284, -6.005348250362779972, -29.76256579129610103 ) ) ;
#2573 = CARTESIAN_POINT ( 'NONE',  ( 40.71927233611796737, -17.50534825036278264, -34.23232070061014554 ) ) ;
#2574 = DIRECTION ( 'NONE',  ( 0.000000000000000000, 0.000000000000000000, -1.000000000000000000 ) ) ;
#2575 = VERTEX_POINT ( 'NONE', #11080 ) ;
#2576 = ORIENTED_EDGE ( 'NONE', *, *, #7430, .F. ) ;
#2577 = CARTESIAN_POINT ( 'NONE',  ( 10.34253243444682013, -19.48665501328809668, -42.14245008972989837 ) ) ;
#2578 = ORIENTED_EDGE ( 'NONE', *, *, #9551, .F. ) ;
#2579 = CARTESIAN_POINT ( 'NONE',  ( -10.84999999999999964, -14.50534825036277908, 42.95000000000000284 ) ) ;
#2580 = ORIENTED_EDGE ( 'NONE', *, *, #7750, .T. ) ;
#2581 = EDGE_CURVE ( 'NONE', #11228, #10015, #9179, .T. ) ;
#2582 = CARTESIAN_POINT ( 'NONE',  ( -40.95000000000000284, -7.978381175067061903, 33.19226902114585442 ) ) ;
#2583 = CARTESIAN_POINT ( 'NONE',  ( -10.84999999999999964, -9.005348250362779083, 40.95000000000000284 ) ) ;
#2584 = DIRECTION ( 'NONE',  ( 0.000000000000000000, 1.000000000000000000, 0.000000000000000000 ) ) ;
#2585 = LINE ( 'NONE', #1632, #8446 ) ;
#2586 = VERTEX_POINT ( 'NONE', #1785 ) ;
#2587 = DIRECTION ( 'NONE',  ( -1.000000000000000000, 0.000000000000000000, 0.000000000000000000 ) ) ;
#2588 = ORIENTED_EDGE ( 'NONE', *, *, #4018, .F. ) ;
#2589 = CARTESIAN_POINT ( 'NONE',  ( -39.95000000000000284, -6.005348250362779972, -29.76256579129625024 ) ) ;
#2590 = DIRECTION ( 'NONE',  ( -1.000000000000000000, 0.000000000000000000, 1.674039542559039894E-16 ) ) ;
#2591 = ORIENTED_EDGE ( 'NONE', *, *, #7179, .T. ) ;
#2592 = CARTESIAN_POINT ( 'NONE',  ( 26.56287763805071478, -19.49557897224915948, -42.09024057936703400 ) ) ;
#2593 = DIRECTION ( 'NONE',  ( 0.000000000000000000, 1.000000000000000000, 0.000000000000000000 ) ) ;
#2594 = DIRECTION ( 'NONE',  ( 1.000000000000000000, -3.635804631495415109E-16, 0.000000000000000000 ) ) ;
#2595 = DIRECTION ( 'NONE',  ( 0.000000000000000000, -1.000000000000000000, 0.000000000000000000 ) ) ;
#2596 = VERTEX_POINT ( 'NONE', #7337 ) ;
#2597 = CARTESIAN_POINT ( 'NONE',  ( -39.46111111111115122, -8.005348250362779083, -34.00321122188300649 ) ) ;
#2598 = ADVANCED_FACE ( 'NONE', ( #7271 ), #5418, .F. ) ;
#2599 = ORIENTED_EDGE ( 'NONE', *, *, #1465, .F. ) ;
#2600 = CARTESIAN_POINT ( 'NONE',  ( -40.95000000000000284, -7.845192467253521151, -27.02444272384435209 ) ) ;
#2601 = CARTESIAN_POINT ( 'NONE',  ( -40.95000000000000284, -7.687184009641970128, 27.04640154436604860 ) ) ;
#2602 = CARTESIAN_POINT ( 'NONE',  ( 42.95000000000000284, -19.50534825036275066, 41.45000000000000284 ) ) ;
#2603 = CARTESIAN_POINT ( 'NONE',  ( 26.12963360958150005, -19.50534825036275066, 41.45000000000000284 ) ) ;
#2604 = DIRECTION ( 'NONE',  ( 0.000000000000000000, -1.000000000000000000, 0.000000000000000000 ) ) ;
#2605 = EDGE_CURVE ( 'NONE', #2596, #9688, #4637, .T. ) ;
#2606 = CYLINDRICAL_SURFACE ( 'NONE', #11458, 0.3594872681224057231 ) ;
#2607 = CARTESIAN_POINT ( 'NONE',  ( 42.95000000000000284, -6.511642939418550213, 3.478396092874644907 ) ) ;
#2608 = ORIENTED_EDGE ( 'NONE', *, *, #5033, .T. ) ;
#2609 = CARTESIAN_POINT ( 'NONE',  ( 40.95000000000000284, -7.348680660225914707, -32.92526073577699464 ) ) ;
#2610 = CARTESIAN_POINT ( 'NONE',  ( 11.28729910199949948, -19.50534825036275066, -41.95000000000000284 ) ) ;
#2611 = EDGE_CURVE ( 'NONE', #10041, #7599, #9239, .T. ) ;
#2612 = CARTESIAN_POINT ( 'NONE',  ( 10.95644971887880104, -19.52722222025030163, -41.70207765856200410 ) ) ;
#2613 = ORIENTED_EDGE ( 'NONE', *, *, #2727, .T. ) ;
#2614 = EDGE_CURVE ( 'NONE', #9035, #4032, #522, .T. ) ;
#2615 = DIRECTION ( 'NONE',  ( -1.520599644265049566E-16, -0.4182291950158013583, -0.9083415329249427961 ) ) ;
#2616 = DIRECTION ( 'NONE',  ( 0.000000000000000000, 0.000000000000000000, -1.000000000000000000 ) ) ;
#2617 = CARTESIAN_POINT ( 'NONE',  ( 40.95000000000000284, -6.273555727846459540, 28.21539079411709849 ) ) ;
#2618 = CARTESIAN_POINT ( 'NONE',  ( 26.69008470552045864, -19.64351047915540605, -41.82189381367706460 ) ) ;
#2619 = LINE ( 'NONE', #7169, #2090 ) ;
#2620 = CARTESIAN_POINT ( 'NONE',  ( 12.12963360958148051, -14.50534825036275954, -40.53619997939700426 ) ) ;
#2621 = VECTOR ( 'NONE', #3318, 1000.000000000000000 ) ;
#2622 = CARTESIAN_POINT ( 'NONE',  ( 39.81897005468078277, -16.92055239990916249, -33.88407552613293205 ) ) ;
#2623 = CARTESIAN_POINT ( 'NONE',  ( -30.94999999999999929, -17.50534825036275066, 25.55000000000000071 ) ) ;
#2624 = ORIENTED_EDGE ( 'NONE', *, *, #10359, .T. ) ;
#2625 = ORIENTED_EDGE ( 'NONE', *, *, #8324, .T. ) ;
#2626 = DIRECTION ( 'NONE',  ( 0.000000000000000000, 0.000000000000000000, -1.000000000000000000 ) ) ;
#2627 = ORIENTED_EDGE ( 'NONE', *, *, #3064, .F. ) ;
#2628 = EDGE_CURVE ( 'NONE', #1818, #3810, #7618, .T. ) ;
#2629 = CARTESIAN_POINT ( 'NONE',  ( -37.75000000000000000, -8.005348250362779083, -30.94999999999999929 ) ) ;
#2630 = CIRCLE ( 'NONE', #4138, 0.9999999999999991118 ) ;
#2631 = EDGE_CURVE ( 'NONE', #6969, #2039, #5943, .T. ) ;
#2632 = AXIS2_PLACEMENT_3D ( 'NONE', #10302, #4871, #8522 ) ;
#2633 = CARTESIAN_POINT ( 'NONE',  ( -39.47392893459844743, -7.694258541291630671, 33.94263474973820394 ) ) ;
#2634 = DIRECTION ( 'NONE',  ( 0.000000000000000000, 0.000000000000000000, -1.000000000000000000 ) ) ;
#2635 = DIRECTION ( 'NONE',  ( 0.000000000000000000, 0.000000000000000000, -1.000000000000000000 ) ) ;
#2636 = FACE_BOUND ( 'NONE', #9167, .T. ) ;
#2637 = EDGE_CURVE ( 'NONE', #5203, #1470, #7558, .T. ) ;
#2638 = AXIS2_PLACEMENT_3D ( 'NONE', #458, #5039, #4081 ) ;
#2639 = ORIENTED_EDGE ( 'NONE', *, *, #3398, .F. ) ;
#2640 = CARTESIAN_POINT ( 'NONE',  ( 24.35000000000000142, -17.50534825036275066, 27.17781907207880110 ) ) ;
#2641 = VECTOR ( 'NONE', #158, 1000.000000000000000 ) ;
#2642 = VERTEX_POINT ( 'NONE', #6731 ) ;
#2643 = FACE_OUTER_BOUND ( 'NONE', #6716, .T. ) ;
#2644 = CARTESIAN_POINT ( 'NONE',  ( 37.75000000000000000, -16.50534825036275066, 30.94999999999999929 ) ) ;
#2645 = EDGE_LOOP ( 'NONE', ( #4591, #6651, #9641, #11808 ) ) ;
#2646 = VERTEX_POINT ( 'NONE', #408 ) ;
#2647 = CIRCLE ( 'NONE', #8762, 1.000000000000000888 ) ;
#2648 = EDGE_LOOP ( 'NONE', ( #7368, #1024, #3797, #8306 ) ) ;
#2649 = CARTESIAN_POINT ( 'NONE',  ( 10.15383827950651963, -20.20138517955339807, -41.28697782734160171 ) ) ;
#2650 = CARTESIAN_POINT ( 'NONE',  ( 39.61215897695003463, -16.69246781210976138, -27.96587528925372723 ) ) ;
#2651 = CARTESIAN_POINT ( 'NONE',  ( 18.62963360958150005, -22.50590349045295113, -28.91951922141749876 ) ) ;
#2652 = VERTEX_POINT ( 'NONE', #3966 ) ;
#2653 = CARTESIAN_POINT ( 'NONE',  ( 42.95000000000000284, -6.812339080949070258, 2.825321660488030240 ) ) ;
#2654 = VERTEX_POINT ( 'NONE', #10366 ) ;
#2655 = CARTESIAN_POINT ( 'NONE',  ( -40.95000000000000284, -6.117296878709529651, -28.66616482903875252 ) ) ;
#2656 = CARTESIAN_POINT ( 'NONE',  ( -40.95000000000000284, -6.005348250362779972, 29.76256579129620050 ) ) ;
#2657 = CIRCLE ( 'NONE', #6276, 0.5000000000000004441 ) ;
#2658 = VECTOR ( 'NONE', #5691, 1000.000000000000000 ) ;
#2659 = EDGE_CURVE ( 'NONE', #2652, #9572, #10899, .T. ) ;
#2660 = AXIS2_PLACEMENT_3D ( 'NONE', #8698, #8751, #1413 ) ;
#2661 = DIRECTION ( 'NONE',  ( 0.000000000000000000, -1.000000000000000000, 0.000000000000000000 ) ) ;
#2662 = ADVANCED_FACE ( 'NONE', ( #3916 ), #7800, .T. ) ;
#2663 = B_SPLINE_CURVE_WITH_KNOTS ( 'NONE', 3,
 ( #9418, #11379, #9532, #8519, #10417, #2243, #5880, #3199, #2305, #9604, #1418, #2421, #10542, #3380, #9712, #5167, #11513, #7976, #4270, #3439, #8099, #6977, #8933, #2368, #6059, #4205, #7925, #8754, #1703, #9659, #10656, #6236, #583, #11623 ),
 .UNSPECIFIED., .F., .F.,
 ( 4, 2, 2, 1, 2, 2, 2, 2, 1, 1, 2, 2, 2, 2, 1, 1, 1, 2, 2, 4 ),
 ( 0.000000000000000000, 0.1250000000000351663, 0.1875000000000545952, 0.2187500000000599798, 0.2343750000000630329, 0.2500000000000660583, 0.3750000000000636158, 0.4375000000000632272, 0.4687500000000646705, 0.4843750000000650036, 0.4921875000000608957, 0.5000000000000568434, 0.6249999999999423794, 0.6874999999998873124, 0.7187499999998538946, 0.7343749999998356870, 0.7421874999998212541, 0.7460937499998159250, 0.7499999999998104849, 1.000000000000000000 ),
 .UNSPECIFIED. ) ;
#2664 = CARTESIAN_POINT ( 'NONE',  ( -40.95000000000000284, -6.596454582002389877, -34.22965242009734510 ) ) ;
#2665 = ORIENTED_EDGE ( 'NONE', *, *, #8370, .T. ) ;
#2666 = AXIS2_PLACEMENT_3D ( 'NONE', #5223, #4548, #7970 ) ;
#2667 = DIRECTION ( 'NONE',  ( 0.000000000000000000, 1.000000000000000000, 0.000000000000000000 ) ) ;
#2668 = VECTOR ( 'NONE', #799, 1000.000000000000000 ) ;
#2669 = DIRECTION ( 'NONE',  ( 1.520599644265049812E-16, 0.4182291950158013583, 0.9083415329249427961 ) ) ;
#2670 = ORIENTED_EDGE ( 'NONE', *, *, #2746, .F. ) ;
#2671 = CARTESIAN_POINT ( 'NONE',  ( 40.94999999999996021, -7.174405655662365433, -32.66385188414621865 ) ) ;
#2672 = CARTESIAN_POINT ( 'NONE',  ( 10.34253243444682013, -19.48665501328809668, -42.14245008972989837 ) ) ;
#2673 = VECTOR ( 'NONE', #4759, 1000.000000000000000 ) ;
#2674 = CARTESIAN_POINT ( 'NONE',  ( 10.34253243444672066, -19.68291636587334992, -41.83452994616255438 ) ) ;
#2675 = ADVANCED_FACE ( 'NONE', ( #1354 ), #8814, .F. ) ;
#2676 = ORIENTED_EDGE ( 'NONE', *, *, #8217, .F. ) ;
#2677 = DIRECTION ( 'NONE',  ( 1.000000000000000000, 0.000000000000000000, 0.000000000000000000 ) ) ;
#2678 = TOROIDAL_SURFACE ( 'NONE', #10487, 7.500000000000000000, 2.000000000000000000 ) ;
#2679 = VERTEX_POINT ( 'NONE', #3015 ) ;
#2680 = ADVANCED_FACE ( 'NONE', ( #3147, #8581 ), #11256, .F. ) ;
#2681 = FACE_OUTER_BOUND ( 'NONE', #8975, .T. ) ;
#2682 = DIRECTION ( 'NONE',  ( 0.000000000000000000, -1.000000000000000000, 0.000000000000000000 ) ) ;
#2683 = CARTESIAN_POINT ( 'NONE',  ( 39.95000000000000284, -6.005348250362779972, 29.76256579129615076 ) ) ;
#2684 = EDGE_CURVE ( 'NONE', #10966, #9142, #1288, .T. ) ;
#2685 = AXIS2_PLACEMENT_3D ( 'NONE', #7110, #1665, #2566 ) ;
#2686 = AXIS2_PLACEMENT_3D ( 'NONE', #4446, #5509, #981 ) ;
#2687 = FACE_OUTER_BOUND ( 'NONE', #10206, .T. ) ;
#2688 = CARTESIAN_POINT ( 'NONE',  ( -39.94428407512216950, -17.04343534807087224, 28.02480145475016826 ) ) ;
#2689 = VECTOR ( 'NONE', #8580, 1000.000000000000000 ) ;
#2690 = FACE_OUTER_BOUND ( 'NONE', #3375, .T. ) ;
#2691 = VERTEX_POINT ( 'NONE', #11441 ) ;
#2692 = ORIENTED_EDGE ( 'NONE', *, *, #8829, .T. ) ;
#2693 = CARTESIAN_POINT ( 'NONE',  ( 37.75000000000000000, -7.005348250362779972, 28.44999999999999929 ) ) ;
#2694 = ORIENTED_EDGE ( 'NONE', *, *, #11680, .F. ) ;
#2695 = DIRECTION ( 'NONE',  ( 0.000000000000000000, 1.000000000000000000, 0.000000000000000000 ) ) ;
#2696 = VECTOR ( 'NONE', #10424, 1000.000000000000000 ) ;
#2697 = AXIS2_PLACEMENT_3D ( 'NONE', #7101, #2495, #3519 ) ;
#2698 = AXIS2_PLACEMENT_3D ( 'NONE', #8932, #11678, #7147 ) ;
#2699 = CARTESIAN_POINT ( 'NONE',  ( 11.28729910199949948, -19.50534825036275066, -41.95000000000000284 ) ) ;
#2700 = EDGE_CURVE ( 'NONE', #5081, #3019, #10238, .T. ) ;
#2701 = CYLINDRICAL_SURFACE ( 'NONE', #2332, 1.000000000000000888 ) ;
#2702 = DIRECTION ( 'NONE',  ( 0.000000000000000000, 1.000000000000000000, 0.000000000000000000 ) ) ;
#2703 = EDGE_CURVE ( 'NONE', #10547, #5999, #50, .T. ) ;
#2704 = FACE_BOUND ( 'NONE', #47, .T. ) ;
#2705 = VECTOR ( 'NONE', #755, 1000.000000000000000 ) ;
#2706 = EDGE_LOOP ( 'NONE', ( #165, #4353, #2803, #4147 ) ) ;
#2707 = AXIS2_PLACEMENT_3D ( 'NONE', #1444, #6032, #4297 ) ;
#2708 = ORIENTED_EDGE ( 'NONE', *, *, #9051, .F. ) ;
#2709 = DIRECTION ( 'NONE',  ( -7.001322103090887394E-17, 0.9083415329249426851, -0.4182291950158013027 ) ) ;
#2710 = EDGE_LOOP ( 'NONE', ( #6374, #1867, #1661, #5771 ) ) ;
#2711 = ORIENTED_EDGE ( 'NONE', *, *, #3370, .F. ) ;
#2712 = EDGE_CURVE ( 'NONE', #2230, #11101, #2129, .T. ) ;
#2713 = AXIS2_PLACEMENT_3D ( 'NONE', #6560, #10195, #8413 ) ;
#2714 = CIRCLE ( 'NONE', #436, 1.000000000000000888 ) ;
#2715 = DIRECTION ( 'NONE',  ( 0.000000000000000000, 0.000000000000000000, -1.000000000000000000 ) ) ;
#2716 = CIRCLE ( 'NONE', #6727, 0.3594872681224082767 ) ;
#2717 = CARTESIAN_POINT ( 'NONE',  ( 39.68865498388110780, -16.78064143075573611, -27.98969273716377870 ) ) ;
#2718 = EDGE_CURVE ( 'NONE', #1006, #3019, #1752, .T. ) ;
#2719 = CARTESIAN_POINT ( 'NONE',  ( -39.95000000000000284, -8.005348250362779083, -28.02444271472189996 ) ) ;
#2720 = ORIENTED_EDGE ( 'NONE', *, *, #6573, .T. ) ;
#2721 = CARTESIAN_POINT ( 'NONE',  ( -40.95000000000000284, -13.35186151901900153, 6.591574292756649633 ) ) ;
#2722 = ORIENTED_EDGE ( 'NONE', *, *, #6852, .F. ) ;
#2723 = CARTESIAN_POINT ( 'NONE',  ( -40.95000000000001705, -7.961793627161059206, -28.69563400805398601 ) ) ;
#2724 = CARTESIAN_POINT ( 'NONE',  ( -40.95000000000000284, -6.512701307523720118, 27.80377015934384843 ) ) ;
#2725 = VECTOR ( 'NONE', #4259, 1000.000000000000000 ) ;
#2726 = AXIS2_PLACEMENT_3D ( 'NONE', #5099, #8757, #11515 ) ;
#2727 = EDGE_CURVE ( 'NONE', #6438, #11180, #2663, .T. ) ;
#2728 = CARTESIAN_POINT ( 'NONE',  ( 40.95000000000000284, -13.35186151901900153, -0.7679129753657750745 ) ) ;
#2729 = CARTESIAN_POINT ( 'NONE',  ( -40.95000000000000284, -7.234143290676300353, -34.70487777571575094 ) ) ;
#2730 = EDGE_LOOP ( 'NONE', ( #2306, #9240, #2113, #8473 ) ) ;
#2731 = CARTESIAN_POINT ( 'NONE',  ( -37.75000000000000000, -16.50534825036275066, -30.94999999999999929 ) ) ;
#2732 = CIRCLE ( 'NONE', #9413, 2.499999999999998668 ) ;
#2733 = CARTESIAN_POINT ( 'NONE',  ( 42.95000000000000284, -13.35186151901900153, 13.23208702463421993 ) ) ;
#2734 = ORIENTED_EDGE ( 'NONE', *, *, #2223, .F. ) ;
#2735 = CARTESIAN_POINT ( 'NONE',  ( 40.95000000000000284, -6.005348250362779972, -32.13743420870390111 ) ) ;
#2736 = LINE ( 'NONE', #6372, #4155 ) ;
#2737 = AXIS2_PLACEMENT_3D ( 'NONE', #1367, #6016, #11270 ) ;
#2738 = CARTESIAN_POINT ( 'NONE',  ( 10.78688263969243977, -19.59247782983519670, -41.73287370454009704 ) ) ;
#2739 = EDGE_CURVE ( 'NONE', #10099, #6743, #11679, .T. ) ;
#2740 = ORIENTED_EDGE ( 'NONE', *, *, #8022, .T. ) ;
#2741 = DIRECTION ( 'NONE',  ( -1.000000000000000000, 0.000000000000000000, 0.000000000000000000 ) ) ;
#2742 = LINE ( 'NONE', #10022, #10727 ) ;
#2743 = EDGE_LOOP ( 'NONE', ( #7283, #10338, #4834, #4511 ) ) ;
#2744 = CARTESIAN_POINT ( 'NONE',  ( 37.75000000000000000, -7.005348250362779972, -30.05000000000000071 ) ) ;
#2745 = CARTESIAN_POINT ( 'NONE',  ( 27.75000000000000355, -19.65233152428498542, -25.27939748061654157 ) ) ;
#2746 = EDGE_CURVE ( 'NONE', #5314, #6959, #6709, .T. ) ;
#2747 = CARTESIAN_POINT ( 'NONE',  ( -30.94999999999999929, -17.50534825036275066, 28.25000000000000000 ) ) ;
#2748 = CARTESIAN_POINT ( 'NONE',  ( 40.66934358501955415, -17.49701362885916467, -34.17699967416007922 ) ) ;
#2749 = LINE ( 'NONE', #128, #1672 ) ;
#2750 = CARTESIAN_POINT ( 'NONE',  ( -39.95000000000000284, -7.005348250362779972, 27.02444271472190351 ) ) ;
#2751 = VERTEX_POINT ( 'NONE', #3269 ) ;
#2752 = ORIENTED_EDGE ( 'NONE', *, *, #11767, .F. ) ;
#2753 = CARTESIAN_POINT ( 'NONE',  ( 39.63292794254890339, -7.139500174634140883, -28.60750982359260064 ) ) ;
#2754 = EDGE_CURVE ( 'NONE', #1834, #11596, #1369, .T. ) ;
#2755 = VERTEX_POINT ( 'NONE', #816 ) ;
#2756 = CARTESIAN_POINT ( 'NONE',  ( -40.95000000000000284, -6.836017084063930049, -27.45525276912634993 ) ) ;
#2757 = CARTESIAN_POINT ( 'NONE',  ( 27.43506574851500446, -19.52115732454934971, -41.85471004566120712 ) ) ;
#2758 = CARTESIAN_POINT ( 'NONE',  ( 40.94999999999996732, -7.606392753684172447, 33.15575013372863111 ) ) ;
#2759 = B_SPLINE_CURVE_WITH_KNOTS ( 'NONE', 3,
 ( #9861, #8911, #4355, #5204, #8859, #6092 ),
 .UNSPECIFIED., .F., .F.,
 ( 4, 2, 4 ),
 ( 0.000000000000000000, 0.5000000000000000000, 1.000000000000000000 ),
 .UNSPECIFIED. ) ;
#2760 = EDGE_CURVE ( 'NONE', #10088, #5609, #9885, .T. ) ;
#2761 = DIRECTION ( 'NONE',  ( 1.000000000000000000, 0.000000000000000000, 1.492235248152091785E-16 ) ) ;
#2762 = DIRECTION ( 'NONE',  ( 0.000000000000000000, 0.000000000000000000, -1.000000000000000000 ) ) ;
#2763 = CARTESIAN_POINT ( 'NONE',  ( 26.41582124460800429, -19.57012788484620103, -41.71383721280454893 ) ) ;
#2764 = ORIENTED_EDGE ( 'NONE', *, *, #8959, .F. ) ;
#2765 = CYLINDRICAL_SURFACE ( 'NONE', #1697, 1.000000000000000888 ) ;
#2766 = EDGE_LOOP ( 'NONE', ( #8045, #8094 ) ) ;
#2767 = DIRECTION ( 'NONE',  ( 0.000000000000000000, -1.000000000000000000, 0.000000000000000000 ) ) ;
#2768 = ORIENTED_EDGE ( 'NONE', *, *, #10593, .T. ) ;
#2769 = ORIENTED_EDGE ( 'NONE', *, *, #11087, .T. ) ;
#2770 = EDGE_CURVE ( 'NONE', #2520, #3907, #11283, .T. ) ;
#2771 = LINE ( 'NONE', #7373, #11488 ) ;
#2772 = CARTESIAN_POINT ( 'NONE',  ( 39.66672680829544362, -16.75582633061325311, -27.98353633366571458 ) ) ;
#2773 = PLANE ( 'NONE',  #2897 ) ;
#2774 = ORIENTED_EDGE ( 'NONE', *, *, #10562, .T. ) ;
#2775 = CARTESIAN_POINT ( 'NONE',  ( -13.25000000000000000, -19.50534825036275066, 19.94999999999999929 ) ) ;
#2776 = EDGE_LOOP ( 'NONE', ( #11786, #9577, #10244, #7243, #1252, #2030, #1581, #5570, #9377, #2174 ) ) ;
#2777 = ADVANCED_FACE ( 'NONE', ( #7029 ), #4598, .T. ) ;
#2778 = CARTESIAN_POINT ( 'NONE',  ( -39.81137610787304482, -7.014110170997530425, 29.23611930073264986 ) ) ;
#2779 = EDGE_CURVE ( 'NONE', #10547, #9750, #980, .T. ) ;
#2780 = DIRECTION ( 'NONE',  ( 0.000000000000000000, 0.000000000000000000, -1.000000000000000000 ) ) ;
#2781 = CARTESIAN_POINT ( 'NONE',  ( 42.95000000000000284, -13.35186151901900153, -14.76791297536578007 ) ) ;
#2782 = VERTEX_POINT ( 'NONE', #8880 ) ;
#2783 = DIRECTION ( 'NONE',  ( -2.168404344971005170E-16, 0.000000000000000000, 1.000000000000000000 ) ) ;
#2784 = CARTESIAN_POINT ( 'NONE',  ( -41.45000000000000284, -1.705348250362779927, -41.45000000000000284 ) ) ;
#2785 = ORIENTED_EDGE ( 'NONE', *, *, #3715, .F. ) ;
#2786 = CARTESIAN_POINT ( 'NONE',  ( 40.95000000000000284, -6.117296878709599817, -33.23383517096220174 ) ) ;
#2787 = DIRECTION ( 'NONE',  ( 0.000000000000000000, 0.000000000000000000, -1.000000000000000000 ) ) ;
#2788 = VERTEX_POINT ( 'NONE', #701 ) ;
#2789 = EDGE_CURVE ( 'NONE', #5999, #7469, #9388, .T. ) ;
#2790 = CARTESIAN_POINT ( 'NONE',  ( 11.02500573479650114, -19.50460057000994851, -41.90918820643755538 ) ) ;
#2791 = ORIENTED_EDGE ( 'NONE', *, *, #9999, .T. ) ;
#2792 = LINE ( 'NONE', #68, #974 ) ;
#2793 = DIRECTION ( 'NONE',  ( 0.000000000000000000, 0.000000000000000000, -1.000000000000000000 ) ) ;
#2794 = ORIENTED_EDGE ( 'NONE', *, *, #2746, .T. ) ;
#2795 = CARTESIAN_POINT ( 'NONE',  ( 41.95000000000000284, -3.705348250362780149, 41.45000000000000284 ) ) ;
#2796 = LINE ( 'NONE', #245, #10871 ) ;
#2797 = CYLINDRICAL_SURFACE ( 'NONE', #7457, 5.116680757979500171 ) ;
#2798 = CARTESIAN_POINT ( 'NONE',  ( 39.74765028744170792, -16.84549973425754743, -33.89624336956839556 ) ) ;
#2799 = CARTESIAN_POINT ( 'NONE',  ( -40.32235485467851532, -17.34073944745365736, 27.95306382659969202 ) ) ;
#2800 = CARTESIAN_POINT ( 'NONE',  ( -30.94999999999999929, -19.50534825036275066, 25.55000000000000071 ) ) ;
#2801 = VERTEX_POINT ( 'NONE', #651 ) ;
#2802 = FACE_OUTER_BOUND ( 'NONE', #3844, .T. ) ;
#2803 = ORIENTED_EDGE ( 'NONE', *, *, #2825, .F. ) ;
#2804 = DIRECTION ( 'NONE',  ( 0.000000000000000000, 0.000000000000000000, -1.000000000000000000 ) ) ;
#2805 = ADVANCED_FACE ( 'NONE', ( #9829, #11566 ), #5227, .T. ) ;
#2806 = CARTESIAN_POINT ( 'NONE',  ( 27.21262689075582841, -19.52439758116798174, -41.95000000289343944 ) ) ;
#2807 = CARTESIAN_POINT ( 'NONE',  ( 40.94999999999999574, -8.002012673546699872, 33.16879324862598111 ) ) ;
#2808 = AXIS2_PLACEMENT_3D ( 'NONE', #9370, #11277, #5656 ) ;
#2809 = CARTESIAN_POINT ( 'NONE',  ( 40.31300408875796393, -17.33467765648632763, -27.95651102614932526 ) ) ;
#2810 = DIRECTION ( 'NONE',  ( 0.000000000000000000, -1.000000000000000000, 0.000000000000000000 ) ) ;
#2811 = CARTESIAN_POINT ( 'NONE',  ( -42.95000000000000284, -6.511642939418550213, -3.521603907125345323 ) ) ;
#2812 = CARTESIAN_POINT ( 'NONE',  ( 26.22122394166663284, -19.49174105969150972, -41.77104513099298089 ) ) ;
#2813 = ORIENTED_EDGE ( 'NONE', *, *, #2996, .F. ) ;
#2814 = CARTESIAN_POINT ( 'NONE',  ( -28.25000000000000000, -17.50534825036275066, 24.54999999999999716 ) ) ;
#2815 = ORIENTED_EDGE ( 'NONE', *, *, #4501, .F. ) ;
#2816 = CARTESIAN_POINT ( 'NONE',  ( -30.94999999999999929, -17.50534825036275066, 25.55000000000000071 ) ) ;
#2817 = CIRCLE ( 'NONE', #7584, 1.000000000000000888 ) ;
#2818 = VERTEX_POINT ( 'NONE', #8042 ) ;
#2820 = ORIENTED_EDGE ( 'NONE', *, *, #2700, .F. ) ;
#2819 = EDGE_CURVE ( 'NONE', #2818, #4693, #7148, .T. ) ;
#2821 = EDGE_CURVE ( 'NONE', #7194, #8427, #2521, .T. ) ;
#2822 = VECTOR ( 'NONE', #4134, 1000.000000000000000 ) ;
#2823 = CARTESIAN_POINT ( 'NONE',  ( 10.62374544727790671, -20.49042621079488313, -40.49834917194137773 ) ) ;
#2824 = CARTESIAN_POINT ( 'NONE',  ( -28.25000000000000000, -19.50534825036275066, 19.14999999999999858 ) ) ;
#2825 = EDGE_CURVE ( 'NONE', #328, #7407, #8251, .T. ) ;
#2826 = VERTEX_POINT ( 'NONE', #868 ) ;
#2827 = DIRECTION ( 'NONE',  ( 0.000000000000000000, 0.000000000000000000, -1.000000000000000000 ) ) ;
#2828 = VERTEX_POINT ( 'NONE', #7326 ) ;
#2829 = LINE ( 'NONE', #7380, #4348 ) ;
#2830 = DIRECTION ( 'NONE',  ( 0.000000000000000000, -0.9083415329249424630, 0.4182291950158018023 ) ) ;
#2831 = VECTOR ( 'NONE', #3665, 1000.000000000000000 ) ;
#2832 = AXIS2_PLACEMENT_3D ( 'NONE', #2589, #9877, #7247 ) ;
#2833 = DIRECTION ( 'NONE',  ( -2.511059313838565264E-16, 0.000000000000000000, -1.000000000000000000 ) ) ;
#2834 = DIRECTION ( 'NONE',  ( 0.000000000000000000, 0.000000000000000000, -1.000000000000000000 ) ) ;
#2835 = VERTEX_POINT ( 'NONE', #5405 ) ;
#2836 = EDGE_CURVE ( 'NONE', #16, #6038, #4422, .T. ) ;
#2837 = CARTESIAN_POINT ( 'NONE',  ( 12.12963360958148051, -14.50534825036275954, -27.53619997939699715 ) ) ;
#2838 = DIRECTION ( 'NONE',  ( -0.000000000000000000, 0.05233595624294379994, 0.9986295347545739443 ) ) ;
#2839 = EDGE_CURVE ( 'NONE', #6528, #10231, #5562, .T. ) ;
#2840 = VECTOR ( 'NONE', #9412, 1000.000000000000000 ) ;
#2841 = VERTEX_POINT ( 'NONE', #43 ) ;
#2842 = CARTESIAN_POINT ( 'NONE',  ( -37.75000000000000000, -8.505348250362779083, -30.94999999999999929 ) ) ;
#2843 = CARTESIAN_POINT ( 'NONE',  ( 37.75000000000000000, -19.00534825036275421, 28.85000000000000142 ) ) ;
#2844 = EDGE_CURVE ( 'NONE', #10277, #6528, #5455, .T. ) ;
#2845 = CARTESIAN_POINT ( 'NONE',  ( 11.38858341376785965, -19.55880669666849769, -41.70857291882705198 ) ) ;
#2846 = ORIENTED_EDGE ( 'NONE', *, *, #4495, .F. ) ;
#2847 = CIRCLE ( 'NONE', #765, 1.000000000000000888 ) ;
#2848 = CARTESIAN_POINT ( 'NONE',  ( 27.12963360958150005, -19.68291636587315097, -41.83452994616209963 ) ) ;
#2849 = ORIENTED_EDGE ( 'NONE', *, *, #11603, .F. ) ;
#2850 = AXIS2_PLACEMENT_3D ( 'NONE', #326, #9272, #11119 ) ;
#2851 = VECTOR ( 'NONE', #7554, 1000.000000000000000 ) ;
#2852 = DIRECTION ( 'NONE',  ( -1.050198315463631445E-16, 0.9083415329249426851, -0.4182291950158013027 ) ) ;
#2853 = ORIENTED_EDGE ( 'NONE', *, *, #3728, .T. ) ;
#2854 = CARTESIAN_POINT ( 'NONE',  ( 40.95000000000000284, -6.342611832186969778, 33.82581607040645366 ) ) ;
#2855 = LINE ( 'NONE', #5653, #1345 ) ;
#2856 = CARTESIAN_POINT ( 'NONE',  ( 27.12963360958150005, -19.68291636587315097, -41.83452994616209963 ) ) ;
#2857 = AXIS2_PLACEMENT_3D ( 'NONE', #2335, #5974, #2393 ) ;
#2858 = CARTESIAN_POINT ( 'NONE',  ( -40.95000000000000284, -19.50534825036275066, 41.45000000000000284 ) ) ;
#2859 = LINE ( 'NONE', #10148, #1698 ) ;
#2860 = DIRECTION ( 'NONE',  ( 0.000000000000000000, 1.000000000000000000, 0.000000000000000000 ) ) ;
#2861 = VECTOR ( 'NONE', #1266, 1000.000000000000000 ) ;
#2862 = VERTEX_POINT ( 'NONE', #8147 ) ;
#2863 = CARTESIAN_POINT ( 'NONE',  ( 39.68683847464109959, -7.082904451479580032, -28.80173189810775369 ) ) ;
#2864 = ORIENTED_EDGE ( 'NONE', *, *, #3120, .F. ) ;
#2865 = DIRECTION ( 'NONE',  ( 0.000000000000000000, 1.000000000000000000, 0.000000000000000000 ) ) ;
#2866 = AXIS2_PLACEMENT_3D ( 'NONE', #3391, #11528, #3341 ) ;
#2867 = CARTESIAN_POINT ( 'NONE',  ( -39.81116669259215257, -7.014182230867199941, -29.23539094403915328 ) ) ;
#2868 = EDGE_CURVE ( 'NONE', #6438, #4874, #6147, .T. ) ;
#2869 = CARTESIAN_POINT ( 'NONE',  ( -40.51773122113786485, -17.44543706113339354, 34.05122378670384364 ) ) ;
#2870 = AXIS2_PLACEMENT_3D ( 'NONE', #888, #2741, #10021 ) ;
#2871 = CARTESIAN_POINT ( 'NONE',  ( 26.10433074224139105, -19.49966673789105087, -41.84354854672444191 ) ) ;
#2872 = VECTOR ( 'NONE', #1417, 1000.000000000000000 ) ;
#2873 = DIRECTION ( 'NONE',  ( 1.000000000000000000, 0.000000000000000000, 0.000000000000000000 ) ) ;
#2874 = FACE_OUTER_BOUND ( 'NONE', #11659, .T. ) ;
#2875 = CARTESIAN_POINT ( 'NONE',  ( 26.28545652128849852, -19.52162693362454959, -41.70192519960705368 ) ) ;
#2876 = EDGE_LOOP ( 'NONE', ( #5747, #4899 ) ) ;
#2877 = DIRECTION ( 'NONE',  ( 0.000000000000000000, 0.000000000000000000, -1.000000000000000000 ) ) ;
#2878 = EDGE_LOOP ( 'NONE', ( #2063, #847 ) ) ;
#2879 = DIRECTION ( 'NONE',  ( 0.000000000000000000, -1.000000000000000000, 0.000000000000000000 ) ) ;
#2880 = AXIS2_PLACEMENT_3D ( 'NONE', #3941, #6520, #6633 ) ;
#2881 = EDGE_CURVE ( 'NONE', #9055, #4437, #4498, .T. ) ;
#2882 = VERTEX_POINT ( 'NONE', #3615 ) ;
#2883 = CIRCLE ( 'NONE', #1363, 1.000000000000000888 ) ;
#2884 = ORIENTED_EDGE ( 'NONE', *, *, #3130, .F. ) ;
#2885 = CARTESIAN_POINT ( 'NONE',  ( 26.59592464522483723, -19.82465880432506466, -41.19484981628259845 ) ) ;
#2886 = DIRECTION ( 'NONE',  ( 1.520599644265049812E-16, 0.4182291950158013583, 0.9083415329249427961 ) ) ;
#2887 = CIRCLE ( 'NONE', #11285, 0.3594872681224082767 ) ;
#2888 = EDGE_CURVE ( 'NONE', #3537, #9648, #4041, .T. ) ;
#2889 = DIRECTION ( 'NONE',  ( -1.000000000000000000, 0.000000000000000000, 0.000000000000000000 ) ) ;
#2890 = ORIENTED_EDGE ( 'NONE', *, *, #6855, .T. ) ;
#2891 = DIRECTION ( 'NONE',  ( 0.000000000000000000, 0.000000000000000000, -1.000000000000000000 ) ) ;
#2892 = EDGE_LOOP ( 'NONE', ( #2133, #1147, #3005, #10303, #4966 ) ) ;
#2893 = ORIENTED_EDGE ( 'NONE', *, *, #6354, .T. ) ;
#2894 = DIRECTION ( 'NONE',  ( 0.000000000000000000, -1.000000000000000000, 0.000000000000000000 ) ) ;
#2895 = FACE_OUTER_BOUND ( 'NONE', #4110, .T. ) ;
#2896 = ADVANCED_FACE ( 'NONE', ( #7433 ), #11292, .F. ) ;
#2897 = AXIS2_PLACEMENT_3D ( 'NONE', #6536, #9109, #103 ) ;
#2898 = VECTOR ( 'NONE', #4579, 1000.000000000000000 ) ;
#2899 = CIRCLE ( 'NONE', #8410, 1.750000000000001554 ) ;
#2900 = TOROIDAL_SURFACE ( 'NONE', #7485, 2.600000000000000089, 0.5000000000000000000 ) ;
#2901 = CARTESIAN_POINT ( 'NONE',  ( 37.75000000000000000, -8.005348250362779083, -30.94999999999999929 ) ) ;
#2902 = DIRECTION ( 'NONE',  ( -1.000000000000000000, 0.000000000000000000, 0.000000000000000000 ) ) ;
#2903 = ORIENTED_EDGE ( 'NONE', *, *, #3580, .F. ) ;
#2904 = CARTESIAN_POINT ( 'NONE',  ( -10.84999999999999964, -9.005348250362779083, 42.95000000000000284 ) ) ;
#2905 = DIRECTION ( 'NONE',  ( 0.000000000000000000, 0.000000000000000000, 1.000000000000000000 ) ) ;
#2906 = AXIS2_PLACEMENT_3D ( 'NONE', #5122, #7944, #10681 ) ;
#2907 = ORIENTED_EDGE ( 'NONE', *, *, #11315, .F. ) ;
#2908 = FACE_BOUND ( 'NONE', #3524, .T. ) ;
#2909 = CARTESIAN_POINT ( 'NONE',  ( 41.45000000000000284, -19.50534825036275066, -41.45000000000000284 ) ) ;
#2910 = AXIS2_PLACEMENT_3D ( 'NONE', #6006, #1290, #9661 ) ;
#2911 = CARTESIAN_POINT ( 'NONE',  ( 11.29566452233735241, -19.49539555319322304, -41.78615765079261735 ) ) ;
#2912 = VERTEX_POINT ( 'NONE', #2719 ) ;
#2913 = CARTESIAN_POINT ( 'NONE',  ( 40.66147700461628034, -17.50534825036278264, 34.15173262737057058 ) ) ;
#2914 = EDGE_LOOP ( 'NONE', ( #11619, #4623, #447, #3309 ) ) ;
#2915 = ADVANCED_FACE ( 'NONE', ( #10002 ), #2773, .F. ) ;
#2916 = LINE ( 'NONE', #9079, #4049 ) ;
#2917 = VECTOR ( 'NONE', #8603, 1000.000000000000000 ) ;
#2918 = ORIENTED_EDGE ( 'NONE', *, *, #10636, .F. ) ;
#2919 = CARTESIAN_POINT ( 'NONE',  ( 40.95000000000000284, -7.378863233335920313, 34.76733361325670302 ) ) ;
#2920 = CARTESIAN_POINT ( 'NONE',  ( 27.74999999999999645, -19.52517097632107834, -23.85023665371954493 ) ) ;
#2921 = CARTESIAN_POINT ( 'NONE',  ( 27.12326649883684482, -20.35580772994120480, -40.97780504635372978 ) ) ;
#2922 = DIRECTION ( 'NONE',  ( 0.000000000000000000, 0.000000000000000000, -1.000000000000000000 ) ) ;
#2923 = CARTESIAN_POINT ( 'NONE',  ( 26.62963360958150005, -20.00534824630859987, -40.32463068421745334 ) ) ;
#2924 = VERTEX_POINT ( 'NONE', #2651 ) ;
#2925 = CARTESIAN_POINT ( 'NONE',  ( 39.88349853401800260, -7.005348250362779972, 29.48025310488614892 ) ) ;
#2926 = ORIENTED_EDGE ( 'NONE', *, *, #944, .T. ) ;
#2927 = CARTESIAN_POINT ( 'NONE',  ( 40.95000000000000284, -6.273652099918879621, -28.21517462429000034 ) ) ;
#2928 = CIRCLE ( 'NONE', #3483, 0.3594872681224064448 ) ;
#2929 = ORIENTED_EDGE ( 'NONE', *, *, #9764, .F. ) ;
#2930 = EDGE_CURVE ( 'NONE', #4825, #10099, #5950, .T. ) ;
#2931 = CYLINDRICAL_SURFACE ( 'NONE', #8211, 0.4999999999999995559 ) ;
#2932 = LINE ( 'NONE', #6576, #2954 ) ;
#2933 = EDGE_CURVE ( 'NONE', #7620, #4734, #1095, .T. ) ;
#2934 = CARTESIAN_POINT ( 'NONE',  ( 40.94999999999998863, -7.908497164569841864, 33.22299055225315101 ) ) ;
#2935 = CYLINDRICAL_SURFACE ( 'NONE', #5705, 0.3594872681224082767 ) ;
#2936 = DIRECTION ( 'NONE',  ( 0.000000000000000000, -1.000000000000000000, 0.000000000000000000 ) ) ;
#2937 = DIRECTION ( 'NONE',  ( 0.000000000000000000, 0.000000000000000000, -1.000000000000000000 ) ) ;
#2938 = CARTESIAN_POINT ( 'NONE',  ( 26.01827341321779841, -19.51134869472329925, -41.70240336857675345 ) ) ;
#2939 = ORIENTED_EDGE ( 'NONE', *, *, #9570, .F. ) ;
#2940 = CARTESIAN_POINT ( 'NONE',  ( 33.75000000000000000, -17.50534825036275066, -26.55000000000000071 ) ) ;
#2941 = ORIENTED_EDGE ( 'NONE', *, *, #1142, .F. ) ;
#2942 = EDGE_CURVE ( 'NONE', #10260, #2052, #1187, .T. ) ;
#2943 = DIRECTION ( 'NONE',  ( 0.000000000000000000, -1.000000000000000000, 0.000000000000000000 ) ) ;
#2944 = ORIENTED_EDGE ( 'NONE', *, *, #9129, .T. ) ;
#2945 = ORIENTED_EDGE ( 'NONE', *, *, #4379, .F. ) ;
#2946 = CARTESIAN_POINT ( 'NONE',  ( 10.30121238378066018, -19.75031767349955203, -41.78862725750884977 ) ) ;
#2947 = LINE ( 'NONE', #4017, #2126 ) ;
#2948 = FACE_OUTER_BOUND ( 'NONE', #11226, .T. ) ;
#2949 = EDGE_LOOP ( 'NONE', ( #2103, #7498, #7778, #3365, #6291, #10405 ) ) ;
#2950 = CARTESIAN_POINT ( 'NONE',  ( 10.93230131644442515, -19.53520683471051811, -41.70317143937301552 ) ) ;
#2951 = ORIENTED_EDGE ( 'NONE', *, *, #4432, .F. ) ;
#2952 = CYLINDRICAL_SURFACE ( 'NONE', #4729, 2.099999999999997868 ) ;
#2953 = CARTESIAN_POINT ( 'NONE',  ( 40.95000000000000284, -6.611723396119130847, -34.22146346601709865 ) ) ;
#2954 = VECTOR ( 'NONE', #8254, 1000.000000000000000 ) ;
#2955 = VERTEX_POINT ( 'NONE', #4731 ) ;
#2956 = DIRECTION ( 'NONE',  ( 0.000000000000000000, -1.000000000000000000, 0.000000000000000000 ) ) ;
#2957 = CARTESIAN_POINT ( 'NONE',  ( -40.95000000000007390, -7.413266357537255047, -32.99914551648654992 ) ) ;
#2958 = ORIENTED_EDGE ( 'NONE', *, *, #6834, .T. ) ;
#2959 = DIRECTION ( 'NONE',  ( 0.000000000000000000, 0.000000000000000000, -1.000000000000000000 ) ) ;
#2960 = EDGE_CURVE ( 'NONE', #1628, #3748, #5513, .T. ) ;
#2961 = DIRECTION ( 'NONE',  ( 0.000000000000000000, 0.000000000000000000, -1.000000000000000000 ) ) ;
#2962 = ORIENTED_EDGE ( 'NONE', *, *, #4392, .T. ) ;
#2963 = CARTESIAN_POINT ( 'NONE',  ( 25.12963360958150005, -14.50534825036275954, -27.53619997939699715 ) ) ;
#2964 = DIRECTION ( 'NONE',  ( 1.000000000000000000, 0.000000000000000000, 0.000000000000000000 ) ) ;
#2965 = EDGE_LOOP ( 'NONE', ( #1458, #1718, #9144, #5445 ) ) ;
#2966 = CARTESIAN_POINT ( 'NONE',  ( 11.15561457298909964, -19.49971228440969995, -41.84393457540765127 ) ) ;
#2967 = ORIENTED_EDGE ( 'NONE', *, *, #4817, .F. ) ;
#2968 = CARTESIAN_POINT ( 'NONE',  ( 40.35268800020694613, -17.35913313310352279, 33.96020995762675909 ) ) ;
#2969 = ORIENTED_EDGE ( 'NONE', *, *, #7452, .F. ) ;
#2970 = EDGE_CURVE ( 'NONE', #8589, #3496, #5578, .T. ) ;
#2971 = DIRECTION ( 'NONE',  ( 0.000000000000000000, 0.000000000000000000, -1.000000000000000000 ) ) ;
#2972 = EDGE_LOOP ( 'NONE', ( #6090, #3187 ) ) ;
#2973 = CYLINDRICAL_SURFACE ( 'NONE', #11705, 4.150000000000001243 ) ;
#2974 = FACE_BOUND ( 'NONE', #9691, .T. ) ;
#2975 = EDGE_CURVE ( 'NONE', #2549, #4547, #10337, .T. ) ;
#2976 = ORIENTED_EDGE ( 'NONE', *, *, #8511, .F. ) ;
#2977 = PLANE ( 'NONE',  #4425 ) ;
#2978 = DIRECTION ( 'NONE',  ( 0.000000000000000000, -1.000000000000000000, 0.000000000000000000 ) ) ;
#2979 = VERTEX_POINT ( 'NONE', #1997 ) ;
#2980 = EDGE_CURVE ( 'NONE', #9921, #11278, #632, .T. ) ;
#2981 = CARTESIAN_POINT ( 'NONE',  ( 9.719585037383398074, -19.50534825036275777, -41.75298099236218263 ) ) ;
#2982 = ORIENTED_EDGE ( 'NONE', *, *, #6556, .F. ) ;
#2983 = CARTESIAN_POINT ( 'NONE',  ( 39.71674008408535173, -7.061271269277099805, -28.90642211375205051 ) ) ;
#2984 = VERTEX_POINT ( 'NONE', #6827 ) ;
#2985 = CARTESIAN_POINT ( 'NONE',  ( -40.95000000000000284, -6.512590730934199712, -27.80391874050279810 ) ) ;
#2986 = DIRECTION ( 'NONE',  ( -1.000000000000000000, 0.000000000000000000, 0.000000000000000000 ) ) ;
#2987 = CARTESIAN_POINT ( 'NONE',  ( 40.95000000000052154, -7.348531069086349454, 32.92509086992694023 ) ) ;
#2988 = CARTESIAN_POINT ( 'NONE',  ( 26.13629665264409496, -19.49862132435943352, -41.83420325278641627 ) ) ;
#2989 = ADVANCED_FACE ( 'NONE', ( #2948 ), #6590, .T. ) ;
#2990 = CARTESIAN_POINT ( 'NONE',  ( 40.95000000000000284, 4.853358118925380715, 11.45406539579762040 ) ) ;
#2991 = CARTESIAN_POINT ( 'NONE',  ( 39.95000000000000284, -8.005348250362779083, -34.87555728527814836 ) ) ;
#2992 = EDGE_CURVE ( 'NONE', #9572, #7469, #10228, .T. ) ;
#2993 = CARTESIAN_POINT ( 'NONE',  ( 25.74835641298259858, -19.60535140444269686, -41.74992278606269736 ) ) ;
#2994 = ORIENTED_EDGE ( 'NONE', *, *, #3420, .T. ) ;
#2995 = CARTESIAN_POINT ( 'NONE',  ( -10.84999999999999964, -13.50534825036277908, 42.95000000000000284 ) ) ;
#2996 = EDGE_CURVE ( 'NONE', #1897, #3970, #9957, .T. ) ;
#2997 = ORIENTED_EDGE ( 'NONE', *, *, #6855, .F. ) ;
#2998 = DIRECTION ( 'NONE',  ( 0.000000000000000000, 0.9083415329249426851, -0.4182291950158013027 ) ) ;
#2999 = ORIENTED_EDGE ( 'NONE', *, *, #11220, .T. ) ;
#3000 = VERTEX_POINT ( 'NONE', #9336 ) ;
#3001 = EDGE_LOOP ( 'NONE', ( #7125, #921 ) ) ;
#3002 = CARTESIAN_POINT ( 'NONE',  ( 10.66038833333609936, -19.82971842903589987, -41.18814893281955136 ) ) ;
#3003 = DIRECTION ( 'NONE',  ( 0.000000000000000000, 0.000000000000000000, -1.000000000000000000 ) ) ;
#3004 = CARTESIAN_POINT ( 'NONE',  ( 39.63292794254893181, -7.139500174634131113, 33.29249017640734820 ) ) ;
#3005 = ORIENTED_EDGE ( 'NONE', *, *, #10052, .F. ) ;
#3006 = CARTESIAN_POINT ( 'NONE',  ( 10.94156423795978661, -19.53208530503593465, -41.70273209446997953 ) ) ;
#3007 = ORIENTED_EDGE ( 'NONE', *, *, #3595, .F. ) ;
#3008 = DIRECTION ( 'NONE',  ( 0.000000000000000000, 0.000000000000000000, -1.000000000000000000 ) ) ;
#3009 = CARTESIAN_POINT ( 'NONE',  ( 40.95000000000000284, -8.005348250362779083, -34.87555728527814836 ) ) ;
#3010 = FACE_OUTER_BOUND ( 'NONE', #11336, .T. ) ;
#3011 = DIRECTION ( 'NONE',  ( 0.000000000000000000, 0.000000000000000000, -1.000000000000000000 ) ) ;
#3012 = VERTEX_POINT ( 'NONE', #4908 ) ;
#3013 = EDGE_CURVE ( 'NONE', #6959, #1677, #3809, .T. ) ;
#3014 = CARTESIAN_POINT ( 'NONE',  ( 27.69278943688663119, -19.50534825036248776, -40.93951991683604064 ) ) ;
#3015 = CARTESIAN_POINT ( 'NONE',  ( -41.45000000000000284, -3.705348250362780149, 41.95000000000000284 ) ) ;
#3016 = ORIENTED_EDGE ( 'NONE', *, *, #8050, .T. ) ;
#3017 = CARTESIAN_POINT ( 'NONE',  ( 42.95000000000000284, -13.20151344825372064, -7.441375759172469628 ) ) ;
#3018 = DIRECTION ( 'NONE',  ( 0.000000000000000000, 1.000000000000000000, 0.000000000000000000 ) ) ;
#3019 = VERTEX_POINT ( 'NONE', #1156 ) ;
#3020 = CARTESIAN_POINT ( 'NONE',  ( 11.38074786006482064, -19.50295951102752312, -41.82337806673862701 ) ) ;
#3021 = AXIS2_PLACEMENT_3D ( 'NONE', #6172, #2466, #9100 ) ;
#3022 = CIRCLE ( 'NONE', #11016, 1.000000000000000888 ) ;
#3023 = ORIENTED_EDGE ( 'NONE', *, *, #7941, .T. ) ;
#3024 = CARTESIAN_POINT ( 'NONE',  ( -37.75000000000000000, -8.005348250362779083, 30.94999999999999929 ) ) ;
#3025 = ORIENTED_EDGE ( 'NONE', *, *, #1838, .T. ) ;
#3026 = EDGE_CURVE ( 'NONE', #3253, #4502, #9014, .T. ) ;
#3027 = ORIENTED_EDGE ( 'NONE', *, *, #1242, .F. ) ;
#3028 = CARTESIAN_POINT ( 'NONE',  ( 10.12963360958148051, -20.50534825036275066, -25.94999999999999929 ) ) ;
#3029 = CARTESIAN_POINT ( 'NONE',  ( -25.55000000000000071, -17.50534825036275066, 30.94999999999999929 ) ) ;
#3030 = LINE ( 'NONE', #1186, #9161 ) ;
#3031 = CIRCLE ( 'NONE', #3972, 0.3594872681224065558 ) ;
#3032 = CARTESIAN_POINT ( 'NONE',  ( 41.45000000000000284, -3.705348250362780149, 41.95000000000000284 ) ) ;
#3033 = ORIENTED_EDGE ( 'NONE', *, *, #2881, .T. ) ;
#3034 = CARTESIAN_POINT ( 'NONE',  ( 42.05481555856604814, -1.705348250362779927, -41.45000000000000284 ) ) ;
#3035 = CARTESIAN_POINT ( 'NONE',  ( -40.67589257901599353, -17.50534825036278619, 27.72816672893852186 ) ) ;
#3036 = ORIENTED_EDGE ( 'NONE', *, *, #11361, .F. ) ;
#3037 = CLOSED_SHELL ( 'NONE', ( #5622, #4855, #6461, #11233, #8617, #2442, #2279, #8504, #6053, #11709, #291, #4217, #5987, #11757, #3880, #9544, #10158, #2777, #1312, #1399, #2896, #371, #1639, #11661, #7593, #10069, #6282, #9470, #5833, #6190, #820, #374, #7488, #4863, #3923, #8222, #10946, #1283, #11039, #2496, #7695, #4792, #5456, #6761, #7000, #10330, #1164, #9423, #1846, #8115, #10784, #2539, #11802, #8200, #3857, #7517, #8773, #2134, #9768, #717, #10279, #7616, #11318, #11432, #1548, #2598, #8872, #7372, #617, #3213, #11288, #3660, #8542, #9951, #451, #3992, #5161, #3414, #3255, #7349, #119, #4675, #2989, #9064, #7743, #1191, #3303, #1338, #9244, #10410, #6475, #6842, #2662, #8718, #4708, #8978, #4798, #10077, #8892, #6657, #4253, #3981, #1403, #10318, #7570, #972, #7036, #1766, #2805, #3388, #6754, #2416, #10566, #2055, #11684, #1231, #5860, #6722, #2047, #10174, #10585, #1674, #863, #11144, #2489, #6513, #776, #3517, #6874, #1869, #3559, #9754, #212, #10413, #7815, #10713, #8365, #5319, #2006, #66, #10570, #4596, #10606, #7088, #4642, #1692, #9450, #6265, #10046, #6247, #3790, #11017, #8937, #9643, #10733, #6575, #10225, #11159, #3138, #5693, #7971, #11529, #2193, #10199, #5555, #9440, #10781, #10700, #6591, #7025, #5576, #144, #9840, #4938, #11272, #4987, #6479, #10295, #5141, #2675, #2571, #3190, #4750, #514, #3432, #5295, #8785, #1388, #8100, #2208, #9667, #1541, #3738, #11587, #7623, #2680, #7960, #6382, #11107, #8540, #11343, #4212, #11470, #7129, #7914, #403, #8695, #11440, #1807, #5838, #10582, #9894, #5748, #5220, #1329, #5494, #7638, #11196, #7448, #10373, #8154, #1297, #9208, #1544, #5045, #11056, #7093, #11236, #1684, #11366, #7890, #4126, #286, #10367, #6469, #5884, #8929, #6201, #9965, #11304, #5181, #6888, #9398, #5758, #8922, #7234, #655, #4632, #429, #89, #5158, #5679, #5616, #2338, #9492, #941, #11671, #8696, #537, #6412, #4317, #7704, #8235, #4341, #2371, #7950, #9200, #1478, #2532, #7312, #5588, #10395, #5473, #5967, #233, #3845, #7242, #10842, #8453, #10247, #4328, #1030, #5769, #3805, #10956, #11186, #433, #7862, #7788, #7155, #477, #10425, #4231, #10035, #6724, #8302, #926, #6075, #3961, #1998, #4360, #3347, #3356, #6066, #11718, #3621, #5903, #10862, #4238, #76, #3553, #7332, #2321, #2915, #9177, #2153, #6974, #161, #5788, #5958, #8594, #6095, #10006 ) ) ;
#3038 = CARTESIAN_POINT ( 'NONE',  ( -37.75000000000000000, -8.505348250362779083, -33.05000000000000426 ) ) ;
#3039 = EDGE_LOOP ( 'NONE', ( #8808, #1864, #1593, #1645 ) ) ;
#3040 = EDGE_LOOP ( 'NONE', ( #4615, #11240 ) ) ;
#3041 = DIRECTION ( 'NONE',  ( -1.520599644265049319E-16, -0.4182291950158018023, -0.9083415329249425740 ) ) ;
#3042 = AXIS2_PLACEMENT_3D ( 'NONE', #6331, #1566, #9811 ) ;
#3043 = EDGE_CURVE ( 'NONE', #3496, #7915, #8508, .T. ) ;
#3044 = CARTESIAN_POINT ( 'NONE',  ( 42.95000000000000284, -6.511642939418550213, -17.52160390712534621 ) ) ;
#3045 = CIRCLE ( 'NONE', #9541, 1.000000000000000888 ) ;
#3046 = EDGE_CURVE ( 'NONE', #444, #11103, #333, .T. ) ;
#3047 = CARTESIAN_POINT ( 'NONE',  ( 26.05466249532355150, -19.50534825036275066, -41.70296010330904579 ) ) ;
#3048 = CARTESIAN_POINT ( 'NONE',  ( -30.94999999999999929, -19.50534825036275066, 29.25000000000000000 ) ) ;
#3049 = AXIS2_PLACEMENT_3D ( 'NONE', #9157, #6639, #9221 ) ;
#3050 = CARTESIAN_POINT ( 'NONE',  ( 16.44999999999999929, -19.50534825036275066, 20.75000000000000000 ) ) ;
#3051 = AXIS2_PLACEMENT_3D ( 'NONE', #2271, #11348, #9564 ) ;
#3052 = DIRECTION ( 'NONE',  ( 0.000000000000000000, -1.000000000000000000, 0.000000000000000000 ) ) ;
#3053 = CARTESIAN_POINT ( 'NONE',  ( 3.950745019243990352, -13.50534825036277908, 40.95000000000000284 ) ) ;
#3054 = ORIENTED_EDGE ( 'NONE', *, *, #9866, .T. ) ;
#3055 = CARTESIAN_POINT ( 'NONE',  ( -39.91042562690235229, -17.01187306837052304, -28.02444271472190707 ) ) ;
#3056 = AXIS2_PLACEMENT_3D ( 'NONE', #5006, #3926, #11203 ) ;
#3057 = VECTOR ( 'NONE', #1431, 1000.000000000000000 ) ;
#3058 = ORIENTED_EDGE ( 'NONE', *, *, #8977, .F. ) ;
#3059 = CARTESIAN_POINT ( 'NONE',  ( -28.25000000000000000, -19.50534825036275066, 23.85000000000000142 ) ) ;
#3060 = ORIENTED_EDGE ( 'NONE', *, *, #2712, .F. ) ;
#3061 = EDGE_LOOP ( 'NONE', ( #5780, #4593, #7657, #6857 ) ) ;
#3062 = ORIENTED_EDGE ( 'NONE', *, *, #7828, .T. ) ;
#3063 = CIRCLE ( 'NONE', #964, 1.000000000000000888 ) ;
#3064 = EDGE_CURVE ( 'NONE', #3508, #9932, #9193, .T. ) ;
#3065 = EDGE_CURVE ( 'NONE', #11180, #5805, #10712, .T. ) ;
#3066 = CARTESIAN_POINT ( 'NONE',  ( 10.74300375614840064, -19.68463129820014856, -41.45054896542044531 ) ) ;
#3067 = CARTESIAN_POINT ( 'NONE',  ( 26.91673478471594905, -19.97730839475075015, -42.23867513459479994 ) ) ;
#3068 = CARTESIAN_POINT ( 'NONE',  ( 41.45000000000000284, -3.705348250362780149, 41.95000000000000284 ) ) ;
#3069 = DIRECTION ( 'NONE',  ( 0.000000000000000000, 1.000000000000000000, 0.000000000000000000 ) ) ;
#3070 = AXIS2_PLACEMENT_3D ( 'NONE', #10851, #10743, #9799 ) ;
#3071 = CIRCLE ( 'NONE', #1167, 1.000000000000000888 ) ;
#3072 = ORIENTED_EDGE ( 'NONE', *, *, #2581, .T. ) ;
#3073 = CARTESIAN_POINT ( 'NONE',  ( 37.75000000000000000, -16.50534825036275066, -30.94999999999999929 ) ) ;
#3074 = CIRCLE ( 'NONE', #5733, 0.3594872681224078881 ) ;
#3075 = ORIENTED_EDGE ( 'NONE', *, *, #7811, .F. ) ;
#3076 = FACE_OUTER_BOUND ( 'NONE', #7338, .T. ) ;
#3077 = CARTESIAN_POINT ( 'NONE',  ( 37.75000000000000000, -19.00534825036275421, 30.94999999999999929 ) ) ;
#3078 = AXIS2_PLACEMENT_3D ( 'NONE', #6012, #8887, #11573 ) ;
#3079 = AXIS2_PLACEMENT_3D ( 'NONE', #4399, #5240, #10788 ) ;
#3080 = CARTESIAN_POINT ( 'NONE',  ( -40.95000000000000284, -6.511642939418550213, -10.52160390712534088 ) ) ;
#3081 = CARTESIAN_POINT ( 'NONE',  ( -39.54715864813424986, -7.308857265899550093, -33.62376435693119703 ) ) ;
#3082 = EDGE_CURVE ( 'NONE', #3161, #609, #7730, .T. ) ;
#3083 = AXIS2_PLACEMENT_3D ( 'NONE', #8803, #8918, #1402 ) ;
#3084 = CARTESIAN_POINT ( 'NONE',  ( 42.95000000000000284, -13.50220958978423980, 19.90554980844089883 ) ) ;
#3085 = EDGE_LOOP ( 'NONE', ( #10448, #2098, #11011, #4964 ) ) ;
#3086 = DIRECTION ( 'NONE',  ( 0.000000000000000000, -1.000000000000000000, 0.000000000000000000 ) ) ;
#3087 = CARTESIAN_POINT ( 'NONE',  ( 37.75000000000000000, -8.005348250362779083, 34.45000000000000284 ) ) ;
#3088 = EDGE_LOOP ( 'NONE', ( #3813, #6224, #62, #4135 ) ) ;
#3089 = CARTESIAN_POINT ( 'NONE',  ( 11.09715039986336294, -19.49094895281318429, -41.76848603700839391 ) ) ;
#3090 = AXIS2_PLACEMENT_3D ( 'NONE', #8160, #11010, #7508 ) ;
#3091 = VECTOR ( 'NONE', #2852, 1000.000000000000227 ) ;
#3092 = ORIENTED_EDGE ( 'NONE', *, *, #8684, .T. ) ;
#3093 = EDGE_CURVE ( 'NONE', #10991, #8081, #3482, .T. ) ;
#3094 = CARTESIAN_POINT ( 'NONE',  ( -40.95000000000000284, -13.50220958978423980, -8.094450191559070973 ) ) ;
#3095 = ORIENTED_EDGE ( 'NONE', *, *, #6338, .T. ) ;
#3096 = CYLINDRICAL_SURFACE ( 'NONE', #634, 1.000000000000000888 ) ;
#3097 = ORIENTED_EDGE ( 'NONE', *, *, #6933, .F. ) ;
#3098 = DIRECTION ( 'NONE',  ( 0.000000000000000000, 0.000000000000000000, 1.000000000000000000 ) ) ;
#3099 = VECTOR ( 'NONE', #10355, 1000.000000000000000 ) ;
#3100 = DIRECTION ( 'NONE',  ( 0.000000000000000000, 0.000000000000000000, -1.000000000000000000 ) ) ;
#3101 = AXIS2_PLACEMENT_3D ( 'NONE', #11543, #6087, #1017 ) ;
#3102 = ORIENTED_EDGE ( 'NONE', *, *, #6351, .F. ) ;
#3103 = LINE ( 'NONE', #11152, #5763 ) ;
#3104 = LINE ( 'NONE', #184, #7779 ) ;
#3105 = ORIENTED_EDGE ( 'NONE', *, *, #8523, .F. ) ;
#3106 = CARTESIAN_POINT ( 'NONE',  ( 40.95000000000000284, -2.823739649951075403, -5.219631320980890443 ) ) ;
#3107 = VERTEX_POINT ( 'NONE', #11365 ) ;
#3108 = LINE ( 'NONE', #10386, #1157 ) ;
#3109 = AXIS2_PLACEMENT_3D ( 'NONE', #3295, #6943, #6873 ) ;
#3110 = AXIS2_PLACEMENT_3D ( 'NONE', #5236, #2555, #766 ) ;
#3111 = VECTOR ( 'NONE', #3866, 1000.000000000000000 ) ;
#3112 = DIRECTION ( 'NONE',  ( -1.000000000000000000, 0.000000000000000000, 0.000000000000000000 ) ) ;
#3113 = EDGE_CURVE ( 'NONE', #5139, #6230, #1405, .T. ) ;
#3114 = DIRECTION ( 'NONE',  ( 0.000000000000000000, -1.000000000000000000, 0.000000000000000000 ) ) ;
#3115 = DIRECTION ( 'NONE',  ( 0.000000000000000000, -1.000000000000000000, 0.000000000000000000 ) ) ;
#3116 = EDGE_CURVE ( 'NONE', #11224, #2596, #9589, .T. ) ;
#3117 = LINE ( 'NONE', #8313, #5928 ) ;
#3118 = CARTESIAN_POINT ( 'NONE',  ( -22.84999999999999787, -17.50534825036275066, 29.25000000000000000 ) ) ;
#3119 = CIRCLE ( 'NONE', #1023, 2.099999999999997868 ) ;
#3120 = EDGE_CURVE ( 'NONE', #6914, #471, #11124, .T. ) ;
#3121 = CARTESIAN_POINT ( 'NONE',  ( 37.75000000000000000, -19.50534825036275066, -30.94999999999999929 ) ) ;
#3122 = ORIENTED_EDGE ( 'NONE', *, *, #6275, .F. ) ;
#3123 = CARTESIAN_POINT ( 'NONE',  ( -39.55765296145260379, -16.63083516085922398, -27.95089372559743524 ) ) ;
#3124 = ORIENTED_EDGE ( 'NONE', *, *, #10204, .F. ) ;
#3125 = CARTESIAN_POINT ( 'NONE',  ( 21.94999999999999929, -17.50534825036275066, 18.75000000000000000 ) ) ;
#3126 = ORIENTED_EDGE ( 'NONE', *, *, #6023, .F. ) ;
#3127 = VERTEX_POINT ( 'NONE', #7548 ) ;
#3128 = VERTEX_POINT ( 'NONE', #10703 ) ;
#3129 = CIRCLE ( 'NONE', #9228, 0.3594872681224065558 ) ;
#3130 = EDGE_CURVE ( 'NONE', #1195, #10866, #11606, .T. ) ;
#3131 = CARTESIAN_POINT ( 'NONE',  ( 11.22722597992055427, -19.51456136538183728, -41.97919253378752558 ) ) ;
#3132 = CARTESIAN_POINT ( 'NONE',  ( 11.15567307026003441, -19.50534825036275066, -41.65814379375143517 ) ) ;
#3133 = LINE ( 'NONE', #5812, #8375 ) ;
#3134 = CARTESIAN_POINT ( 'NONE',  ( 24.12963360958149650, -14.50534825036275954, -39.53619997939700426 ) ) ;
#3135 = ORIENTED_EDGE ( 'NONE', *, *, #1612, .F. ) ;
#3136 = DIRECTION ( 'NONE',  ( 0.000000000000000000, -1.000000000000000000, 0.000000000000000000 ) ) ;
#3137 = EDGE_LOOP ( 'NONE', ( #9582, #1064 ) ) ;
#3138 = ADVANCED_FACE ( 'NONE', ( #9698 ), #5267, .F. ) ;
#3139 = DIRECTION ( 'NONE',  ( 0.000000000000000000, 0.000000000000000000, 1.000000000000000000 ) ) ;
#3140 = CARTESIAN_POINT ( 'NONE',  ( 9.141888928925940405, -19.50534825036275066, -40.97603712345960503 ) ) ;
#3141 = B_SPLINE_CURVE_WITH_KNOTS ( 'NONE', 3,
 ( #2856, #4989, #6432, #1968, #126, #3816, #4650, #9602, #5542, #4092, #6789, #9304 ),
 .UNSPECIFIED., .F., .F.,
 ( 4, 2, 2, 2, 2, 4 ),
 ( 0.000000000000000000, 0.2500000000000185407, 0.3750000000000174860, 0.4375000000000192624, 0.5000000000000210942, 1.000000000000000000 ),
 .UNSPECIFIED. ) ;
#3142 = CARTESIAN_POINT ( 'NONE',  ( 10.14378167873564252, -20.28185639927438189, -41.13665500696401978 ) ) ;
#3143 = CARTESIAN_POINT ( 'NONE',  ( -39.56585625884549984, -7.259024777604370371, -33.54818012015464745 ) ) ;
#3144 = VERTEX_POINT ( 'NONE', #639 ) ;
#3145 = CARTESIAN_POINT ( 'NONE',  ( 27.62963360958149650, -20.00534825031214936, -40.36986295715639272 ) ) ;
#3146 = FACE_OUTER_BOUND ( 'NONE', #5055, .T. ) ;
#3147 = FACE_BOUND ( 'NONE', #189, .T. ) ;
#3148 = ORIENTED_EDGE ( 'NONE', *, *, #6694, .F. ) ;
#3149 = DIRECTION ( 'NONE',  ( -0.000000000000000000, 1.000000000000000000, 0.000000000000000000 ) ) ;
#3150 = DIRECTION ( 'NONE',  ( 0.000000000000000000, 0.000000000000000000, -1.000000000000000000 ) ) ;
#3151 = VERTEX_POINT ( 'NONE', #8028 ) ;
#3152 = DIRECTION ( 'NONE',  ( 0.000000000000000000, 0.000000000000000000, -1.000000000000000000 ) ) ;
#3153 = EDGE_CURVE ( 'NONE', #3485, #234, #3672, .T. ) ;
#3154 = EDGE_LOOP ( 'NONE', ( #5792, #8289, #4187, #11302 ) ) ;
#3155 = CARTESIAN_POINT ( 'NONE',  ( 39.46111111413630113, -7.925270358654168845, -34.00321122018760178 ) ) ;
#3156 = DIRECTION ( 'NONE',  ( 0.000000000000000000, -1.000000000000000000, 0.000000000000000000 ) ) ;
#3157 = VERTEX_POINT ( 'NONE', #6046 ) ;
#3158 = FACE_OUTER_BOUND ( 'NONE', #11599, .T. ) ;
#3159 = DIRECTION ( 'NONE',  ( 0.000000000000000000, 0.000000000000000000, -1.000000000000000000 ) ) ;
#3160 = EDGE_CURVE ( 'NONE', #7968, #9932, #5384, .T. ) ;
#3161 = VERTEX_POINT ( 'NONE', #5037 ) ;
#3162 = DIRECTION ( 'NONE',  ( 0.000000000000000000, 0.000000000000000000, -1.000000000000000000 ) ) ;
#3163 = CARTESIAN_POINT ( 'NONE',  ( 26.69965328227428358, -20.09420809056993917, -41.44144051912994087 ) ) ;
#3164 = CARTESIAN_POINT ( 'NONE',  ( 39.54725500684016026, -7.308531440958519809, 28.27663614210580079 ) ) ;
#3165 = VERTEX_POINT ( 'NONE', #9759 ) ;
#3166 = CYLINDRICAL_SURFACE ( 'NONE', #10108, 0.5000000000000004441 ) ;
#3167 = FACE_OUTER_BOUND ( 'NONE', #4321, .T. ) ;
#3168 = DIRECTION ( 'NONE',  ( 0.000000000000000000, 0.000000000000000000, -1.000000000000000000 ) ) ;
#3169 = DIRECTION ( 'NONE',  ( -1.000000000000000000, 0.000000000000000000, 0.000000000000000000 ) ) ;
#3170 = CYLINDRICAL_SURFACE ( 'NONE', #4970, 0.3594872681224082767 ) ;
#3171 = CARTESIAN_POINT ( 'NONE',  ( 40.95000000000000284, -6.836017084063940707, 27.45525276912629664 ) ) ;
#3172 = CARTESIAN_POINT ( 'NONE',  ( 25.84567078993138978, -19.50573868457046345, -41.84029829198110662 ) ) ;
#3173 = EDGE_LOOP ( 'NONE', ( #7346, #6299, #524, #2560, #896 ) ) ;
#3174 = DIRECTION ( 'NONE',  ( 1.000000000000000000, 0.000000000000000000, 0.000000000000000000 ) ) ;
#3175 = ORIENTED_EDGE ( 'NONE', *, *, #6052, .F. ) ;
#3176 = CARTESIAN_POINT ( 'NONE',  ( 42.95000000000000284, -6.511642939418550213, 17.47839609287465024 ) ) ;
#3177 = VERTEX_POINT ( 'NONE', #1517 ) ;
#3178 = ORIENTED_EDGE ( 'NONE', *, *, #5179, .T. ) ;
#3179 = VERTEX_POINT ( 'NONE', #4193 ) ;
#3180 = CARTESIAN_POINT ( 'NONE',  ( 26.12963360958150005, -19.50534825036275066, -25.94999999999999929 ) ) ;
#3181 = CARTESIAN_POINT ( 'NONE',  ( 42.95000000000000284, -6.812339080949070258, 9.825321660488031128 ) ) ;
#3182 = LINE ( 'NONE', #10459, #6630 ) ;
#3183 = CARTESIAN_POINT ( 'NONE',  ( 39.46111111167594743, -7.926895583125160627, 34.00321122156643128 ) ) ;
#3184 = EDGE_LOOP ( 'NONE', ( #8468, #10074 ) ) ;
#3185 = CARTESIAN_POINT ( 'NONE',  ( 39.68683847464112091, -7.082904451479588026, -28.80173189810775725 ) ) ;
#3186 = EDGE_CURVE ( 'NONE', #8270, #10311, #244, .T. ) ;
#3187 = ORIENTED_EDGE ( 'NONE', *, *, #2377, .T. ) ;
#3188 = LINE ( 'NONE', #1342, #8176 ) ;
#3189 = CARTESIAN_POINT ( 'NONE',  ( -22.84999999999999787, -17.50534825036275066, 28.25000000000000000 ) ) ;
#3190 = ADVANCED_FACE ( 'NONE', ( #7073 ), #1573, .F. ) ;
#3191 = TOROIDAL_SURFACE ( 'NONE', #10824, 4.500000000000000000, 1.000000000000000000 ) ;
#3192 = LINE ( 'NONE', #11373, #3434 ) ;
#3193 = DIRECTION ( 'NONE',  ( 0.000000000000000000, 0.000000000000000000, 1.000000000000000000 ) ) ;
#3195 = ORIENTED_EDGE ( 'NONE', *, *, #2462, .F. ) ;
#3194 = EDGE_CURVE ( 'NONE', #6767, #9936, #510, .T. ) ;
#3196 = VECTOR ( 'NONE', #5841, 1000.000000000000000 ) ;
#3197 = CARTESIAN_POINT ( 'NONE',  ( 37.75000000000000000, -2.505348250362775087, 30.05000000000000071 ) ) ;
#3198 = CARTESIAN_POINT ( 'NONE',  ( 27.12876097974982770, -20.44965440017243807, -40.68665230794005083 ) ) ;
#3199 = CARTESIAN_POINT ( 'NONE',  ( 40.46652305569146080, -17.42135089302166051, 27.88076485518339354 ) ) ;
#3200 = ORIENTED_EDGE ( 'NONE', *, *, #11806, .T. ) ;
#3201 = LINE ( 'NONE', #9607, #3868 ) ;
#3202 = CARTESIAN_POINT ( 'NONE',  ( 37.75000000000000000, -16.50534825036275066, -34.45000000000000284 ) ) ;
#3203 = ORIENTED_EDGE ( 'NONE', *, *, #9340, .F. ) ;
#3204 = DIRECTION ( 'NONE',  ( 0.000000000000000000, -1.000000000000000000, 0.000000000000000000 ) ) ;
#3205 = DIRECTION ( 'NONE',  ( 0.000000000000000000, 0.000000000000000000, -1.000000000000000000 ) ) ;
#3206 = CIRCLE ( 'NONE', #1295, 7.500000000000000000 ) ;
#3207 = ORIENTED_EDGE ( 'NONE', *, *, #2605, .T. ) ;
#3208 = CARTESIAN_POINT ( 'NONE',  ( 39.63296566873724913, -7.139451988590550080, -33.29235177973890103 ) ) ;
#3209 = VECTOR ( 'NONE', #170, 1000.000000000000000 ) ;
#3210 = EDGE_CURVE ( 'NONE', #11784, #10635, #2464, .T. ) ;
#3211 = CARTESIAN_POINT ( 'NONE',  ( 16.44999999999999929, -17.50534825036275066, 18.75000000000000000 ) ) ;
#3212 = VERTEX_POINT ( 'NONE', #11554 ) ;
#3213 = ADVANCED_FACE ( 'NONE', ( #6169 ), #3372, .F. ) ;
#3214 = CARTESIAN_POINT ( 'NONE',  ( 19.55000000000000071, -17.50534825036275066, 20.75000000000000000 ) ) ;
#3215 = FACE_BOUND ( 'NONE', #2876, .T. ) ;
#3216 = EDGE_CURVE ( 'NONE', #6991, #2679, #2585, .T. ) ;
#3217 = AXIS2_PLACEMENT_3D ( 'NONE', #9003, #7150, #5407 ) ;
#3218 = ORIENTED_EDGE ( 'NONE', *, *, #1179, .T. ) ;
#3219 = DIRECTION ( 'NONE',  ( 0.000000000000000000, 1.000000000000000000, 0.000000000000000000 ) ) ;
#3221 = CIRCLE ( 'NONE', #2262, 1.000000000000000888 ) ;
#3220 = CARTESIAN_POINT ( 'NONE',  ( 26.68922965226281363, -20.28837787990089225, -41.13345432782333688 ) ) ;
#3222 = VERTEX_POINT ( 'NONE', #691 ) ;
#3223 = CARTESIAN_POINT ( 'NONE',  ( 42.95000000000000284, -13.35186151901900153, -0.4084257072433690183 ) ) ;
#3224 = ORIENTED_EDGE ( 'NONE', *, *, #496, .T. ) ;
#3225 =( BOUNDED_SURFACE ( )  B_SPLINE_SURFACE ( 3, 2, ( 
 ( #8130, #11764, #7229 ),
 ( #1502, #7955, #8794 ),
 ( #11598, #3413, #6160 ),
 ( #7905, #11546, #2983 ),
 ( #8248, #3887, #2863 ),
 ( #2927, #5610, #2753 ),
 ( #3762, #9984, #7408 ),
 ( #6510, #4592, #898 ),
 ( #6388, #11034, #4656 ),
 ( #9143, #10152, #6571 ),
 ( #5550, #1974, #1131 ),
 ( #6439, #7470, #4767 ),
 ( #3825, #3651, #15 ),
 ( #9259, #1074, #4706 ),
 ( #1804, #11102, #10087 ),
 ( #10207, #8361, #2029 ) ),
 .UNSPECIFIED., .F., .F., .T. ) 
 B_SPLINE_SURFACE_WITH_KNOTS ( ( 4, 2, 2, 2, 2, 2, 2, 4 ),
 ( 3, 3 ),
 ( 0.003747598663927884880, 0.004691749734676110145, 0.005163825270050220392, 0.005635900805424330640, 0.006107976340798440019, 0.006580051876172550267, 0.007052127411546660514, 0.007524202946920770761 ),
 ( 0.000000000000000000, 1.000000000000000000 ),
 .UNSPECIFIED. ) 
 GEOMETRIC_REPRESENTATION_ITEM ( )  RATIONAL_B_SPLINE_SURFACE ( (
 ( 1.000000000000000000, 0.7071067811865480168, 1.000000000000000000),
 ( 1.000000000000000000, 0.6834598332066370574, 1.000000000000000000),
 ( 1.000000000000000000, 0.6567429731173599627, 1.000000000000000000),
 ( 1.000000000000000000, 0.6192946484893150361, 1.000000000000000000),
 ( 1.000000000000000000, 0.6070808663731059873, 1.000000000000000000),
 ( 1.000000000000000000, 0.5844586492074860251, 1.000000000000000000),
 ( 1.000000000000000000, 0.5740360668911179687, 1.000000000000000000),
 ( 1.000000000000000000, 0.5549943924772240411, 1.000000000000000000),
 ( 1.000000000000000000, 0.5464728082623520056, 1.000000000000000000),
 ( 1.000000000000000000, 0.5318842912916970089, 1.000000000000000000),
 ( 1.000000000000000000, 0.5256339409879419167, 1.000000000000000000),
 ( 1.000000000000000000, 0.5156079431870350671, 1.000000000000000000),
 ( 1.000000000000000000, 0.5118790333458440589, 1.000000000000000000),
 ( 1.000000000000000000, 0.5068030877240710108, 1.000000000000000000),
 ( 1.000000000000000000, 0.5055084949351399404, 1.000000000000000000),
 ( 1.000000000000000000, 0.5055250296034419222, 1.000000000000000000) ) ) 
 REPRESENTATION_ITEM ( '' )  SURFACE ( )  );
#3226 = DIRECTION ( 'NONE',  ( 1.050198315463631322E-16, -0.9083415329249424630, 0.4182291950158018023 ) ) ;
#3227 = EDGE_CURVE ( 'NONE', #4073, #268, #7134, .T. ) ;
#3228 = AXIS2_PLACEMENT_3D ( 'NONE', #2995, #2877, #9219 ) ;
#3229 = CARTESIAN_POINT ( 'NONE',  ( -25.55000000000000071, -17.50534825036275066, 31.94999999999999929 ) ) ;
#3230 = CIRCLE ( 'NONE', #8926, 0.3594872681224064448 ) ;
#3231 = CARTESIAN_POINT ( 'NONE',  ( 21.94999999999999929, -17.50534825036275066, 22.50000000000000000 ) ) ;
#3232 = DIRECTION ( 'NONE',  ( 0.000000000000000000, 0.000000000000000000, 1.000000000000000000 ) ) ;
#3233 = CARTESIAN_POINT ( 'NONE',  ( -39.46111111111115122, -8.005348250362779083, -27.89678877811705249 ) ) ;
#3234 = AXIS2_PLACEMENT_3D ( 'NONE', #8768, #7934, #5287 ) ;
#3235 = CYLINDRICAL_SURFACE ( 'NONE', #4228, 4.150000000000001243 ) ;
#3236 = CARTESIAN_POINT ( 'NONE',  ( -40.13865596174603922, -17.21198269905922729, -33.89132554364104521 ) ) ;
#3237 = AXIS2_PLACEMENT_3D ( 'NONE', #874, #9948, #8216 ) ;
#3238 = VERTEX_POINT ( 'NONE', #6106 ) ;
#3239 = CARTESIAN_POINT ( 'NONE',  ( -39.86881885108574863, -16.97141093932536293, -28.02209560638768693 ) ) ;
#3240 = ORIENTED_EDGE ( 'NONE', *, *, #7325, .F. ) ;
#3241 = DIRECTION ( 'NONE',  ( 0.000000000000000000, 1.000000000000000000, 0.000000000000000000 ) ) ;
#3242 = ORIENTED_EDGE ( 'NONE', *, *, #11174, .T. ) ;
#3243 = ORIENTED_EDGE ( 'NONE', *, *, #109, .T. ) ;
#3244 = ORIENTED_EDGE ( 'NONE', *, *, #2684, .F. ) ;
#3245 = AXIS2_PLACEMENT_3D ( 'NONE', #6132, #4396, #10608 ) ;
#3246 = EDGE_CURVE ( 'NONE', #5516, #1159, #3305, .T. ) ;
#3247 = AXIS2_PLACEMENT_3D ( 'NONE', #4254, #1326, #7907 ) ;
#3248 = DIRECTION ( 'NONE',  ( 0.000000000000000000, -1.000000000000000000, 0.000000000000000000 ) ) ;
#3249 = CARTESIAN_POINT ( 'NONE',  ( 16.44999999999999929, -12.30534825036276025, 20.75000000000000000 ) ) ;
#3250 = CARTESIAN_POINT ( 'NONE',  ( -41.95000000000000284, -18.50534825036275421, -41.45000000000000284 ) ) ;
#3251 = VECTOR ( 'NONE', #3470, 1000.000000000000000 ) ;
#3252 = DIRECTION ( 'NONE',  ( 0.000000000000000000, -1.000000000000000000, 0.000000000000000000 ) ) ;
#3253 = VERTEX_POINT ( 'NONE', #4132 ) ;
#3254 = CARTESIAN_POINT ( 'NONE',  ( 39.95000000000000284, -7.005348250362779972, -29.76256579129610103 ) ) ;
#3255 = ADVANCED_FACE ( 'NONE', ( #7784 ), #11425, .T. ) ;
#3256 = EDGE_LOOP ( 'NONE', ( #8229, #1355, #5269, #2884 ) ) ;
#3257 = CARTESIAN_POINT ( 'NONE',  ( 9.129633609581459197, -20.00534825036275066, 41.45000000000000284 ) ) ;
#3258 = DIRECTION ( 'NONE',  ( 0.000000000000000000, -1.000000000000000000, 0.000000000000000000 ) ) ;
#3259 = CIRCLE ( 'NONE', #6481, 1.000000000000000888 ) ;
#3260 = PRODUCT_CONTEXT ( 'NONE', #1908, 'mechanical' ) ;
#3261 = VECTOR ( 'NONE', #9194, 1000.000000000000000 ) ;
#3262 = CARTESIAN_POINT ( 'NONE',  ( -40.95000000000000995, -7.348680660225773487, 32.92526073577747781 ) ) ;
#3263 = CARTESIAN_POINT ( 'NONE',  ( 42.95000000000000284, -6.812339080949070258, -18.17467833951194933 ) ) ;
#3264 = EDGE_CURVE ( 'NONE', #10224, #7722, #5993, .T. ) ;
#3265 = AXIS2_PLACEMENT_3D ( 'NONE', #778, #2615, #2439 ) ;
#3266 = CARTESIAN_POINT ( 'NONE',  ( 19.55000000000000071, -19.50534825036275066, 41.45000000000000284 ) ) ;
#3267 = CARTESIAN_POINT ( 'NONE',  ( 39.61215897714595258, -16.69246781233784205, 33.93412471067588854 ) ) ;
#3268 = AXIS2_PLACEMENT_3D ( 'NONE', #7768, #2336, #3408 ) ;
#3269 = CARTESIAN_POINT ( 'NONE',  ( -41.95000000000000284, -3.705348250362780149, 41.45000000000000284 ) ) ;
#3270 = ORIENTED_EDGE ( 'NONE', *, *, #6852, .T. ) ;
#3271 = CARTESIAN_POINT ( 'NONE',  ( 0.000000000000000000, -16.51385150205409857, 27.17781907207880110 ) ) ;
#3272 = CARTESIAN_POINT ( 'NONE',  ( 40.95000000000000284, -3.705348250362780149, 40.95000000000000284 ) ) ;
#3273 = EDGE_CURVE ( 'NONE', #6317, #11002, #5086, .T. ) ;
#3274 = EDGE_LOOP ( 'NONE', ( #3634, #10300, #7018, #1635 ) ) ;
#3275 = CYLINDRICAL_SURFACE ( 'NONE', #8085, 4.650000000000001243 ) ;
#3276 = LINE ( 'NONE', #3336, #11037 ) ;
#3277 = ORIENTED_EDGE ( 'NONE', *, *, #20, .F. ) ;
#3278 = CARTESIAN_POINT ( 'NONE',  ( 39.88349853401830813, -7.005348250362779972, -32.41974689511475560 ) ) ;
#3279 = CIRCLE ( 'NONE', #3079, 1.000000000000000888 ) ;
#3280 = AXIS2_PLACEMENT_3D ( 'NONE', #8686, #6963, #1514 ) ;
#3281 = CARTESIAN_POINT ( 'NONE',  ( -37.75000000000000000, -17.50534825036275066, -35.45000000000000284 ) ) ;
#3282 = LINE ( 'NONE', #6014, #11040 ) ;
#3283 = FACE_OUTER_BOUND ( 'NONE', #2965, .T. ) ;
#3284 = CARTESIAN_POINT ( 'NONE',  ( 16.44999999999999929, -17.50534825036275066, 18.35000000000000142 ) ) ;
#3285 = ORIENTED_EDGE ( 'NONE', *, *, #4087, .T. ) ;
#3286 = DIRECTION ( 'NONE',  ( 0.000000000000000000, 0.000000000000000000, -1.000000000000000000 ) ) ;
#3287 = DIRECTION ( 'NONE',  ( 0.000000000000000000, 1.000000000000000000, 0.000000000000000000 ) ) ;
#3288 = AXIS2_PLACEMENT_3D ( 'NONE', #814, #5453, #1042 ) ;
#3289 = VECTOR ( 'NONE', #6222, 1000.000000000000000 ) ;
#3290 = DIRECTION ( 'NONE',  ( 0.000000000000000000, 0.000000000000000000, -1.000000000000000000 ) ) ;
#3291 = ORIENTED_EDGE ( 'NONE', *, *, #3320, .F. ) ;
#3292 = EDGE_CURVE ( 'NONE', #2451, #10288, #6340, .T. ) ;
#3293 = CYLINDRICAL_SURFACE ( 'NONE', #4021, 2.399999999999999467 ) ;
#3294 = AXIS2_PLACEMENT_3D ( 'NONE', #10893, #8210, #11061 ) ;
#3295 = CARTESIAN_POINT ( 'NONE',  ( 27.12963360958150005, -20.00534825036275066, -40.21794919243114919 ) ) ;
#3296 = AXIS2_PLACEMENT_3D ( 'NONE', #966, #10874, #9096 ) ;
#3297 = CIRCLE ( 'NONE', #10911, 0.3594872681224078881 ) ;
#3298 = CARTESIAN_POINT ( 'NONE',  ( 39.48171950751535064, -7.620278669526860504, 27.99366461821739804 ) ) ;
#3299 = LINE ( 'NONE', #6946, #10529 ) ;
#3300 = CARTESIAN_POINT ( 'NONE',  ( 9.660750706043366165, -19.85540190689697582, -41.22985649619652548 ) ) ;
#3301 = CARTESIAN_POINT ( 'NONE',  ( -39.48165284103089334, -7.620694738669567592, 27.99336688811836638 ) ) ;
#3302 = CARTESIAN_POINT ( 'NONE',  ( 12.12963360958148051, -17.50534825036275066, -27.53619997939699715 ) ) ;
#3303 = ADVANCED_FACE ( 'NONE', ( #802, #7241, #1751, #9992, #2704, #8088, #855, #1812, #5444, #1687, #11722, #4434, #3547, #5327, #8984, #7183, #10813, #8194, #9098, #2636, #6279, #27, #4486, #5393, #9047, #3659, #8136, #7314, #11771 ), #3599, .F. ) ;
#3304 = CARTESIAN_POINT ( 'NONE',  ( 37.75000000000000000, -8.505348250362779083, -33.05000000000000426 ) ) ;
#3305 = CIRCLE ( 'NONE', #4247, 1.000000000000000888 ) ;
#3306 = ORIENTED_EDGE ( 'NONE', *, *, #11547, .T. ) ;
#3307 = DIRECTION ( 'NONE',  ( 0.000000000000000000, 0.000000000000000000, -1.000000000000000000 ) ) ;
#3308 = VECTOR ( 'NONE', #6697, 1000.000000000000000 ) ;
#3309 = ORIENTED_EDGE ( 'NONE', *, *, #2614, .T. ) ;
#3310 = DIRECTION ( 'NONE',  ( 0.000000000000000000, 0.000000000000000000, -1.000000000000000000 ) ) ;
#3311 = ORIENTED_EDGE ( 'NONE', *, *, #6820, .F. ) ;
#3312 = VERTEX_POINT ( 'NONE', #6206 ) ;
#3313 = EDGE_CURVE ( 'NONE', #5013, #10421, #7002, .T. ) ;
#3314 = ORIENTED_EDGE ( 'NONE', *, *, #2235, .F. ) ;
#3315 = VECTOR ( 'NONE', #5486, 1000.000000000000000 ) ;
#3316 = CARTESIAN_POINT ( 'NONE',  ( 4.450745019243995237, -12.50534825036277908, 40.95000000000000284 ) ) ;
#3317 = DIRECTION ( 'NONE',  ( 1.000000000000000000, 0.000000000000000000, 0.000000000000000000 ) ) ;
#3318 = DIRECTION ( 'NONE',  ( 0.000000000000000000, -0.9986295347545739443, 0.05233595624294379994 ) ) ;
#3319 = DIRECTION ( 'NONE',  ( 0.000000000000000000, 0.000000000000000000, -1.000000000000000000 ) ) ;
#3320 = EDGE_CURVE ( 'NONE', #5311, #2185, #7111, .T. ) ;
#3321 = CIRCLE ( 'NONE', #7896, 3.499999999999999556 ) ;
#3322 = ORIENTED_EDGE ( 'NONE', *, *, #9742, .F. ) ;
#3323 = CARTESIAN_POINT ( 'NONE',  ( 39.60885351933605847, -7.174264602943265956, -28.51789496971765914 ) ) ;
#3324 = ORIENTED_EDGE ( 'NONE', *, *, #2265, .T. ) ;
#3325 = DIRECTION ( 'NONE',  ( 0.000000000000000000, 0.000000000000000000, -1.000000000000000000 ) ) ;
#3326 = CARTESIAN_POINT ( 'NONE',  ( 9.128937177602461261, -19.50534825036275066, -40.52145830494129797 ) ) ;
#3327 = CARTESIAN_POINT ( 'NONE',  ( 37.75000000000000000, -7.005348250362779972, 34.45000000000000284 ) ) ;
#3328 = CARTESIAN_POINT ( 'NONE',  ( -40.95000000000000284, -7.845171262107431431, 34.87555728527809151 ) ) ;
#3329 = CARTESIAN_POINT ( 'NONE',  ( 42.95000000000000284, -13.20151344825372064, -14.44137575917246075 ) ) ;
#3330 = DIRECTION ( 'NONE',  ( 0.000000000000000000, 0.000000000000000000, -1.000000000000000000 ) ) ;
#3331 = ORIENTED_EDGE ( 'NONE', *, *, #1829, .F. ) ;
#3332 = FACE_OUTER_BOUND ( 'NONE', #4858, .T. ) ;
#3333 = CARTESIAN_POINT ( 'NONE',  ( -40.95000000000000284, -7.844848116524460124, 27.02444271472190351 ) ) ;
#3334 = VERTEX_POINT ( 'NONE', #2507 ) ;
#3335 = DIRECTION ( 'NONE',  ( 0.000000000000000000, -1.000000000000000000, 0.000000000000000000 ) ) ;
#3336 = CARTESIAN_POINT ( 'NONE',  ( 26.12963360958150005, -19.50534825036275066, 41.45000000000000284 ) ) ;
#3337 = EDGE_CURVE ( 'NONE', #2052, #10260, #1009, .T. ) ;
#3338 = DIRECTION ( 'NONE',  ( 0.000000000000000000, 0.000000000000000000, -1.000000000000000000 ) ) ;
#3339 = CARTESIAN_POINT ( 'NONE',  ( -37.75000000000000000, -19.00534825036275421, -30.94999999999999929 ) ) ;
#3340 = CARTESIAN_POINT ( 'NONE',  ( -42.95000000000000284, -6.812339080949070258, 2.825321660488040010 ) ) ;
#3341 = DIRECTION ( 'NONE',  ( 0.000000000000000000, 0.000000000000000000, -1.000000000000000000 ) ) ;
#3342 = DIRECTION ( 'NONE',  ( 0.000000000000000000, -1.000000000000000000, 0.000000000000000000 ) ) ;
#3343 = VERTEX_POINT ( 'NONE', #11471 ) ;
#3344 = CARTESIAN_POINT ( 'NONE',  ( 10.62963360958148051, -20.00534825036275066, -40.21794919243114919 ) ) ;
#3345 = CARTESIAN_POINT ( 'NONE',  ( 27.10542893965639877, -20.20138517955339807, -41.28697782734160171 ) ) ;
#3346 = CARTESIAN_POINT ( 'NONE',  ( 40.95000000000000284, -13.20151344825372064, 6.558624240827529484 ) ) ;
#3347 = ADVANCED_FACE ( 'NONE', ( #5301 ), #6493, .F. ) ;
#3348 = ORIENTED_EDGE ( 'NONE', *, *, #5712, .T. ) ;
#3349 = CARTESIAN_POINT ( 'NONE',  ( 18.62963360958150005, -22.50590349045295113, -34.03619997939700426 ) ) ;
#3350 = DIRECTION ( 'NONE',  ( 0.000000000000000000, -0.9083415329249424630, 0.4182291950158018023 ) ) ;
#3351 = EDGE_CURVE ( 'NONE', #6659, #8763, #4628, .T. ) ;
#3352 = CARTESIAN_POINT ( 'NONE',  ( 40.95000000000000284, -6.343066956795389899, 28.07331024610149939 ) ) ;
#3353 = CARTESIAN_POINT ( 'NONE',  ( 26.14831978692641812, -19.50029538918573024, -41.70314809389336830 ) ) ;
#3354 = DIRECTION ( 'NONE',  ( 0.000000000000000000, -1.000000000000000000, 0.000000000000000000 ) ) ;
#3355 = DIRECTION ( 'NONE',  ( 1.000000000000000000, 0.000000000000000000, 0.000000000000000000 ) ) ;
#3356 = ADVANCED_FACE ( 'NONE', ( #3167 ), #11469, .F. ) ;
#3357 = DIRECTION ( 'NONE',  ( 0.000000000000000000, 0.000000000000000000, -1.000000000000000000 ) ) ;
#3358 = LINE ( 'NONE', #9635, #11306 ) ;
#3359 = ORIENTED_EDGE ( 'NONE', *, *, #10665, .F. ) ;
#3360 = EDGE_LOOP ( 'NONE', ( #864, #4960 ) ) ;
#3361 = CARTESIAN_POINT ( 'NONE',  ( -22.84999999999999787, -19.50534825036275066, 31.94999999999999929 ) ) ;
#3362 = ORIENTED_EDGE ( 'NONE', *, *, #7998, .F. ) ;
#3363 = CARTESIAN_POINT ( 'NONE',  ( -39.95000000000000284, -8.005348250362779083, 27.02444271472190351 ) ) ;
#3364 = EDGE_LOOP ( 'NONE', ( #5010, #8485, #10171, #1047, #7839 ) ) ;
#3365 = ORIENTED_EDGE ( 'NONE', *, *, #4075, .F. ) ;
#3366 = EDGE_CURVE ( 'NONE', #7454, #9590, #5019, .T. ) ;
#3367 = EDGE_CURVE ( 'NONE', #4070, #7528, #5960, .T. ) ;
#3368 = DIRECTION ( 'NONE',  ( 0.6992976367762880896, 0.000000000000000000, 0.7148306199367081559 ) ) ;
#3369 = CARTESIAN_POINT ( 'NONE',  ( 42.95000000000000284, -13.35186151901900153, 20.23208702463425368 ) ) ;
#3370 = EDGE_CURVE ( 'NONE', #9328, #1045, #8672, .T. ) ;
#3371 = CARTESIAN_POINT ( 'NONE',  ( 42.95000000000000284, -6.661991010183810680, 17.15185887668135223 ) ) ;
#3372 = CYLINDRICAL_SURFACE ( 'NONE', #5388, 1.000000000000000888 ) ;
#3373 = ORIENTED_EDGE ( 'NONE', *, *, #10711, .T. ) ;
#3374 = CARTESIAN_POINT ( 'NONE',  ( 27.12963360958150005, -20.50534825036275066, -25.94999999999999929 ) ) ;
#3375 = EDGE_LOOP ( 'NONE', ( #1263, #4127, #6738, #1907 ) ) ;
#3376 = CARTESIAN_POINT ( 'NONE',  ( 41.45000000000000284, -1.705348250362779927, -42.05481555856610498 ) ) ;
#3377 = EDGE_CURVE ( 'NONE', #9127, #11298, #4112, .T. ) ;
#3378 = CARTESIAN_POINT ( 'NONE',  ( 21.94999999999999929, -12.30534825036276025, 20.75000000000000000 ) ) ;
#3379 = CARTESIAN_POINT ( 'NONE',  ( 27.06362290978101370, -20.02894743380239362, -41.51358191072222326 ) ) ;
#3380 = CARTESIAN_POINT ( 'NONE',  ( 40.20135466602301477, -17.25820684787296955, 27.99287794097982740 ) ) ;
#3381 = ORIENTED_EDGE ( 'NONE', *, *, #4495, .T. ) ;
#3382 = CARTESIAN_POINT ( 'NONE',  ( 26.30281750028004950, -19.52722222024905108, -41.70207765856189752 ) ) ;
#3383 = CARTESIAN_POINT ( 'NONE',  ( 14.44999999999999929, -17.50534825036275066, 20.75000000000000000 ) ) ;
#3384 = EDGE_LOOP ( 'NONE', ( #4514, #10708, #148, #2958 ) ) ;
#3385 = CARTESIAN_POINT ( 'NONE',  ( 41.45000000000000284, -18.50534825036275421, -41.45000000000000284 ) ) ;
#3386 = CARTESIAN_POINT ( 'NONE',  ( -40.95000000000000284, -13.35186151901900153, 6.232087024634239469 ) ) ;
#3387 = DIRECTION ( 'NONE',  ( 0.000000000000000000, 1.000000000000000000, 0.000000000000000000 ) ) ;
#3388 = ADVANCED_FACE ( 'NONE', ( #11404 ), #8490, .T. ) ;
#3389 = LINE ( 'NONE', #709, #9983 ) ;
#3390 = CARTESIAN_POINT ( 'NONE',  ( -37.75000000000000000, -19.00534825036275421, 28.35000000000000142 ) ) ;
#3391 = CARTESIAN_POINT ( 'NONE',  ( 41.45000000000000284, -19.50534825036275066, 41.45000000000000284 ) ) ;
#3392 = DIRECTION ( 'NONE',  ( 0.000000000000000000, 0.000000000000000000, -1.000000000000000000 ) ) ;
#3393 = VERTEX_POINT ( 'NONE', #435 ) ;
#3394 = CARTESIAN_POINT ( 'NONE',  ( -42.95000000000000284, -13.35186151901900153, -7.408425707243361025 ) ) ;
#3395 = DIRECTION ( 'NONE',  ( -1.084202172485503818E-16, 0.000000000000000000, 1.000000000000000000 ) ) ;
#3396 = FACE_OUTER_BOUND ( 'NONE', #10464, .T. ) ;
#3397 = AXIS2_PLACEMENT_3D ( 'NONE', #117, #4749, #6552 ) ;
#3398 = EDGE_CURVE ( 'NONE', #8923, #3343, #11506, .T. ) ;
#3399 = ORIENTED_EDGE ( 'NONE', *, *, #138, .F. ) ;
#3400 = FACE_OUTER_BOUND ( 'NONE', #10170, .T. ) ;
#3401 = DIRECTION ( 'NONE',  ( 0.000000000000000000, -1.000000000000000000, 0.000000000000000000 ) ) ;
#3402 = CARTESIAN_POINT ( 'NONE',  ( 40.95000000000059259, -7.908741767325176752, 28.67708905489507387 ) ) ;
#3403 = PRODUCT_DEFINITION_SHAPE ( 'NONE', 'NONE',  #3698 ) ;
#3404 = FACE_OUTER_BOUND ( 'NONE', #9452, .T. ) ;
#3405 = CIRCLE ( 'NONE', #7597, 7.500000000000000000 ) ;
#3406 = CARTESIAN_POINT ( 'NONE',  ( -37.75000000000000000, -8.505348250362779083, 30.94999999999999929 ) ) ;
#3407 = EDGE_CURVE ( 'NONE', #5507, #7512, #9630, .T. ) ;
#3408 = DIRECTION ( 'NONE',  ( 0.000000000000000000, 0.000000000000000000, -1.000000000000000000 ) ) ;
#3409 = CARTESIAN_POINT ( 'NONE',  ( 40.95000000000000284, -8.005348250362779083, 27.02444271472185022 ) ) ;
#3410 = CARTESIAN_POINT ( 'NONE',  ( -39.46111111111115122, -16.50534825036275066, -34.00321122188300649 ) ) ;
#3411 = EDGE_LOOP ( 'NONE', ( #4544, #3889, #10114, #6643, #5740 ) ) ;
#3412 = ORIENTED_EDGE ( 'NONE', *, *, #10877, .T. ) ;
#3413 = CARTESIAN_POINT ( 'NONE',  ( 40.95000000000000995, -7.174063434577337972, -29.23676454431066318 ) ) ;
#3414 = ADVANCED_FACE ( 'NONE', ( #4838 ), #3996, .T. ) ;
#3415 = ORIENTED_EDGE ( 'NONE', *, *, #3919, .F. ) ;
#3416 = CARTESIAN_POINT ( 'NONE',  ( -30.94999999999999929, -17.50534825036275066, 26.55000000000000071 ) ) ;
#3417 = EDGE_LOOP ( 'NONE', ( #6701, #2016, #7721, #10003 ) ) ;
#3418 = VECTOR ( 'NONE', #8438, 1000.000000000000000 ) ;
#3419 = CIRCLE ( 'NONE', #4928, 1.000000000000000888 ) ;
#3420 = EDGE_CURVE ( 'NONE', #11521, #8502, #9563, .T. ) ;
#3421 = AXIS2_PLACEMENT_3D ( 'NONE', #5234, #1198, #10662 ) ;
#3422 = CARTESIAN_POINT ( 'NONE',  ( 40.95000000000000284, -19.50534825036275066, -34.87555728527814836 ) ) ;
#3423 = DIRECTION ( 'NONE',  ( 0.000000000000000000, 0.000000000000000000, -1.000000000000000000 ) ) ;
#3424 = DIRECTION ( 'NONE',  ( 0.000000000000000000, 1.000000000000000000, 0.000000000000000000 ) ) ;
#3425 = ORIENTED_EDGE ( 'NONE', *, *, #10112, .F. ) ;
#3426 = LINE ( 'NONE', #1582, #11789 ) ;
#3427 = CIRCLE ( 'NONE', #3990, 1.000000000000000888 ) ;
#3428 = ORIENTED_EDGE ( 'NONE', *, *, #11296, .F. ) ;
#3429 = DIRECTION ( 'NONE',  ( 0.000000000000000000, -1.000000000000000000, 0.000000000000000000 ) ) ;
#3430 = CARTESIAN_POINT ( 'NONE',  ( -28.25000000000000000, -17.50534825036275066, 25.55000000000000071 ) ) ;
#3431 = VERTEX_POINT ( 'NONE', #1380 ) ;
#3432 = ADVANCED_FACE ( 'NONE', ( #8544 ), #2331, .F. ) ;
#3433 = CIRCLE ( 'NONE', #4755, 3.499999999999999556 ) ;
#3434 = VECTOR ( 'NONE', #10411, 1000.000000000000000 ) ;
#3435 = CARTESIAN_POINT ( 'NONE',  ( 24.12963360958149650, -33.06169743646680104, -39.53619997939700426 ) ) ;
#3436 = AXIS2_PLACEMENT_3D ( 'NONE', #10235, #8394, #288 ) ;
#3437 = DIRECTION ( 'NONE',  ( 0.000000000000000000, 0.000000000000000000, 1.000000000000000000 ) ) ;
#3438 = DIRECTION ( 'NONE',  ( 1.520599644265049812E-16, 0.4182291950158013583, 0.9083415329249427961 ) ) ;
#3439 = CARTESIAN_POINT ( 'NONE',  ( 40.07664190617981603, -17.16019888898567558, 28.01639610366847322 ) ) ;
#3440 = AXIS2_PLACEMENT_3D ( 'NONE', #3363, #9507, #2347 ) ;
#3441 = EDGE_LOOP ( 'NONE', ( #7371, #3481 ) ) ;
#3442 = CARTESIAN_POINT ( 'NONE',  ( -20.15000000000000213, -17.50534825036275066, 25.55000000000000071 ) ) ;
#3443 = CARTESIAN_POINT ( 'NONE',  ( -37.75000000000000000, -17.50534825036275066, 30.94999999999999929 ) ) ;
#3444 = ORIENTED_EDGE ( 'NONE', *, *, #6205, .T. ) ;
#3445 = CARTESIAN_POINT ( 'NONE',  ( -40.95000000000000284, -6.963290903386540442, -27.35577229815645239 ) ) ;
#3446 = CARTESIAN_POINT ( 'NONE',  ( -40.95000000000000284, -6.612366280724461198, 27.67787191878005260 ) ) ;
#3447 = AXIS2_PLACEMENT_3D ( 'NONE', #10972, #2682, #4649 ) ;
#3448 = DIRECTION ( 'NONE',  ( 0.000000000000000000, 0.000000000000000000, -1.000000000000000000 ) ) ;
#3449 = EDGE_CURVE ( 'NONE', #3934, #2451, #1202, .T. ) ;
#3450 = CIRCLE ( 'NONE', #7648, 1.000000000000000888 ) ;
#3451 = DIRECTION ( 'NONE',  ( 0.000000000000000000, -1.000000000000000000, 0.000000000000000000 ) ) ;
#3452 = FACE_OUTER_BOUND ( 'NONE', #9954, .T. ) ;
#3453 = DIRECTION ( 'NONE',  ( 0.000000000000000000, -0.9083415329249424630, 0.4182291950158018023 ) ) ;
#3454 = VECTOR ( 'NONE', #6368, 1000.000000000000000 ) ;
#3455 = FACE_OUTER_BOUND ( 'NONE', #6666, .T. ) ;
#3456 = ORIENTED_EDGE ( 'NONE', *, *, #11511, .T. ) ;
#3457 = CARTESIAN_POINT ( 'NONE',  ( 40.95000000000000284, -6.836008817989561059, -34.44474033895009768 ) ) ;
#3458 = CARTESIAN_POINT ( 'NONE',  ( 11.15080996510476474, -19.49935983605011458, -41.84065235546023587 ) ) ;
#3459 = VERTEX_POINT ( 'NONE', #5068 ) ;
#3460 = EDGE_CURVE ( 'NONE', #8596, #1232, #6688, .T. ) ;
#3461 = CARTESIAN_POINT ( 'NONE',  ( 10.86461057125631946, -19.56060045136189984, -41.70800650451794667 ) ) ;
#3462 = CIRCLE ( 'NONE', #7649, 1.000000000000000888 ) ;
#3463 = AXIS2_PLACEMENT_3D ( 'NONE', #3067, #4906, #2287 ) ;
#3464 = ORIENTED_EDGE ( 'NONE', *, *, #3627, .T. ) ;
#3465 = DIRECTION ( 'NONE',  ( 0.000000000000000000, 0.000000000000000000, -1.000000000000000000 ) ) ;
#3466 = CARTESIAN_POINT ( 'NONE',  ( -28.25000000000000000, -17.50534825036275066, 25.55000000000000071 ) ) ;
#3467 = DIRECTION ( 'NONE',  ( 0.000000000000000000, -1.000000000000000000, 0.000000000000000000 ) ) ;
#3468 = CARTESIAN_POINT ( 'NONE',  ( 26.40656306134362552, -19.56579146832725158, -41.71313785831949161 ) ) ;
#3469 = AXIS2_PLACEMENT_3D ( 'NONE', #292, #8467, #10475 ) ;
#3470 = DIRECTION ( 'NONE',  ( 0.000000000000000000, -1.000000000000000000, 0.000000000000000000 ) ) ;
#3471 = EDGE_CURVE ( 'NONE', #6125, #1195, #1777, .T. ) ;
#3472 = VECTOR ( 'NONE', #10875, 1000.000000000000000 ) ;
#3473 = DIRECTION ( 'NONE',  ( 0.000000000000000000, 0.000000000000000000, 1.000000000000000000 ) ) ;
#3474 = CARTESIAN_POINT ( 'NONE',  ( 39.75025387439855251, -16.84830614710885399, -33.89570783136446153 ) ) ;
#3475 = CARTESIAN_POINT ( 'NONE',  ( -40.76262350019274550, -17.50534825036275066, -34.29276826090089969 ) ) ;
#3476 = ORIENTED_EDGE ( 'NONE', *, *, #8755, .T. ) ;
#3477 = VERTEX_POINT ( 'NONE', #5797 ) ;
#3478 = DIRECTION ( 'NONE',  ( -1.000000000000000000, 0.000000000000000000, 1.674039542559039894E-16 ) ) ;
#3479 = VERTEX_POINT ( 'NONE', #4170 ) ;
#3480 = CARTESIAN_POINT ( 'NONE',  ( 42.95000000000000284, -13.50220958978423980, 12.90554980844092015 ) ) ;
#3481 = ORIENTED_EDGE ( 'NONE', *, *, #1977, .T. ) ;
#3482 = CIRCLE ( 'NONE', #4234, 2.500000000000002220 ) ;
#3483 = AXIS2_PLACEMENT_3D ( 'NONE', #10482, #9612, #6009 ) ;
#3484 = AXIS2_PLACEMENT_3D ( 'NONE', #8841, #11460, #3286 ) ;
#3485 = VERTEX_POINT ( 'NONE', #11284 ) ;
#3486 = CARTESIAN_POINT ( 'NONE',  ( -40.95000000000000995, -7.005348250362778195, 32.13743420870379452 ) ) ;
#3487 = EDGE_CURVE ( 'NONE', #187, #3238, #7823, .T. ) ;
#3488 = EDGE_CURVE ( 'NONE', #10185, #10970, #11305, .T. ) ;
#3489 = AXIS2_PLACEMENT_3D ( 'NONE', #11538, #5299, #2616 ) ;
#3490 = CARTESIAN_POINT ( 'NONE',  ( 39.95000000000000284, -7.005348250362779972, 27.02444271472185022 ) ) ;
#3491 = DIRECTION ( 'NONE',  ( 0.000000000000000000, -0.9083415329249427961, 0.4182291950158013583 ) ) ;
#3492 = VECTOR ( 'NONE', #10544, 1000.000000000000000 ) ;
#3493 = CARTESIAN_POINT ( 'NONE',  ( -40.95000000000000284, -6.005348250362779972, 29.53225531212420307 ) ) ;
#3494 = ORIENTED_EDGE ( 'NONE', *, *, #4233, .F. ) ;
#3495 = DIRECTION ( 'NONE',  ( 0.000000000000000000, -1.000000000000000000, 0.000000000000000000 ) ) ;
#3496 = VERTEX_POINT ( 'NONE', #5846 ) ;
#3497 = CARTESIAN_POINT ( 'NONE',  ( 42.95000000000000284, -13.35186151901900153, 20.59157429275665052 ) ) ;
#3498 = CARTESIAN_POINT ( 'NONE',  ( -22.84999999999999787, -17.50534825036275066, 25.55000000000000071 ) ) ;
#3499 = ORIENTED_EDGE ( 'NONE', *, *, #8489, .T. ) ;
#3500 = CIRCLE ( 'NONE', #7501, 1.000000000000000888 ) ;
#3501 = B_SPLINE_CURVE_WITH_KNOTS ( 'NONE', 3,
 ( #10716, #10772, #699, #2419, #8039, #2542, #2366, #6179, #6002, #9657 ),
 .UNSPECIFIED., .F., .F.,
 ( 4, 2, 2, 2, 4 ),
 ( 0.000000000000000000, 0.0004534278650410809831, 0.0009068557300821619661, 0.001360283595123241811, 0.001813711460164325016 ),
 .UNSPECIFIED. ) ;
#3502 = EDGE_CURVE ( 'NONE', #1085, #6640, #7881, .T. ) ;
#3503 = CARTESIAN_POINT ( 'NONE',  ( 26.19212428020212613, -19.50241884382950275, -41.87345843747826990 ) ) ;
#3504 = DIRECTION ( 'NONE',  ( 1.000000000000000000, 0.000000000000000000, 0.000000000000000000 ) ) ;
#3505 = DIRECTION ( 'NONE',  ( 0.000000000000000000, 0.000000000000000000, 1.000000000000000000 ) ) ;
#3506 = DIRECTION ( 'NONE',  ( 0.000000000000000000, 0.000000000000000000, 1.000000000000000000 ) ) ;
#3507 = EDGE_CURVE ( 'NONE', #7786, #9015, #3579, .T. ) ;
#3508 = VERTEX_POINT ( 'NONE', #8120 ) ;
#3509 = CARTESIAN_POINT ( 'NONE',  ( 40.95000000000000284, -13.50220958978423980, 19.90554980844089883 ) ) ;
#3510 = CIRCLE ( 'NONE', #3689, 1.000000000000000888 ) ;
#3511 = ORIENTED_EDGE ( 'NONE', *, *, #8588, .F. ) ;
#3512 = CARTESIAN_POINT ( 'NONE',  ( 19.55000000000000071, -17.50534825036275066, 27.17781907207880110 ) ) ;
#3513 = CARTESIAN_POINT ( 'NONE',  ( -40.95000000000000284, -7.380934490925420199, 27.13186810350430278 ) ) ;
#3514 = AXIS2_PLACEMENT_3D ( 'NONE', #8415, #6616, #4047 ) ;
#3515 = CARTESIAN_POINT ( 'NONE',  ( 18.62963360958150005, -17.50534825036275066, -29.38619997939699857 ) ) ;
#3516 = DIRECTION ( 'NONE',  ( -1.520599644265049566E-16, -0.4182291950158013583, -0.9083415329249427961 ) ) ;
#3517 = ADVANCED_FACE ( 'NONE', ( #9852 ), #2390, .F. ) ;
#3518 = CARTESIAN_POINT ( 'NONE',  ( 18.62963360958150005, -20.00534825036275066, -25.94999999999999929 ) ) ;
#3519 = DIRECTION ( 'NONE',  ( -1.492235248152091785E-16, 0.000000000000000000, 1.000000000000000000 ) ) ;
#3520 = EDGE_CURVE ( 'NONE', #1215, #6186, #8258, .T. ) ;
#3521 = ORIENTED_EDGE ( 'NONE', *, *, #5410, .T. ) ;
#3522 = PLANE ( 'NONE',  #9785 ) ;
#3523 = CARTESIAN_POINT ( 'NONE',  ( 11.08342258956389337, -19.50127831578552318, -41.85983407970469727 ) ) ;
#3524 = EDGE_LOOP ( 'NONE', ( #10254, #2455, #4801, #3277, #5089 ) ) ;
#3525 = EDGE_CURVE ( 'NONE', #10043, #9874, #1491, .T. ) ;
#3526 = CARTESIAN_POINT ( 'NONE',  ( 11.00630542566428360, -19.49288124470136552, -41.77544464210205888 ) ) ;
#3527 = VERTEX_POINT ( 'NONE', #1555 ) ;
#3528 = CARTESIAN_POINT ( 'NONE',  ( 40.95000000000000284, -6.005348250362779972, 29.76256579129615076 ) ) ;
#3529 = DIRECTION ( 'NONE',  ( 0.000000000000000000, 0.000000000000000000, -1.000000000000000000 ) ) ;
#3530 = CARTESIAN_POINT ( 'NONE',  ( 39.88349853401800260, -7.005348250362779972, 29.48025310488614892 ) ) ;
#3531 = EDGE_CURVE ( 'NONE', #1704, #5609, #9679, .T. ) ;
#3532 = CARTESIAN_POINT ( 'NONE',  ( 26.35570051307093564, -19.54518301911852518, -41.70421581666496280 ) ) ;
#3533 = CARTESIAN_POINT ( 'NONE',  ( 18.62963360958150005, -22.29256159040334850, -27.91951922141749876 ) ) ;
#3534 = DIRECTION ( 'NONE',  ( -1.000000000000000000, 0.000000000000000000, 0.000000000000000000 ) ) ;
#3535 = CARTESIAN_POINT ( 'NONE',  ( 25.12963360958150005, -17.50534825036275066, -27.53619997939699715 ) ) ;
#3536 = LINE ( 'NONE', #6508, #4059 ) ;
#3537 = VERTEX_POINT ( 'NONE', #11646 ) ;
#3538 = ORIENTED_EDGE ( 'NONE', *, *, #7666, .F. ) ;
#3539 = DIRECTION ( 'NONE',  ( 0.000000000000000000, 0.000000000000000000, -1.000000000000000000 ) ) ;
#3540 = ORIENTED_EDGE ( 'NONE', *, *, #4278, .T. ) ;
#3541 = DIRECTION ( 'NONE',  ( 0.000000000000000000, -1.000000000000000000, 0.000000000000000000 ) ) ;
#3542 = ORIENTED_EDGE ( 'NONE', *, *, #4069, .T. ) ;
#3543 = B_SPLINE_CURVE_WITH_KNOTS ( 'NONE', 3,
 ( #8149, #1595, #10895, #5458, #5230, #704, #9111, #10722, #2547, #6185, #9832, #1647, #5280, #8936, #758, #2597 ),
 .UNSPECIFIED., .F., .F.,
 ( 4, 2, 2, 2, 2, 2, 2, 4 ),
 ( 0.000000000000000000, 0.2500000000000003886, 0.3749999999999998335, 0.4999999999999995004, 0.6250000000000014433, 0.7500000000000008882, 0.8750000000000005551, 1.000000000000000000 ),
 .UNSPECIFIED. ) ;
#3544 = CARTESIAN_POINT ( 'NONE',  ( -39.56588062948240037, -7.258965039731539726, 33.54808299339735100 ) ) ;
#3545 = CARTESIAN_POINT ( 'NONE',  ( 11.20460472383940065, -19.50534825036275066, -41.70296010330904579 ) ) ;
#3546 = CARTESIAN_POINT ( 'NONE',  ( 42.95000000000000284, -13.35186151901900153, 13.59157429275662032 ) ) ;
#3547 = FACE_BOUND ( 'NONE', #9232, .T. ) ;
#3548 = ORIENTED_EDGE ( 'NONE', *, *, #8635, .T. ) ;
#3549 = CARTESIAN_POINT ( 'NONE',  ( -40.95000000000000284, -29.29919771657874961, 20.17898319056214973 ) ) ;
#3550 = EDGE_LOOP ( 'NONE', ( #8715, #7870, #849, #4300 ) ) ;
#3551 = CARTESIAN_POINT ( 'NONE',  ( 10.01235369140388620, -19.69172758402208601, -41.81592371082858506 ) ) ;
#3552 = DIRECTION ( 'NONE',  ( -1.000000000000000000, 0.000000000000000000, -1.084202172485499627E-16 ) ) ;
#3553 = ADVANCED_FACE ( 'NONE', ( #9801 ), #4292, .T. ) ;
#3554 = ORIENTED_EDGE ( 'NONE', *, *, #648, .T. ) ;
#3555 = ORIENTED_EDGE ( 'NONE', *, *, #11077, .F. ) ;
#3556 = ORIENTED_EDGE ( 'NONE', *, *, #8323, .T. ) ;
#3557 = CARTESIAN_POINT ( 'NONE',  ( 37.75000000000000000, -7.005348250362779972, -30.94999999999999929 ) ) ;
#3558 = CARTESIAN_POINT ( 'NONE',  ( 42.95000000000000284, -6.812339080949070258, 9.825321660488031128 ) ) ;
#3559 = ADVANCED_FACE ( 'NONE', ( #4408 ), #1613, .F. ) ;
#3560 = DIRECTION ( 'NONE',  ( 0.000000000000000000, 1.000000000000000000, 0.000000000000000000 ) ) ;
#3561 = ORIENTED_EDGE ( 'NONE', *, *, #4877, .F. ) ;
#3562 = CARTESIAN_POINT ( 'NONE',  ( -40.95000000000000284, -6.160197295050250155, 28.51276956805079976 ) ) ;
#3563 = ORIENTED_EDGE ( 'NONE', *, *, #8706, .T. ) ;
#3564 = CARTESIAN_POINT ( 'NONE',  ( -39.81116669259215257, -7.014182230867199941, -29.23539094403915328 ) ) ;
#3565 = CARTESIAN_POINT ( 'NONE',  ( -40.95000000000214158, -8.002012673546742505, 28.73120675137506197 ) ) ;
#3566 = EDGE_CURVE ( 'NONE', #11175, #1834, #4428, .T. ) ;
#3567 = DIRECTION ( 'NONE',  ( 1.000000000000000000, 0.000000000000000000, 0.000000000000000000 ) ) ;
#3568 = DIRECTION ( 'NONE',  ( 0.000000000000000000, 0.000000000000000000, -1.000000000000000000 ) ) ;
#3569 = VERTEX_POINT ( 'NONE', #1667 ) ;
#3570 = CARTESIAN_POINT ( 'NONE',  ( -41.45000000000000284, -19.50534825036275066, -40.95000000000000284 ) ) ;
#3571 = LINE ( 'NONE', #6194, #9565 ) ;
#3572 = EDGE_LOOP ( 'NONE', ( #8670, #9639, #575, #11545 ) ) ;
#3573 = CARTESIAN_POINT ( 'NONE',  ( 39.47392893459864638, -7.694258541291660869, -33.94263474973804762 ) ) ;
#3574 = CARTESIAN_POINT ( 'NONE',  ( 11.15975169081941054, -19.50002770289122722, -41.84697178680426077 ) ) ;
#3575 = CARTESIAN_POINT ( 'NONE',  ( 10.71067880950078077, -19.51499392654774212, -41.90504226855733094 ) ) ;
#3576 = ORIENTED_EDGE ( 'NONE', *, *, #7796, .T. ) ;
#3577 = FACE_OUTER_BOUND ( 'NONE', #5828, .T. ) ;
#3578 = EDGE_CURVE ( 'NONE', #354, #10020, #11687, .T. ) ;
#3579 = LINE ( 'NONE', #9908, #9790 ) ;
#3580 = EDGE_CURVE ( 'NONE', #5396, #1249, #8782, .T. ) ;
#3581 = EDGE_LOOP ( 'NONE', ( #6107, #7033, #6164, #3428 ) ) ;
#3582 = CARTESIAN_POINT ( 'NONE',  ( 26.91673478471604852, -19.68291636587304794, -41.83452994616214937 ) ) ;
#3583 = CARTESIAN_POINT ( 'NONE',  ( 42.95000000000000284, -6.661991010183810680, -17.84814112331865132 ) ) ;
#3584 = CARTESIAN_POINT ( 'NONE',  ( 25.12963360958150005, -14.50534825036275954, -40.53619997939700426 ) ) ;
#3585 = AXIS2_PLACEMENT_3D ( 'NONE', #8602, #4054, #3988 ) ;
#3586 = CARTESIAN_POINT ( 'NONE',  ( 13.12963360958147874, -17.50534825036275066, -39.53619997939700426 ) ) ;
#3587 = CARTESIAN_POINT ( 'NONE',  ( 40.95000000000000284, -13.35186151901900153, 20.23208702463425368 ) ) ;
#3588 = DIRECTION ( 'NONE',  ( 0.000000000000000000, 0.000000000000000000, 1.000000000000000000 ) ) ;
#3589 = ORIENTED_EDGE ( 'NONE', *, *, #1125, .F. ) ;
#3590 = ORIENTED_EDGE ( 'NONE', *, *, #3502, .F. ) ;
#3591 = CARTESIAN_POINT ( 'NONE',  ( -41.45000000000000284, -18.50534825036275421, -41.95000000000000284 ) ) ;
#3592 = ORIENTED_EDGE ( 'NONE', *, *, #3398, .T. ) ;
#3593 = CARTESIAN_POINT ( 'NONE',  ( -40.38764571207252629, -17.37959716046975700, -27.92360614992664125 ) ) ;
#3594 = AXIS2_PLACEMENT_3D ( 'NONE', #1957, #5595, #9422 ) ;
#3595 = EDGE_CURVE ( 'NONE', #6137, #5999, #5564, .T. ) ;
#3596 = CARTESIAN_POINT ( 'NONE',  ( 11.25166420731488692, -19.50534825036275421, -41.79480515912830896 ) ) ;
#3597 = DIRECTION ( 'NONE',  ( 1.000000000000000000, 0.000000000000000000, 0.000000000000000000 ) ) ;
#3598 = CARTESIAN_POINT ( 'NONE',  ( 28.12963360958149650, -19.50534825036275066, -40.21794919243114919 ) ) ;
#3599 = PLANE ( 'NONE',  #69 ) ;
#3600 = VECTOR ( 'NONE', #9338, 1000.000000000000000 ) ;
#3601 = EDGE_LOOP ( 'NONE', ( #9427, #7151, #7109, #3632 ) ) ;
#3602 = CARTESIAN_POINT ( 'NONE',  ( 40.95000000000000284, -19.50534825036275066, 40.95000000000000284 ) ) ;
#3603 = AXIS2_PLACEMENT_3D ( 'NONE', #7790, #8693, #3325 ) ;
#3604 = ORIENTED_EDGE ( 'NONE', *, *, #5522, .F. ) ;
#3605 = EDGE_CURVE ( 'NONE', #11121, #11180, #7894, .T. ) ;
#3606 = DIRECTION ( 'NONE',  ( 0.000000000000000000, -1.000000000000000000, 0.000000000000000000 ) ) ;
#3607 = LINE ( 'NONE', #7248, #10095 ) ;
#3608 = ORIENTED_EDGE ( 'NONE', *, *, #6497, .F. ) ;
#3609 = EDGE_LOOP ( 'NONE', ( #2008, #1276, #8732, #5261 ) ) ;
#3610 = AXIS2_PLACEMENT_3D ( 'NONE', #10273, #1035, #2099 ) ;
#3611 = CARTESIAN_POINT ( 'NONE',  ( 10.64173595488263935, -19.89136210226885026, -41.01972066909880255 ) ) ;
#3612 = EDGE_CURVE ( 'NONE', #3477, #6767, #7288, .T. ) ;
#3613 = DIRECTION ( 'NONE',  ( 0.000000000000000000, 0.000000000000000000, 1.000000000000000000 ) ) ;
#3614 = CIRCLE ( 'NONE', #1331, 1.000000000000000888 ) ;
#3615 = CARTESIAN_POINT ( 'NONE',  ( -42.95000000000000284, -13.20151344825372064, 6.558624240827549912 ) ) ;
#3616 = EDGE_LOOP ( 'NONE', ( #9088, #2864, #6297, #10371 ) ) ;
#3617 = CARTESIAN_POINT ( 'NONE',  ( -40.95000000000000284, -6.005348250362779972, 29.44554925754309949 ) ) ;
#3618 = VERTEX_POINT ( 'NONE', #8961 ) ;
#3619 = CARTESIAN_POINT ( 'NONE',  ( -28.25000000000000000, -17.50534825036275066, 22.84999999999999787 ) ) ;
#3620 = AXIS2_PLACEMENT_3D ( 'NONE', #1909, #1022, #8305 ) ;
#3621 = ADVANCED_FACE ( 'NONE', ( #4469 ), #8068, .F. ) ;
#3622 = DIRECTION ( 'NONE',  ( 0.000000000000000000, 0.000000000000000000, 1.000000000000000000 ) ) ;
#3623 = CARTESIAN_POINT ( 'NONE',  ( -39.95000000000000284, -7.005348250362779972, 34.87555728527809151 ) ) ;
#3624 = EDGE_LOOP ( 'NONE', ( #3776, #10926, #289, #10296 ) ) ;
#3625 = VECTOR ( 'NONE', #10103, 1000.000000000000000 ) ;
#3626 = DIRECTION ( 'NONE',  ( -1.000000000000000000, 0.000000000000000000, 0.000000000000000000 ) ) ;
#3627 = EDGE_CURVE ( 'NONE', #9880, #7703, #2506, .T. ) ;
#3628 = DIRECTION ( 'NONE',  ( 0.000000000000000000, -1.000000000000000000, 0.000000000000000000 ) ) ;
#3629 = ORIENTED_EDGE ( 'NONE', *, *, #7213, .F. ) ;
#3630 = FACE_OUTER_BOUND ( 'NONE', #8920, .T. ) ;
#3631 = CARTESIAN_POINT ( 'NONE',  ( 27.12963360958150005, -19.97730839475075015, -42.23867513459479994 ) ) ;
#3632 = ORIENTED_EDGE ( 'NONE', *, *, #6355, .T. ) ;
#3633 = CARTESIAN_POINT ( 'NONE',  ( 10.74043386674786049, -19.60847064066275180, -41.75299607881755293 ) ) ;
#3634 = ORIENTED_EDGE ( 'NONE', *, *, #9858, .F. ) ;
#3635 = CARTESIAN_POINT ( 'NONE',  ( -20.15000000000000213, -17.50534825036275066, 28.25000000000000000 ) ) ;
#3636 = VECTOR ( 'NONE', #8554, 1000.000000000000000 ) ;
#3637 = VERTEX_POINT ( 'NONE', #2440 ) ;
#3638 = ORIENTED_EDGE ( 'NONE', *, *, #2970, .F. ) ;
#3639 = DIRECTION ( 'NONE',  ( 1.000000000000000000, 0.000000000000000000, 0.000000000000000000 ) ) ;
#3640 = CARTESIAN_POINT ( 'NONE',  ( 27.75000000000000711, -19.56358673009635751, -24.32579362443057747 ) ) ;
#3641 = CARTESIAN_POINT ( 'NONE',  ( 19.94999999999999929, -19.50534825036275066, 27.17781907207880110 ) ) ;
#3642 = AXIS2_PLACEMENT_3D ( 'NONE', #6757, #3041, #11214 ) ;
#3643 = VECTOR ( 'NONE', #1630, 1000.000000000000000 ) ;
#3644 = CARTESIAN_POINT ( 'NONE',  ( 40.02410612965486081, -17.11633560457356396, -33.87706290275974652 ) ) ;
#3645 = FACE_OUTER_BOUND ( 'NONE', #3948, .T. ) ;
#3646 = VECTOR ( 'NONE', #4244, 1000.000000000000000 ) ;
#3647 = EDGE_CURVE ( 'NONE', #6008, #9326, #5192, .T. ) ;
#3648 = CARTESIAN_POINT ( 'NONE',  ( 40.95000000000000284, -0.4651711546792700047, -0.09711537031247000074 ) ) ;
#3649 = ORIENTED_EDGE ( 'NONE', *, *, #5238, .F. ) ;
#3650 = ORIENTED_EDGE ( 'NONE', *, *, #8308, .F. ) ;
#3651 = CARTESIAN_POINT ( 'NONE',  ( 40.94999999999996732, -7.978179378534251853, -28.70757351286208348 ) ) ;
#3652 = VERTEX_POINT ( 'NONE', #9970 ) ;
#3653 = DIRECTION ( 'NONE',  ( 0.000000000000000000, 1.000000000000000000, 0.000000000000000000 ) ) ;
#3654 = CIRCLE ( 'NONE', #40, 2.399999999999999467 ) ;
#3655 = CIRCLE ( 'NONE', #10322, 4.150000000000001243 ) ;
#3656 = CARTESIAN_POINT ( 'NONE',  ( -40.95000000000000284, -6.273555727846599872, 33.68460920588345431 ) ) ;
#3657 = CARTESIAN_POINT ( 'NONE',  ( -37.75000000000000000, -7.005348250362779972, -27.44999999999999929 ) ) ;
#3658 = CARTESIAN_POINT ( 'NONE',  ( 42.95000000000000284, -13.20151344825372064, -7.441375759172469628 ) ) ;
#3659 = FACE_BOUND ( 'NONE', #120, .T. ) ;
#3660 = ADVANCED_FACE ( 'NONE', ( #943 ), #1896, .F. ) ;
#3661 = CARTESIAN_POINT ( 'NONE',  ( 26.16851380523840120, -19.50070448390804856, -41.85368584660005098 ) ) ;
#3662 = AXIS2_PLACEMENT_3D ( 'NONE', #470, #11190, #4035 ) ;
#3663 = ORIENTED_EDGE ( 'NONE', *, *, #8417, .F. ) ;
#3664 = CIRCLE ( 'NONE', #10327, 0.3594872681224065558 ) ;
#3665 = DIRECTION ( 'NONE',  ( 0.000000000000000000, -1.000000000000000000, 0.000000000000000000 ) ) ;
#3666 = CIRCLE ( 'NONE', #51, 0.9000000000000014655 ) ;
#3667 = EDGE_CURVE ( 'NONE', #831, #7454, #7858, .T. ) ;
#3668 = ORIENTED_EDGE ( 'NONE', *, *, #8943, .F. ) ;
#3669 = CYLINDRICAL_SURFACE ( 'NONE', #3995, 1.000000000000000888 ) ;
#3670 = VERTEX_POINT ( 'NONE', #6427 ) ;
#3671 = ORIENTED_EDGE ( 'NONE', *, *, #1747, .T. ) ;
#3672 = CIRCLE ( 'NONE', #6920, 2.599999999999998312 ) ;
#3673 = CIRCLE ( 'NONE', #10884, 0.3594872681224074440 ) ;
#3674 = CIRCLE ( 'NONE', #3484, 1.000000000000000888 ) ;
#3675 = EDGE_CURVE ( 'NONE', #10574, #4462, #11487, .T. ) ;
#3676 = DIRECTION ( 'NONE',  ( 0.000000000000000000, 0.000000000000000000, -1.000000000000000000 ) ) ;
#3677 = CARTESIAN_POINT ( 'NONE',  ( -37.75000000000000000, -19.00534825036275421, 30.94999999999999929 ) ) ;
#3678 = DIRECTION ( 'NONE',  ( 0.000000000000000000, -1.000000000000000000, 0.000000000000000000 ) ) ;
#3679 = ORIENTED_EDGE ( 'NONE', *, *, #5128, .F. ) ;
#3680 = DIRECTION ( 'NONE',  ( 0.000000000000000000, 0.000000000000000000, -1.000000000000000000 ) ) ;
#3681 = ORIENTED_EDGE ( 'NONE', *, *, #7987, .F. ) ;
#3682 = FACE_OUTER_BOUND ( 'NONE', #558, .T. ) ;
#3683 = CARTESIAN_POINT ( 'NONE',  ( -40.95000000000000284, -6.511642939418550213, -3.521603907125345323 ) ) ;
#3684 = CIRCLE ( 'NONE', #1201, 2.100000000000000977 ) ;
#3685 = DIRECTION ( 'NONE',  ( -1.000000000000000000, 0.000000000000000000, 0.000000000000000000 ) ) ;
#3686 = DIRECTION ( 'NONE',  ( -1.000000000000000000, 0.000000000000000000, 1.674039542559039894E-16 ) ) ;
#3687 = VERTEX_POINT ( 'NONE', #5650 ) ;
#3688 = DIRECTION ( 'NONE',  ( 0.000000000000000000, 0.000000000000000000, -1.000000000000000000 ) ) ;
#3689 = AXIS2_PLACEMENT_3D ( 'NONE', #2800, #790, #10925 ) ;
#3690 = PLANE ( 'NONE',  #8049 ) ;
#3691 = EDGE_LOOP ( 'NONE', ( #9810, #8682, #856, #4056 ) ) ;
#3692 = CARTESIAN_POINT ( 'NONE',  ( 40.95000000000000284, -6.963290903386690545, -34.54422770184360303 ) ) ;
#3693 = CARTESIAN_POINT ( 'NONE',  ( 11.12669023140185764, -19.49853408727567938, -41.83345847178972576 ) ) ;
#3694 = EDGE_CURVE ( 'NONE', #6011, #11281, #1120, .T. ) ;
#3695 = CARTESIAN_POINT ( 'NONE',  ( 10.90328484867088576, -19.50052549024227133, -41.81081589454022662 ) ) ;
#3696 = ORIENTED_EDGE ( 'NONE', *, *, #8943, .T. ) ;
#3697 = CARTESIAN_POINT ( 'NONE',  ( 39.95000000000000284, -17.04862882735370277, 33.87555728527809862 ) ) ;
#3698 = PRODUCT_DEFINITION ( 'н╢ж╙', '', #979, #9023 ) ;
#3699 = ORIENTED_EDGE ( 'NONE', *, *, #7502, .T. ) ;
#3700 = DIRECTION ( 'NONE',  ( -1.000000000000000000, 0.000000000000000000, 0.000000000000000000 ) ) ;
#3701 = ORIENTED_EDGE ( 'NONE', *, *, #11689, .T. ) ;
#3702 = CARTESIAN_POINT ( 'NONE',  ( 40.95000000000000284, -6.160197295050250155, 33.38723043194920592 ) ) ;
#3703 = FACE_OUTER_BOUND ( 'NONE', #7106, .T. ) ;
#3704 = CARTESIAN_POINT ( 'NONE',  ( -30.94999999999999929, -17.50534825036275066, 26.55000000000000071 ) ) ;
#3705 = DIRECTION ( 'NONE',  ( 0.000000000000000000, -1.000000000000000000, 0.000000000000000000 ) ) ;
#3706 = CARTESIAN_POINT ( 'NONE',  ( -39.57504099499564632, -16.64862726630836320, 27.95288587133055813 ) ) ;
#3707 = EDGE_CURVE ( 'NONE', #11683, #10547, #2137, .T. ) ;
#3708 = CARTESIAN_POINT ( 'NONE',  ( -37.75000000000000000, -8.505348250362779083, 30.94999999999999929 ) ) ;
#3709 = ORIENTED_EDGE ( 'NONE', *, *, #3525, .F. ) ;
#3710 = CARTESIAN_POINT ( 'NONE',  ( -39.46111111111115122, -16.50534825036275066, -34.00321122188300649 ) ) ;
#3711 = ORIENTED_EDGE ( 'NONE', *, *, #9556, .T. ) ;
#3712 = FACE_OUTER_BOUND ( 'NONE', #5031, .T. ) ;
#3713 = EDGE_CURVE ( 'NONE', #173, #9862, #3664, .T. ) ;
#3714 = CARTESIAN_POINT ( 'NONE',  ( -39.48171950751549986, -7.620278669526820536, -27.99366461821750107 ) ) ;
#3715 = EDGE_CURVE ( 'NONE', #4462, #8985, #6711, .T. ) ;
#3716 = CARTESIAN_POINT ( 'NONE',  ( 39.46368585746510149, -7.846266129617080587, 33.99080110616625205 ) ) ;
#3717 = DIRECTION ( 'NONE',  ( -2.168404344971010101E-16, 0.000000000000000000, 1.000000000000000000 ) ) ;
#3718 = LINE ( 'NONE', #3657, #9392 ) ;
#3719 = CARTESIAN_POINT ( 'NONE',  ( -28.25000000000000000, -17.50534825036275066, 21.14999999999999858 ) ) ;
#3720 = CARTESIAN_POINT ( 'NONE',  ( 26.44723180766474968, -19.50145632883779712, -42.04830454543229479 ) ) ;
#3721 = ORIENTED_EDGE ( 'NONE', *, *, #10009, .F. ) ;
#3722 = LINE ( 'NONE', #1862, #10651 ) ;
#3723 = MANIFOLD_SOLID_BREP ( 'NONE', #3037 ) ;
#3724 = ORIENTED_EDGE ( 'NONE', *, *, #2960, .F. ) ;
#3725 = CARTESIAN_POINT ( 'NONE',  ( -41.45000000000000284, -19.50534825036275066, -42.95000000000000284 ) ) ;
#3726 = ORIENTED_EDGE ( 'NONE', *, *, #5845, .T. ) ;
#3727 = ORIENTED_EDGE ( 'NONE', *, *, #10431, .F. ) ;
#3728 = EDGE_CURVE ( 'NONE', #1451, #11340, #2916, .T. ) ;
#3729 = EDGE_CURVE ( 'NONE', #11567, #4478, #4235, .T. ) ;
#3730 = FACE_OUTER_BOUND ( 'NONE', #11330, .T. ) ;
#3731 = DIRECTION ( 'NONE',  ( 0.000000000000000000, -1.000000000000000000, 0.000000000000000000 ) ) ;
#3732 = DIRECTION ( 'NONE',  ( 0.000000000000000000, 0.000000000000000000, -1.000000000000000000 ) ) ;
#3733 = ORIENTED_EDGE ( 'NONE', *, *, #8996, .T. ) ;
#3734 = CARTESIAN_POINT ( 'NONE',  ( 10.61570524965434004, -19.63660304750257879, -41.80917112121385060 ) ) ;
#3735 = ORIENTED_EDGE ( 'NONE', *, *, #670, .T. ) ;
#3736 = DIRECTION ( 'NONE',  ( 0.000000000000000000, -1.000000000000000000, 0.000000000000000000 ) ) ;
#3737 = CARTESIAN_POINT ( 'NONE',  ( -37.75000000000000000, -8.505348250362779083, 28.85000000000000142 ) ) ;
#3738 = ADVANCED_FACE ( 'NONE', ( #4695 ), #177, .F. ) ;
#3739 = CARTESIAN_POINT ( 'NONE',  ( -37.75000000000000000, -19.00534825036275421, 30.94999999999999929 ) ) ;
#3740 = FACE_OUTER_BOUND ( 'NONE', #336, .T. ) ;
#3741 = EDGE_LOOP ( 'NONE', ( #5611, #156, #872, #3721 ) ) ;
#3742 = CARTESIAN_POINT ( 'NONE',  ( 37.75000000000000000, -8.505348250362779083, 31.85000000000000497 ) ) ;
#3743 = DIRECTION ( 'NONE',  ( 0.000000000000000000, 0.000000000000000000, 1.000000000000000000 ) ) ;
#3744 = ORIENTED_EDGE ( 'NONE', *, *, #1347, .F. ) ;
#3745 = CARTESIAN_POINT ( 'NONE',  ( 42.95000000000000284, -6.661991010183810680, 3.151858876681335353 ) ) ;
#3746 = CYLINDRICAL_SURFACE ( 'NONE', #6434, 0.3594872681224065558 ) ;
#3747 = CARTESIAN_POINT ( 'NONE',  ( 11.41359642923160500, -19.50573868457047411, -41.84029829198113504 ) ) ;
#3748 = VERTEX_POINT ( 'NONE', #10969 ) ;
#3749 = EDGE_CURVE ( 'NONE', #589, #6969, #241, .T. ) ;
#3750 = CARTESIAN_POINT ( 'NONE',  ( -25.55000000000000071, -19.50534825036275066, 26.55000000000000071 ) ) ;
#3751 = EDGE_LOOP ( 'NONE', ( #2011, #6681, #1394, #9993 ) ) ;
#3752 = CARTESIAN_POINT ( 'NONE',  ( 40.95000000000000284, 5.154054260455909642, 12.10713982818423951 ) ) ;
#3753 = VERTEX_POINT ( 'NONE', #10916 ) ;
#3754 = LINE ( 'NONE', #3814, #1980 ) ;
#3755 = CARTESIAN_POINT ( 'NONE',  ( -40.95000000000000284, -13.50220958978423980, 5.905549808440929915 ) ) ;
#3756 = CARTESIAN_POINT ( 'NONE',  ( -42.95000000000000284, -13.20151344825372064, 13.55862424082754103 ) ) ;
#3757 = EDGE_CURVE ( 'NONE', #4, #8101, #2742, .T. ) ;
#3758 = DIRECTION ( 'NONE',  ( 2.511059313838565264E-16, 0.000000000000000000, 1.000000000000000000 ) ) ;
#3759 = DIRECTION ( 'NONE',  ( 0.000000000000000000, 1.000000000000000000, 0.000000000000000000 ) ) ;
#3760 = CARTESIAN_POINT ( 'NONE',  ( -28.25000000000000000, -19.50534825036275066, 25.55000000000000071 ) ) ;
#3761 = ORIENTED_EDGE ( 'NONE', *, *, #7382, .F. ) ;
#3762 = CARTESIAN_POINT ( 'NONE',  ( 40.95000000000000284, -6.343180952846069864, -28.07309985272125274 ) ) ;
#3763 = ORIENTED_EDGE ( 'NONE', *, *, #2021, .F. ) ;
#3764 = CARTESIAN_POINT ( 'NONE',  ( -40.95000000000000284, -6.005348250362779972, -29.76256579129625024 ) ) ;
#3765 = AXIS2_PLACEMENT_3D ( 'NONE', #1951, #5589, #11742 ) ;
#3766 = CARTESIAN_POINT ( 'NONE',  ( 27.24620548997355129, -19.48665501275979750, -42.14245009242349482 ) ) ;
#3767 = EDGE_CURVE ( 'NONE', #665, #8414, #1955, .T. ) ;
#3768 = CARTESIAN_POINT ( 'NONE',  ( 40.95000000000000284, -6.962073307347169226, 34.54348410926390045 ) ) ;
#3769 = VECTOR ( 'NONE', #9405, 1000.000000000000000 ) ;
#3770 = CARTESIAN_POINT ( 'NONE',  ( 26.23711718140480897, -19.50459688226967714, -41.91054312938944548 ) ) ;
#3771 = CARTESIAN_POINT ( 'NONE',  ( 11.12963360958147874, -19.50534825036275066, -34.03619997939700426 ) ) ;
#3772 = LINE ( 'NONE', #11046, #3289 ) ;
#3773 = EDGE_CURVE ( 'NONE', #11670, #11772, #3979, .T. ) ;
#3774 = ORIENTED_EDGE ( 'NONE', *, *, #8146, .T. ) ;
#3775 = CARTESIAN_POINT ( 'NONE',  ( 42.95000000000000284, -13.35186151901900153, -14.76791297536578007 ) ) ;
#3776 = ORIENTED_EDGE ( 'NONE', *, *, #3773, .T. ) ;
#3777 = EDGE_CURVE ( 'NONE', #4419, #9080, #9390, .T. ) ;
#3778 = DIRECTION ( 'NONE',  ( -1.000000000000000000, 0.000000000000000000, 0.000000000000000000 ) ) ;
#3779 = AXIS2_PLACEMENT_3D ( 'NONE', #9017, #5360, #773 ) ;
#3780 = ORIENTED_EDGE ( 'NONE', *, *, #5736, .T. ) ;
#3781 = ORIENTED_EDGE ( 'NONE', *, *, #2754, .T. ) ;
#3782 = VECTOR ( 'NONE', #3495, 1000.000000000000000 ) ;
#3783 = FACE_OUTER_BOUND ( 'NONE', #9292, .T. ) ;
#3784 = AXIS2_PLACEMENT_3D ( 'NONE', #6654, #5582, #6540 ) ;
#3785 = LINE ( 'NONE', #982, #1560 ) ;
#3786 = DIRECTION ( 'NONE',  ( 0.000000000000000000, 0.000000000000000000, -1.000000000000000000 ) ) ;
#3787 = ORIENTED_EDGE ( 'NONE', *, *, #10888, .T. ) ;
#3788 = CARTESIAN_POINT ( 'NONE',  ( -11.84999999999999964, -9.005348250362779083, 40.95000000000000284 ) ) ;
#3789 = VERTEX_POINT ( 'NONE', #1428 ) ;
#3790 = ADVANCED_FACE ( 'NONE', ( #8711 ), #3096, .T. ) ;
#3791 = LINE ( 'NONE', #10181, #6647 ) ;
#3792 = CARTESIAN_POINT ( 'NONE',  ( -40.95000000000000284, -6.661991010183810680, -10.84814112331864067 ) ) ;
#3793 = AXIS2_PLACEMENT_3D ( 'NONE', #9638, #9687, #4121 ) ;
#3794 = AXIS2_PLACEMENT_3D ( 'NONE', #509, #8637, #455 ) ;
#3795 = DIRECTION ( 'NONE',  ( -1.520599644265049566E-16, -0.4182291950158013583, -0.9083415329249427961 ) ) ;
#3796 = LINE ( 'NONE', #3964, #8766 ) ;
#3797 = ORIENTED_EDGE ( 'NONE', *, *, #4839, .T. ) ;
#3798 = CARTESIAN_POINT ( 'NONE',  ( 37.75000000000000000, -7.005348250362779972, -30.94999999999999929 ) ) ;
#3799 = PLANE ( 'NONE',  #9753 ) ;
#3800 = AXIS2_PLACEMENT_3D ( 'NONE', #6624, #1536, #10483 ) ;
#3801 = VERTEX_POINT ( 'NONE', #2142 ) ;
#3802 = FACE_BOUND ( 'NONE', #6532, .T. ) ;
#3803 = DIRECTION ( 'NONE',  ( -1.000000000000000000, 0.000000000000000000, 0.000000000000000000 ) ) ;
#3804 = CARTESIAN_POINT ( 'NONE',  ( 39.95000000000000284, -17.04862882735370277, -28.02444271472184667 ) ) ;
#3805 = ADVANCED_FACE ( 'NONE', ( #353 ), #419, .F. ) ;
#3806 = ORIENTED_EDGE ( 'NONE', *, *, #8725, .F. ) ;
#3807 = CIRCLE ( 'NONE', #1128, 1.000000000000000888 ) ;
#3808 = CARTESIAN_POINT ( 'NONE',  ( 13.12963360958147874, -33.06169743646680104, -39.53619997939700426 ) ) ;
#3809 = B_SPLINE_CURVE_WITH_KNOTS ( 'NONE', 3,
 ( #2048, #3953, #4974, #5754, #2181, #3004, #8450, #211, #8638, #10285, #3849, #2110, #1220, #5684, #3183, #9406 ),
 .UNSPECIFIED., .F., .F.,
 ( 4, 2, 2, 2, 2, 2, 2, 4 ),
 ( 0.000000000000000000, 0.2499999999999983624, 0.3749999999999994449, 0.4999999999999980016, 0.6249999999999991118, 0.7500000000000001110, 0.8749999999999986677, 1.000000000000000000 ),
 .UNSPECIFIED. ) ;
#3810 = VERTEX_POINT ( 'NONE', #11268 ) ;
#3811 = CIRCLE ( 'NONE', #9743, 1.000000000000000888 ) ;
#3812 = SURFACE_STYLE_USAGE ( .BOTH. , #4645 ) ;
#3813 = ORIENTED_EDGE ( 'NONE', *, *, #924, .T. ) ;
#3814 = CARTESIAN_POINT ( 'NONE',  ( 11.12963360958147874, -19.50534825036275066, -41.95000000000000284 ) ) ;
#3815 = FACE_OUTER_BOUND ( 'NONE', #6684, .T. ) ;
#3816 = CARTESIAN_POINT ( 'NONE',  ( 27.26814394050274615, -19.69790497560811815, -41.79914040125364494 ) ) ;
#3817 = CIRCLE ( 'NONE', #10859, 0.9000000000000014655 ) ;
#3818 = EDGE_CURVE ( 'NONE', #9622, #6831, #5891, .T. ) ;
#3819 = DIRECTION ( 'NONE',  ( 0.000000000000000000, 0.000000000000000000, -1.000000000000000000 ) ) ;
#3820 = DIRECTION ( 'NONE',  ( 0.000000000000000000, 0.000000000000000000, -1.000000000000000000 ) ) ;
#3821 = ORIENTED_EDGE ( 'NONE', *, *, #10852, .F. ) ;
#3822 = DIRECTION ( 'NONE',  ( 0.000000000000000000, 0.000000000000000000, -1.000000000000000000 ) ) ;
#3823 = AXIS2_PLACEMENT_3D ( 'NONE', #10089, #6627, #1911 ) ;
#3824 = ORIENTED_EDGE ( 'NONE', *, *, #9340, .T. ) ;
#3825 = CARTESIAN_POINT ( 'NONE',  ( 40.95000000000000284, -7.380934490925359803, -27.13186810350424949 ) ) ;
#3826 = EDGE_LOOP ( 'NONE', ( #7977, #3780, #7519, #3806, #7598 ) ) ;
#3827 = CARTESIAN_POINT ( 'NONE',  ( -42.95000000000000284, -6.812339080949070258, -11.17467833951195999 ) ) ;
#3828 = CIRCLE ( 'NONE', #2298, 2.499999999999998668 ) ;
#3829 = CARTESIAN_POINT ( 'NONE',  ( 27.12963360958149650, -19.52439758109290224, -41.95000000000002416 ) ) ;
#3830 = CARTESIAN_POINT ( 'NONE',  ( -40.76262350019274550, -17.50534825036275066, 34.29276826090089969 ) ) ;
#3831 = AXIS2_PLACEMENT_3D ( 'NONE', #2071, #4822, #11263 ) ;
#3832 = CARTESIAN_POINT ( 'NONE',  ( 26.12156774085333666, -19.49864381342452901, -41.83438532569168444 ) ) ;
#3833 = AXIS2_PLACEMENT_3D ( 'NONE', #4203, #6119, #9775 ) ;
#3834 = CARTESIAN_POINT ( 'NONE',  ( 37.75000000000000000, -8.005348250362779083, 30.94999999999999929 ) ) ;
#3835 = CARTESIAN_POINT ( 'NONE',  ( 40.95000000000000284, -17.50534825036275066, 40.95000000000000284 ) ) ;
#3836 = CARTESIAN_POINT ( 'NONE',  ( 26.09522640808285132, -19.50035387369375073, -41.85013250759249814 ) ) ;
#3837 = ORIENTED_EDGE ( 'NONE', *, *, #9914, .T. ) ;
#3838 = DIRECTION ( 'NONE',  ( 0.000000000000000000, 0.000000000000000000, -1.000000000000000000 ) ) ;
#3839 = ORIENTED_EDGE ( 'NONE', *, *, #5927, .T. ) ;
#3840 = CYLINDRICAL_SURFACE ( 'NONE', #10291, 1.000000000000000888 ) ;
#3841 = AXIS2_PLACEMENT_3D ( 'NONE', #7132, #10038, #8259 ) ;
#3842 = ORIENTED_EDGE ( 'NONE', *, *, #2385, .T. ) ;
#3843 = AXIS2_PLACEMENT_3D ( 'NONE', #8740, #11496, #10584 ) ;
#3844 = EDGE_LOOP ( 'NONE', ( #8425, #3072, #8019, #2130 ) ) ;
#3845 = ADVANCED_FACE ( 'NONE', ( #2073 ), #5573, .F. ) ;
#3846 = CARTESIAN_POINT ( 'NONE',  ( 26.60674070174891526, -19.85577308913558170, -41.11684182000861654 ) ) ;
#3847 = DIRECTION ( 'NONE',  ( -1.520599644265049566E-16, -0.4182291950158013583, -0.9083415329249427961 ) ) ;
#3848 = CIRCLE ( 'NONE', #5373, 2.599999999999998312 ) ;
#3849 = CARTESIAN_POINT ( 'NONE',  ( 39.50253182032953703, -7.483710778396428509, 33.81297386397688598 ) ) ;
#3850 = VERTEX_POINT ( 'NONE', #11335 ) ;
#3851 = CARTESIAN_POINT ( 'NONE',  ( 10.99757808275879256, -19.51586254389392039, -41.70210819249228251 ) ) ;
#3852 = VERTEX_POINT ( 'NONE', #5058 ) ;
#3853 = CARTESIAN_POINT ( 'NONE',  ( 18.62963360958150005, -23.50534825036275066, -34.03619997939700426 ) ) ;
#3854 = CARTESIAN_POINT ( 'NONE',  ( -22.84999999999999787, -17.50534825036275066, 25.55000000000000071 ) ) ;
#3855 = AXIS2_PLACEMENT_3D ( 'NONE', #6650, #1337, #10404 ) ;
#3856 = CIRCLE ( 'NONE', #10309, 1.000000000000000888 ) ;
#3857 = ADVANCED_FACE ( 'NONE', ( #9547 ), #4933, .F. ) ;
#3858 = CARTESIAN_POINT ( 'NONE',  ( 10.14442981287633216, -20.27684779286152761, -41.14628022664015816 ) ) ;
#3859 = CARTESIAN_POINT ( 'NONE',  ( -40.95000000000000284, -6.512701307523709460, -34.09622984065590146 ) ) ;
#3861 = ORIENTED_EDGE ( 'NONE', *, *, #8245, .T. ) ;
#3860 = EDGE_CURVE ( 'NONE', #2862, #4224, #258, .T. ) ;
#3862 = CARTESIAN_POINT ( 'NONE',  ( 27.62963360970811166, -19.50534825036276132, -40.37003640853441766 ) ) ;
#3863 = DIRECTION ( 'NONE',  ( 0.000000000000000000, 0.000000000000000000, -1.000000000000000000 ) ) ;
#3864 = VECTOR ( 'NONE', #10502, 1000.000000000000000 ) ;
#3865 = VERTEX_POINT ( 'NONE', #5783 ) ;
#3866 = DIRECTION ( 'NONE',  ( 0.000000000000000000, 0.000000000000000000, -1.000000000000000000 ) ) ;
#3867 = CARTESIAN_POINT ( 'NONE',  ( 41.45000000000000284, -18.50534825036275421, -41.45000000000000284 ) ) ;
#3868 = VECTOR ( 'NONE', #4148, 1000.000000000000000 ) ;
#3869 = ORIENTED_EDGE ( 'NONE', *, *, #11398, .T. ) ;
#3870 = DIRECTION ( 'NONE',  ( 1.000000000000000000, 0.000000000000000000, 0.000000000000000000 ) ) ;
#3871 = ORIENTED_EDGE ( 'NONE', *, *, #10974, .T. ) ;
#3872 = LINE ( 'NONE', #6426, #5162 ) ;
#3873 = ORIENTED_EDGE ( 'NONE', *, *, #2524, .T. ) ;
#3874 = EDGE_CURVE ( 'NONE', #3393, #10399, #11507, .T. ) ;
#3875 = VECTOR ( 'NONE', #9374, 1000.000000000000227 ) ;
#3876 = ORIENTED_EDGE ( 'NONE', *, *, #8833, .F. ) ;
#3877 = EDGE_CURVE ( 'NONE', #5361, #5720, #11147, .T. ) ;
#3878 = CARTESIAN_POINT ( 'NONE',  ( 40.95000000000000284, -6.022847113998490265, 32.76922968944374759 ) ) ;
#3879 = CARTESIAN_POINT ( 'NONE',  ( 27.75000000000000711, -19.67086445965511743, -25.52995696496200040 ) ) ;
#3880 = ADVANCED_FACE ( 'NONE', ( #2254 ), #7302, .F. ) ;
#3881 = DIRECTION ( 'NONE',  ( -1.000000000000000000, 0.000000000000000000, 0.000000000000000000 ) ) ;
#3882 = CARTESIAN_POINT ( 'NONE',  ( -40.56266777498959186, -17.47201051846609232, 27.82818192008730307 ) ) ;
#3883 = ORIENTED_EDGE ( 'NONE', *, *, #7023, .T. ) ;
#3884 = AXIS2_PLACEMENT_3D ( 'NONE', #10183, #10902, #4631 ) ;
#3885 = CARTESIAN_POINT ( 'NONE',  ( 42.95000000000000284, -6.812339080949070258, 2.825321660488030240 ) ) ;
#3886 = EDGE_LOOP ( 'NONE', ( #2465, #6978, #8379, #2599, #5525 ) ) ;
#3887 = CARTESIAN_POINT ( 'NONE',  ( 40.95000000000000995, -7.413266357537655615, -28.90085448351236508 ) ) ;
#3888 = CIRCLE ( 'NONE', #4451, 0.3594872681224065558 ) ;
#3889 = ORIENTED_EDGE ( 'NONE', *, *, #10454, .F. ) ;
#3890 = CARTESIAN_POINT ( 'NONE',  ( 39.95000000000000284, -17.50534825036275066, 34.87555728527809151 ) ) ;
#3891 = EDGE_CURVE ( 'NONE', #6561, #5623, #7566, .T. ) ;
#3892 = CARTESIAN_POINT ( 'NONE',  ( -39.47392893459869612, -7.694258541291590703, -27.95736525026200070 ) ) ;
#3893 = CARTESIAN_POINT ( 'NONE',  ( -40.71206690269182360, -17.50534825036277908, 34.22227366079594191 ) ) ;
#3894 = DIRECTION ( 'NONE',  ( 0.000000000000000000, 0.000000000000000000, -1.000000000000000000 ) ) ;
#3895 = CARTESIAN_POINT ( 'NONE',  ( -22.84999999999999787, -19.50534825036275066, 26.55000000000000071 ) ) ;
#3896 = CYLINDRICAL_SURFACE ( 'NONE', #1933, 1.000000000000000888 ) ;
#3897 = CARTESIAN_POINT ( 'NONE',  ( 25.96709989844669764, -19.50534211449270217, -41.95350309898434915 ) ) ;
#3898 = ORIENTED_EDGE ( 'NONE', *, *, #8819, .T. ) ;
#3899 = LINE ( 'NONE', #31, #10844 ) ;
#3900 = ORIENTED_EDGE ( 'NONE', *, *, #5300, .T. ) ;
#3901 = DIRECTION ( 'NONE',  ( -1.000000000000000000, 0.000000000000000000, 0.000000000000000000 ) ) ;
#3902 = ORIENTED_EDGE ( 'NONE', *, *, #11614, .T. ) ;
#3903 = ORIENTED_EDGE ( 'NONE', *, *, #3757, .T. ) ;
#3904 = CARTESIAN_POINT ( 'NONE',  ( 10.56685169813336955, -20.02117352836262398, -41.53144401937251473 ) ) ;
#3905 = CARTESIAN_POINT ( 'NONE',  ( 37.75000000000000000, -8.505348250362779083, 28.85000000000000142 ) ) ;
#3906 = CARTESIAN_POINT ( 'NONE',  ( 41.95000000000000284, -19.50534825036275066, 41.45000000000000284 ) ) ;
#3907 = VERTEX_POINT ( 'NONE', #3028 ) ;
#3908 = CARTESIAN_POINT ( 'NONE',  ( 10.55368683500928562, -19.64586095102647079, -41.82592464638175045 ) ) ;
#3909 = EDGE_CURVE ( 'NONE', #7538, #7127, #6148, .T. ) ;
#3910 = EDGE_LOOP ( 'NONE', ( #1894, #10809, #8840, #3883 ) ) ;
#3911 = CYLINDRICAL_SURFACE ( 'NONE', #6837, 5.116680757979500171 ) ;
#3912 = LINE ( 'NONE', #108, #4560 ) ;
#3913 = DIRECTION ( 'NONE',  ( 1.520599644265049812E-16, 0.4182291950158013583, 0.9083415329249427961 ) ) ;
#3914 = CARTESIAN_POINT ( 'NONE',  ( -40.95000000000000284, -7.687184009642109572, -34.85359845563365155 ) ) ;
#3915 = CARTESIAN_POINT ( 'NONE',  ( 28.12963360958149650, -19.50534825036275066, -40.21794919243114919 ) ) ;
#3916 = FACE_OUTER_BOUND ( 'NONE', #2563, .T. ) ;
#3917 = ORIENTED_EDGE ( 'NONE', *, *, #2316, .T. ) ;
#3918 = DIRECTION ( 'NONE',  ( 0.000000000000000000, -1.000000000000000000, 0.000000000000000000 ) ) ;
#3919 = EDGE_CURVE ( 'NONE', #589, #5281, #10312, .T. ) ;
#3920 = ORIENTED_EDGE ( 'NONE', *, *, #3963, .F. ) ;
#3921 = CARTESIAN_POINT ( 'NONE',  ( 11.18003051208734000, -19.50158474285640153, -41.86307867068325095 ) ) ;
#3922 = VERTEX_POINT ( 'NONE', #3211 ) ;
#3923 = ADVANCED_FACE ( 'NONE', ( #2317 ), #4279, .F. ) ;
#3924 = DIRECTION ( 'NONE',  ( 0.000000000000000000, 0.000000000000000000, -1.000000000000000000 ) ) ;
#3925 = DIRECTION ( 'NONE',  ( 0.000000000000000000, 0.000000000000000000, 1.000000000000000000 ) ) ;
#3926 = DIRECTION ( 'NONE',  ( -1.000000000000000000, 0.000000000000000000, 0.000000000000000000 ) ) ;
#3927 = DIRECTION ( 'NONE',  ( 0.000000000000000000, -1.000000000000000000, 0.000000000000000000 ) ) ;
#3928 = ORIENTED_EDGE ( 'NONE', *, *, #6968, .F. ) ;
#3929 = CARTESIAN_POINT ( 'NONE',  ( -41.45000000000000284, -18.50534825036275421, -41.45000000000000284 ) ) ;
#3930 = CARTESIAN_POINT ( 'NONE',  ( -37.75000000000000000, -19.50534825036275066, 30.94999999999999929 ) ) ;
#3931 = CARTESIAN_POINT ( 'NONE',  ( 9.599237772605659913, -19.50534825036275066, -42.00523217531314657 ) ) ;
#3932 = ORIENTED_EDGE ( 'NONE', *, *, #4263, .F. ) ;
#3933 = CARTESIAN_POINT ( 'NONE',  ( 39.95000000000000284, -8.005348250362779083, 27.02444271472185022 ) ) ;
#3934 = VERTEX_POINT ( 'NONE', #10667 ) ;
#3935 = EDGE_CURVE ( 'NONE', #2282, #11518, #9838, .T. ) ;
#3936 = DIRECTION ( 'NONE',  ( 0.000000000000000000, -1.000000000000000000, 0.000000000000000000 ) ) ;
#3937 = EDGE_CURVE ( 'NONE', #10102, #8583, #11574, .T. ) ;
#3938 = CARTESIAN_POINT ( 'NONE',  ( 39.95000000000000284, -6.005348250362779972, 30.94999999999999929 ) ) ;
#3939 = CARTESIAN_POINT ( 'NONE',  ( 40.95000000000000284, -6.005348227543000128, 32.45469411126235570 ) ) ;
#3940 = CARTESIAN_POINT ( 'NONE',  ( 37.75000000000000000, -17.50534825036275066, 35.45000000000000284 ) ) ;
#3941 = CARTESIAN_POINT ( 'NONE',  ( -22.84999999999999787, -19.50534825036275066, 30.94999999999999929 ) ) ;
#3942 = CARTESIAN_POINT ( 'NONE',  ( 41.45000000000000284, -18.50534825036275421, 41.95000000000000284 ) ) ;
#3943 = CARTESIAN_POINT ( 'NONE',  ( 26.07778480822475231, -19.50226115134350025, -41.70328369330745488 ) ) ;
#3944 = ORIENTED_EDGE ( 'NONE', *, *, #5779, .T. ) ;
#3945 = CARTESIAN_POINT ( 'NONE',  ( 42.95000000000000284, -13.35186151901900153, -14.40842570724336014 ) ) ;
#3946 = ORIENTED_EDGE ( 'NONE', *, *, #1614, .F. ) ;
#3947 = CARTESIAN_POINT ( 'NONE',  ( 37.75000000000000000, -7.005348250362779972, 27.44999999999999929 ) ) ;
#3948 = EDGE_LOOP ( 'NONE', ( #9156, #9847, #9468, #7437 ) ) ;
#3949 = EDGE_CURVE ( 'NONE', #6200, #10904, #1782, .T. ) ;
#3950 = EDGE_LOOP ( 'NONE', ( #4525, #5257, #1891, #5808 ) ) ;
#3951 = CARTESIAN_POINT ( 'NONE',  ( 26.37784120710839630, -19.56996399865406744, -41.57996609429257262 ) ) ;
#3952 = LINE ( 'NONE', #9517, #727 ) ;
#3953 = CARTESIAN_POINT ( 'NONE',  ( 39.88358918499818628, -7.005348250362782636, 32.41936206027974521 ) ) ;
#3954 = EDGE_CURVE ( 'NONE', #8798, #4612, #8457, .T. ) ;
#3955 = VECTOR ( 'NONE', #1533, 1000.000000000000114 ) ;
#3956 = VERTEX_POINT ( 'NONE', #597 ) ;
#3957 = CARTESIAN_POINT ( 'NONE',  ( 10.34253243444682013, -19.68291636587315097, -41.83452994616209963 ) ) ;
#3958 = ORIENTED_EDGE ( 'NONE', *, *, #5538, .T. ) ;
#3959 = CARTESIAN_POINT ( 'NONE',  ( 18.62963360958150005, -20.00534825036275066, -25.94999999999999929 ) ) ;
#3960 = CARTESIAN_POINT ( 'NONE',  ( 40.95000000000000284, -13.35186151901900153, -7.767912975365779182 ) ) ;
#3961 = ADVANCED_FACE ( 'NONE', ( #4156 ), #8653, .T. ) ;
#3962 = CARTESIAN_POINT ( 'NONE',  ( 10.28758782882340483, -19.77639947662004261, -41.76643391674927841 ) ) ;
#3963 = EDGE_CURVE ( 'NONE', #7512, #2451, #3389, .T. ) ;
#3964 = CARTESIAN_POINT ( 'NONE',  ( 27.75000000000000000, -19.50534825036275066, 19.94999999999999929 ) ) ;
#3965 = CARTESIAN_POINT ( 'NONE',  ( 27.23905834567758788, -19.48669897757742575, -42.14222591496054804 ) ) ;
#3966 = CARTESIAN_POINT ( 'NONE',  ( -39.46111111111110148, -8.005348250362779083, 27.89678877811699920 ) ) ;
#3967 = ORIENTED_EDGE ( 'NONE', *, *, #3749, .T. ) ;
#3968 = DIRECTION ( 'NONE',  ( 0.000000000000000000, -1.000000000000000000, 0.000000000000000000 ) ) ;
#3969 = FACE_OUTER_BOUND ( 'NONE', #7076, .T. ) ;
#3970 = VERTEX_POINT ( 'NONE', #11634 ) ;
#3971 = CARTESIAN_POINT ( 'NONE',  ( 11.15127572606979811, -19.49938509101115258, -41.84092304152170527 ) ) ;
#3972 = AXIS2_PLACEMENT_3D ( 'NONE', #3775, #10990, #1210 ) ;
#3973 = AXIS2_PLACEMENT_3D ( 'NONE', #1226, #284, #1878 ) ;
#3974 = EDGE_CURVE ( 'NONE', #4334, #104, #11112, .T. ) ;
#3975 = VERTEX_POINT ( 'NONE', #10552 ) ;
#3976 = CARTESIAN_POINT ( 'NONE',  ( -20.15000000000000213, -17.50534825036275066, 22.84999999999999787 ) ) ;
#3977 = ORIENTED_EDGE ( 'NONE', *, *, #2253, .T. ) ;
#3978 = EDGE_CURVE ( 'NONE', #4874, #8376, #9669, .T. ) ;
#3979 = LINE ( 'NONE', #9362, #11688 ) ;
#3980 = ORIENTED_EDGE ( 'NONE', *, *, #9873, .T. ) ;
#3981 = ADVANCED_FACE ( 'NONE', ( #4330, #8834 ), #660, .T. ) ;
#3982 = CARTESIAN_POINT ( 'NONE',  ( 40.95000000000000284, -7.378863233335920313, -27.13266638674329911 ) ) ;
#3983 = CONICAL_SURFACE ( 'NONE', #10853, 0.5000000000000004441, 0.05235987755983064623 ) ;
#3984 = CARTESIAN_POINT ( 'NONE',  ( -37.75000000000000000, -8.005348250362779083, -33.45000000000000284 ) ) ;
#3985 = AXIS2_PLACEMENT_3D ( 'NONE', #11620, #7084, #7923 ) ;
#3986 = VERTEX_POINT ( 'NONE', #3281 ) ;
#3987 = DIRECTION ( 'NONE',  ( 0.000000000000000000, -1.000000000000000000, 0.000000000000000000 ) ) ;
#3988 = DIRECTION ( 'NONE',  ( 0.000000000000000000, 0.000000000000000000, -1.000000000000000000 ) ) ;
#3989 = ORIENTED_EDGE ( 'NONE', *, *, #2933, .T. ) ;
#3990 = AXIS2_PLACEMENT_3D ( 'NONE', #4331, #1540, #7989 ) ;
#3991 = CARTESIAN_POINT ( 'NONE',  ( 42.95000000000000284, -6.511642939418550213, -3.521603907125360422 ) ) ;
#3992 = ADVANCED_FACE ( 'NONE', ( #4395 ), #7039, .F. ) ;
#3993 = ORIENTED_EDGE ( 'NONE', *, *, #3729, .T. ) ;
#3994 = FACE_OUTER_BOUND ( 'NONE', #1432, .T. ) ;
#3995 = AXIS2_PLACEMENT_3D ( 'NONE', #3498, #2767, #7140 ) ;
#3996 = CYLINDRICAL_SURFACE ( 'NONE', #10350, 3.500000000000003109 ) ;
#3997 = DIRECTION ( 'NONE',  ( 0.000000000000000000, -1.000000000000000000, 0.000000000000000000 ) ) ;
#3998 = CARTESIAN_POINT ( 'NONE',  ( 9.630611119510344764, -19.97319847137886484, -40.66182776932012644 ) ) ;
#3999 = EDGE_CURVE ( 'NONE', #4813, #3907, #8889, .T. ) ;
#4000 = TOROIDAL_SURFACE ( 'NONE', #4955, 2.500000000000000000, 1.000000000000000000 ) ;
#4001 = PLANE ( 'NONE',  #10698 ) ;
#4002 = VECTOR ( 'NONE', #5908, 1000.000000000000000 ) ;
#4003 = CARTESIAN_POINT ( 'NONE',  ( 42.95000000000000284, -13.35186151901900153, -0.7679129753657750745 ) ) ;
#4004 = CARTESIAN_POINT ( 'NONE',  ( 26.03980397194919405, -19.49169556968659833, -41.77088150953555612 ) ) ;
#4005 = ORIENTED_EDGE ( 'NONE', *, *, #10349, .T. ) ;
#4006 = DIRECTION ( 'NONE',  ( 0.000000000000000000, 0.000000000000000000, -1.000000000000000000 ) ) ;
#4007 = AXIS2_PLACEMENT_3D ( 'NONE', #2023, #1844, #9302 ) ;
#4008 = VERTEX_POINT ( 'NONE', #7988 ) ;
#4009 = FACE_OUTER_BOUND ( 'NONE', #11137, .T. ) ;
#4010 = ORIENTED_EDGE ( 'NONE', *, *, #9693, .T. ) ;
#4011 = ORIENTED_EDGE ( 'NONE', *, *, #10711, .F. ) ;
#4012 = VERTEX_POINT ( 'NONE', #1479 ) ;
#4013 = AXIS2_PLACEMENT_3D ( 'NONE', #4965, #11549, #8796 ) ;
#4014 = AXIS2_PLACEMENT_3D ( 'NONE', #10858, #7, #8073 ) ;
#4015 = EDGE_CURVE ( 'NONE', #471, #6839, #7131, .T. ) ;
#4016 = CARTESIAN_POINT ( 'NONE',  ( 26.12963360958150005, -19.50534825036275066, -41.63216275480425566 ) ) ;
#4017 = CARTESIAN_POINT ( 'NONE',  ( 42.95000000000000284, -13.35186151901900153, 13.59157429275662032 ) ) ;
#4018 = EDGE_CURVE ( 'NONE', #2185, #1039, #10178, .T. ) ;
#4019 = CARTESIAN_POINT ( 'NONE',  ( 37.75000000000000000, -7.005348250362779972, 31.85000000000000497 ) ) ;
#4020 = DIRECTION ( 'NONE',  ( 0.000000000000000000, 0.000000000000000000, -1.000000000000000000 ) ) ;
#4021 = AXIS2_PLACEMENT_3D ( 'NONE', #6025, #10501, #5120 ) ;
#4022 = AXIS2_PLACEMENT_3D ( 'NONE', #2733, #5528, #3743 ) ;
#4023 = EDGE_LOOP ( 'NONE', ( #3589, #4194, #4074, #1531 ) ) ;
#4024 = CARTESIAN_POINT ( 'NONE',  ( 39.46111111111110148, -8.005348250362779083, -27.89678877811699920 ) ) ;
#4025 = CIRCLE ( 'NONE', #8810, 0.9000000000000014655 ) ;
#4026 = ORIENTED_EDGE ( 'NONE', *, *, #4576, .F. ) ;
#4027 = DIRECTION ( 'NONE',  ( -1.000000000000000000, 0.000000000000000000, 1.674039542559039894E-16 ) ) ;
#4028 = CARTESIAN_POINT ( 'NONE',  ( 9.580766713705587634, -19.50534825036060482, -41.57068496073471664 ) ) ;
#4029 = AXIS2_PLACEMENT_3D ( 'NONE', #5824, #7687, #4868 ) ;
#4030 = DIRECTION ( 'NONE',  ( 0.000000000000000000, 0.000000000000000000, 1.000000000000000000 ) ) ;
#4031 = CARTESIAN_POINT ( 'NONE',  ( -40.95000000000008100, -7.978179378534412614, -33.19242648713786537 ) ) ;
#4032 = VERTEX_POINT ( 'NONE', #6067 ) ;
#4033 = CARTESIAN_POINT ( 'NONE',  ( 27.95632421430800107, -19.50534825036275066, -41.72997192784615095 ) ) ;
#4034 = DIRECTION ( 'NONE',  ( 0.000000000000000000, 0.000000000000000000, 1.000000000000000000 ) ) ;
#4035 = DIRECTION ( 'NONE',  ( 0.000000000000000000, 0.000000000000000000, -1.000000000000000000 ) ) ;
#4036 = VERTEX_POINT ( 'NONE', #9722 ) ;
#4037 = CARTESIAN_POINT ( 'NONE',  ( 41.95000000000000284, -19.50534825036275066, -41.45000000000000284 ) ) ;
#4038 = FACE_OUTER_BOUND ( 'NONE', #8973, .T. ) ;
#4039 = ORIENTED_EDGE ( 'NONE', *, *, #7145, .F. ) ;
#4040 = CARTESIAN_POINT ( 'NONE',  ( -40.95000000000000284, -13.35186151901900153, 13.23208702463423947 ) ) ;
#4041 = CIRCLE ( 'NONE', #8436, 0.3594872681224065558 ) ;
#4042 =( GEOMETRIC_REPRESENTATION_CONTEXT ( 3 ) GLOBAL_UNCERTAINTY_ASSIGNED_CONTEXT ( ( #8900 ) ) GLOBAL_UNIT_ASSIGNED_CONTEXT ( ( #8295, #1964, #6377 ) ) REPRESENTATION_CONTEXT ( 'NONE', 'WORKASPACE' ) );
#4043 = EDGE_LOOP ( 'NONE', ( #11550, #8729, #112, #1452 ) ) ;
#4044 = CARTESIAN_POINT ( 'NONE',  ( 39.95000000000000284, -7.005348250362779972, -32.13743420870390111 ) ) ;
#4045 = DIRECTION ( 'NONE',  ( 0.000000000000000000, 0.000000000000000000, -1.000000000000000000 ) ) ;
#4046 = ORIENTED_EDGE ( 'NONE', *, *, #6203, .T. ) ;
#4047 = DIRECTION ( 'NONE',  ( 0.000000000000000000, 0.000000000000000000, 1.000000000000000000 ) ) ;
#4048 = VECTOR ( 'NONE', #3350, 1000.000000000000114 ) ;
#4049 = VECTOR ( 'NONE', #8348, 1000.000000000000000 ) ;
#4050 = FACE_BOUND ( 'NONE', #6492, .T. ) ;
#4051 = CIRCLE ( 'NONE', #4618, 9.500000000000001776 ) ;
#4052 = ORIENTED_EDGE ( 'NONE', *, *, #9147, .T. ) ;
#4053 = CARTESIAN_POINT ( 'NONE',  ( 10.63001649270716875, -19.98275670992145692, -40.59111854608882197 ) ) ;
#4054 = DIRECTION ( 'NONE',  ( 0.000000000000000000, -1.000000000000000000, 0.000000000000000000 ) ) ;
#4055 = CARTESIAN_POINT ( 'NONE',  ( 10.01446522775195902, -19.69169171068060109, -41.81552818307070396 ) ) ;
#4056 = ORIENTED_EDGE ( 'NONE', *, *, #3999, .T. ) ;
#4057 = CARTESIAN_POINT ( 'NONE',  ( 39.46111111111110148, -16.50534825036275066, 27.89678877811699920 ) ) ;
#4058 = AXIS2_PLACEMENT_3D ( 'NONE', #1712, #6013, #9010 ) ;
#4059 = VECTOR ( 'NONE', #5377, 1000.000000000000000 ) ;
#4060 = DIRECTION ( 'NONE',  ( 0.000000000000000000, 0.000000000000000000, -1.000000000000000000 ) ) ;
#4061 = LINE ( 'NONE', #2392, #5002 ) ;
#4062 = FACE_OUTER_BOUND ( 'NONE', #10396, .T. ) ;
#4063 = CARTESIAN_POINT ( 'NONE',  ( -37.75000000000000000, -7.005348250362779972, 31.85000000000000497 ) ) ;
#4064 = CARTESIAN_POINT ( 'NONE',  ( 42.95000000000000284, -13.35186151901900153, -7.767912975365779182 ) ) ;
#4065 = AXIS2_PLACEMENT_3D ( 'NONE', #5644, #3870, #2135 ) ;
#4066 = CARTESIAN_POINT ( 'NONE',  ( 25.91653270045865298, -19.54086713569120093, -41.70356799676025616 ) ) ;
#4067 = ORIENTED_EDGE ( 'NONE', *, *, #1747, .F. ) ;
#4068 = CARTESIAN_POINT ( 'NONE',  ( -30.94999999999999929, -19.50534825036275066, 23.85000000000000142 ) ) ;
#4069 = EDGE_CURVE ( 'NONE', #45, #1834, #1539, .T. ) ;
#4070 = VERTEX_POINT ( 'NONE', #10730 ) ;
#4071 = DIRECTION ( 'NONE',  ( 0.000000000000000000, 0.000000000000000000, 1.000000000000000000 ) ) ;
#4072 = ORIENTED_EDGE ( 'NONE', *, *, #9076, .F. ) ;
#4073 = VERTEX_POINT ( 'NONE', #3515 ) ;
#4074 = ORIENTED_EDGE ( 'NONE', *, *, #9654, .T. ) ;
#4075 = EDGE_CURVE ( 'NONE', #11213, #6077, #5585, .T. ) ;
#4076 = CARTESIAN_POINT ( 'NONE',  ( 26.21130485681853983, -19.50534825036275777, -41.63216275480431960 ) ) ;
#4077 = CARTESIAN_POINT ( 'NONE',  ( 11.12963360958147874, -19.50534825036275066, -41.63216275480425566 ) ) ;
#4078 = DIRECTION ( 'NONE',  ( 0.000000000000000000, -1.000000000000000000, 0.000000000000000000 ) ) ;
#4079 = DIRECTION ( 'NONE',  ( 3.469446951953611033E-15, 0.000000000000000000, -1.000000000000000000 ) ) ;
#4080 = EDGE_LOOP ( 'NONE', ( #4354, #5365, #4339, #1216 ) ) ;
#4081 = DIRECTION ( 'NONE',  ( 0.000000000000000000, 0.000000000000000000, -1.000000000000000000 ) ) ;
#4082 = ORIENTED_EDGE ( 'NONE', *, *, #2015, .F. ) ;
#4083 = EDGE_CURVE ( 'NONE', #3850, #8089, #4457, .T. ) ;
#4084 = DIRECTION ( 'NONE',  ( -1.000000000000000000, 0.000000000000000000, 0.000000000000000000 ) ) ;
#4085 = CYLINDRICAL_SURFACE ( 'NONE', #11246, 1.000000000000000888 ) ;
#4086 = EDGE_CURVE ( 'NONE', #4, #10203, #7522, .T. ) ;
#4087 = EDGE_CURVE ( 'NONE', #2341, #6361, #857, .T. ) ;
#4088 = CARTESIAN_POINT ( 'NONE',  ( 10.15215262757312509, -20.22491370379326270, -41.23952897309123244 ) ) ;
#4089 = FACE_OUTER_BOUND ( 'NONE', #2155, .T. ) ;
#4090 = ORIENTED_EDGE ( 'NONE', *, *, #563, .F. ) ;
#4091 = CARTESIAN_POINT ( 'NONE',  ( 28.05588213456329783, -19.50534825036275066, -41.42824064197724709 ) ) ;
#4092 = CARTESIAN_POINT ( 'NONE',  ( 27.34756304540460548, -19.71724333217434832, -41.74887221956343808 ) ) ;
#4093 = DIRECTION ( 'NONE',  ( -1.000000000000000000, 0.000000000000000000, 1.674039542559039894E-16 ) ) ;
#4094 = ORIENTED_EDGE ( 'NONE', *, *, #881, .T. ) ;
#4095 = CARTESIAN_POINT ( 'NONE',  ( 42.95000000000000284, -6.511642939418550213, 3.478396092874644907 ) ) ;
#4096 = LINE ( 'NONE', #11329, #8155 ) ;
#4097 = ORIENTED_EDGE ( 'NONE', *, *, #4518, .T. ) ;
#4098 = DIRECTION ( 'NONE',  ( 0.000000000000000000, 0.000000000000000000, -1.000000000000000000 ) ) ;
#4099 = ORIENTED_EDGE ( 'NONE', *, *, #7145, .T. ) ;
#4100 = CARTESIAN_POINT ( 'NONE',  ( 26.45000000000000284, -11.50534825036277908, 42.95000000000000284 ) ) ;
#4101 = CARTESIAN_POINT ( 'NONE',  ( 12.12963360958148051, -14.50534825036275954, -40.53619997939700426 ) ) ;
#4102 = ORIENTED_EDGE ( 'NONE', *, *, #3082, .F. ) ;
#4103 = CYLINDRICAL_SURFACE ( 'NONE', #3056, 0.3594872681224065558 ) ;
#4104 = FACE_BOUND ( 'NONE', #9660, .T. ) ;
#4105 = ORIENTED_EDGE ( 'NONE', *, *, #10527, .T. ) ;
#4106 = CARTESIAN_POINT ( 'NONE',  ( 10.65881941235988606, -19.83667124419349648, -41.16635656330065984 ) ) ;
#4107 = FACE_OUTER_BOUND ( 'NONE', #175, .T. ) ;
#4108 = EDGE_CURVE ( 'NONE', #7260, #1818, #994, .T. ) ;
#4109 = CARTESIAN_POINT ( 'NONE',  ( 40.95000000000000284, -13.20151344825372064, -14.44137575917246075 ) ) ;
#4110 = EDGE_LOOP ( 'NONE', ( #4967, #11713, #4124, #2081 ) ) ;
#4111 = CARTESIAN_POINT ( 'NONE',  ( -40.95000000000000284, -13.20151344825372064, -7.441375759172458970 ) ) ;
#4112 = LINE ( 'NONE', #2268, #9025 ) ;
#4113 = DIRECTION ( 'NONE',  ( 0.000000000000000000, 1.000000000000000000, 0.000000000000000000 ) ) ;
#4114 = DIRECTION ( 'NONE',  ( 0.000000000000000000, 0.000000000000000000, -1.000000000000000000 ) ) ;
#4115 = EDGE_CURVE ( 'NONE', #3459, #1249, #11524, .T. ) ;
#4116 = DIRECTION ( 'NONE',  ( 0.000000000000000000, 0.000000000000000000, -1.000000000000000000 ) ) ;
#4117 = CARTESIAN_POINT ( 'NONE',  ( -28.25000000000000000, -17.50534825036275066, 28.25000000000000000 ) ) ;
#4118 = CARTESIAN_POINT ( 'NONE',  ( -40.20200070456618135, -17.25980366711996083, -33.90573474380158103 ) ) ;
#4119 = VERTEX_POINT ( 'NONE', #6365 ) ;
#4120 = ORIENTED_EDGE ( 'NONE', *, *, #2930, .T. ) ;
#4121 = DIRECTION ( 'NONE',  ( -1.000000000000000000, 0.000000000000000000, 0.000000000000000000 ) ) ;
#4122 = EDGE_LOOP ( 'NONE', ( #4039, #10907, #6594, #3122 ) ) ;
#4123 = CARTESIAN_POINT ( 'NONE',  ( 37.75000000000000000, -8.505348250362779083, -33.05000000000000426 ) ) ;
#4124 = ORIENTED_EDGE ( 'NONE', *, *, #726, .F. ) ;
#4125 = ORIENTED_EDGE ( 'NONE', *, *, #1728, .F. ) ;
#4127 = ORIENTED_EDGE ( 'NONE', *, *, #5350, .T. ) ;
#4126 = ADVANCED_FACE ( 'NONE', ( #6415 ), #7265, .F. ) ;
#4128 = EDGE_CURVE ( 'NONE', #10805, #6219, #5523, .T. ) ;
#4129 = CARTESIAN_POINT ( 'NONE',  ( -41.45000000000000284, -19.50534825036275066, -41.45000000000000284 ) ) ;
#4130 = CARTESIAN_POINT ( 'NONE',  ( 18.62963360958150005, -20.50534825036275066, -25.94999999999999929 ) ) ;
#4131 = DIRECTION ( 'NONE',  ( 0.000000000000000000, -1.000000000000000000, 0.000000000000000000 ) ) ;
#4132 = CARTESIAN_POINT ( 'NONE',  ( -42.95000000000000284, -13.50220958978423980, 12.90554980844092015 ) ) ;
#4133 = VERTEX_POINT ( 'NONE', #110 ) ;
#4134 = DIRECTION ( 'NONE',  ( -1.000000000000000000, 0.000000000000000000, 1.674039542559039894E-16 ) ) ;
#4135 = ORIENTED_EDGE ( 'NONE', *, *, #11077, .T. ) ;
#4136 = CARTESIAN_POINT ( 'NONE',  ( 18.62963360958150005, -17.50534825036275066, -38.68619997939700283 ) ) ;
#4137 = DIRECTION ( 'NONE',  ( 0.000000000000000000, 0.000000000000000000, -1.000000000000000000 ) ) ;
#4138 = AXIS2_PLACEMENT_3D ( 'NONE', #6660, #8518, #2191 ) ;
#4139 = CARTESIAN_POINT ( 'NONE',  ( 11.26756485891373671, -19.50534825036275066, -41.87608193618439856 ) ) ;
#4140 = CARTESIAN_POINT ( 'NONE',  ( -39.46111111111115122, -8.005348250362779083, -34.00321122188300649 ) ) ;
#4141 = TOROIDAL_SURFACE ( 'NONE', #6851, 2.500000000000000000, 1.000000000000000000 ) ;
#4142 = LINE ( 'NONE', #4318, #8651 ) ;
#4143 = CARTESIAN_POINT ( 'NONE',  ( 14.05000000000000071, -17.50534825036275066, 41.45000000000000284 ) ) ;
#4145 = DIRECTION ( 'NONE',  ( -1.000000000000000000, 0.000000000000000000, 1.674039542559039894E-16 ) ) ;
#4144 = B_SPLINE_CURVE_WITH_KNOTS ( 'NONE', 3,
 ( #7670, #3132, #6775, #10402 ),
 .UNSPECIFIED., .F., .F.,
 ( 4, 4 ),
 ( 0.000000000000000000, 1.000000000000000000 ),
 .UNSPECIFIED. ) ;
#4146 = EDGE_CURVE ( 'NONE', #1265, #8954, #3129, .T. ) ;
#4147 = ORIENTED_EDGE ( 'NONE', *, *, #5268, .T. ) ;
#4148 = DIRECTION ( 'NONE',  ( 0.000000000000000000, 1.000000000000000000, 0.000000000000000000 ) ) ;
#4149 = CARTESIAN_POINT ( 'NONE',  ( 40.95000000000000284, -19.50534825036275066, -40.95000000000000284 ) ) ;
#4150 = ORIENTED_EDGE ( 'NONE', *, *, #10306, .F. ) ;
#4151 = CARTESIAN_POINT ( 'NONE',  ( 28.11739100907890077, -19.50534825036275066, -40.97583417660869287 ) ) ;
#4152 = CARTESIAN_POINT ( 'NONE',  ( -28.25000000000000000, -17.50534825036275066, 31.94999999999999929 ) ) ;
#4153 = VERTEX_POINT ( 'NONE', #7201 ) ;
#4154 = CARTESIAN_POINT ( 'NONE',  ( 39.54725500684005368, -7.308531440958559777, -33.62336385789434701 ) ) ;
#4155 = VECTOR ( 'NONE', #10017, 1000.000000000000000 ) ;
#4156 = FACE_OUTER_BOUND ( 'NONE', #4209, .T. ) ;
#4157 = CARTESIAN_POINT ( 'NONE',  ( 37.75000000000000000, -19.50534825036275066, 28.35000000000000142 ) ) ;
#4158 = EDGE_CURVE ( 'NONE', #4493, #8089, #9807, .T. ) ;
#4159 = DIRECTION ( 'NONE',  ( -1.492235248152091785E-16, 0.000000000000000000, 1.000000000000000000 ) ) ;
#4160 = FACE_OUTER_BOUND ( 'NONE', #4122, .T. ) ;
#4161 = ORIENTED_EDGE ( 'NONE', *, *, #10470, .F. ) ;
#4162 = FACE_OUTER_BOUND ( 'NONE', #10648, .T. ) ;
#4164 = AXIS2_PLACEMENT_3D ( 'NONE', #10232, #988, #5634 ) ;
#4163 = CARTESIAN_POINT ( 'NONE',  ( 18.62963360958150005, -19.50534825036275066, -34.03619997939700426 ) ) ;
#4165 = EDGE_CURVE ( 'NONE', #3012, #10776, #6174, .T. ) ;
#4166 = CARTESIAN_POINT ( 'NONE',  ( -42.95000000000000284, -1.705348250362779927, -41.45000000000000284 ) ) ;
#4167 = EDGE_LOOP ( 'NONE', ( #9356, #8199, #2624, #7378 ) ) ;
#4168 = DIRECTION ( 'NONE',  ( 0.000000000000000000, 0.000000000000000000, -1.000000000000000000 ) ) ;
#4169 = AXIS2_PLACEMENT_3D ( 'NONE', #11413, #1392, #7592 ) ;
#4170 = CARTESIAN_POINT ( 'NONE',  ( 40.95000000000000284, -6.511642939418550213, -3.521603907125355093 ) ) ;
#4171 = CARTESIAN_POINT ( 'NONE',  ( 39.47392893459864638, -7.694258541291590703, 27.95736525026195096 ) ) ;
#4172 = EDGE_CURVE ( 'NONE', #9375, #9780, #10123, .T. ) ;
#4173 = CARTESIAN_POINT ( 'NONE',  ( 10.12963360958148051, -18.50534825036275421, -40.21794919243114919 ) ) ;
#4174 = CARTESIAN_POINT ( 'NONE',  ( 37.75000000000000000, -8.005348250362779083, -30.94999999999999929 ) ) ;
#4175 = DIRECTION ( 'NONE',  ( 0.000000000000000000, -1.000000000000000000, 0.000000000000000000 ) ) ;
#4176 = AXIS2_PLACEMENT_3D ( 'NONE', #3623, #2604, #2834 ) ;
#4177 = DIRECTION ( 'NONE',  ( 0.000000000000000000, -1.000000000000000000, 0.000000000000000000 ) ) ;
#4178 = DIRECTION ( 'NONE',  ( 0.000000000000000000, 0.000000000000000000, 1.000000000000000000 ) ) ;
#4179 = CIRCLE ( 'NONE', #7237, 0.3594872681224082767 ) ;
#4180 = ORIENTED_EDGE ( 'NONE', *, *, #4523, .F. ) ;
#4181 = VERTEX_POINT ( 'NONE', #11791 ) ;
#4182 = DIRECTION ( 'NONE',  ( 0.000000000000000000, 1.000000000000000000, 0.000000000000000000 ) ) ;
#4183 = ORIENTED_EDGE ( 'NONE', *, *, #7427, .T. ) ;
#4184 = FACE_OUTER_BOUND ( 'NONE', #6349, .T. ) ;
#4185 = VERTEX_POINT ( 'NONE', #4505 ) ;
#4186 = EDGE_LOOP ( 'NONE', ( #777, #819, #10789, #7060, #9289 ) ) ;
#4187 = ORIENTED_EDGE ( 'NONE', *, *, #9379, .F. ) ;
#4188 = AXIS2_PLACEMENT_3D ( 'NONE', #1441, #3115, #318 ) ;
#4189 = AXIS2_PLACEMENT_3D ( 'NONE', #8748, #5042, #4137 ) ;
#4190 = LINE ( 'NONE', #7962, #5731 ) ;
#4191 = CARTESIAN_POINT ( 'NONE',  ( 13.12963360958147874, -14.50534825036275954, -28.53619997939700070 ) ) ;
#4192 = DIRECTION ( 'NONE',  ( -1.000000000000000000, 0.000000000000000000, 0.000000000000000000 ) ) ;
#4193 = CARTESIAN_POINT ( 'NONE',  ( -40.95000000000000284, -17.50534825036275066, 34.87555728527809151 ) ) ;
#4194 = ORIENTED_EDGE ( 'NONE', *, *, #602, .T. ) ;
#4195 = DIRECTION ( 'NONE',  ( -1.000000000000000000, 0.000000000000000000, 0.000000000000000000 ) ) ;
#4196 = ORIENTED_EDGE ( 'NONE', *, *, #6739, .F. ) ;
#4197 = DIRECTION ( 'NONE',  ( 0.000000000000000000, 0.000000000000000000, -1.000000000000000000 ) ) ;
#4198 = LINE ( 'NONE', #2415, #10476 ) ;
#4199 = FACE_OUTER_BOUND ( 'NONE', #629, .T. ) ;
#4200 = CIRCLE ( 'NONE', #10308, 1.000000000000000888 ) ;
#4201 = CIRCLE ( 'NONE', #7484, 0.5000000000000004441 ) ;
#4202 = FACE_OUTER_BOUND ( 'NONE', #4828, .T. ) ;
#4203 = CARTESIAN_POINT ( 'NONE',  ( 10.12963360958148051, -18.50534825036275421, -40.21794919243114919 ) ) ;
#4204 = VECTOR ( 'NONE', #11325, 1000.000000000000000 ) ;
#4205 = CARTESIAN_POINT ( 'NONE',  ( 39.79746717691170232, -16.89841335380569731, 28.01293106582257053 ) ) ;
#4206 = ORIENTED_EDGE ( 'NONE', *, *, #8036, .F. ) ;
#4207 = CARTESIAN_POINT ( 'NONE',  ( 25.12963360958150005, -17.50534825036275066, -40.53619997939700426 ) ) ;
#4208 = CARTESIAN_POINT ( 'NONE',  ( 37.75000000000000000, -7.005348250362779972, 30.94999999999999929 ) ) ;
#4209 = EDGE_LOOP ( 'NONE', ( #8407, #5490, #11022, #2670 ) ) ;
#4210 = CARTESIAN_POINT ( 'NONE',  ( 27.74107742746965144, -19.50534825036275066, -41.95000000000000284 ) ) ;
#4211 = DIRECTION ( 'NONE',  ( 0.000000000000000000, 0.9083415329249426851, -0.4182291950158013027 ) ) ;
#4212 = ADVANCED_FACE ( 'NONE', ( #1051 ), #4684, .T. ) ;
#4213 = ORIENTED_EDGE ( 'NONE', *, *, #10967, .F. ) ;
#4214 = LINE ( 'NONE', #9668, #1361 ) ;
#4215 = VECTOR ( 'NONE', #10736, 1000.000000000000227 ) ;
#4216 = CIRCLE ( 'NONE', #8615, 1.000000000000000888 ) ;
#4217 = ADVANCED_FACE ( 'NONE', ( #7441 ), #2, .T. ) ;
#4218 = DIRECTION ( 'NONE',  ( 0.000000000000000000, 0.000000000000000000, 1.000000000000000000 ) ) ;
#4219 = LINE ( 'NONE', #7810, #9913 ) ;
#4220 = DIRECTION ( 'NONE',  ( 0.000000000000000000, -1.000000000000000000, 0.000000000000000000 ) ) ;
#4221 = CARTESIAN_POINT ( 'NONE',  ( 26.05466249532355150, -19.50534825036275066, -41.70296010330904579 ) ) ;
#4222 = CARTESIAN_POINT ( 'NONE',  ( -30.94999999999999929, -19.50534825036275066, 28.25000000000000000 ) ) ;
#4223 = VECTOR ( 'NONE', #2062, 1000.000000000000000 ) ;
#4224 = VERTEX_POINT ( 'NONE', #11073 ) ;
#4225 = CARTESIAN_POINT ( 'NONE',  ( 10.63456811700877758, -19.93467776227391397, -40.85536936417876319 ) ) ;
#4226 = CARTESIAN_POINT ( 'NONE',  ( 26.65316333227154999, -19.87808462382720620, -41.68503505830688738 ) ) ;
#4227 = EDGE_LOOP ( 'NONE', ( #11116, #393 ) ) ;
#4228 = AXIS2_PLACEMENT_3D ( 'NONE', #2395, #552, #3357 ) ;
#4229 = CARTESIAN_POINT ( 'NONE',  ( -39.71666965375899139, -7.061322562860259389, 32.99382386298135117 ) ) ;
#4230 = ORIENTED_EDGE ( 'NONE', *, *, #10947, .F. ) ;
#4231 = ADVANCED_FACE ( 'NONE', ( #6544 ), #826, .F. ) ;
#4232 = DIRECTION ( 'NONE',  ( 0.000000000000000000, -1.000000000000000000, 0.000000000000000000 ) ) ;
#4233 = EDGE_CURVE ( 'NONE', #2646, #7821, #1779, .T. ) ;
#4234 = AXIS2_PLACEMENT_3D ( 'NONE', #6777, #5865, #6715 ) ;
#4235 = CIRCLE ( 'NONE', #1575, 0.9000000000000014655 ) ;
#4236 = DIRECTION ( 'NONE',  ( 0.000000000000000000, 1.000000000000000000, 0.000000000000000000 ) ) ;
#4237 = AXIS2_PLACEMENT_3D ( 'NONE', #9213, #6277, #4484 ) ;
#4238 = ADVANCED_FACE ( 'NONE', ( #8156 ), #9117, .T. ) ;
#4239 = AXIS2_PLACEMENT_3D ( 'NONE', #1799, #4585, #7351 ) ;
#4240 = CARTESIAN_POINT ( 'NONE',  ( 39.81116669259215257, -7.014182230867089807, 29.23539094403965066 ) ) ;
#4241 = DIRECTION ( 'NONE',  ( 0.000000000000000000, -1.000000000000000000, 0.000000000000000000 ) ) ;
#4242 = CARTESIAN_POINT ( 'NONE',  ( 27.75000000000000355, -19.50534825036275421, -23.38986855604186843 ) ) ;
#4243 = VECTOR ( 'NONE', #9631, 1000.000000000000000 ) ;
#4244 = DIRECTION ( 'NONE',  ( 0.000000000000000000, 0.000000000000000000, -1.000000000000000000 ) ) ;
#4245 = CYLINDRICAL_SURFACE ( 'NONE', #3101, 0.3594872681224078881 ) ;
#4246 = CARTESIAN_POINT ( 'NONE',  ( -40.29279160770976631, -17.32173101534899473, -33.93560572112801310 ) ) ;
#4247 = AXIS2_PLACEMENT_3D ( 'NONE', #1580, #5217, #4309 ) ;
#4248 = ORIENTED_EDGE ( 'NONE', *, *, #9265, .T. ) ;
#4249 = ORIENTED_EDGE ( 'NONE', *, *, #1228, .T. ) ;
#4250 = CYLINDRICAL_SURFACE ( 'NONE', #925, 0.3594872681224078881 ) ;
#4251 = AXIS2_PLACEMENT_3D ( 'NONE', #4352, #7770, #5256 ) ;
#4252 = EDGE_LOOP ( 'NONE', ( #178, #5152, #5984, #10944 ) ) ;
#4253 = ADVANCED_FACE ( 'NONE', ( #8393 ), #224, .T. ) ;
#4254 = CARTESIAN_POINT ( 'NONE',  ( -37.75000000000000000, -2.505348250362775087, -30.94999999999999929 ) ) ;
#4255 = ORIENTED_EDGE ( 'NONE', *, *, #10650, .T. ) ;
#4256 = CARTESIAN_POINT ( 'NONE',  ( 26.62469112150823491, -19.93462078181454444, -40.85553645135673406 ) ) ;
#4257 = DIRECTION ( 'NONE',  ( -1.000000000000000000, 0.000000000000000000, 0.000000000000000000 ) ) ;
#4258 = CARTESIAN_POINT ( 'NONE',  ( -39.70070412889548805, -16.79392587034355699, 27.99292887467327873 ) ) ;
#4259 = DIRECTION ( 'NONE',  ( -1.674039542559039894E-16, 0.000000000000000000, -1.000000000000000000 ) ) ;
#4260 = ORIENTED_EDGE ( 'NONE', *, *, #9727, .T. ) ;
#4261 = DIRECTION ( 'NONE',  ( -1.000000000000000000, 0.000000000000000000, 0.000000000000000000 ) ) ;
#4262 = ORIENTED_EDGE ( 'NONE', *, *, #6100, .F. ) ;
#4263 = EDGE_CURVE ( 'NONE', #8181, #6991, #3192, .T. ) ;
#4264 = FACE_OUTER_BOUND ( 'NONE', #6890, .T. ) ;
#4265 = CARTESIAN_POINT ( 'NONE',  ( 9.629633609455234833, -19.50534825036276843, -40.37003640853438924 ) ) ;
#4266 = CARTESIAN_POINT ( 'NONE',  ( 42.95000000000000284, -13.35186151901900153, -7.408425707243370795 ) ) ;
#4267 = CARTESIAN_POINT ( 'NONE',  ( -40.95000000000000284, -8.005348250362779083, 34.87555728527809151 ) ) ;
#4268 = EDGE_CURVE ( 'NONE', #11278, #4813, #4772, .T. ) ;
#4269 = LINE ( 'NONE', #5097, #977 ) ;
#4270 = CARTESIAN_POINT ( 'NONE',  ( 40.08168750907687894, -17.16439170380235169, 28.01574245320720635 ) ) ;
#4271 = ORIENTED_EDGE ( 'NONE', *, *, #7541, .T. ) ;
#4272 = CARTESIAN_POINT ( 'NONE',  ( -41.45000000000000284, -1.705348250362779927, 41.45000000000000284 ) ) ;
#4273 = LINE ( 'NONE', #1472, #7973 ) ;
#4274 = ORIENTED_EDGE ( 'NONE', *, *, #4683, .F. ) ;
#4275 = DIRECTION ( 'NONE',  ( -1.000000000000000000, 0.000000000000000000, 0.000000000000000000 ) ) ;
#4276 = DIRECTION ( 'NONE',  ( -1.000000000000000000, 0.000000000000000000, 0.000000000000000000 ) ) ;
#4277 = DIRECTION ( 'NONE',  ( -1.000000000000000000, 0.000000000000000000, 1.674039542559039894E-16 ) ) ;
#4278 = EDGE_CURVE ( 'NONE', #9865, #7512, #8014, .T. ) ;
#4279 = CYLINDRICAL_SURFACE ( 'NONE', #6734, 0.3594872681224065558 ) ;
#4280 = CARTESIAN_POINT ( 'NONE',  ( 26.07860377746125025, -19.50534825036275066, -41.68174290993957243 ) ) ;
#4281 = FACE_OUTER_BOUND ( 'NONE', #5717, .T. ) ;
#4282 = EDGE_CURVE ( 'NONE', #11723, #7538, #400, .T. ) ;
#4283 = CARTESIAN_POINT ( 'NONE',  ( 40.95000000000000284, -13.50220958978423980, -1.094450191559082075 ) ) ;
#4284 = VERTEX_POINT ( 'NONE', #11185 ) ;
#4285 = DIRECTION ( 'NONE',  ( -1.000000000000000000, 0.000000000000000000, 2.511059313838565264E-16 ) ) ;
#4286 = CARTESIAN_POINT ( 'NONE',  ( 41.45000000000000284, -19.50534825036275066, 42.95000000000000284 ) ) ;
#4287 = EDGE_CURVE ( 'NONE', #10015, #9666, #9535, .T. ) ;
#4288 = FACE_OUTER_BOUND ( 'NONE', #11031, .T. ) ;
#4289 = ORIENTED_EDGE ( 'NONE', *, *, #3891, .T. ) ;
#4290 = FACE_OUTER_BOUND ( 'NONE', #10250, .T. ) ;
#4291 = B_SPLINE_CURVE_WITH_KNOTS ( 'NONE', 3,
 ( #3344, #4940, #426, #666, #4053, #11579, #2260, #10613, #9554, #4225, #7705, #1371, #5011, #9623, #9674, #486, #4106, #7886, #8716, #10558, #2383, #11395, #6862, #2323, #6020, #5964, #1433, #2434, #5063, #1484, #540, #11532 ),
 .UNSPECIFIED., .F., .F.,
 ( 4, 2, 2, 2, 1, 2, 2, 2, 1, 1, 2, 2, 2, 2, 1, 2, 2, 4 ),
 ( 0.000000000000000000, 0.1250000000000139888, 0.2500000000000279776, 0.2812500000000400235, 0.3125000000000520695, 0.3750000000000761613, 0.5000000000001258993, 0.5078125000001213474, 0.5156250000001167955, 0.5312500000001172396, 0.5625000000001086908, 0.6250000000001012523, 0.7500000000000883738, 0.7656250000000784928, 0.7812500000000685008, 0.8125000000000559552, 0.8750000000000381917, 1.000000000000000000 ),
 .UNSPECIFIED. ) ;
#4292 = CYLINDRICAL_SURFACE ( 'NONE', #2906, 1.999999999999998224 ) ;
#4293 = CARTESIAN_POINT ( 'NONE',  ( 39.50243578279835077, -7.484319576944930219, 28.08659665094334912 ) ) ;
#4294 = CARTESIAN_POINT ( 'NONE',  ( -30.94999999999999929, -17.50534825036275066, 22.84999999999999787 ) ) ;
#4295 = CARTESIAN_POINT ( 'NONE',  ( -37.75000000000000000, -19.50534825036275066, -30.94999999999999929 ) ) ;
#4296 = CARTESIAN_POINT ( 'NONE',  ( -39.81137610787308034, -7.014110170997533977, 29.23611930073264986 ) ) ;
#4297 = DIRECTION ( 'NONE',  ( 0.000000000000000000, 0.000000000000000000, -1.000000000000000000 ) ) ;
#4298 = EDGE_CURVE ( 'NONE', #9326, #10970, #4741, .T. ) ;
#4299 = LINE ( 'NONE', #10626, #2159 ) ;
#4300 = ORIENTED_EDGE ( 'NONE', *, *, #4362, .F. ) ;
#4301 = FACE_OUTER_BOUND ( 'NONE', #3364, .T. ) ;
#4302 = VERTEX_POINT ( 'NONE', #3080 ) ;
#4303 = DIRECTION ( 'NONE',  ( -1.000000000000000000, 0.000000000000000000, 0.000000000000000000 ) ) ;
#4304 = ORIENTED_EDGE ( 'NONE', *, *, #301, .T. ) ;
#4305 = ORIENTED_EDGE ( 'NONE', *, *, #10480, .F. ) ;
#4306 = CARTESIAN_POINT ( 'NONE',  ( 27.74107742746965144, -20.00534825036275066, -41.95000000000000284 ) ) ;
#4307 = FACE_OUTER_BOUND ( 'NONE', #1235, .T. ) ;
#4308 = CARTESIAN_POINT ( 'NONE',  ( 18.62963360958150005, -22.29256159040334850, -34.03619997939700426 ) ) ;
#4309 = DIRECTION ( 'NONE',  ( 0.000000000000000000, 0.000000000000000000, -1.000000000000000000 ) ) ;
#4310 = VERTEX_POINT ( 'NONE', #9345 ) ;
#4311 = CARTESIAN_POINT ( 'NONE',  ( 40.95000000000000284, -17.50534825036275066, -41.45000000000000284 ) ) ;
#4312 = EDGE_CURVE ( 'NONE', #3508, #11121, #2285, .T. ) ;
#4313 = ORIENTED_EDGE ( 'NONE', *, *, #6234, .T. ) ;
#4314 = CARTESIAN_POINT ( 'NONE',  ( 18.62963360958150005, -21.50534825036274711, -28.53619997939700070 ) ) ;
#4315 = DIRECTION ( 'NONE',  ( 0.000000000000000000, 0.000000000000000000, -1.000000000000000000 ) ) ;
#4316 = LINE ( 'NONE', #3327, #11450 ) ;
#4317 = ADVANCED_FACE ( 'NONE', ( #4807 ), #4864, .F. ) ;
#4318 = CARTESIAN_POINT ( 'NONE',  ( 23.94999999999999929, -19.50534825036275066, 41.45000000000000284 ) ) ;
#4319 = CARTESIAN_POINT ( 'NONE',  ( 39.78334712993515154, -16.88677259749635695, 33.88497066421904691 ) ) ;
#4320 = DIRECTION ( 'NONE',  ( -1.000000000000000000, 0.000000000000000000, 1.674039542559039894E-16 ) ) ;
#4321 = EDGE_LOOP ( 'NONE', ( #3062, #94, #3900, #6213 ) ) ;
#4322 = CARTESIAN_POINT ( 'NONE',  ( 26.33415816718370195, -19.50503715402255267, -41.98310389423394184 ) ) ;
#4323 = CARTESIAN_POINT ( 'NONE',  ( -40.95000000000000284, -6.273199265817610559, 28.21619155099025278 ) ) ;
#4324 = ORIENTED_EDGE ( 'NONE', *, *, #7256, .F. ) ;
#4325 = CARTESIAN_POINT ( 'NONE',  ( -41.45000000000000284, -3.705348250362780149, -40.95000000000000284 ) ) ;
#4326 = DIRECTION ( 'NONE',  ( -1.000000000000000000, 0.000000000000000000, 0.000000000000000000 ) ) ;
#4327 = CARTESIAN_POINT ( 'NONE',  ( 0.000000000000000000, -16.51385150205409857, 27.17781907207880110 ) ) ;
#4328 = ADVANCED_FACE ( 'NONE', ( #3010 ), #11057, .F. ) ;
#4329 = VECTOR ( 'NONE', #9052, 1000.000000000000000 ) ;
#4330 = FACE_BOUND ( 'NONE', #1973, .T. ) ;
#4331 = CARTESIAN_POINT ( 'NONE',  ( -28.25000000000000000, -19.50534825036275066, 22.84999999999999787 ) ) ;
#4332 = CARTESIAN_POINT ( 'NONE',  ( -22.84999999999999787, -17.50534825036275066, 19.14999999999999858 ) ) ;
#4333 = DIRECTION ( 'NONE',  ( 1.000000000000000000, -3.635804631495415109E-16, 0.000000000000000000 ) ) ;
#4334 = VERTEX_POINT ( 'NONE', #5320 ) ;
#4335 = CARTESIAN_POINT ( 'NONE',  ( 39.46111111111110148, -8.005348250362779083, -34.00321122188300649 ) ) ;
#4336 = CARTESIAN_POINT ( 'NONE',  ( 26.10354752450280102, -19.50327777959340025, -41.63372701858705227 ) ) ;
#4337 = DIRECTION ( 'NONE',  ( 0.000000000000000000, -1.000000000000000000, 0.000000000000000000 ) ) ;
#4338 = VECTOR ( 'NONE', #2964, 1000.000000000000000 ) ;
#4339 = ORIENTED_EDGE ( 'NONE', *, *, #890, .T. ) ;
#4340 = CYLINDRICAL_SURFACE ( 'NONE', #5543, 1.000000000000000888 ) ;
#4341 = ADVANCED_FACE ( 'NONE', ( #5937 ), #9924, .F. ) ;
#4342 = EDGE_CURVE ( 'NONE', #11502, #8150, #8979, .T. ) ;
#4343 = CARTESIAN_POINT ( 'NONE',  ( -30.94999999999999929, -17.50534825036275066, 23.85000000000000142 ) ) ;
#4344 = CARTESIAN_POINT ( 'NONE',  ( 40.95000000000000284, -6.005348250362779972, 29.76256579129615076 ) ) ;
#4345 = DIRECTION ( 'NONE',  ( 0.000000000000000000, 0.000000000000000000, -1.000000000000000000 ) ) ;
#4346 = AXIS2_PLACEMENT_3D ( 'NONE', #5219, #11773, #6108 ) ;
#4347 = CARTESIAN_POINT ( 'NONE',  ( 4.450745019243995237, -12.50534825036277908, 40.95000000000000284 ) ) ;
#4348 = VECTOR ( 'NONE', #1939, 1000.000000000000000 ) ;
#4349 = CARTESIAN_POINT ( 'NONE',  ( -40.95000000000000284, -13.50220958978423980, -1.094450191559069863 ) ) ;
#4350 = CARTESIAN_POINT ( 'NONE',  ( 26.45000000000000284, -11.50534825036277908, 42.95000000000000284 ) ) ;
#4351 = EDGE_CURVE ( 'NONE', #2139, #2221, #7921, .T. ) ;
#4352 = CARTESIAN_POINT ( 'NONE',  ( -37.75000000000000000, -16.50534825036275066, -30.94999999999999929 ) ) ;
#4353 = ORIENTED_EDGE ( 'NONE', *, *, #5190, .F. ) ;
#4354 = ORIENTED_EDGE ( 'NONE', *, *, #8389, .F. ) ;
#4355 = CARTESIAN_POINT ( 'NONE',  ( 9.914542853950305101, -19.49020791476915448, -42.12633265820937112 ) ) ;
#4356 = ORIENTED_EDGE ( 'NONE', *, *, #9858, .T. ) ;
#4357 = FACE_OUTER_BOUND ( 'NONE', #1679, .T. ) ;
#4358 = ORIENTED_EDGE ( 'NONE', *, *, #5868, .T. ) ;
#4359 = AXIS2_PLACEMENT_3D ( 'NONE', #3250, #10586, #1219 ) ;
#4360 = ADVANCED_FACE ( 'NONE', ( #6339 ), #481, .F. ) ;
#4361 = ORIENTED_EDGE ( 'NONE', *, *, #5321, .F. ) ;
#4362 = EDGE_CURVE ( 'NONE', #1897, #10904, #1080, .T. ) ;
#4363 = CARTESIAN_POINT ( 'NONE',  ( -40.95000000000000284, -6.005348250362779972, 32.13743420870380163 ) ) ;
#4364 = AXIS2_PLACEMENT_3D ( 'NONE', #7578, #4326, #11386 ) ;
#4365 = CARTESIAN_POINT ( 'NONE',  ( -22.84999999999999787, -17.50534825036275066, 21.14999999999999858 ) ) ;
#4366 = FACE_OUTER_BOUND ( 'NONE', #6861, .T. ) ;
#4367 = DIRECTION ( 'NONE',  ( 0.000000000000000000, -0.9986295347545739443, -0.05233595624294379994 ) ) ;
#4368 = ORIENTED_EDGE ( 'NONE', *, *, #8755, .F. ) ;
#4369 = DIRECTION ( 'NONE',  ( 0.000000000000000000, 1.000000000000000000, 0.000000000000000000 ) ) ;
#4370 = AXIS2_PLACEMENT_3D ( 'NONE', #8053, #9787, #534 ) ;
#4371 = ORIENTED_EDGE ( 'NONE', *, *, #11398, .F. ) ;
#4372 = DIRECTION ( 'NONE',  ( -1.000000000000000000, 0.000000000000000000, 0.000000000000000000 ) ) ;
#4373 = FACE_OUTER_BOUND ( 'NONE', #226, .T. ) ;
#4374 = EDGE_LOOP ( 'NONE', ( #5899, #4886, #8483, #2156 ) ) ;
#4375 = EDGE_CURVE ( 'NONE', #9750, #9938, #9066, .T. ) ;
#4376 = VECTOR ( 'NONE', #2943, 1000.000000000000000 ) ;
#4377 = AXIS2_PLACEMENT_3D ( 'NONE', #10234, #1104, #339 ) ;
#4378 = CARTESIAN_POINT ( 'NONE',  ( 40.23869400685128994, -17.28498934944250820, -27.98250596048966443 ) ) ;
#4379 = EDGE_CURVE ( 'NONE', #9015, #3922, #8205, .T. ) ;
#4380 = AXIS2_PLACEMENT_3D ( 'NONE', #4347, #6153, #1733 ) ;
#4381 = FACE_OUTER_BOUND ( 'NONE', #3601, .T. ) ;
#4382 = CARTESIAN_POINT ( 'NONE',  ( 39.87075692362896007, -16.97502969771006676, 33.87555728527809151 ) ) ;
#4383 = CARTESIAN_POINT ( 'NONE',  ( 37.75000000000000000, -7.005348250362779972, -30.94999999999999929 ) ) ;
#4384 = VECTOR ( 'NONE', #5315, 1000.000000000000000 ) ;
#4385 = ORIENTED_EDGE ( 'NONE', *, *, #5991, .F. ) ;
#4386 = CARTESIAN_POINT ( 'NONE',  ( 26.51883335241445039, -19.60847064066250311, -41.75299607881739661 ) ) ;
#4387 = DIRECTION ( 'NONE',  ( 1.000000000000000000, 0.000000000000000000, 0.000000000000000000 ) ) ;
#4388 = EDGE_LOOP ( 'NONE', ( #3023, #1823, #10180, #5534 ) ) ;
#4389 = DIRECTION ( 'NONE',  ( 0.000000000000000000, 0.000000000000000000, -1.000000000000000000 ) ) ;
#4390 = CARTESIAN_POINT ( 'NONE',  ( -39.95000000000000284, -7.005348250362779972, 29.76256579129620050 ) ) ;
#4391 = CIRCLE ( 'NONE', #594, 1.000000000000000888 ) ;
#4392 = EDGE_CURVE ( 'NONE', #3485, #9590, #5709, .T. ) ;
#4393 = CARTESIAN_POINT ( 'NONE',  ( -40.95000000000000284, -6.812339080949070258, -11.17467833951195999 ) ) ;
#4394 = CIRCLE ( 'NONE', #4969, 0.4999999999999990008 ) ;
#4395 = FACE_OUTER_BOUND ( 'NONE', #7443, .T. ) ;
#4396 = DIRECTION ( 'NONE',  ( 0.000000000000000000, -1.000000000000000000, 0.000000000000000000 ) ) ;
#4397 = CIRCLE ( 'NONE', #10116, 0.6048155585660839328 ) ;
#4398 = DIRECTION ( 'NONE',  ( 1.000000000000000000, 0.000000000000000000, 0.000000000000000000 ) ) ;
#4399 = CARTESIAN_POINT ( 'NONE',  ( -22.84999999999999787, -19.50534825036275066, 22.84999999999999787 ) ) ;
#4400 = ORIENTED_EDGE ( 'NONE', *, *, #6500, .T. ) ;
#4401 = CARTESIAN_POINT ( 'NONE',  ( 40.94999999999996021, -7.978381175067457143, -33.19226902114588995 ) ) ;
#4402 = LINE ( 'NONE', #11800, #8355 ) ;
#4403 = CARTESIAN_POINT ( 'NONE',  ( 10.72717965503647974, -19.49671429038820136, -42.08330715671235112 ) ) ;
#4404 = AXIS2_PLACEMENT_3D ( 'NONE', #11530, #4956, #7991 ) ;
#4405 = AXIS2_PLACEMENT_3D ( 'NONE', #4130, #2584, #1455 ) ;
#4406 = VERTEX_POINT ( 'NONE', #6759 ) ;
#4407 = CYLINDRICAL_SURFACE ( 'NONE', #8990, 0.5000000000000004441 ) ;
#4408 = FACE_OUTER_BOUND ( 'NONE', #10865, .T. ) ;
#4409 = CARTESIAN_POINT ( 'NONE',  ( 39.56588062948190299, -7.258965039731469560, 28.35191700660235270 ) ) ;
#4410 = CARTESIAN_POINT ( 'NONE',  ( 26.48607213388462966, -19.59725945650113133, -41.73884069585355405 ) ) ;
#4411 = VECTOR ( 'NONE', #9350, 1000.000000000000000 ) ;
#4412 = CARTESIAN_POINT ( 'NONE',  ( 37.75000000000000000, -16.50534825036275066, 30.94999999999999929 ) ) ;
#4413 = VECTOR ( 'NONE', #9634, 1000.000000000000000 ) ;
#4414 = DIRECTION ( 'NONE',  ( 1.000000000000000000, 0.000000000000000000, 0.000000000000000000 ) ) ;
#4415 = CARTESIAN_POINT ( 'NONE',  ( 39.46111111111110148, -16.50534825036275066, -34.00321122188300649 ) ) ;
#4416 = DIRECTION ( 'NONE',  ( 0.000000000000000000, -1.000000000000000000, 0.000000000000000000 ) ) ;
#4417 = EDGE_LOOP ( 'NONE', ( #10531, #1021 ) ) ;
#4418 = DIRECTION ( 'NONE',  ( 0.000000000000000000, 0.000000000000000000, 1.000000000000000000 ) ) ;
#4419 = VERTEX_POINT ( 'NONE', #1317 ) ;
#4420 = CARTESIAN_POINT ( 'NONE',  ( -40.65246274383112990, -17.49393659527146028, -27.74136179474285413 ) ) ;
#4421 = VERTEX_POINT ( 'NONE', #3231 ) ;
#4422 = CIRCLE ( 'NONE', #8827, 0.3594872681224078881 ) ;
#4423 = VECTOR ( 'NONE', #3401, 1000.000000000000000 ) ;
#4424 = VECTOR ( 'NONE', #6774, 1000.000000000000000 ) ;
#4425 = AXIS2_PLACEMENT_3D ( 'NONE', #11276, #1969, #3819 ) ;
#4426 = EDGE_CURVE ( 'NONE', #1447, #10627, #4568, .T. ) ;
#4427 = CARTESIAN_POINT ( 'NONE',  ( 11.20460472383940065, -19.50534825036275066, -41.70296010330904579 ) ) ;
#4428 = CIRCLE ( 'NONE', #5770, 0.5000000000000004441 ) ;
#4429 = CARTESIAN_POINT ( 'NONE',  ( 40.95000000000000284, -8.005348250362779083, -27.02444271472185022 ) ) ;
#4430 = VECTOR ( 'NONE', #10377, 1000.000000000000000 ) ;
#4431 = DIRECTION ( 'NONE',  ( -1.000000000000000000, 0.000000000000000000, 1.674039542559039894E-16 ) ) ;
#4432 = EDGE_CURVE ( 'NONE', #5660, #2232, #779, .T. ) ;
#4433 = AXIS2_PLACEMENT_3D ( 'NONE', #1322, #4780, #8435 ) ;
#4434 = FACE_BOUND ( 'NONE', #1805, .T. ) ;
#4435 = ORIENTED_EDGE ( 'NONE', *, *, #2270, .T. ) ;
#4436 = CYLINDRICAL_SURFACE ( 'NONE', #3021, 1.000000000000000888 ) ;
#4437 = VERTEX_POINT ( 'NONE', #6811 ) ;
#4438 = EDGE_CURVE ( 'NONE', #498, #4919, #548, .T. ) ;
#4439 = CARTESIAN_POINT ( 'NONE',  ( 9.900204914368510245, -19.72167347278842797, -41.73500324051541099 ) ) ;
#4440 = LINE ( 'NONE', #11613, #6871 ) ;
#4441 = ORIENTED_EDGE ( 'NONE', *, *, #9455, .F. ) ;
#4442 = ORIENTED_EDGE ( 'NONE', *, *, #279, .F. ) ;
#4443 =( BOUNDED_SURFACE ( )  B_SPLINE_SURFACE ( 3, 2, ( 
 ( #2656, #10833, #4390 ),
 ( #4627, #7331, #1879 ),
 ( #1708, #10955, #2778 ),
 ( #9836, #5518, #1650 ),
 ( #4504, #9172, #8283 ),
 ( #2551, #8152, #4455 ),
 ( #11739, #5283, #6414 ),
 ( #2724, #10057, #7262 ),
 ( #3446, #9006, #10008 ),
 ( #7095, #6363, #10725 ),
 ( #8940, #6301, #761 ),
 ( #11686, #8047, #1828 ),
 ( #3513, #10780, #6241 ),
 ( #2601, #9890, #1776 ),
 ( #5461, #3565, #9063 ),
 ( #9114, #923, #4559 ) ),
 .UNSPECIFIED., .F., .F., .F. ) 
 B_SPLINE_SURFACE_WITH_KNOTS ( ( 4, 2, 2, 2, 2, 2, 2, 4 ),
 ( 3, 3 ),
 ( 0.003747598663927900059, 0.004691749734676139635, 0.005163825270050260291, 0.005635900805424370538, 0.006107976340798489459, 0.006580051876172610115, 0.007052127411546729903, 0.007524202946920850558 ),
 ( 0.000000000000000000, 1.000000000000000000 ),
 .UNSPECIFIED. ) 
 GEOMETRIC_REPRESENTATION_ITEM ( )  RATIONAL_B_SPLINE_SURFACE ( (
 ( 1.000000000000000000, 0.7071067811865480168, 1.000000000000000000),
 ( 1.000000000000000000, 0.6834598332069540261, 1.000000000000000000),
 ( 1.000000000000000000, 0.6567429731169409646, 1.000000000000000000),
 ( 1.000000000000000000, 0.6192946484895259784, 1.000000000000000000),
 ( 1.000000000000000000, 0.6070808663731239729, 1.000000000000000000),
 ( 1.000000000000000000, 0.5844586492074680395, 1.000000000000000000),
 ( 1.000000000000000000, 0.5740360668911680397, 1.000000000000000000),
 ( 1.000000000000000000, 0.5549943924771679749, 1.000000000000000000),
 ( 1.000000000000000000, 0.5464728082623500072, 1.000000000000000000),
 ( 1.000000000000000000, 0.5318842912916940113, 1.000000000000000000),
 ( 1.000000000000000000, 0.5256339409877969215, 1.000000000000000000),
 ( 1.000000000000000000, 0.5156079431871730678, 1.000000000000000000),
 ( 1.000000000000000000, 0.5118790333458580477, 1.000000000000000000),
 ( 1.000000000000000000, 0.5068030877240500276, 1.000000000000000000),
 ( 1.000000000000000000, 0.5055084949351469348, 1.000000000000000000),
 ( 1.000000000000000000, 0.5055250296034379254, 1.000000000000000000) ) ) 
 REPRESENTATION_ITEM ( '' )  SURFACE ( )  );
#4444 = VECTOR ( 'NONE', #1653, 1000.000000000000000 ) ;
#4445 = AXIS2_PLACEMENT_3D ( 'NONE', #430, #8359, #3822 ) ;
#4446 = CARTESIAN_POINT ( 'NONE',  ( 37.75000000000000000, -8.505348250362779083, 30.94999999999999929 ) ) ;
#4447 = PLANE ( 'NONE',  #6902 ) ;
#4448 = CARTESIAN_POINT ( 'NONE',  ( 10.12963360958148051, -20.00534825036275066, -25.94999999999999929 ) ) ;
#4449 = ORIENTED_EDGE ( 'NONE', *, *, #8597, .F. ) ;
#4450 = DIRECTION ( 'NONE',  ( 0.000000000000000000, -0.9083415329249427961, 0.4182291950158013583 ) ) ;
#4451 = AXIS2_PLACEMENT_3D ( 'NONE', #4040, #11571, #9664 ) ;
#4452 = EDGE_LOOP ( 'NONE', ( #1211, #1501, #4847, #1060 ) ) ;
#4453 = EDGE_CURVE ( 'NONE', #7011, #2043, #8611, .T. ) ;
#4454 = CARTESIAN_POINT ( 'NONE',  ( -39.46111111413574690, -7.925270358654119995, -27.89678877981215166 ) ) ;
#4455 = CARTESIAN_POINT ( 'NONE',  ( -39.63292794254890339, -7.139500174634020091, 28.60750982359289907 ) ) ;
#4456 = EDGE_CURVE ( 'NONE', #3177, #938, #2161, .T. ) ;
#4457 = CIRCLE ( 'NONE', #1427, 1.000000000000000888 ) ;
#4458 = CARTESIAN_POINT ( 'NONE',  ( -39.95000000000000284, -8.005348250362779083, 34.87555728527809151 ) ) ;
#4459 = DIRECTION ( 'NONE',  ( 0.000000000000000000, 0.000000000000000000, 1.000000000000000000 ) ) ;
#4460 = FACE_OUTER_BOUND ( 'NONE', #2149, .T. ) ;
#4461 = CARTESIAN_POINT ( 'NONE',  ( 41.45000000000000284, -19.50534825036275066, -42.95000000000000284 ) ) ;
#4462 = VERTEX_POINT ( 'NONE', #7647 ) ;
#4463 = CARTESIAN_POINT ( 'NONE',  ( 40.95000000000000284, -7.383168832633439926, -34.76893837518110075 ) ) ;
#4464 = CARTESIAN_POINT ( 'NONE',  ( 11.03118928312680147, -19.50486241214642646, -41.90412616299076376 ) ) ;
#4465 = EDGE_LOOP ( 'NONE', ( #6019, #7789, #9222, #8894, #11088, #656, #3608, #9330, #99, #1446, #5400, #3869, #8899, #9529, #1633, #7358, #1419, #8091, #907, #8471, #382, #7490, #933, #11737, #1786, #1510, #6359, #6398 ) ) ;
#4466 = CARTESIAN_POINT ( 'NONE',  ( 10.40214142095292083, -19.67055595918730049, -41.84353365400369995 ) ) ;
#4467 = ORIENTED_EDGE ( 'NONE', *, *, #11754, .T. ) ;
#4468 = CARTESIAN_POINT ( 'NONE',  ( 42.95000000000000284, -6.511642939418550213, -10.52160390712536042 ) ) ;
#4469 = FACE_OUTER_BOUND ( 'NONE', #10012, .T. ) ;
#4470 = EDGE_LOOP ( 'NONE', ( #7318, #7177, #11624, #361 ) ) ;
#4471 = DIRECTION ( 'NONE',  ( 0.000000000000000000, -0.9083415329249427961, 0.4182291950158013583 ) ) ;
#4472 = DIRECTION ( 'NONE',  ( 0.000000000000000000, -1.000000000000000000, 0.000000000000000000 ) ) ;
#4473 = DIRECTION ( 'NONE',  ( 0.000000000000000000, -1.000000000000000000, 0.000000000000000000 ) ) ;
#4474 = EDGE_CURVE ( 'NONE', #5203, #665, #10440, .T. ) ;
#4475 = CARTESIAN_POINT ( 'NONE',  ( 40.10195310395868518, -17.18105550753458743, -33.88711037573526852 ) ) ;
#4476 = DIRECTION ( 'NONE',  ( 1.000000000000000000, 0.000000000000000000, 0.000000000000000000 ) ) ;
#4477 = VERTEX_POINT ( 'NONE', #2214 ) ;
#4478 = VERTEX_POINT ( 'NONE', #5020 ) ;
#4479 = CARTESIAN_POINT ( 'NONE',  ( -28.25000000000000000, -17.50534825036275066, 26.55000000000000071 ) ) ;
#4480 = ORIENTED_EDGE ( 'NONE', *, *, #3860, .T. ) ;
#4481 = CARTESIAN_POINT ( 'NONE',  ( -40.51773122110697756, -17.44543706113334736, -27.84877621331706621 ) ) ;
#4482 = EDGE_CURVE ( 'NONE', #11230, #8763, #438, .T. ) ;
#4483 = CARTESIAN_POINT ( 'NONE',  ( -39.63296566873724913, -7.139451988590720610, 33.29235177973934867 ) ) ;
#4484 = DIRECTION ( 'NONE',  ( 0.000000000000000000, -1.000000000000000000, 0.000000000000000000 ) ) ;
#4485 = DIRECTION ( 'NONE',  ( 0.000000000000000000, -1.000000000000000000, 0.000000000000000000 ) ) ;
#4486 = FACE_BOUND ( 'NONE', #1209, .T. ) ;
#4487 = ORIENTED_EDGE ( 'NONE', *, *, #1091, .T. ) ;
#4488 = DIRECTION ( 'NONE',  ( 0.000000000000000000, 1.000000000000000000, 0.000000000000000000 ) ) ;
#4489 = EDGE_CURVE ( 'NONE', #6821, #9534, #4061, .T. ) ;
#4490 = ORIENTED_EDGE ( 'NONE', *, *, #10774, .T. ) ;
#4491 = DIRECTION ( 'NONE',  ( -1.000000000000000000, 0.000000000000000000, 0.000000000000000000 ) ) ;
#4492 = CARTESIAN_POINT ( 'NONE',  ( 42.95000000000000284, -6.812339080949070258, -18.17467833951194933 ) ) ;
#4493 = VERTEX_POINT ( 'NONE', #7711 ) ;
#4494 = ORIENTED_EDGE ( 'NONE', *, *, #3487, .F. ) ;
#4495 = EDGE_CURVE ( 'NONE', #4813, #5702, #9197, .T. ) ;
#4496 = DIRECTION ( 'NONE',  ( 1.000000000000000000, 0.000000000000000000, 0.000000000000000000 ) ) ;
#4497 = DIRECTION ( 'NONE',  ( 0.000000000000000000, 0.000000000000000000, -1.000000000000000000 ) ) ;
#4498 = LINE ( 'NONE', #4676, #7873 ) ;
#4499 = ORIENTED_EDGE ( 'NONE', *, *, #11179, .T. ) ;
#4500 = LINE ( 'NONE', #7091, #9314 ) ;
#4501 = EDGE_CURVE ( 'NONE', #9329, #4070, #9441, .T. ) ;
#4502 = VERTEX_POINT ( 'NONE', #5069 ) ;
#4503 = CARTESIAN_POINT ( 'NONE',  ( -40.95000000000000284, -6.005348250362779972, -29.76256579129625024 ) ) ;
#4504 = CARTESIAN_POINT ( 'NONE',  ( -40.95000000000000284, -6.160460651583230529, 28.51190790735465441 ) ) ;
#4505 = CARTESIAN_POINT ( 'NONE',  ( -20.15000000000000213, -17.50534825036275066, 23.85000000000000142 ) ) ;
#4506 = CARTESIAN_POINT ( 'NONE',  ( 21.94999999999999929, -12.30534825036276025, 22.50000000000000000 ) ) ;
#4508 = EDGE_CURVE ( 'NONE', #6550, #5742, #6689, .T. ) ;
#4507 = ORIENTED_EDGE ( 'NONE', *, *, #5988, .F. ) ;
#4509 = CYLINDRICAL_SURFACE ( 'NONE', #10634, 0.3594872681224082767 ) ;
#4510 = DIRECTION ( 'NONE',  ( 0.000000000000000000, -1.000000000000000000, 0.000000000000000000 ) ) ;
#4511 = ORIENTED_EDGE ( 'NONE', *, *, #1347, .T. ) ;
#4512 = CARTESIAN_POINT ( 'NONE',  ( 33.75000000000000000, -17.50534825036275066, 19.94999999999999929 ) ) ;
#4513 = CARTESIAN_POINT ( 'NONE',  ( 10.99346787165973538, -19.50554024288361532, -41.93371835605203302 ) ) ;
#4514 = ORIENTED_EDGE ( 'NONE', *, *, #902, .F. ) ;
#4515 = FACE_OUTER_BOUND ( 'NONE', #2072, .T. ) ;
#4516 = ORIENTED_EDGE ( 'NONE', *, *, #7841, .F. ) ;
#4517 = CARTESIAN_POINT ( 'NONE',  ( -40.95000000000000284, -17.50534825036275066, 40.95000000000000284 ) ) ;
#4518 = EDGE_CURVE ( 'NONE', #9475, #8625, #10503, .T. ) ;
#4519 = DIRECTION ( 'NONE',  ( 0.000000000000000000, -1.000000000000000000, 0.000000000000000000 ) ) ;
#4520 = ORIENTED_EDGE ( 'NONE', *, *, #2770, .T. ) ;
#4521 = CARTESIAN_POINT ( 'NONE',  ( 40.95000000000000284, -6.005348250362779972, 32.13743420870385137 ) ) ;
#4522 = CARTESIAN_POINT ( 'NONE',  ( -22.84999999999999787, -17.50534825036275066, 22.84999999999999787 ) ) ;
#4523 = EDGE_CURVE ( 'NONE', #10414, #971, #10345, .T. ) ;
#4524 = DIRECTION ( 'NONE',  ( 0.000000000000000000, 0.000000000000000000, -1.000000000000000000 ) ) ;
#4525 = ORIENTED_EDGE ( 'NONE', *, *, #885, .T. ) ;
#4526 = AXIS2_PLACEMENT_3D ( 'NONE', #4286, #1434, #8717 ) ;
#4527 = CARTESIAN_POINT ( 'NONE',  ( 39.97171189303027461, -17.06958963167346255, -33.87429320067651872 ) ) ;
#4528 = DIRECTION ( 'NONE',  ( 0.000000000000000000, 0.000000000000000000, -1.000000000000000000 ) ) ;
#4529 = FACE_OUTER_BOUND ( 'NONE', #7335, .T. ) ;
#4530 = EDGE_LOOP ( 'NONE', ( #11712, #3548 ) ) ;
#4531 = ORIENTED_EDGE ( 'NONE', *, *, #1015, .T. ) ;
#4532 = DIRECTION ( 'NONE',  ( 0.000000000000000000, -1.000000000000000000, 0.000000000000000000 ) ) ;
#4533 = ORIENTED_EDGE ( 'NONE', *, *, #8861, .T. ) ;
#4534 = CYLINDRICAL_SURFACE ( 'NONE', #5342, 0.3594872681224065558 ) ;
#4535 = B_SPLINE_CURVE_WITH_KNOTS ( 'NONE', 3,
 ( #1641, #1589, #9710, #8817, #11510, #7798, #2477, #8699, #8877, #6118, #6911, #1526, #6975, #7974, #3328, #4267 ),
 .UNSPECIFIED., .F., .F.,
 ( 4, 2, 2, 2, 2, 2, 2, 4 ),
 ( 0.000000000000000000, 0.0009516729530753909386, 0.001427509429613076000, 0.001903345906150759976, 0.002379182382688450025, 0.002855018859226135085, 0.003330855335763819713, 0.003806691812301504774 ),
 .UNSPECIFIED. ) ;
#4536 = EDGE_CURVE ( 'NONE', #8537, #3986, #2523, .T. ) ;
#4537 = AXIS2_PLACEMENT_3D ( 'NONE', #9168, #10054, #2827 ) ;
#4538 = DIRECTION ( 'NONE',  ( 0.000000000000000000, 0.000000000000000000, 1.000000000000000000 ) ) ;
#4539 = CARTESIAN_POINT ( 'NONE',  ( -40.95000000000006679, -7.872127982285777925, 33.22942287088653757 ) ) ;
#4540 = DIRECTION ( 'NONE',  ( 1.000000000000000000, 0.000000000000000000, 0.000000000000000000 ) ) ;
#4541 = CYLINDRICAL_SURFACE ( 'NONE', #5186, 1.000000000000000888 ) ;
#4542 = DIRECTION ( 'NONE',  ( 0.000000000000000000, 0.000000000000000000, -1.000000000000000000 ) ) ;
#4543 = AXIS2_PLACEMENT_3D ( 'NONE', #7850, #1519, #2292 ) ;
#4544 = ORIENTED_EDGE ( 'NONE', *, *, #6424, .F. ) ;
#4545 = CARTESIAN_POINT ( 'NONE',  ( -37.75000000000000000, -8.005348250362779083, 27.44999999999999929 ) ) ;
#4546 = VECTOR ( 'NONE', #107, 1000.000000000000000 ) ;
#4547 = VERTEX_POINT ( 'NONE', #10567 ) ;
#4548 = DIRECTION ( 'NONE',  ( 0.000000000000000000, -1.000000000000000000, 0.000000000000000000 ) ) ;
#4549 = ORIENTED_EDGE ( 'NONE', *, *, #11380, .T. ) ;
#4550 = ORIENTED_EDGE ( 'NONE', *, *, #7541, .F. ) ;
#4551 = CIRCLE ( 'NONE', #10271, 2.499999999999998668 ) ;
#4552 = CARTESIAN_POINT ( 'NONE',  ( 41.45000000000000284, -19.50534825036275066, -41.95000000000000284 ) ) ;
#4553 = CARTESIAN_POINT ( 'NONE',  ( -40.95000000000000284, -17.50534825036275066, -40.95000000000000284 ) ) ;
#4554 = DIRECTION ( 'NONE',  ( 0.000000000000000000, 0.000000000000000000, 1.000000000000000000 ) ) ;
#4555 = VERTEX_POINT ( 'NONE', #8545 ) ;
#4556 = CARTESIAN_POINT ( 'NONE',  ( 18.62963360958150005, -19.50534825036275066, -34.03619997939700426 ) ) ;
#4557 = ORIENTED_EDGE ( 'NONE', *, *, #3160, .T. ) ;
#4558 = CARTESIAN_POINT ( 'NONE',  ( -40.95000000000000284, -6.023016204667429818, -29.12933829921865225 ) ) ;
#4559 = CARTESIAN_POINT ( 'NONE',  ( -39.46111111111110148, -8.005348250362779083, 27.89678877811699920 ) ) ;
#4560 = VECTOR ( 'NONE', #2830, 1000.000000000000114 ) ;
#4561 = VECTOR ( 'NONE', #5304, 1000.000000000000000 ) ;
#4562 = CARTESIAN_POINT ( 'NONE',  ( -39.95000000000000284, -6.005348250362779972, -32.13743420870380163 ) ) ;
#4563 = DIRECTION ( 'NONE',  ( 0.000000000000000000, -1.000000000000000000, 0.000000000000000000 ) ) ;
#4564 = EDGE_CURVE ( 'NONE', #2882, #5896, #3299, .T. ) ;
#4565 = ORIENTED_EDGE ( 'NONE', *, *, #4850, .F. ) ;
#4566 = AXIS2_PLACEMENT_3D ( 'NONE', #7188, #8141, #749 ) ;
#4567 = CARTESIAN_POINT ( 'NONE',  ( 10.12963360958146097, -20.00534825036275066, 2.196514153198084622E-15 ) ) ;
#4568 = CIRCLE ( 'NONE', #6099, 0.9000000000000014655 ) ;
#4569 = DIRECTION ( 'NONE',  ( 0.000000000000000000, 1.000000000000000000, 0.000000000000000000 ) ) ;
#4570 = VERTEX_POINT ( 'NONE', #5124 ) ;
#4571 = CARTESIAN_POINT ( 'NONE',  ( 39.60888837482374925, -7.174207604926549742, -33.38197340278654934 ) ) ;
#4572 = DIRECTION ( 'NONE',  ( 0.000000000000000000, -1.000000000000000000, 0.000000000000000000 ) ) ;
#4573 = AXIS2_PLACEMENT_3D ( 'NONE', #4522, #4881, #3100 ) ;
#4574 = DIRECTION ( 'NONE',  ( 0.000000000000000000, -1.000000000000000000, 0.000000000000000000 ) ) ;
#4575 = VERTEX_POINT ( 'NONE', #11218 ) ;
#4576 = EDGE_CURVE ( 'NONE', #2782, #3312, #518, .T. ) ;
#4577 = CARTESIAN_POINT ( 'NONE',  ( 40.28848922890911410, -17.31864157266336335, 33.93442371610039032 ) ) ;
#4578 = CIRCLE ( 'NONE', #3823, 0.3594872681224082767 ) ;
#4579 = DIRECTION ( 'NONE',  ( 1.000000000000000000, 0.000000000000000000, 0.000000000000000000 ) ) ;
#4580 = EDGE_LOOP ( 'NONE', ( #6981, #8860, #7458, #10759 ) ) ;
#4581 = FACE_OUTER_BOUND ( 'NONE', #9077, .T. ) ;
#4582 = CARTESIAN_POINT ( 'NONE',  ( 27.74999999999999289, -19.52877672306798473, -23.90312804794195145 ) ) ;
#4583 = CARTESIAN_POINT ( 'NONE',  ( 18.62963360958150005, -20.00534825036275066, -25.94999999999999929 ) ) ;
#4584 = CIRCLE ( 'NONE', #7083, 0.5000000000000004441 ) ;
#4585 = DIRECTION ( 'NONE',  ( 1.000000000000000000, 0.000000000000000000, 0.000000000000000000 ) ) ;
#4586 = CARTESIAN_POINT ( 'NONE',  ( -40.06736293486012812, -17.15243920958934609, 28.01753675630615703 ) ) ;
#4587 = AXIS2_PLACEMENT_3D ( 'NONE', #7085, #10717, #3505 ) ;
#4588 = EDGE_CURVE ( 'NONE', #71, #2201, #5428, .T. ) ;
#4589 = CARTESIAN_POINT ( 'NONE',  ( 37.75000000000000000, -7.005348250362779972, -30.94999999999999929 ) ) ;
#4590 = EDGE_LOOP ( 'NONE', ( #593, #8203, #2078, #6093 ) ) ;
#4591 = ORIENTED_EDGE ( 'NONE', *, *, #4128, .F. ) ;
#4592 = CARTESIAN_POINT ( 'NONE',  ( 40.94999999999941309, -7.726441658009609803, -28.68945424094843943 ) ) ;
#4593 = ORIENTED_EDGE ( 'NONE', *, *, #7118, .F. ) ;
#4594 = EDGE_CURVE ( 'NONE', #9170, #803, #891, .T. ) ;
#4595 = CARTESIAN_POINT ( 'NONE',  ( -40.95000000000000284, -7.383173927275220372, -27.13105983440844682 ) ) ;
#4596 = ADVANCED_FACE ( 'NONE', ( #3404 ), #6208, .F. ) ;
#4597 = AXIS2_PLACEMENT_3D ( 'NONE', #10375, #1426, #8710 ) ;
#4598 = TOROIDAL_SURFACE ( 'NONE', #11274, 2.500000000000000000, 1.000000000000000000 ) ;
#4599 = CARTESIAN_POINT ( 'NONE',  ( 27.49418802607033641, -19.51601558239062939, -41.80473592703734909 ) ) ;
#4600 = VECTOR ( 'NONE', #5454, 1000.000000000000000 ) ;
#4601 = CARTESIAN_POINT ( 'NONE',  ( 40.95000000000000284, -6.612366280724530476, 34.22212808121999927 ) ) ;
#4602 = CARTESIAN_POINT ( 'NONE',  ( -37.75000000000000000, -7.005348250362779972, 30.94999999999999929 ) ) ;
#4603 = CARTESIAN_POINT ( 'NONE',  ( -40.95000000000000284, -6.661991010183810680, 3.151858876681350008 ) ) ;
#4604 = CARTESIAN_POINT ( 'NONE',  ( 39.95000000000000284, -7.005348250362779972, 33.87555728527809862 ) ) ;
#4605 = EDGE_CURVE ( 'NONE', #10966, #8281, #2716, .T. ) ;
#4606 = CARTESIAN_POINT ( 'NONE',  ( 26.91673478471594905, -19.48665501328799721, -42.14245008973034601 ) ) ;
#4607 = VECTOR ( 'NONE', #4320, 1000.000000000000000 ) ;
#4608 = ORIENTED_EDGE ( 'NONE', *, *, #3216, .T. ) ;
#4609 = CARTESIAN_POINT ( 'NONE',  ( 24.35000000000000142, -19.50534825036275066, 41.45000000000000284 ) ) ;
#4610 = AXIS2_PLACEMENT_3D ( 'NONE', #11677, #7146, #5096 ) ;
#4611 = CIRCLE ( 'NONE', #2138, 1.000000000000000888 ) ;
#4612 = VERTEX_POINT ( 'NONE', #11706 ) ;
#4613 = CARTESIAN_POINT ( 'NONE',  ( 42.95000000000000284, -6.511642939418550213, -3.521603907125360422 ) ) ;
#4614 = ORIENTED_EDGE ( 'NONE', *, *, #4015, .T. ) ;
#4615 = ORIENTED_EDGE ( 'NONE', *, *, #2942, .F. ) ;
#4616 = AXIS2_PLACEMENT_3D ( 'NONE', #9872, #7913, #5148 ) ;
#4617 = AXIS2_PLACEMENT_3D ( 'NONE', #6798, #10426, #5004 ) ;
#4618 = AXIS2_PLACEMENT_3D ( 'NONE', #4700, #8357, #8535 ) ;
#4619 = DIRECTION ( 'NONE',  ( -1.000000000000000000, 0.000000000000000000, 0.000000000000000000 ) ) ;
#4620 = LINE ( 'NONE', #6294, #4789 ) ;
#4621 = DIRECTION ( 'NONE',  ( 1.000000000000000000, 0.000000000000000000, 0.000000000000000000 ) ) ;
#4622 = EDGE_CURVE ( 'NONE', #11445, #5859, #7115, .T. ) ;
#4623 = ORIENTED_EDGE ( 'NONE', *, *, #11751, .F. ) ;
#4624 = CARTESIAN_POINT ( 'NONE',  ( 10.56309604154497173, -19.64444778855649076, -41.82350791191646522 ) ) ;
#4625 = ORIENTED_EDGE ( 'NONE', *, *, #4268, .T. ) ;
#4626 = DIRECTION ( 'NONE',  ( 0.000000000000000000, 0.000000000000000000, -1.000000000000000000 ) ) ;
#4627 = CARTESIAN_POINT ( 'NONE',  ( -40.95000000000000284, -6.005348227543000128, 29.44530588873809762 ) ) ;
#4628 = CIRCLE ( 'NONE', #257, 0.3594872681224057231 ) ;
#4629 = AXIS2_PLACEMENT_3D ( 'NONE', #6131, #2378, #3338 ) ;
#4630 = CIRCLE ( 'NONE', #10156, 2.599999999999998312 ) ;
#4631 = DIRECTION ( 'NONE',  ( 0.000000000000000000, 0.000000000000000000, 1.000000000000000000 ) ) ;
#4632 = ADVANCED_FACE ( 'NONE', ( #2681 ), #9029, .F. ) ;
#4633 = DIRECTION ( 'NONE',  ( -1.000000000000000000, 0.000000000000000000, 0.000000000000000000 ) ) ;
#4634 = ORIENTED_EDGE ( 'NONE', *, *, #5845, .F. ) ;
#4635 = DIRECTION ( 'NONE',  ( 0.000000000000000000, 0.000000000000000000, -1.000000000000000000 ) ) ;
#4636 = AXIS2_PLACEMENT_3D ( 'NONE', #79, #6437, #9980 ) ;
#4637 = LINE ( 'NONE', #6419, #6321 ) ;
#4638 = ORIENTED_EDGE ( 'NONE', *, *, #9873, .F. ) ;
#4639 = LINE ( 'NONE', #9181, #2333 ) ;
#4640 = CARTESIAN_POINT ( 'NONE',  ( -19.25000000000000000, -19.50534825036275066, 19.94999999999999929 ) ) ;
#4641 = DIRECTION ( 'NONE',  ( 0.000000000000000000, 0.000000000000000000, -1.000000000000000000 ) ) ;
#4642 = ADVANCED_FACE ( 'NONE', ( #10748 ), #11755, .F. ) ;
#4643 = ORIENTED_EDGE ( 'NONE', *, *, #11003, .T. ) ;
#4644 = CARTESIAN_POINT ( 'NONE',  ( 40.20447436609173053, -17.26044779332888268, 33.90780929048967351 ) ) ;
#4645 = SURFACE_SIDE_STYLE ('',( #5426 ) ) ;
#4646 = ORIENTED_EDGE ( 'NONE', *, *, #11586, .F. ) ;
#4647 = EDGE_CURVE ( 'NONE', #1176, #8221, #6144, .T. ) ;
#4648 = DIRECTION ( 'NONE',  ( 0.000000000000000000, 0.000000000000000000, 1.000000000000000000 ) ) ;
#4649 = DIRECTION ( 'NONE',  ( 0.000000000000000000, 0.000000000000000000, -1.000000000000000000 ) ) ;
#4650 = CARTESIAN_POINT ( 'NONE',  ( 27.27542149076063183, -19.69945264662054996, -41.79526874967263694 ) ) ;
#4651 = EDGE_CURVE ( 'NONE', #8845, #4575, #8904, .T. ) ;
#4652 = DIRECTION ( 'NONE',  ( 0.000000000000000000, -1.000000000000000000, 0.000000000000000000 ) ) ;
#4653 = CARTESIAN_POINT ( 'NONE',  ( 37.75000000000000000, -8.005348250362779083, 30.94999999999999929 ) ) ;
#4654 = DIRECTION ( 'NONE',  ( 1.520599644265049812E-16, 0.4182291950158013583, 0.9083415329249427961 ) ) ;
#4655 = ORIENTED_EDGE ( 'NONE', *, *, #8016, .F. ) ;
#4656 = CARTESIAN_POINT ( 'NONE',  ( 39.54715864813390169, -7.308857265899419531, -28.27623564306870207 ) ) ;
#4657 = ORIENTED_EDGE ( 'NONE', *, *, #1971, .T. ) ;
#4658 = DIRECTION ( 'NONE',  ( 0.000000000000000000, 0.000000000000000000, -1.000000000000000000 ) ) ;
#4659 = CARTESIAN_POINT ( 'NONE',  ( 27.35997037437974910, -19.49099852243885067, -42.12237969984119701 ) ) ;
#4660 = CARTESIAN_POINT ( 'NONE',  ( 40.94999999999999574, -7.871977774764104652, 33.22940351123985891 ) ) ;
#4661 = CARTESIAN_POINT ( 'NONE',  ( 26.13625685442886848, -19.49860358339978816, -41.83405168016015097 ) ) ;
#4662 = EDGE_CURVE ( 'NONE', #3334, #10673, #6379, .T. ) ;
#4663 = CARTESIAN_POINT ( 'NONE',  ( -28.25000000000000000, -19.50534825036275066, 21.14999999999999858 ) ) ;
#4664 = DIRECTION ( 'NONE',  ( 0.000000000000000000, 0.000000000000000000, -1.000000000000000000 ) ) ;
#4665 = CARTESIAN_POINT ( 'NONE',  ( 26.62751124089219701, -19.63431063855220060, -41.80340584675649751 ) ) ;
#4666 = ORIENTED_EDGE ( 'NONE', *, *, #4958, .T. ) ;
#4667 = DIRECTION ( 'NONE',  ( 0.000000000000000000, -1.000000000000000000, 0.000000000000000000 ) ) ;
#4668 = B_SPLINE_CURVE_WITH_KNOTS ( 'NONE', 3,
 ( #8585, #3333, #411, #5170, #8823, #654, #11569, #7195, #4323, #3562, #46, #871, #3617, #7328 ),
 .UNSPECIFIED., .F., .F.,
 ( 4, 2, 2, 2, 2, 2, 4 ),
 ( 0.000000000000000000, 0.0004788934484331890031, 0.0009577868968663769220, 0.001915573793732754928, 0.002394467242165940028, 0.002873360690599124911, 0.003831147587465505086 ),
 .UNSPECIFIED. ) ;
#4669 = ORIENTED_EDGE ( 'NONE', *, *, #9789, .F. ) ;
#4670 = DIRECTION ( 'NONE',  ( 0.000000000000000000, 1.000000000000000000, 0.000000000000000000 ) ) ;
#4671 = ORIENTED_EDGE ( 'NONE', *, *, #1092, .F. ) ;
#4672 = EDGE_LOOP ( 'NONE', ( #6756, #7591, #7694, #5052 ) ) ;
#4673 = CARTESIAN_POINT ( 'NONE',  ( 10.60474626316782221, -20.43344525300340564, -40.76647280986439625 ) ) ;
#4674 = LINE ( 'NONE', #8326, #11279 ) ;
#4675 = ADVANCED_FACE ( 'NONE', ( #10024 ), #7287, .T. ) ;
#4676 = CARTESIAN_POINT ( 'NONE',  ( 25.44999999999999929, -9.005348250362779083, 42.95000000000000284 ) ) ;
#4677 = ORIENTED_EDGE ( 'NONE', *, *, #3377, .F. ) ;
#4678 = CARTESIAN_POINT ( 'NONE',  ( 10.50436661363853119, -19.65351001135388387, -41.83570809062786822 ) ) ;
#4679 = EDGE_LOOP ( 'NONE', ( #5136, #9458, #11749, #2608 ) ) ;
#4680 = DIRECTION ( 'NONE',  ( 0.000000000000000000, 0.000000000000000000, -1.000000000000000000 ) ) ;
#4681 = CARTESIAN_POINT ( 'NONE',  ( 40.95000000000000284, -6.160410503181789288, -33.38792751836800221 ) ) ;
#4682 = AXIS2_PLACEMENT_3D ( 'NONE', #4711, #8364, #2032 ) ;
#4683 = EDGE_CURVE ( 'NONE', #10989, #8164, #9251, .T. ) ;
#4684 = CYLINDRICAL_SURFACE ( 'NONE', #8381, 2.000000000000001776 ) ;
#4685 = CARTESIAN_POINT ( 'NONE',  ( -40.95000000000000284, -6.022847113998490265, -32.76922968944364811 ) ) ;
#4686 = ORIENTED_EDGE ( 'NONE', *, *, #8777, .F. ) ;
#4687 = DIRECTION ( 'NONE',  ( 0.000000000000000000, 0.000000000000000000, -1.000000000000000000 ) ) ;
#4688 = CYLINDRICAL_SURFACE ( 'NONE', #9380, 2.100000000000000977 ) ;
#4689 = ORIENTED_EDGE ( 'NONE', *, *, #7231, .F. ) ;
#4690 = CARTESIAN_POINT ( 'NONE',  ( 16.44999999999999929, -17.50534825036275066, 22.50000000000000000 ) ) ;
#4691 = LINE ( 'NONE', #4640, #10058 ) ;
#4692 = CARTESIAN_POINT ( 'NONE',  ( 11.33091263906483981, -19.53651203890735033, -41.70287035977424495 ) ) ;
#4693 = VERTEX_POINT ( 'NONE', #10971 ) ;
#4694 = DIRECTION ( 'NONE',  ( -1.000000000000000000, 0.000000000000000000, 1.674039542559039894E-16 ) ) ;
#4695 = FACE_OUTER_BOUND ( 'NONE', #1325, .T. ) ;
#4696 = ORIENTED_EDGE ( 'NONE', *, *, #7734, .T. ) ;
#4697 = DIRECTION ( 'NONE',  ( 0.000000000000000000, 0.000000000000000000, -1.000000000000000000 ) ) ;
#4698 = DIRECTION ( 'NONE',  ( 0.000000000000000000, 0.000000000000000000, 1.000000000000000000 ) ) ;
#4699 = CARTESIAN_POINT ( 'NONE',  ( -39.46111111111115122, -7.005348250362779972, -27.89678877811705249 ) ) ;
#4700 = CARTESIAN_POINT ( 'NONE',  ( 18.62963360958150005, -19.50534825036275066, -25.94999999999999929 ) ) ;
#4701 = CARTESIAN_POINT ( 'NONE',  ( -40.95000000000000284, -17.50534825036275066, 27.02444271472190351 ) ) ;
#4702 = ORIENTED_EDGE ( 'NONE', *, *, #5779, .F. ) ;
#4703 = AXIS2_PLACEMENT_3D ( 'NONE', #1135, #2986, #7055 ) ;
#4704 = LINE ( 'NONE', #3991, #1400 ) ;
#4705 = ORIENTED_EDGE ( 'NONE', *, *, #1224, .T. ) ;
#4706 = CARTESIAN_POINT ( 'NONE',  ( 39.46368585746500202, -7.846266129617199603, -27.90919889383370034 ) ) ;
#4707 = B_SPLINE_CURVE_WITH_KNOTS ( 'NONE', 3,
 ( #11759, #2573, #2748, #6211, #1673, #8243, #9857, #10802, #5432, #1903, #9198, #9138, #5308, #9085, #5376, #894, #4475, #8967, #10027, #1847, #3644, #4527, #8074, #9033, #2622, #7172, #787, #10975, #8178, #3474, #2798, #9, #7293, #4415 ),
 .UNSPECIFIED., .F., .F.,
 ( 4, 2, 2, 1, 2, 2, 2, 2, 1, 1, 2, 2, 2, 2, 1, 1, 1, 2, 2, 4 ),
 ( 0.000000000000000000, 0.1250000000000572875, 0.1875000000000859313, 0.2187500000001002531, 0.2343750000001063871, 0.2500000000001125211, 0.3750000000001169065, 0.4375000000001175726, 0.4687500000001162959, 0.4843750000001147415, 0.4921875000001172951, 0.5000000000001199041, 0.6250000000000945910, 0.6875000000000757172, 0.7187500000000662803, 0.7343750000000631717, 0.7421875000000599520, 0.7460937500000622835, 0.7500000000000646150, 1.000000000000000000 ),
 .UNSPECIFIED. ) ;
#4708 = ADVANCED_FACE ( 'NONE', ( #2075 ), #179, .T. ) ;
#4709 = ORIENTED_EDGE ( 'NONE', *, *, #2839, .T. ) ;
#4710 = DIRECTION ( 'NONE',  ( 1.000000000000000000, 0.000000000000000000, 0.000000000000000000 ) ) ;
#4711 = CARTESIAN_POINT ( 'NONE',  ( -10.84999999999999964, -10.00534825036277908, 42.95000000000000284 ) ) ;
#4712 = CARTESIAN_POINT ( 'NONE',  ( 40.95000000000000284, -7.687184009641909732, 34.85359845563365155 ) ) ;
#4713 = AXIS2_PLACEMENT_3D ( 'NONE', #8536, #2978, #5719 ) ;
#4714 = CARTESIAN_POINT ( 'NONE',  ( 26.08846297216308940, -19.50091352539451606, -41.85538188862766873 ) ) ;
#4715 = FACE_OUTER_BOUND ( 'NONE', #7009, .T. ) ;
#4716 = DIRECTION ( 'NONE',  ( 0.000000000000000000, 0.000000000000000000, -1.000000000000000000 ) ) ;
#4717 = CARTESIAN_POINT ( 'NONE',  ( 26.53208756412569969, -19.49671429038820136, -42.08330715671215216 ) ) ;
#4718 = ORIENTED_EDGE ( 'NONE', *, *, #10837, .T. ) ;
#4719 = CARTESIAN_POINT ( 'NONE',  ( -42.95000000000000284, -13.35186151901900153, 6.591574292756649633 ) ) ;
#4720 = EDGE_CURVE ( 'NONE', #2173, #5685, #3754, .T. ) ;
#4721 = ORIENTED_EDGE ( 'NONE', *, *, #2428, .F. ) ;
#4722 = LINE ( 'NONE', #5624, #1332 ) ;
#4723 = CIRCLE ( 'NONE', #10441, 1.999999999999998224 ) ;
#4724 = ORIENTED_EDGE ( 'NONE', *, *, #6133, .F. ) ;
#4725 = ORIENTED_EDGE ( 'NONE', *, *, #1529, .T. ) ;
#4726 = EDGE_CURVE ( 'NONE', #8795, #5805, #463, .T. ) ;
#4727 = CIRCLE ( 'NONE', #4543, 0.5000000000000004441 ) ;
#4728 = CARTESIAN_POINT ( 'NONE',  ( 26.58605071010952514, -19.80043984724420270, -41.24955920419677824 ) ) ;
#4729 = AXIS2_PLACEMENT_3D ( 'NONE', #11004, #2894, #4680 ) ;
#4730 = CARTESIAN_POINT ( 'NONE',  ( -22.84999999999999787, -17.50534825036275066, 23.85000000000000142 ) ) ;
#4731 = CARTESIAN_POINT ( 'NONE',  ( -22.84999999999999787, -19.50534825036275066, 21.14999999999999858 ) ) ;
#4732 = ORIENTED_EDGE ( 'NONE', *, *, #1177, .F. ) ;
#4733 = CARTESIAN_POINT ( 'NONE',  ( -22.84999999999999787, -17.50534825036275066, 25.55000000000000071 ) ) ;
#4734 = VERTEX_POINT ( 'NONE', #8297 ) ;
#4735 = EDGE_CURVE ( 'NONE', #1470, #1704, #11321, .T. ) ;
#4736 = CYLINDRICAL_SURFACE ( 'NONE', #560, 0.3594872681224065558 ) ;
#4737 = CYLINDRICAL_SURFACE ( 'NONE', #5698, 3.499999999999999556 ) ;
#4738 = AXIS2_PLACEMENT_3D ( 'NONE', #8552, #6955, #445 ) ;
#4739 = AXIS2_PLACEMENT_3D ( 'NONE', #10028, #9199, #4528 ) ;
#4740 = EDGE_CURVE ( 'NONE', #10804, #5859, #11248, .T. ) ;
#4741 = LINE ( 'NONE', #2058, #2658 ) ;
#4742 = CARTESIAN_POINT ( 'NONE',  ( -40.95000000000000284, -6.005348250362779972, -32.13743420870380163 ) ) ;
#4743 = ORIENTED_EDGE ( 'NONE', *, *, #4776, .T. ) ;
#4744 = DIRECTION ( 'NONE',  ( 0.000000000000000000, 0.000000000000000000, -1.000000000000000000 ) ) ;
#4745 = CARTESIAN_POINT ( 'NONE',  ( -40.95000000000000284, -13.35186151901900153, 13.59157429275663986 ) ) ;
#4746 = VECTOR ( 'NONE', #4276, 1000.000000000000000 ) ;
#4747 = EDGE_LOOP ( 'NONE', ( #1267, #8067, #10617, #5119 ) ) ;
#4748 = DIRECTION ( 'NONE',  ( 0.000000000000000000, 1.000000000000000000, 0.000000000000000000 ) ) ;
#4749 = DIRECTION ( 'NONE',  ( 0.000000000000000000, 1.000000000000000000, 0.000000000000000000 ) ) ;
#4750 = ADVANCED_FACE ( 'NONE', ( #11149 ), #6498, .T. ) ;
#4751 = CARTESIAN_POINT ( 'NONE',  ( 11.47986777450934071, -19.59572363525344940, -41.73560707190264907 ) ) ;
#4752 = ORIENTED_EDGE ( 'NONE', *, *, #5104, .F. ) ;
#4753 = AXIS2_PLACEMENT_3D ( 'NONE', #4295, #10800, #8072 ) ;
#4754 = CARTESIAN_POINT ( 'NONE',  ( -42.95000000000000284, -6.812339080949070258, -4.174678339511959990 ) ) ;
#4755 = AXIS2_PLACEMENT_3D ( 'NONE', #1638, #11776, #5273 ) ;
#4756 = FILL_AREA_STYLE_COLOUR ( '', #5951 ) ;
#4757 = EDGE_LOOP ( 'NONE', ( #6718, #3837 ) ) ;
#4758 = FACE_OUTER_BOUND ( 'NONE', #5298, .T. ) ;
#4759 = DIRECTION ( 'NONE',  ( 0.000000000000000000, 0.000000000000000000, -1.000000000000000000 ) ) ;
#4760 = AXIS2_PLACEMENT_3D ( 'NONE', #10539, #6055, #7082 ) ;
#4761 = DIRECTION ( 'NONE',  ( 1.000000000000000000, 0.000000000000000000, 0.000000000000000000 ) ) ;
#4762 = CARTESIAN_POINT ( 'NONE',  ( -40.40752813248528241, -17.39071804409692490, 27.91367171480027665 ) ) ;
#4763 = ORIENTED_EDGE ( 'NONE', *, *, #5511, .F. ) ;
#4764 = DIRECTION ( 'NONE',  ( -1.000000000000000000, 0.000000000000000000, 1.674039542559039894E-16 ) ) ;
#4765 = VECTOR ( 'NONE', #2388, 1000.000000000000000 ) ;
#4766 = VERTEX_POINT ( 'NONE', #2744 ) ;
#4767 = CARTESIAN_POINT ( 'NONE',  ( 39.48165284103090045, -7.620694738669619106, -27.99336688811829887 ) ) ;
#4768 = ORIENTED_EDGE ( 'NONE', *, *, #10947, .T. ) ;
#4769 = CARTESIAN_POINT ( 'NONE',  ( -40.95000000000000284, -6.005348250362779972, -29.44533001181680021 ) ) ;
#4770 = AXIS2_PLACEMENT_3D ( 'NONE', #1716, #11636, #9012 ) ;
#4771 = DIRECTION ( 'NONE',  ( 0.000000000000000000, 0.000000000000000000, -1.000000000000000000 ) ) ;
#4772 = B_SPLINE_CURVE_WITH_KNOTS ( 'NONE', 3,
 ( #4983, #3962, #11251, #6836, #7503, #6598, #2237, #4088, #10468, #9466, #9287, #3858, #7681, #3142, #7613, #9414, #8646, #7737, #10293 ),
 .UNSPECIFIED., .F., .F.,
 ( 4, 2, 2, 2, 1, 1, 1, 2, 2, 2, 4 ),
 ( 0.000000000000000000, 0.2499999999997563060, 0.3749999999996341260, 0.4374999999995728972, 0.4687499999995449196, 0.4843749999995297095, 0.4921874999995211608, 0.4960937499995178857, 0.4999999999995144995, 0.7499999999997571942, 1.000000000000000000 ),
 .UNSPECIFIED. ) ;
#4773 = CARTESIAN_POINT ( 'NONE',  ( 39.46111111111110148, -8.005348250362779083, 34.00321122188300649 ) ) ;
#4774 = TOROIDAL_SURFACE ( 'NONE', #8799, 4.116680757979504612, 1.000000000000000000 ) ;
#4775 = CARTESIAN_POINT ( 'NONE',  ( 26.17521255836624761, -19.50126926530689886, -41.85903078332098204 ) ) ;
#4776 = EDGE_CURVE ( 'NONE', #5645, #9080, #7702, .T. ) ;
#4777 = CIRCLE ( 'NONE', #5166, 2.100000000000000977 ) ;
#4778 = CARTESIAN_POINT ( 'NONE',  ( 40.76262350019269576, -17.50534825036275066, -27.60723173909904915 ) ) ;
#4779 = DIRECTION ( 'NONE',  ( 0.000000000000000000, 0.000000000000000000, 1.000000000000000000 ) ) ;
#4780 = DIRECTION ( 'NONE',  ( 0.000000000000000000, 1.000000000000000000, 0.000000000000000000 ) ) ;
#4781 = EDGE_LOOP ( 'NONE', ( #4313, #2450, #4882, #10105 ) ) ;
#4782 = CARTESIAN_POINT ( 'NONE',  ( 40.95000000000000284, -8.442965065086250220, -17.42388651947759826 ) ) ;
#4783 = VERTEX_POINT ( 'NONE', #8173 ) ;
#4784 = DIRECTION ( 'NONE',  ( 0.000000000000000000, -1.000000000000000000, 0.000000000000000000 ) ) ;
#4785 = ORIENTED_EDGE ( 'NONE', *, *, #9265, .F. ) ;
#4786 = VECTOR ( 'NONE', #8591, 1000.000000000000000 ) ;
#4787 = CIRCLE ( 'NONE', #4022, 0.3594872681224065558 ) ;
#4788 = ORIENTED_EDGE ( 'NONE', *, *, #7750, .F. ) ;
#4789 = VECTOR ( 'NONE', #7254, 1000.000000000000227 ) ;
#4791 = ORIENTED_EDGE ( 'NONE', *, *, #865, .T. ) ;
#4790 = EDGE_CURVE ( 'NONE', #10151, #11627, #5540, .T. ) ;
#4792 = ADVANCED_FACE ( 'NONE', ( #4758 ), #2973, .F. ) ;
#4793 = AXIS2_PLACEMENT_3D ( 'NONE', #9956, #1952, #7447 ) ;
#4794 = CARTESIAN_POINT ( 'NONE',  ( 10.77913486563496726, -19.63187127623644201, -41.89377263946788332 ) ) ;
#4795 = AXIS2_PLACEMENT_3D ( 'NONE', #7431, #4496, #2715 ) ;
#4796 = DIRECTION ( 'NONE',  ( -1.000000000000000000, 0.000000000000000000, 0.000000000000000000 ) ) ;
#4797 = CARTESIAN_POINT ( 'NONE',  ( -42.95000000000000284, -13.35186151901900153, 13.23208702463423947 ) ) ;
#4798 = ADVANCED_FACE ( 'NONE', ( #4581 ), #10141, .T. ) ;
#4799 = ORIENTED_EDGE ( 'NONE', *, *, #8310, .T. ) ;
#4800 = CARTESIAN_POINT ( 'NONE',  ( 42.95000000000000284, -13.35186151901900153, -0.4084257072433690183 ) ) ;
#4801 = ORIENTED_EDGE ( 'NONE', *, *, #10359, .F. ) ;
#4802 = CARTESIAN_POINT ( 'NONE',  ( 37.75000000000000000, -7.005348250362779972, 30.94999999999999929 ) ) ;
#4803 = DIRECTION ( 'NONE',  ( 0.000000000000000000, -1.000000000000000000, 0.000000000000000000 ) ) ;
#4804 = AXIS2_PLACEMENT_3D ( 'NONE', #4823, #302, #4045 ) ;
#4805 = AXIS2_PLACEMENT_3D ( 'NONE', #6992, #6803, #3162 ) ;
#4806 = EDGE_LOOP ( 'NONE', ( #6614, #8112 ) ) ;
#4807 = FACE_OUTER_BOUND ( 'NONE', #10563, .T. ) ;
#4808 = CARTESIAN_POINT ( 'NONE',  ( -39.50253182032950150, -7.483710778396360119, -33.81297386397685045 ) ) ;
#4809 = CARTESIAN_POINT ( 'NONE',  ( 18.62963360958150005, -23.50534825036275066, -34.03619997939700426 ) ) ;
#4810 = CARTESIAN_POINT ( 'NONE',  ( 33.75000000000000000, -17.50534825036275066, 19.94999999999999929 ) ) ;
#4811 = EDGE_CURVE ( 'NONE', #10020, #2788, #9549, .T. ) ;
#4812 = AXIS2_PLACEMENT_3D ( 'NONE', #9929, #10876, #10938 ) ;
#4813 = VERTEX_POINT ( 'NONE', #6800 ) ;
#4814 = AXIS2_PLACEMENT_3D ( 'NONE', #5710, #8595, #9617 ) ;
#4815 = CARTESIAN_POINT ( 'NONE',  ( -25.55000000000000071, -19.50534825036275066, 27.25000000000000000 ) ) ;
#4816 = CARTESIAN_POINT ( 'NONE',  ( 2.950745019243989908, -14.50534825036277908, 40.95000000000000284 ) ) ;
#4817 = EDGE_CURVE ( 'NONE', #2679, #2751, #5028, .T. ) ;
#4818 = VECTOR ( 'NONE', #9421, 1000.000000000000000 ) ;
#4819 = ORIENTED_EDGE ( 'NONE', *, *, #8968, .T. ) ;
#4820 = CARTESIAN_POINT ( 'NONE',  ( 11.18375510163856035, -19.49112018861488949, -41.76897924137650620 ) ) ;
#4821 = ORIENTED_EDGE ( 'NONE', *, *, #9789, .T. ) ;
#4822 = DIRECTION ( 'NONE',  ( 1.000000000000000000, 0.000000000000000000, 0.000000000000000000 ) ) ;
#4823 = CARTESIAN_POINT ( 'NONE',  ( -37.75000000000000000, -8.505348250362779083, 30.94999999999999929 ) ) ;
#4824 = CIRCLE ( 'NONE', #8848, 1.500000000000001332 ) ;
#4825 = VERTEX_POINT ( 'NONE', #3214 ) ;
#4826 = DIRECTION ( 'NONE',  ( 0.000000000000000000, 0.000000000000000000, -1.000000000000000000 ) ) ;
#4827 = CARTESIAN_POINT ( 'NONE',  ( -41.95000000000000284, -18.50534825036275421, 41.45000000000000284 ) ) ;
#4828 = EDGE_LOOP ( 'NONE', ( #10994, #7807, #810, #1377 ) ) ;
#4829 = DIRECTION ( 'NONE',  ( -1.674039542559039894E-16, 0.000000000000000000, -1.000000000000000000 ) ) ;
#4830 = CARTESIAN_POINT ( 'NONE',  ( 16.44999999999999929, -12.30534825036276025, 20.75000000000000000 ) ) ;
#4831 = ORIENTED_EDGE ( 'NONE', *, *, #8527, .F. ) ;
#4832 = EDGE_CURVE ( 'NONE', #2084, #1473, #854, .T. ) ;
#4833 = CARTESIAN_POINT ( 'NONE',  ( 9.864412279905758751, -19.73292608046130070, -41.70393699350994865 ) ) ;
#4834 = ORIENTED_EDGE ( 'NONE', *, *, #313, .T. ) ;
#4835 = DIRECTION ( 'NONE',  ( 1.000000000000000000, 0.000000000000000000, 0.000000000000000000 ) ) ;
#4836 = ORIENTED_EDGE ( 'NONE', *, *, #5658, .T. ) ;
#4837 = CARTESIAN_POINT ( 'NONE',  ( -40.95000000000000284, -39.93625626378809557, -2.923378341658004587 ) ) ;
#4838 = FACE_OUTER_BOUND ( 'NONE', #281, .T. ) ;
#4839 = EDGE_CURVE ( 'NONE', #5920, #8798, #1430, .T. ) ;
#4840 = CARTESIAN_POINT ( 'NONE',  ( 16.44999999999999929, -17.50534825036275066, 20.75000000000000000 ) ) ;
#4841 = CARTESIAN_POINT ( 'NONE',  ( 9.629633609581476961, -20.00534825036274000, -40.35128928198102471 ) ) ;
#4842 = DIRECTION ( 'NONE',  ( 0.000000000000000000, 0.000000000000000000, -1.000000000000000000 ) ) ;
#4843 = FACE_OUTER_BOUND ( 'NONE', #7836, .T. ) ;
#4844 = LINE ( 'NONE', #8495, #3308 ) ;
#4845 = ORIENTED_EDGE ( 'NONE', *, *, #9600, .T. ) ;
#4846 = DIRECTION ( 'NONE',  ( -1.000000000000000000, 0.000000000000000000, 1.674039542559039894E-16 ) ) ;
#4847 = ORIENTED_EDGE ( 'NONE', *, *, #2015, .T. ) ;
#4848 = CARTESIAN_POINT ( 'NONE',  ( 39.46111111111110148, -7.005348250362779972, -34.00321122188300649 ) ) ;
#4849 = ORIENTED_EDGE ( 'NONE', *, *, #5307, .F. ) ;
#4850 = EDGE_CURVE ( 'NONE', #7469, #791, #3321, .T. ) ;
#4851 = ORIENTED_EDGE ( 'NONE', *, *, #160, .F. ) ;
#4852 = ORIENTED_EDGE ( 'NONE', *, *, #4456, .F. ) ;
#4853 = CARTESIAN_POINT ( 'NONE',  ( 26.28557816178269846, -19.52540332741558160, -41.61911358967636687 ) ) ;
#4854 = CARTESIAN_POINT ( 'NONE',  ( 12.12963360958148051, -14.50534825036275954, -27.53619997939699715 ) ) ;
#4855 = ADVANCED_FACE ( 'NONE', ( #3283 ), #2203, .T. ) ;
#4856 = CARTESIAN_POINT ( 'NONE',  ( 16.44999999999999929, -17.50534825036275066, 19.00000000000000000 ) ) ;
#4857 = DIRECTION ( 'NONE',  ( 0.000000000000000000, 0.000000000000000000, 1.000000000000000000 ) ) ;
#4858 = EDGE_LOOP ( 'NONE', ( #10061, #11426, #11148, #5563 ) ) ;
#4859 = CARTESIAN_POINT ( 'NONE',  ( 10.43077725932288757, -19.66582744525015514, -41.84212839365887504 ) ) ;
#4860 = VERTEX_POINT ( 'NONE', #482 ) ;
#4861 = LINE ( 'NONE', #5517, #4546 ) ;
#4862 = DIRECTION ( 'NONE',  ( 0.000000000000000000, 0.000000000000000000, -1.000000000000000000 ) ) ;
#4863 = ADVANCED_FACE ( 'NONE', ( #3158 ), #4103, .F. ) ;
#4864 = PLANE ( 'NONE',  #1710 ) ;
#4865 = CARTESIAN_POINT ( 'NONE',  ( -40.95000000000002416, -7.961971048009361951, -33.20430997533506456 ) ) ;
#4866 = ORIENTED_EDGE ( 'NONE', *, *, #8350, .T. ) ;
#4867 = CARTESIAN_POINT ( 'NONE',  ( 27.74107742746965144, -19.50534825036275066, -41.95000000000000284 ) ) ;
#4868 = DIRECTION ( 'NONE',  ( 0.000000000000000000, 0.000000000000000000, -1.000000000000000000 ) ) ;
#4869 = ORIENTED_EDGE ( 'NONE', *, *, #5511, .T. ) ;
#4870 = CYLINDRICAL_SURFACE ( 'NONE', #8069, 1.000000000000000888 ) ;
#4871 = DIRECTION ( 'NONE',  ( 0.000000000000000000, 0.000000000000000000, 1.000000000000000000 ) ) ;
#4872 = ORIENTED_EDGE ( 'NONE', *, *, #739, .F. ) ;
#4873 = CARTESIAN_POINT ( 'NONE',  ( 11.24099380593819930, -19.51134869472189948, -41.70240336857690266 ) ) ;
#4874 = VERTEX_POINT ( 'NONE', #7700 ) ;
#4875 = CARTESIAN_POINT ( 'NONE',  ( -20.15000000000000213, -19.50534825036275066, 28.25000000000000000 ) ) ;
#4876 = ORIENTED_EDGE ( 'NONE', *, *, #10516, .T. ) ;
#4877 = EDGE_CURVE ( 'NONE', #3222, #4860, #11247, .T. ) ;
#4878 = CARTESIAN_POINT ( 'NONE',  ( -37.75000000000000000, -16.50534825036275066, 30.94999999999999929 ) ) ;
#4879 = DIRECTION ( 'NONE',  ( 0.000000000000000000, 0.000000000000000000, -1.000000000000000000 ) ) ;
#4880 = DIRECTION ( 'NONE',  ( 0.000000000000000000, 0.000000000000000000, -1.000000000000000000 ) ) ;
#4881 = DIRECTION ( 'NONE',  ( 0.000000000000000000, -1.000000000000000000, 0.000000000000000000 ) ) ;
#4882 = ORIENTED_EDGE ( 'NONE', *, *, #7452, .T. ) ;
#4883 = CARTESIAN_POINT ( 'NONE',  ( -40.95000000000000284, -6.005348250362779972, -32.36774468787579195 ) ) ;
#4884 = ORIENTED_EDGE ( 'NONE', *, *, #5413, .T. ) ;
#4885 = CYLINDRICAL_SURFACE ( 'NONE', #2351, 0.3594872681224082767 ) ;
#4886 = ORIENTED_EDGE ( 'NONE', *, *, #4605, .F. ) ;
#4887 = EDGE_CURVE ( 'NONE', #8912, #3789, #3030, .T. ) ;
#4888 = CARTESIAN_POINT ( 'NONE',  ( 18.62963360958150005, -22.29256159040334850, -39.15288073737649910 ) ) ;
#4889 = EDGE_CURVE ( 'NONE', #3479, #1666, #39, .T. ) ;
#4890 = DIRECTION ( 'NONE',  ( 0.000000000000000000, 0.000000000000000000, 1.000000000000000000 ) ) ;
#4891 = EDGE_CURVE ( 'NONE', #4421, #3865, #10870, .T. ) ;
#4892 = CARTESIAN_POINT ( 'NONE',  ( 41.95000000000000284, -3.705348250362780149, 41.45000000000000284 ) ) ;
#4893 = CARTESIAN_POINT ( 'NONE',  ( 10.12963360958148051, -20.00534825036275066, -40.21794919243114919 ) ) ;
#4894 = CARTESIAN_POINT ( 'NONE',  ( 42.95000000000000284, -6.511642939418550213, -10.52160390712536042 ) ) ;
#4895 = DIRECTION ( 'NONE',  ( 0.000000000000000000, 0.000000000000000000, 1.000000000000000000 ) ) ;
#4896 = CARTESIAN_POINT ( 'NONE',  ( 25.97654832417175186, -19.52083218019510014, -41.70193071393060080 ) ) ;
#4897 = ORIENTED_EDGE ( 'NONE', *, *, #9989, .F. ) ;
#4898 = LINE ( 'NONE', #10447, #1123 ) ;
#4899 = ORIENTED_EDGE ( 'NONE', *, *, #11631, .F. ) ;
#4900 = EDGE_CURVE ( 'NONE', #7821, #2882, #9430, .T. ) ;
#4901 = CARTESIAN_POINT ( 'NONE',  ( 16.44999999999999929, -16.51385150205409857, 18.35000000000000142 ) ) ;
#4902 = ORIENTED_EDGE ( 'NONE', *, *, #4932, .T. ) ;
#4903 = ORIENTED_EDGE ( 'NONE', *, *, #1636, .F. ) ;
#4904 = ORIENTED_EDGE ( 'NONE', *, *, #7774, .F. ) ;
#4905 = CARTESIAN_POINT ( 'NONE',  ( 11.07286271592214000, -19.16668538707589775, -42.10559908681239705 ) ) ;
#4906 = DIRECTION ( 'NONE',  ( 1.000000000000000000, -3.928375104880024591E-14, 2.012279232133095220E-13 ) ) ;
#4907 = DIRECTION ( 'NONE',  ( -1.000000000000000000, 0.000000000000000000, 0.000000000000000000 ) ) ;
#4908 = CARTESIAN_POINT ( 'NONE',  ( -37.75000000000000000, -19.00534825036275421, 33.05000000000000426 ) ) ;
#4909 = VECTOR ( 'NONE', #4572, 1000.000000000000000 ) ;
#4910 = VERTEX_POINT ( 'NONE', #5060 ) ;
#4911 = CARTESIAN_POINT ( 'NONE',  ( -41.45000000000000284, -19.50534825036275066, 41.95000000000000284 ) ) ;
#4912 = ORIENTED_EDGE ( 'NONE', *, *, #9373, .F. ) ;
#4913 = DIRECTION ( 'NONE',  ( 0.000000000000000000, 0.000000000000000000, -1.000000000000000000 ) ) ;
#4914 = CARTESIAN_POINT ( 'NONE',  ( 18.62963360958150005, -19.50534825036275066, -26.53619997939700070 ) ) ;
#4915 = AXIS2_PLACEMENT_3D ( 'NONE', #11724, #5446, #1690 ) ;
#4916 = CARTESIAN_POINT ( 'NONE',  ( -40.95000000000000284, -7.688764287217829008, 34.85385424345174954 ) ) ;
#4917 = VECTOR ( 'NONE', #10408, 1000.000000000000227 ) ;
#4918 = CARTESIAN_POINT ( 'NONE',  ( -40.95000000000000284, -6.343180952845909992, -33.82690014727899808 ) ) ;
#4919 = VERTEX_POINT ( 'NONE', #10555 ) ;
#4920 = CARTESIAN_POINT ( 'NONE',  ( 27.62700336604279983, -19.95289173864474819, -40.80546168567610010 ) ) ;
#4921 = CARTESIAN_POINT ( 'NONE',  ( -20.15000000000000213, -17.50534825036275066, 23.85000000000000142 ) ) ;
#4922 = DIRECTION ( 'NONE',  ( 0.000000000000000000, 1.000000000000000000, 0.000000000000000000 ) ) ;
#4923 = EDGE_LOOP ( 'NONE', ( #1463, #5723, #1070, #2752 ) ) ;
#4924 = FACE_OUTER_BOUND ( 'NONE', #2171, .T. ) ;
#4925 = LINE ( 'NONE', #4149, #9116 ) ;
#4926 = ORIENTED_EDGE ( 'NONE', *, *, #4962, .T. ) ;
#4927 = CARTESIAN_POINT ( 'NONE',  ( 11.16404081107925883, -19.50035387369370099, -41.85013250759185155 ) ) ;
#4928 = AXIS2_PLACEMENT_3D ( 'NONE', #8455, #6471, #3008 ) ;
#4929 = VERTEX_POINT ( 'NONE', #10379 ) ;
#4930 = FACE_OUTER_BOUND ( 'NONE', #10940, .T. ) ;
#4931 = ORIENTED_EDGE ( 'NONE', *, *, #1142, .T. ) ;
#4932 = EDGE_CURVE ( 'NONE', #8556, #1994, #8713, .T. ) ;
#4933 = CYLINDRICAL_SURFACE ( 'NONE', #4814, 2.100000000000000977 ) ;
#4934 = CARTESIAN_POINT ( 'NONE',  ( -22.84999999999999787, -17.50534825036275066, 26.55000000000000071 ) ) ;
#4935 = DIRECTION ( 'NONE',  ( 0.000000000000000000, -1.000000000000000000, 0.000000000000000000 ) ) ;
#4936 = CIRCLE ( 'NONE', #3237, 0.3594872681224065558 ) ;
#4937 = CARTESIAN_POINT ( 'NONE',  ( -37.75000000000000000, -2.505348250362775087, 31.85000000000000497 ) ) ;
#4938 = ADVANCED_FACE ( 'NONE', ( #6928 ), #2380, .F. ) ;
#4939 = ORIENTED_EDGE ( 'NONE', *, *, #5706, .F. ) ;
#4940 = CARTESIAN_POINT ( 'NONE',  ( 10.62963360958146453, -20.00534825036274000, -40.29270740292374597 ) ) ;
#4941 = PLANE ( 'NONE',  #7423 ) ;
#4942 = ORIENTED_EDGE ( 'NONE', *, *, #2712, .T. ) ;
#4943 = AXIS2_PLACEMENT_3D ( 'NONE', #1654, #5957, #11635 ) ;
#4944 = EDGE_CURVE ( 'NONE', #3127, #5382, #6988, .T. ) ;
#4945 = CARTESIAN_POINT ( 'NONE',  ( 39.50243578279835077, -7.484319576944930219, 28.08659665094334912 ) ) ;
#4946 = ORIENTED_EDGE ( 'NONE', *, *, #7137, .F. ) ;
#4947 = LINE ( 'NONE', #5017, #4765 ) ;
#4948 = CIRCLE ( 'NONE', #9533, 2.000000000000001776 ) ;
#4949 = CARTESIAN_POINT ( 'NONE',  ( -25.55000000000000071, -17.50534825036275066, 24.54999999999999716 ) ) ;
#4950 = VECTOR ( 'NONE', #3717, 1000.000000000000000 ) ;
#4951 = CARTESIAN_POINT ( 'NONE',  ( -28.25000000000000000, -19.50534825036275066, 20.15000000000000213 ) ) ;
#4952 = CARTESIAN_POINT ( 'NONE',  ( 42.95000000000000284, -6.661991010183810680, -3.848141123318665091 ) ) ;
#4953 = CARTESIAN_POINT ( 'NONE',  ( -39.68683847464117775, -7.082904451479698160, 28.80173189810750145 ) ) ;
#4954 = EDGE_CURVE ( 'NONE', #1794, #3537, #10609, .T. ) ;
#4955 = AXIS2_PLACEMENT_3D ( 'NONE', #2629, #2695, #7126 ) ;
#4956 = DIRECTION ( 'NONE',  ( 0.000000000000000000, -1.000000000000000000, 0.000000000000000000 ) ) ;
#4957 = DIRECTION ( 'NONE',  ( 0.000000000000000000, 0.000000000000000000, 1.000000000000000000 ) ) ;
#4958 = EDGE_CURVE ( 'NONE', #7260, #11002, #2430, .T. ) ;
#4959 = DIRECTION ( 'NONE',  ( 0.000000000000000000, 0.000000000000000000, -1.000000000000000000 ) ) ;
#4960 = ORIENTED_EDGE ( 'NONE', *, *, #11127, .T. ) ;
#4961 = DIRECTION ( 'NONE',  ( 0.000000000000000000, -1.000000000000000000, 0.000000000000000000 ) ) ;
#4962 = EDGE_CURVE ( 'NONE', #2788, #5087, #7855, .T. ) ;
#4963 = VECTOR ( 'NONE', #4698, 1000.000000000000000 ) ;
#4964 = ORIENTED_EDGE ( 'NONE', *, *, #2637, .F. ) ;
#4965 = CARTESIAN_POINT ( 'NONE',  ( 39.95000000000000284, -8.005348250362779083, 34.87555728527809151 ) ) ;
#4966 = ORIENTED_EDGE ( 'NONE', *, *, #2844, .F. ) ;
#4967 = ORIENTED_EDGE ( 'NONE', *, *, #9914, .F. ) ;
#4968 = EDGE_LOOP ( 'NONE', ( #1567, #4099 ) ) ;
#4969 = AXIS2_PLACEMENT_3D ( 'NONE', #5366, #6078, #8000 ) ;
#4970 = AXIS2_PLACEMENT_3D ( 'NONE', #619, #5071, #551 ) ;
#4971 = CARTESIAN_POINT ( 'NONE',  ( 26.57827212713253573, -19.78377273173641626, -41.28359620972707233 ) ) ;
#4972 = DIRECTION ( 'NONE',  ( 0.000000000000000000, -1.000000000000000000, 0.000000000000000000 ) ) ;
#4973 = CARTESIAN_POINT ( 'NONE',  ( 40.95000000000000284, -8.005348250362779083, 27.02444271472185022 ) ) ;
#4974 = CARTESIAN_POINT ( 'NONE',  ( 39.81137610787308034, -7.014110170997533089, 32.66388069926735938 ) ) ;
#4975 = AXIS2_PLACEMENT_3D ( 'NONE', #8645, #6054, #7920 ) ;
#4976 = ORIENTED_EDGE ( 'NONE', *, *, #3043, .F. ) ;
#4977 = CYLINDRICAL_SURFACE ( 'NONE', #10642, 0.9000000000000014655 ) ;
#4978 = VECTOR ( 'NONE', #4972, 1000.000000000000000 ) ;
#4979 = ORIENTED_EDGE ( 'NONE', *, *, #11467, .F. ) ;
#4980 = CARTESIAN_POINT ( 'NONE',  ( 41.45000000000000284, -1.705348250362779927, 42.05481555856610498 ) ) ;
#4981 = CARTESIAN_POINT ( 'NONE',  ( -37.75000000000000000, -8.505348250362779083, 33.05000000000000426 ) ) ;
#4982 = SURFACE_STYLE_USAGE ( .BOTH. , #11372 ) ;
#4983 = CARTESIAN_POINT ( 'NONE',  ( 10.34253243444682013, -19.68291636587315097, -41.83452994616209963 ) ) ;
#4984 = CARTESIAN_POINT ( 'NONE',  ( -40.95000000000003837, -7.781058823003478508, -33.22299614899582565 ) ) ;
#4985 = AXIS2_PLACEMENT_3D ( 'NONE', #7479, #2096, #8494 ) ;
#4986 = ORIENTED_EDGE ( 'NONE', *, *, #5816, .F. ) ;
#4987 = ADVANCED_FACE ( 'NONE', ( #901 ), #2512, .F. ) ;
#4988 = CARTESIAN_POINT ( 'NONE',  ( 27.74107742746965144, -19.50534825036275066, -41.95000000000000284 ) ) ;
#4989 = CARTESIAN_POINT ( 'NONE',  ( 27.15841074410882072, -19.68291636587315452, -41.83452994616210674 ) ) ;
#4990 = DIRECTION ( 'NONE',  ( -1.492235248152091785E-16, 0.000000000000000000, 1.000000000000000000 ) ) ;
#4991 = EDGE_LOOP ( 'NONE', ( #10628, #2545 ) ) ;
#4992 = DIRECTION ( 'NONE',  ( -1.000000000000000000, 0.000000000000000000, 0.000000000000000000 ) ) ;
#4993 = CARTESIAN_POINT ( 'NONE',  ( -28.25000000000000000, -17.50534825036275066, 27.25000000000000000 ) ) ;
#4994 = ORIENTED_EDGE ( 'NONE', *, *, #6599, .F. ) ;
#4995 = CARTESIAN_POINT ( 'NONE',  ( 18.62963360958150005, -21.50534825036274711, -34.03619997939700426 ) ) ;
#4996 = AXIS2_PLACEMENT_3D ( 'NONE', #2355, #3424, #8919 ) ;
#4997 = AXIS2_PLACEMENT_3D ( 'NONE', #2567, #4236, #7001 ) ;
#4998 = CIRCLE ( 'NONE', #8633, 1.000000000000000888 ) ;
#4999 = AXIS2_PLACEMENT_3D ( 'NONE', #5840, #9486, #127 ) ;
#5000 = ORIENTED_EDGE ( 'NONE', *, *, #28, .T. ) ;
#5001 = PLANE ( 'NONE',  #4597 ) ;
#5002 = VECTOR ( 'NONE', #4113, 1000.000000000000000 ) ;
#5003 = EDGE_CURVE ( 'NONE', #11293, #836, #5367, .T. ) ;
#5004 = DIRECTION ( 'NONE',  ( 0.000000000000000000, 0.000000000000000000, -1.000000000000000000 ) ) ;
#5005 = FACE_OUTER_BOUND ( 'NONE', #2259, .T. ) ;
#5006 = CARTESIAN_POINT ( 'NONE',  ( 42.95000000000000284, -13.35186151901900153, 13.23208702463421993 ) ) ;
#5007 = VECTOR ( 'NONE', #7847, 1000.000000000000000 ) ;
#5008 = DIRECTION ( 'NONE',  ( -1.000000000000000000, 0.000000000000000000, 0.000000000000000000 ) ) ;
#5009 = CIRCLE ( 'NONE', #10929, 2.100000000000000977 ) ;
#5010 = ORIENTED_EDGE ( 'NONE', *, *, #2396, .T. ) ;
#5011 = CARTESIAN_POINT ( 'NONE',  ( 10.65065015466973541, -19.86190087925587022, -41.10021969677871567 ) ) ;
#5012 = CARTESIAN_POINT ( 'NONE',  ( 26.05169868903059793, -19.51145944895224815, -41.62778188315304817 ) ) ;
#5013 = VERTEX_POINT ( 'NONE', #8187 ) ;
#5014 = EDGE_CURVE ( 'NONE', #8596, #11053, #570, .T. ) ;
#5015 = LINE ( 'NONE', #606, #5402 ) ;
#5016 = ORIENTED_EDGE ( 'NONE', *, *, #2093, .F. ) ;
#5017 = CARTESIAN_POINT ( 'NONE',  ( 41.45000000000000284, -19.68291636587315097, -41.83452994616209963 ) ) ;
#5018 = EDGE_CURVE ( 'NONE', #4181, #736, #8765, .T. ) ;
#5019 = LINE ( 'NONE', #10439, #2340 ) ;
#5020 = CARTESIAN_POINT ( 'NONE',  ( -37.75000000000000000, -8.505348250362779083, 30.05000000000000071 ) ) ;
#5021 = CARTESIAN_POINT ( 'NONE',  ( -39.46111111111110148, -16.50534825036275066, 27.89678877811699920 ) ) ;
#5022 = CARTESIAN_POINT ( 'NONE',  ( 42.95000000000000284, -13.35186151901900153, 6.232087024634219929 ) ) ;
#5023 = DIRECTION ( 'NONE',  ( 0.000000000000000000, 0.000000000000000000, -1.000000000000000000 ) ) ;
#5024 = CARTESIAN_POINT ( 'NONE',  ( -39.52010732761962686, -16.58203264075316241, -33.97014797330791680 ) ) ;
#5025 = ORIENTED_EDGE ( 'NONE', *, *, #924, .F. ) ;
#5026 = DIRECTION ( 'NONE',  ( 0.000000000000000000, 0.000000000000000000, -1.000000000000000000 ) ) ;
#5027 = ORIENTED_EDGE ( 'NONE', *, *, #11452, .T. ) ;
#5028 = CIRCLE ( 'NONE', #6945, 0.5000000000000004441 ) ;
#5029 = CARTESIAN_POINT ( 'NONE',  ( -39.80391514346865023, -16.90515819075113058, 33.88604496474378891 ) ) ;
#5030 = ORIENTED_EDGE ( 'NONE', *, *, #11212, .F. ) ;
#5031 = EDGE_LOOP ( 'NONE', ( #10633, #283 ) ) ;
#5032 = ORIENTED_EDGE ( 'NONE', *, *, #1876, .F. ) ;
#5033 = EDGE_CURVE ( 'NONE', #791, #2652, #2932, .T. ) ;
#5034 = CARTESIAN_POINT ( 'NONE',  ( -41.95000000000000284, -3.705348250362780149, 41.45000000000000284 ) ) ;
#5035 = LINE ( 'NONE', #10097, #9942 ) ;
#5036 = CYLINDRICAL_SURFACE ( 'NONE', #5861, 1.000000000000000888 ) ;
#5037 = CARTESIAN_POINT ( 'NONE',  ( -41.45000000000000284, -3.705348250362780149, -41.95000000000000284 ) ) ;
#5038 = ORIENTED_EDGE ( 'NONE', *, *, #5033, .F. ) ;
#5039 = DIRECTION ( 'NONE',  ( 0.000000000000000000, -1.000000000000000000, 0.000000000000000000 ) ) ;
#5040 = ORIENTED_EDGE ( 'NONE', *, *, #9325, .F. ) ;
#5041 = DIRECTION ( 'NONE',  ( 0.000000000000000000, -1.000000000000000000, 0.000000000000000000 ) ) ;
#5042 = DIRECTION ( 'NONE',  ( 0.000000000000000000, -1.000000000000000000, 0.000000000000000000 ) ) ;
#5043 = CARTESIAN_POINT ( 'NONE',  ( -40.95000000000000284, -7.780785202909377141, 33.22296831475401291 ) ) ;
#5044 = CARTESIAN_POINT ( 'NONE',  ( 39.95000000000000284, -7.005348250362779972, -27.02444271472185022 ) ) ;
#5045 = ADVANCED_FACE ( 'NONE', ( #1981 ), #8559, .F. ) ;
#5046 = CARTESIAN_POINT ( 'NONE',  ( 42.95000000000000284, -6.661991010183810680, -10.84814112331866021 ) ) ;
#5047 = LINE ( 'NONE', #10082, #9360 ) ;
#5048 = CARTESIAN_POINT ( 'NONE',  ( 12.12963360958148051, -17.50534825036275066, -40.53619997939700426 ) ) ;
#5049 = ORIENTED_EDGE ( 'NONE', *, *, #11793, .T. ) ;
#5050 = CARTESIAN_POINT ( 'NONE',  ( -28.25000000000000000, -17.50534825036275066, 23.85000000000000142 ) ) ;
#5051 = LINE ( 'NONE', #5883, #2437 ) ;
#5052 = ORIENTED_EDGE ( 'NONE', *, *, #4438, .T. ) ;
#5053 = CARTESIAN_POINT ( 'NONE',  ( 28.12963360958149650, -19.50534825036275066, -40.36964599647974694 ) ) ;
#5054 = CARTESIAN_POINT ( 'NONE',  ( 42.95000000000000284, -6.511642939418550213, -10.52160390712536042 ) ) ;
#5055 = EDGE_LOOP ( 'NONE', ( #5647, #1853, #6496, #5994 ) ) ;
#5056 = EDGE_CURVE ( 'NONE', #5109, #8101, #9971, .T. ) ;
#5057 = CARTESIAN_POINT ( 'NONE',  ( 39.68687365923249644, -7.082876106798519977, -33.09814382815069678 ) ) ;
#5058 = CARTESIAN_POINT ( 'NONE',  ( 42.95000000000000284, -6.511642939418550213, -10.52160390712536042 ) ) ;
#5059 = CARTESIAN_POINT ( 'NONE',  ( -28.25000000000000000, -17.50534825036275066, 31.94999999999999929 ) ) ;
#5060 = CARTESIAN_POINT ( 'NONE',  ( 9.823911700637349753, -19.74633850339374774, -41.65092130572939766 ) ) ;
#5061 = DIRECTION ( 'NONE',  ( 0.000000000000000000, 0.000000000000000000, -1.000000000000000000 ) ) ;
#5062 = ORIENTED_EDGE ( 'NONE', *, *, #7734, .F. ) ;
#5063 = CARTESIAN_POINT ( 'NONE',  ( 10.88126797233111809, -19.57005286557306434, -41.57990466226998905 ) ) ;
#5064 = CARTESIAN_POINT ( 'NONE',  ( 26.54384423280770022, -19.72221178096459937, -41.39595774740779888 ) ) ;
#5065 = PLANE ( 'NONE',  #1784 ) ;
#5066 = ORIENTED_EDGE ( 'NONE', *, *, #9084, .F. ) ;
#5067 = FACE_OUTER_BOUND ( 'NONE', #5913, .T. ) ;
#5068 = CARTESIAN_POINT ( 'NONE',  ( -28.25000000000000000, -19.50534825036275066, 31.94999999999999929 ) ) ;
#5069 = CARTESIAN_POINT ( 'NONE',  ( -42.95000000000000284, -13.35186151901900153, 13.59157429275663986 ) ) ;
#5070 = CARTESIAN_POINT ( 'NONE',  ( 9.646636029582392524, -19.88940801810510450, -41.10008281818529952 ) ) ;
#5071 = DIRECTION ( 'NONE',  ( -1.000000000000000000, 0.000000000000000000, 0.000000000000000000 ) ) ;
#5072 = DIRECTION ( 'NONE',  ( 1.000000000000000000, 0.000000000000000000, 0.000000000000000000 ) ) ;
#5073 = CARTESIAN_POINT ( 'NONE',  ( -40.56266777497772580, -17.47201051846627351, -34.07181807990632194 ) ) ;
#5074 = ORIENTED_EDGE ( 'NONE', *, *, #4735, .F. ) ;
#5075 = VERTEX_POINT ( 'NONE', #10157 ) ;
#5076 = CARTESIAN_POINT ( 'NONE',  ( -39.74827593283929161, -16.84624119671870091, -28.00395152199716620 ) ) ;
#5077 = ORIENTED_EDGE ( 'NONE', *, *, #2628, .F. ) ;
#5078 = CARTESIAN_POINT ( 'NONE',  ( -41.95000000000000284, -3.705348250362780149, 41.45000000000000284 ) ) ;
#5079 = ORIENTED_EDGE ( 'NONE', *, *, #4146, .T. ) ;
#5080 = ORIENTED_EDGE ( 'NONE', *, *, #9189, .T. ) ;
#5081 = VERTEX_POINT ( 'NONE', #1078 ) ;
#5082 = DIRECTION ( 'NONE',  ( 0.000000000000000000, 0.000000000000000000, -1.000000000000000000 ) ) ;
#5083 = CARTESIAN_POINT ( 'NONE',  ( -42.95000000000000284, -6.511642939418550213, 3.478396092874660006 ) ) ;
#5084 = EDGE_CURVE ( 'NONE', #7321, #1414, #9844, .T. ) ;
#5085 = CARTESIAN_POINT ( 'NONE',  ( 39.95000000000000284, -8.005348250362779083, 33.87555728527809862 ) ) ;
#5086 = LINE ( 'NONE', #11499, #5007 ) ;
#5087 = VERTEX_POINT ( 'NONE', #5664 ) ;
#5088 = CARTESIAN_POINT ( 'NONE',  ( 37.75000000000000000, -2.505348250362775087, -30.94999999999999929 ) ) ;
#5089 = ORIENTED_EDGE ( 'NONE', *, *, #11231, .F. ) ;
#5090 = EDGE_CURVE ( 'NONE', #1681, #11065, #7386, .T. ) ;
#5091 = CARTESIAN_POINT ( 'NONE',  ( -11.84999999999999964, -13.50534825036277908, 42.95000000000000284 ) ) ;
#5092 = CARTESIAN_POINT ( 'NONE',  ( 9.823911700637349753, -19.74633850339374774, -41.65092130572939766 ) ) ;
#5093 = AXIS2_PLACEMENT_3D ( 'NONE', #2731, #10473, #2959 ) ;
#5094 = DIRECTION ( 'NONE',  ( 0.000000000000000000, 0.000000000000000000, -1.000000000000000000 ) ) ;
#5095 = AXIS2_PLACEMENT_3D ( 'NONE', #8687, #4192, #1404 ) ;
#5096 = DIRECTION ( 'NONE',  ( 0.000000000000000000, 1.000000000000000000, 0.000000000000000000 ) ) ;
#5097 = CARTESIAN_POINT ( 'NONE',  ( 37.75000000000000000, -2.505348250362775087, -30.05000000000000071 ) ) ;
#5098 = VERTEX_POINT ( 'NONE', #4063 ) ;
#5099 = CARTESIAN_POINT ( 'NONE',  ( 18.62963360958150005, -17.50534825036275066, -34.03619997939700426 ) ) ;
#5100 = DIRECTION ( 'NONE',  ( 0.000000000000000000, -1.000000000000000000, 0.000000000000000000 ) ) ;
#5101 = ORIENTED_EDGE ( 'NONE', *, *, #10213, .F. ) ;
#5102 = DIRECTION ( 'NONE',  ( 0.000000000000000000, 0.000000000000000000, -1.000000000000000000 ) ) ;
#5103 = LINE ( 'NONE', #591, #9332 ) ;
#5104 = EDGE_CURVE ( 'NONE', #8081, #2652, #1577, .T. ) ;
#5105 = EDGE_LOOP ( 'NONE', ( #2815, #3681, #11358, #11360 ) ) ;
#5106 = CARTESIAN_POINT ( 'NONE',  ( -37.75000000000000000, -8.005348250362779083, -28.44999999999999929 ) ) ;
#5107 = TOROIDAL_SURFACE ( 'NONE', #1299, 0.5000000000000000000, 1.000000000000000000 ) ;
#5108 = CARTESIAN_POINT ( 'NONE',  ( 41.45000000000000284, -19.50534825036275066, 41.45000000000000284 ) ) ;
#5109 = VERTEX_POINT ( 'NONE', #3233 ) ;
#5110 = CARTESIAN_POINT ( 'NONE',  ( 27.12963360958150005, -20.00534825036275066, -25.94999999999999929 ) ) ;
#5111 = CARTESIAN_POINT ( 'NONE',  ( 18.45000000000000284, -16.51385150205409857, 27.17781907207880110 ) ) ;
#5112 = CARTESIAN_POINT ( 'NONE',  ( -22.84999999999999787, -17.50534825036275066, 27.25000000000000000 ) ) ;
#5113 = VECTOR ( 'NONE', #10589, 1000.000000000000000 ) ;
#5114 = EDGE_LOOP ( 'NONE', ( #9686, #7980, #9987, #409, #10835, #8336, #123, #11747, #511, #6903, #862, #6618 ) ) ;
#5115 = CARTESIAN_POINT ( 'NONE',  ( 42.95000000000000284, -19.50534825036275066, -41.45000000000000284 ) ) ;
#5117 = AXIS2_PLACEMENT_3D ( 'NONE', #5818, #8570, #11370 ) ;
#5116 = DIRECTION ( 'NONE',  ( 1.000000000000000000, 0.000000000000000000, 0.000000000000000000 ) ) ;
#5118 = DIRECTION ( 'NONE',  ( -0.000000000000000000, 1.000000000000000000, 0.000000000000000000 ) ) ;
#5119 = ORIENTED_EDGE ( 'NONE', *, *, #5599, .F. ) ;
#5120 = DIRECTION ( 'NONE',  ( 0.000000000000000000, 0.000000000000000000, -1.000000000000000000 ) ) ;
#5121 = AXIS2_PLACEMENT_3D ( 'NONE', #10394, #10867, #2626 ) ;
#5122 = CARTESIAN_POINT ( 'NONE',  ( 16.44999999999999929, -16.51385150205409857, 20.75000000000000000 ) ) ;
#5123 = CARTESIAN_POINT ( 'NONE',  ( 40.95000000000000284, -6.512581831795140275, 27.80393074040025070 ) ) ;
#5124 = CARTESIAN_POINT ( 'NONE',  ( -42.95000000000000284, -13.35186151901900153, -14.40842570724336014 ) ) ;
#5125 = CARTESIAN_POINT ( 'NONE',  ( 40.95000000000000284, -3.124435791481594560, -5.872705753367510439 ) ) ;
#5126 = CARTESIAN_POINT ( 'NONE',  ( 26.62963360958150005, -20.00534825036275066, 0.000000000000000000 ) ) ;
#5127 = CIRCLE ( 'NONE', #11805, 0.3594872681224082767 ) ;
#5128 = EDGE_CURVE ( 'NONE', #6640, #1085, #10932, .T. ) ;
#5129 = CARTESIAN_POINT ( 'NONE',  ( 40.95000000000000284, -6.160410503181789288, 28.51207248163204966 ) ) ;
#5130 = CARTESIAN_POINT ( 'NONE',  ( -39.71547528415747763, -16.81038561637003070, -33.90336507947136369 ) ) ;
#5131 = VECTOR ( 'NONE', #9037, 1000.000000000000000 ) ;
#5132 = ORIENTED_EDGE ( 'NONE', *, *, #2933, .F. ) ;
#5133 = ORIENTED_EDGE ( 'NONE', *, *, #10257, .F. ) ;
#5134 = VECTOR ( 'NONE', #2833, 1000.000000000000000 ) ;
#5135 = CARTESIAN_POINT ( 'NONE',  ( 39.95000000000000284, -7.005348250362779972, -32.36774468787589853 ) ) ;
#5136 = ORIENTED_EDGE ( 'NONE', *, *, #2659, .T. ) ;
#5137 = CARTESIAN_POINT ( 'NONE',  ( -37.75000000000000000, -8.005348250362779083, 30.94999999999999929 ) ) ;
#5138 = ORIENTED_EDGE ( 'NONE', *, *, #10880, .T. ) ;
#5139 = VERTEX_POINT ( 'NONE', #9568 ) ;
#5140 = VECTOR ( 'NONE', #11437, 1000.000000000000000 ) ;
#5141 = ADVANCED_FACE ( 'NONE', ( #6813 ), #1443, .T. ) ;
#5142 = CIRCLE ( 'NONE', #2850, 1.000000000000000888 ) ;
#5143 = TOROIDAL_SURFACE ( 'NONE', #7662, 2.500000000000000000, 1.000000000000000000 ) ;
#5144 = DIRECTION ( 'NONE',  ( 0.000000000000000000, 0.000000000000000000, -1.000000000000000000 ) ) ;
#5145 = CARTESIAN_POINT ( 'NONE',  ( 18.62963360958150005, -23.50534825036275066, -34.03619997939700426 ) ) ;
#5146 = CARTESIAN_POINT ( 'NONE',  ( -40.76262350019274550, -17.50534825036275066, -34.29276826090089969 ) ) ;
#5147 = AXIS2_PLACEMENT_3D ( 'NONE', #4827, #8714, #5787 ) ;
#5148 = DIRECTION ( 'NONE',  ( 0.000000000000000000, 0.000000000000000000, -1.000000000000000000 ) ) ;
#5149 = VERTEX_POINT ( 'NONE', #9499 ) ;
#5150 = CARTESIAN_POINT ( 'NONE',  ( 41.45000000000000284, -18.50534825036275421, 42.95000000000000284 ) ) ;
#5151 = EDGE_CURVE ( 'NONE', #8857, #3508, #8035, .T. ) ;
#5152 = ORIENTED_EDGE ( 'NONE', *, *, #8777, .T. ) ;
#5153 = DIRECTION ( 'NONE',  ( 0.000000000000000000, 0.9083415329249426851, -0.4182291950158013027 ) ) ;
#5154 = FACE_OUTER_BOUND ( 'NONE', #10678, .T. ) ;
#5155 = AXIS2_PLACEMENT_3D ( 'NONE', #11716, #1744, #9092 ) ;
#5156 = VERTEX_POINT ( 'NONE', #10506 ) ;
#5157 =( NAMED_UNIT ( * ) PLANE_ANGLE_UNIT ( ) SI_UNIT ( $, .RADIAN. ) );
#5158 = ADVANCED_FACE ( 'NONE', ( #6948 ), #3170, .F. ) ;
#5159 = AXIS2_PLACEMENT_3D ( 'NONE', #6418, #11078, #3688 ) ;
#5160 = CARTESIAN_POINT ( 'NONE',  ( -25.55000000000000071, -19.50534825036275066, 28.25000000000000000 ) ) ;
#5161 = ADVANCED_FACE ( 'NONE', ( #10443 ), #1319, .T. ) ;
#5162 = VECTOR ( 'NONE', #7344, 1000.000000000000000 ) ;
#5163 = AXIS2_PLACEMENT_3D ( 'NONE', #11059, #10996, #5339 ) ;
#5164 = DIRECTION ( 'NONE',  ( 0.000000000000000000, 0.000000000000000000, 1.000000000000000000 ) ) ;
#5165 = CARTESIAN_POINT ( 'NONE',  ( 42.95000000000000284, -6.511642939418550213, 17.47839609287465024 ) ) ;
#5166 = AXIS2_PLACEMENT_3D ( 'NONE', #8124, #1734, #8007 ) ;
#5167 = CARTESIAN_POINT ( 'NONE',  ( 40.13014898643579897, -17.20377574254551689, 28.00831841226553109 ) ) ;
#5168 = ORIENTED_EDGE ( 'NONE', *, *, #9402, .T. ) ;
#5169 = CARTESIAN_POINT ( 'NONE',  ( 28.12963360958149650, -20.00534825036275066, -26.55000000000000071 ) ) ;
#5170 = CARTESIAN_POINT ( 'NONE',  ( -40.95000000000000284, -7.378863233335909655, 27.13266638674329911 ) ) ;
#5171 = ORIENTED_EDGE ( 'NONE', *, *, #10967, .T. ) ;
#5172 = CARTESIAN_POINT ( 'NONE',  ( -41.95000000000000284, -19.50534825036275066, -41.45000000000000284 ) ) ;
#5173 = CARTESIAN_POINT ( 'NONE',  ( -40.95000000000000284, -6.005348250362779972, -32.13743420870380163 ) ) ;
#5174 = FACE_OUTER_BOUND ( 'NONE', #8265, .T. ) ;
#5175 = CIRCLE ( 'NONE', #8998, 2.399999999999999467 ) ;
#5176 = AXIS2_PLACEMENT_3D ( 'NONE', #636, #6168, #6102 ) ;
#5177 = CARTESIAN_POINT ( 'NONE',  ( 14.05000000000000071, -19.50534825036275066, 41.45000000000000284 ) ) ;
#5178 = LINE ( 'NONE', #7040, #5900 ) ;
#5179 = EDGE_CURVE ( 'NONE', #4555, #7138, #407, .T. ) ;
#5180 = FACE_OUTER_BOUND ( 'NONE', #4167, .T. ) ;
#5181 = ADVANCED_FACE ( 'NONE', ( #1387 ), #8854, .F. ) ;
#5182 = PLANE ( 'NONE',  #9173 ) ;
#5183 = ORIENTED_EDGE ( 'NONE', *, *, #3605, .F. ) ;
#5184 = CARTESIAN_POINT ( 'NONE',  ( 16.44999999999999929, -17.50534825036275066, 20.75000000000000000 ) ) ;
#5185 = CARTESIAN_POINT ( 'NONE',  ( 27.06812414139495004, -20.03700206938335171, -41.51154884692884650 ) ) ;
#5186 = AXIS2_PLACEMENT_3D ( 'NONE', #9045, #4485, #11770 ) ;
#5187 = CARTESIAN_POINT ( 'NONE',  ( 37.75000000000000000, -7.005348250362779972, -30.94999999999999929 ) ) ;
#5188 = ORIENTED_EDGE ( 'NONE', *, *, #508, .F. ) ;
#5189 = CARTESIAN_POINT ( 'NONE',  ( 18.62963360958150005, -22.29256159040334850, -40.15288073737649199 ) ) ;
#5190 = EDGE_CURVE ( 'NONE', #7407, #4612, #10569, .T. ) ;
#5191 = AXIS2_PLACEMENT_3D ( 'NONE', #8327, #3560, #152 ) ;
#5192 = LINE ( 'NONE', #672, #2898 ) ;
#5193 = AXIS2_PLACEMENT_3D ( 'NONE', #1546, #604, #6935 ) ;
#5194 = CARTESIAN_POINT ( 'NONE',  ( 40.95000000000106866, -7.174405655662600800, 29.23614811585331807 ) ) ;
#5195 = CARTESIAN_POINT ( 'NONE',  ( 26.76998938920736038, -19.65622533177247533, -41.84255152814583312 ) ) ;
#5196 = FACE_OUTER_BOUND ( 'NONE', #1553, .T. ) ;
#5197 = AXIS2_PLACEMENT_3D ( 'NONE', #8723, #7826, #11472 ) ;
#5198 = EDGE_CURVE ( 'NONE', #11175, #5566, #1497, .T. ) ;
#5199 = CARTESIAN_POINT ( 'NONE',  ( -19.25000000000000000, -19.50534825036275066, 19.94999999999999929 ) ) ;
#5200 = CARTESIAN_POINT ( 'NONE',  ( 40.95000000000000284, -6.512590730934210370, 27.80391874050274836 ) ) ;
#5201 = DIRECTION ( 'NONE',  ( 0.000000000000000000, -1.000000000000000000, 0.000000000000000000 ) ) ;
#5202 = AXIS2_PLACEMENT_3D ( 'NONE', #11216, #4060, #3112 ) ;
#5203 = VERTEX_POINT ( 'NONE', #7899 ) ;
#5204 = CARTESIAN_POINT ( 'NONE',  ( 9.710728247987541195, -19.49952898086609565, -42.06245639164454531 ) ) ;
#5205 = ORIENTED_EDGE ( 'NONE', *, *, #10431, .T. ) ;
#5206 = FACE_OUTER_BOUND ( 'NONE', #6509, .T. ) ;
#5207 = ORIENTED_EDGE ( 'NONE', *, *, #9216, .F. ) ;
#5208 = ORIENTED_EDGE ( 'NONE', *, *, #8994, .T. ) ;
#5209 = EDGE_CURVE ( 'NONE', #7722, #9091, #5355, .T. ) ;
#5210 = VECTOR ( 'NONE', #5164, 1000.000000000000000 ) ;
#5211 = CIRCLE ( 'NONE', #9609, 0.3594872681224082767 ) ;
#5212 = EDGE_CURVE ( 'NONE', #7551, #3238, #1561, .T. ) ;
#5213 = DIRECTION ( 'NONE',  ( 1.000000000000000000, 0.000000000000000000, 0.000000000000000000 ) ) ;
#5214 = DIRECTION ( 'NONE',  ( 1.000000000000000000, 0.000000000000000000, 0.000000000000000000 ) ) ;
#5215 = PRODUCT ( '4inch P4C5\X2\540e58f3\X0\-V1.0', '4inch P4C5\X2\540e58f3\X0\-V1.0', '', ( #3260 ) ) ;
#5216 = CARTESIAN_POINT ( 'NONE',  ( -39.97108150203257537, -17.06817855272704776, 28.02456272956500882 ) ) ;
#5217 = DIRECTION ( 'NONE',  ( 0.000000000000000000, -1.000000000000000000, 0.000000000000000000 ) ) ;
#5218 = EDGE_LOOP ( 'NONE', ( #3412, #2127, #9637, #8464, #7926 ) ) ;
#5219 = CARTESIAN_POINT ( 'NONE',  ( 42.95000000000000284, -6.812339080949070258, -11.17467833951197953 ) ) ;
#5220 = ADVANCED_FACE ( 'NONE', ( #11758 ), #7843, .T. ) ;
#5221 = VERTEX_POINT ( 'NONE', #4349 ) ;
#5222 = CARTESIAN_POINT ( 'NONE',  ( 16.44999999999999929, -12.30534825036276025, 20.75000000000000000 ) ) ;
#5223 = CARTESIAN_POINT ( 'NONE',  ( -28.25000000000000000, -17.50534825036275066, 30.94999999999999929 ) ) ;
#5224 = DIRECTION ( 'NONE',  ( 0.000000000000000000, 0.000000000000000000, -1.000000000000000000 ) ) ;
#5225 = LINE ( 'NONE', #3266, #5210 ) ;
#5226 = LINE ( 'NONE', #10773, #6120 ) ;
#5227 = PLANE ( 'NONE',  #1379 ) ;
#5228 = VERTEX_POINT ( 'NONE', #5482 ) ;
#5229 = CARTESIAN_POINT ( 'NONE',  ( 26.13317046348744910, -19.49852178734185060, -41.83335383641659888 ) ) ;
#5230 = CARTESIAN_POINT ( 'NONE',  ( -39.68683847464127723, -7.082904451479429930, -33.09826810189174751 ) ) ;
#5231 = EDGE_CURVE ( 'NONE', #7366, #5704, #4777, .T. ) ;
#5232 = ORIENTED_EDGE ( 'NONE', *, *, #3367, .F. ) ;
#5233 = CARTESIAN_POINT ( 'NONE',  ( -39.56588062948240037, -7.258965039731509528, -28.35191700660270087 ) ) ;
#5234 = CARTESIAN_POINT ( 'NONE',  ( -41.45000000000000284, -19.50534825036275066, -42.95000000000000284 ) ) ;
#5235 = DIRECTION ( 'NONE',  ( 0.000000000000000000, -1.000000000000000000, 0.000000000000000000 ) ) ;
#5236 = CARTESIAN_POINT ( 'NONE',  ( 41.45000000000000284, -19.50534825036275066, 40.95000000000000284 ) ) ;
#5237 = CARTESIAN_POINT ( 'NONE',  ( -37.75000000000000000, -7.005348250362779972, 30.94999999999999929 ) ) ;
#5238 = EDGE_CURVE ( 'NONE', #2520, #11175, #37, .T. ) ;
#5239 = FACE_BOUND ( 'NONE', #4968, .T. ) ;
#5240 = DIRECTION ( 'NONE',  ( 0.000000000000000000, -1.000000000000000000, 0.000000000000000000 ) ) ;
#5241 = ORIENTED_EDGE ( 'NONE', *, *, #1829, .T. ) ;
#5242 = CARTESIAN_POINT ( 'NONE',  ( 40.94999999999993889, -7.005348250362778195, -32.13743420870386558 ) ) ;
#5243 = CARTESIAN_POINT ( 'NONE',  ( 26.76552538855050045, -19.46825003273189836, -41.97415687857475319 ) ) ;
#5244 = EDGE_LOOP ( 'NONE', ( #3075, #1132, #1183, #8362, #201 ) ) ;
#5245 = DIRECTION ( 'NONE',  ( -1.000000000000000000, 0.000000000000000000, 0.000000000000000000 ) ) ;
#5246 = EDGE_LOOP ( 'NONE', ( #5132, #6934, #3324, #4467 ) ) ;
#5247 = EDGE_CURVE ( 'NONE', #1677, #8857, #7081, .T. ) ;
#5248 = FACE_OUTER_BOUND ( 'NONE', #3039, .T. ) ;
#5249 = CARTESIAN_POINT ( 'NONE',  ( -28.25000000000000000, -17.50534825036275066, 30.94999999999999929 ) ) ;
#5250 = CARTESIAN_POINT ( 'NONE',  ( 40.95000000000001705, -7.413187704329549987, 28.90093934766874995 ) ) ;
#5251 = CARTESIAN_POINT ( 'NONE',  ( 26.84666893326197368, -19.66933222556419381, -41.84434031882778271 ) ) ;
#5252 = CARTESIAN_POINT ( 'NONE',  ( 13.12963360958147874, -17.50534825036275066, -28.53619997939700070 ) ) ;
#5253 = FACE_OUTER_BOUND ( 'NONE', #11418, .T. ) ;
#5254 = LINE ( 'NONE', #4350, #9771 ) ;
#5255 = EDGE_CURVE ( 'NONE', #8583, #329, #11651, .T. ) ;
#5256 = DIRECTION ( 'NONE',  ( 0.000000000000000000, 0.000000000000000000, -1.000000000000000000 ) ) ;
#5257 = ORIENTED_EDGE ( 'NONE', *, *, #10187, .T. ) ;
#5258 = CARTESIAN_POINT ( 'NONE',  ( 42.95000000000000284, -6.661991010183810680, -3.848141123318665091 ) ) ;
#5259 = EDGE_LOOP ( 'NONE', ( #449, #10595, #8858, #8774 ) ) ;
#5260 = LINE ( 'NONE', #2579, #7830 ) ;
#5261 = ORIENTED_EDGE ( 'NONE', *, *, #9286, .F. ) ;
#5262 = EDGE_CURVE ( 'NONE', #5156, #1473, #11066, .T. ) ;
#5263 = EDGE_LOOP ( 'NONE', ( #2951, #2764 ) ) ;
#5264 = CARTESIAN_POINT ( 'NONE',  ( -39.71666965375899139, -7.061322562860259389, 32.99382386298135117 ) ) ;
#5265 = LINE ( 'NONE', #5923, #8439 ) ;
#5266 = FACE_OUTER_BOUND ( 'NONE', #3088, .T. ) ;
#5267 = CYLINDRICAL_SURFACE ( 'NONE', #6723, 2.099999999999997868 ) ;
#5268 = EDGE_CURVE ( 'NONE', #328, #8798, #7171, .T. ) ;
#5269 = ORIENTED_EDGE ( 'NONE', *, *, #204, .T. ) ;
#5270 = LINE ( 'NONE', #3549, #1870 ) ;
#5271 = EDGE_LOOP ( 'NONE', ( #7149, #4852, #1037, #4102, #6329, #3821, #2967, #3663 ) ) ;
#5272 = DIRECTION ( 'NONE',  ( 0.000000000000000000, 1.000000000000000000, 0.000000000000000000 ) ) ;
#5273 = DIRECTION ( 'NONE',  ( 0.000000000000000000, 0.000000000000000000, 1.000000000000000000 ) ) ;
#5274 = CARTESIAN_POINT ( 'NONE',  ( -40.95000000000000284, -26.63993307977645131, 25.95457357361719986 ) ) ;
#5275 = CARTESIAN_POINT ( 'NONE',  ( -40.95000000000000284, -13.35186151901900153, -7.767912975365759642 ) ) ;
#5276 = CARTESIAN_POINT ( 'NONE',  ( 26.62963360958150005, -20.00534825036275066, -40.21794919243114919 ) ) ;
#5277 = DIRECTION ( 'NONE',  ( 1.000000000000000000, 0.000000000000000000, 0.000000000000000000 ) ) ;
#5278 = EDGE_LOOP ( 'NONE', ( #9363, #4490, #2070, #30 ) ) ;
#5279 = CARTESIAN_POINT ( 'NONE',  ( 26.91673478471609471, -19.52439758109293777, -41.95000000000038654 ) ) ;
#5280 = CARTESIAN_POINT ( 'NONE',  ( -39.47402740632243479, -7.693141371029168063, -33.94217499631247392 ) ) ;
#5281 = VERTEX_POINT ( 'NONE', #2620 ) ;
#5282 = CARTESIAN_POINT ( 'NONE',  ( -39.88349853401815182, -7.005348250362779972, -29.48025310488664985 ) ) ;
#5283 = CARTESIAN_POINT ( 'NONE',  ( -40.95000000000003126, -7.606392753683766550, 28.74424986627110812 ) ) ;
#5284 = LINE ( 'NONE', #10551, #8806 ) ;
#5285 = AXIS2_PLACEMENT_3D ( 'NONE', #3587, #10861, #9758 ) ;
#5286 = DIRECTION ( 'NONE',  ( 0.000000000000000000, 1.000000000000000000, 0.000000000000000000 ) ) ;
#5287 = DIRECTION ( 'NONE',  ( 0.000000000000000000, 0.000000000000000000, -1.000000000000000000 ) ) ;
#5288 = CARTESIAN_POINT ( 'NONE',  ( -42.95000000000000284, -6.511642939418550213, 17.47839609287465024 ) ) ;
#5289 = CARTESIAN_POINT ( 'NONE',  ( 37.75000000000000000, -2.505348250362775087, 31.85000000000000497 ) ) ;
#5290 = ORIENTED_EDGE ( 'NONE', *, *, #8503, .T. ) ;
#5291 = CARTESIAN_POINT ( 'NONE',  ( 40.94999999999997442, -7.606298602110110885, -33.15569630259147971 ) ) ;
#5292 = CARTESIAN_POINT ( 'NONE',  ( 10.92165787337625638, -19.50483926576979954, -41.98364607853647357 ) ) ;
#5293 = CARTESIAN_POINT ( 'NONE',  ( -37.75000000000000000, -7.005348250362779972, -30.94999999999999929 ) ) ;
#5294 = AXIS2_PLACEMENT_3D ( 'NONE', #9715, #9537, #1357 ) ;
#5295 = ADVANCED_FACE ( 'NONE', ( #5253 ), #8965, .F. ) ;
#5296 = ORIENTED_EDGE ( 'NONE', *, *, #2253, .F. ) ;
#5297 = FACE_OUTER_BOUND ( 'NONE', #14, .T. ) ;
#5298 = EDGE_LOOP ( 'NONE', ( #4067, #2853, #4358, #3724 ) ) ;
#5299 = DIRECTION ( 'NONE',  ( 0.000000000000000000, -1.000000000000000000, 0.000000000000000000 ) ) ;
#5300 = EDGE_CURVE ( 'NONE', #11445, #7968, #10689, .T. ) ;
#5301 = FACE_OUTER_BOUND ( 'NONE', #7852, .T. ) ;
#5302 = CARTESIAN_POINT ( 'NONE',  ( 26.60377447432323805, -19.62816129184396274, -41.79311041528864479 ) ) ;
#5303 = AXIS2_PLACEMENT_3D ( 'NONE', #8870, #8986, #7136 ) ;
#5304 = DIRECTION ( 'NONE',  ( 2.511059313838565264E-16, 0.000000000000000000, 1.000000000000000000 ) ) ;
#5305 = CIRCLE ( 'NONE', #10451, 0.3594872681224057231 ) ;
#5306 = CARTESIAN_POINT ( 'NONE',  ( -20.15000000000000213, -17.50534825036275066, 25.55000000000000071 ) ) ;
#5307 = EDGE_CURVE ( 'NONE', #5620, #4477, #10801, .T. ) ;
#5308 = CARTESIAN_POINT ( 'NONE',  ( 40.23232391191962876, -17.28048757891689036, -33.91570924713428070 ) ) ;
#5309 = B_SPLINE_CURVE_WITH_KNOTS ( 'NONE', 3,
 ( #8733, #11299, #7776, #5029, #5983, #8624, #6768, #10397, #11356, #11415, #8681, #502, #9640, #557 ),
 .UNSPECIFIED., .F., .F.,
 ( 4, 2, 2, 1, 1, 2, 2, 4 ),
 ( 0.000000000000000000, 0.2500000000000185962, 0.3750000000000240918, 0.4375000000000374700, 0.4687500000000499600, 0.4843750000000495715, 0.5000000000000491829, 1.000000000000000000 ),
 .UNSPECIFIED. ) ;
#5310 = DIRECTION ( 'NONE',  ( 0.000000000000000000, 0.000000000000000000, -1.000000000000000000 ) ) ;
#5311 = VERTEX_POINT ( 'NONE', #1797 ) ;
#5312 = VERTEX_POINT ( 'NONE', #3641 ) ;
#5313 = CARTESIAN_POINT ( 'NONE',  ( -28.25000000000000000, -17.50534825036275066, 20.15000000000000213 ) ) ;
#5314 = VERTEX_POINT ( 'NONE', #9083 ) ;
#5315 = DIRECTION ( 'NONE',  ( -1.000000000000000000, 0.000000000000000000, 1.674039542559039894E-16 ) ) ;
#5316 = ORIENTED_EDGE ( 'NONE', *, *, #9101, .T. ) ;
#5317 = VECTOR ( 'NONE', #5621, 1000.000000000000000 ) ;
#5318 = CIRCLE ( 'NONE', #11026, 0.3594872681224082767 ) ;
#5319 = ADVANCED_FACE ( 'NONE', ( #1845 ), #893, .F. ) ;
#5320 = CARTESIAN_POINT ( 'NONE',  ( 41.45000000000000284, -1.705348250362779927, -42.95000000000000284 ) ) ;
#5321 = EDGE_CURVE ( 'NONE', #8106, #6550, #4397, .T. ) ;
#5322 = TOROIDAL_SURFACE ( 'NONE', #10467, 0.5000000000000000000, 1.000000000000000000 ) ;
#5323 = FACE_OUTER_BOUND ( 'NONE', #5940, .T. ) ;
#5324 = AXIS2_PLACEMENT_3D ( 'NONE', #8107, #11740, #9952 ) ;
#5325 = DIRECTION ( 'NONE',  ( -1.000000000000000000, 0.000000000000000000, 1.674039542559039894E-16 ) ) ;
#5326 = EDGE_CURVE ( 'NONE', #9666, #7574, #6381, .T. ) ;
#5327 = FACE_BOUND ( 'NONE', #1842, .T. ) ;
#5328 = ORIENTED_EDGE ( 'NONE', *, *, #9041, .F. ) ;
#5329 = CARTESIAN_POINT ( 'NONE',  ( -28.25000000000000000, -17.50534825036275066, 20.15000000000000213 ) ) ;
#5330 = VECTOR ( 'NONE', #9236, 1000.000000000000000 ) ;
#5331 = ORIENTED_EDGE ( 'NONE', *, *, #1509, .T. ) ;
#5332 = DIRECTION ( 'NONE',  ( -1.000000000000000000, 0.000000000000000000, 1.674039542559039894E-16 ) ) ;
#5333 = DIRECTION ( 'NONE',  ( -1.000000000000000000, 0.000000000000000000, 1.674039542559039894E-16 ) ) ;
#5334 = ORIENTED_EDGE ( 'NONE', *, *, #8572, .F. ) ;
#5335 = ORIENTED_EDGE ( 'NONE', *, *, #10527, .F. ) ;
#5336 = AXIS2_PLACEMENT_3D ( 'NONE', #8377, #3778, #7487 ) ;
#5337 = VECTOR ( 'NONE', #11392, 1000.000000000000000 ) ;
#5338 = CARTESIAN_POINT ( 'NONE',  ( 26.22281734542203324, -19.50410609127768424, -41.89907743091715275 ) ) ;
#5339 = DIRECTION ( 'NONE',  ( 0.000000000000000000, 0.000000000000000000, -1.000000000000000000 ) ) ;
#5340 = CARTESIAN_POINT ( 'NONE',  ( 27.02715539313504678, -19.90503193458156161, -41.65689289188125599 ) ) ;
#5341 = CARTESIAN_POINT ( 'NONE',  ( 42.95000000000000284, -13.50220958978423980, -15.09445019155910117 ) ) ;
#5342 = AXIS2_PLACEMENT_3D ( 'NONE', #10869, #4303, #1626 ) ;
#5343 = VERTEX_POINT ( 'NONE', #7117 ) ;
#5344 = LINE ( 'NONE', #10004, #8750 ) ;
#5345 =( BOUNDED_SURFACE ( )  B_SPLINE_SURFACE ( 3, 2, ( 
 ( #5359, #11697, #4335 ),
 ( #8895, #5420, #6311 ),
 ( #1719, #7158, #1787 ),
 ( #4463, #4401, #3573 ),
 ( #9124, #8058, #934 ),
 ( #3692, #7994, #1606 ),
 ( #3457, #9016, #10016 ),
 ( #7339, #9959, #9845 ),
 ( #1835, #10790, #7104 ),
 ( #10908, #5291, #4571 ),
 ( #10963, #5470, #2561 ),
 ( #832, #8113, #6196 ),
 ( #2786, #2609, #11745 ),
 ( #10846, #2671, #8227 ),
 ( #9073, #60, #1659 ),
 ( #2735, #5242, #714 ) ),
 .UNSPECIFIED., .F., .F., .T. ) 
 B_SPLINE_SURFACE_WITH_KNOTS ( ( 4, 2, 2, 2, 2, 2, 2, 4 ),
 ( 3, 3 ),
 ( 0.001199374304475636123, 0.001673077667029979889, 0.002146781029584329727, 0.002620484392138675012, 0.003094187754693019862, 0.003567891117247365147, 0.004041594479801709563, 0.004989001204910400132 ),
 ( 0.000000000000000000, 1.000000000000000000 ),
 .UNSPECIFIED. ) 
 GEOMETRIC_REPRESENTATION_ITEM ( )  RATIONAL_B_SPLINE_SURFACE ( (
 ( 1.000000000000000000, 0.5055250296034419222, 1.000000000000000000),
 ( 1.000000000000000000, 0.5055357619159339677, 1.000000000000000000),
 ( 1.000000000000000000, 0.5067881805099460069, 1.000000000000000000),
 ( 1.000000000000000000, 0.5118308550128820578, 1.000000000000000000),
 ( 1.000000000000000000, 0.5156398884651480774, 1.000000000000000000),
 ( 1.000000000000000000, 0.5255878917605489864, 1.000000000000000000),
 ( 1.000000000000000000, 0.5318613981607269725, 1.000000000000000000),
 ( 1.000000000000000000, 0.5465173396837990083, 1.000000000000000000),
 ( 1.000000000000000000, 0.5550054062776460517, 1.000000000000000000),
 ( 1.000000000000000000, 0.5740512815401920266, 1.000000000000000000),
 ( 1.000000000000000000, 0.5844747702795720645, 1.000000000000000000),
 ( 1.000000000000000000, 0.6070953401083170053, 1.000000000000000000),
 ( 1.000000000000000000, 0.6192658652619120740, 1.000000000000000000),
 ( 1.000000000000000000, 0.6566619271706110039, 1.000000000000000000),
 ( 1.000000000000000000, 0.6834271474991590045, 1.000000000000000000),
 ( 1.000000000000000000, 0.7071067811865480168, 1.000000000000000000) ) ) 
 REPRESENTATION_ITEM ( '' )  SURFACE ( )  );
#5346 = VERTEX_POINT ( 'NONE', #9856 ) ;
#5347 = CARTESIAN_POINT ( 'NONE',  ( -40.95000000000000284, -6.343066956795520461, -28.07331024610130044 ) ) ;
#5348 = FACE_OUTER_BOUND ( 'NONE', #3572, .T. ) ;
#5349 = VECTOR ( 'NONE', #1188, 1000.000000000000000 ) ;
#5350 = EDGE_CURVE ( 'NONE', #11053, #9794, #75, .T. ) ;
#5351 = AXIS2_PLACEMENT_3D ( 'NONE', #3976, #5707, #3924 ) ;
#5352 = CIRCLE ( 'NONE', #5385, 4.650000000000001243 ) ;
#5353 = DIRECTION ( 'NONE',  ( -1.000000000000000000, 0.000000000000000000, 0.000000000000000000 ) ) ;
#5354 = CARTESIAN_POINT ( 'NONE',  ( -40.95000000000000284, -8.005348250362779083, -34.87555728527809151 ) ) ;
#5355 = CIRCLE ( 'NONE', #5537, 0.3594872681224064448 ) ;
#5356 = CARTESIAN_POINT ( 'NONE',  ( 26.03944045283309450, -19.50534825036275777, -41.71645015020937564 ) ) ;
#5357 = DIRECTION ( 'NONE',  ( -1.000000000000000000, 0.000000000000000000, 0.000000000000000000 ) ) ;
#5358 = ORIENTED_EDGE ( 'NONE', *, *, #579, .F. ) ;
#5359 = CARTESIAN_POINT ( 'NONE',  ( 40.95000000000000284, -8.005348250362771978, -34.87555728527814836 ) ) ;
#5360 = DIRECTION ( 'NONE',  ( 0.000000000000000000, -1.000000000000000000, 0.000000000000000000 ) ) ;
#5361 = VERTEX_POINT ( 'NONE', #2510 ) ;
#5362 = CARTESIAN_POINT ( 'NONE',  ( 10.97381069786931995, -19.52162693362609858, -41.70192519960700395 ) ) ;
#5363 = CIRCLE ( 'NONE', #7277, 1.000000000000000888 ) ;
#5364 = CIRCLE ( 'NONE', #5176, 2.099999999999997868 ) ;
#5365 = ORIENTED_EDGE ( 'NONE', *, *, #5522, .T. ) ;
#5366 = CARTESIAN_POINT ( 'NONE',  ( 9.518189791693229651, -20.00534825036275066, -41.95000000000000284 ) ) ;
#5367 = CIRCLE ( 'NONE', #6906, 5.116680757979500171 ) ;
#5368 = DIRECTION ( 'NONE',  ( 1.000000000000000000, 0.000000000000000000, 0.000000000000000000 ) ) ;
#5369 = CARTESIAN_POINT ( 'NONE',  ( 39.46365580493074532, -7.847056268996659867, 27.90905428329154958 ) ) ;
#5370 = CARTESIAN_POINT ( 'NONE',  ( 26.53474331439665690, -19.61261326620639878, -41.76222822102729282 ) ) ;
#5371 = CIRCLE ( 'NONE', #4793, 1.000000000000000888 ) ;
#5372 = LINE ( 'NONE', #1617, #960 ) ;
#5373 = AXIS2_PLACEMENT_3D ( 'NONE', #10937, #2702, #7182 ) ;
#5374 = EDGE_CURVE ( 'NONE', #1159, #5516, #2503, .T. ) ;
#5375 = DIRECTION ( 'NONE',  ( 0.000000000000000000, -1.000000000000000000, 0.000000000000000000 ) ) ;
#5376 = CARTESIAN_POINT ( 'NONE',  ( 40.15402921832187388, -17.22232891672936361, -33.89645894140861060 ) ) ;
#5377 = DIRECTION ( 'NONE',  ( -1.000000000000000000, 0.000000000000000000, 1.674039542559039894E-16 ) ) ;
#5378 = ORIENTED_EDGE ( 'NONE', *, *, #7644, .T. ) ;
#5379 = EDGE_LOOP ( 'NONE', ( #4799, #7761, #4361, #9245 ) ) ;
#5380 = CARTESIAN_POINT ( 'NONE',  ( 12.12963360958148051, -14.50534825036275954, -40.53619997939700426 ) ) ;
#5381 = EDGE_CURVE ( 'NONE', #4437, #1414, #1618, .T. ) ;
#5382 = VERTEX_POINT ( 'NONE', #1671 ) ;
#5383 = CARTESIAN_POINT ( 'NONE',  ( 26.45000000000000284, -9.005348250362779083, 42.95000000000000284 ) ) ;
#5384 = CIRCLE ( 'NONE', #4996, 2.500000000000002220 ) ;
#5385 = AXIS2_PLACEMENT_3D ( 'NONE', #1031, #6341, #5442 ) ;
#5386 = AXIS2_PLACEMENT_3D ( 'NONE', #1736, #3705, #10860 ) ;
#5387 = CARTESIAN_POINT ( 'NONE',  ( -39.68687365923259591, -7.082876106798339677, 33.09814382815009992 ) ) ;
#5388 = AXIS2_PLACEMENT_3D ( 'NONE', #7017, #8742, #9819 ) ;
#5389 = DIRECTION ( 'NONE',  ( 0.000000000000000000, -1.000000000000000000, 0.000000000000000000 ) ) ;
#5390 = VECTOR ( 'NONE', #4519, 1000.000000000000000 ) ;
#5391 = DIRECTION ( 'NONE',  ( 0.000000000000000000, 0.000000000000000000, 1.000000000000000000 ) ) ;
#5392 = CIRCLE ( 'NONE', #11690, 0.5000000000000004441 ) ;
#5393 = FACE_BOUND ( 'NONE', #6409, .T. ) ;
#5394 = ORIENTED_EDGE ( 'NONE', *, *, #7434, .T. ) ;
#5395 = DIRECTION ( 'NONE',  ( -1.674039542559039894E-16, 0.000000000000000000, -1.000000000000000000 ) ) ;
#5396 = VERTEX_POINT ( 'NONE', #6841 ) ;
#5397 = CYLINDRICAL_SURFACE ( 'NONE', #153, 1.000000000000000888 ) ;
#5398 = PLANE ( 'NONE',  #4566 ) ;
#5399 = ORIENTED_EDGE ( 'NONE', *, *, #6719, .T. ) ;
#5400 = ORIENTED_EDGE ( 'NONE', *, *, #8888, .T. ) ;
#5401 = EDGE_CURVE ( 'NONE', #11536, #5346, #3141, .T. ) ;
#5402 = VECTOR ( 'NONE', #8779, 1000.000000000000000 ) ;
#5403 = CARTESIAN_POINT ( 'NONE',  ( 10.56122475583119780, -20.22813314146267416, -41.24214236903127784 ) ) ;
#5404 = CARTESIAN_POINT ( 'NONE',  ( -42.95000000000000284, -13.50220958978423980, -15.09445019155904966 ) ) ;
#5405 = CARTESIAN_POINT ( 'NONE',  ( -39.46111111111115122, -8.005348250362779083, -34.00321122188300649 ) ) ;
#5406 = ORIENTED_EDGE ( 'NONE', *, *, #132, .F. ) ;
#5407 = DIRECTION ( 'NONE',  ( 0.000000000000000000, 0.000000000000000000, -1.000000000000000000 ) ) ;
#5408 = AXIS2_PLACEMENT_3D ( 'NONE', #657, #7930, #4389 ) ;
#5409 = ORIENTED_EDGE ( 'NONE', *, *, #8308, .T. ) ;
#5410 = EDGE_CURVE ( 'NONE', #8172, #683, #8649, .T. ) ;
#5411 = CARTESIAN_POINT ( 'NONE',  ( -40.94999999999942020, -7.872127982286046155, -28.67057712911485012 ) ) ;
#5412 = CYLINDRICAL_SURFACE ( 'NONE', #11433, 2.100000000000000977 ) ;
#5413 = EDGE_CURVE ( 'NONE', #3431, #8017, #7686, .T. ) ;
#5414 = DIRECTION ( 'NONE',  ( 0.000000000000000000, 0.000000000000000000, -1.000000000000000000 ) ) ;
#5415 = LINE ( 'NONE', #9118, #1520 ) ;
#5416 = ORIENTED_EDGE ( 'NONE', *, *, #7308, .T. ) ;
#5417 = LINE ( 'NONE', #9238, #6687 ) ;
#5418 = CYLINDRICAL_SURFACE ( 'NONE', #236, 1.000000000000000888 ) ;
#5419 = ORIENTED_EDGE ( 'NONE', *, *, #7143, .T. ) ;
#5420 = CARTESIAN_POINT ( 'NONE',  ( 40.95000000000000995, -8.001901825225527176, -33.16879325042620508 ) ) ;
#5421 = DIRECTION ( 'NONE',  ( 1.000000000000000000, 0.000000000000000000, 0.000000000000000000 ) ) ;
#5422 = EDGE_CURVE ( 'NONE', #4185, #7194, #9196, .T. ) ;
#5423 = CARTESIAN_POINT ( 'NONE',  ( 10.95989947568824441, -19.49539902858092333, -41.78598481316883806 ) ) ;
#5424 = ORIENTED_EDGE ( 'NONE', *, *, #5538, .F. ) ;
#5425 = LINE ( 'NONE', #6490, #9358 ) ;
#5426 = SURFACE_STYLE_FILL_AREA ( #10075 ) ;
#5427 = ORIENTED_EDGE ( 'NONE', *, *, #8006, .F. ) ;
#5428 = LINE ( 'NONE', #9081, #248 ) ;
#5429 = CARTESIAN_POINT ( 'NONE',  ( 27.74107742746965144, -19.50534825036275066, -41.95000000000000284 ) ) ;
#5430 = CARTESIAN_POINT ( 'NONE',  ( 37.75000000000000000, -8.005348250362779083, 30.94999999999999929 ) ) ;
#5431 = VERTEX_POINT ( 'NONE', #3756 ) ;
#5432 = CARTESIAN_POINT ( 'NONE',  ( 40.45077165549211173, -17.41353718536205619, -34.00992952211363018 ) ) ;
#5433 = LINE ( 'NONE', #10, #9490 ) ;
#5434 = DIRECTION ( 'NONE',  ( 0.000000000000000000, 0.000000000000000000, -1.000000000000000000 ) ) ;
#5435 = ORIENTED_EDGE ( 'NONE', *, *, #11250, .F. ) ;
#5436 = EDGE_LOOP ( 'NONE', ( #1676, #771, #1790, #3058, #3331 ) ) ;
#5437 = DIRECTION ( 'NONE',  ( 0.000000000000000000, 0.000000000000000000, 1.000000000000000000 ) ) ;
#5438 = ORIENTED_EDGE ( 'NONE', *, *, #10463, .T. ) ;
#5439 = CARTESIAN_POINT ( 'NONE',  ( -37.75000000000000000, -7.005348250362779972, 28.44999999999999929 ) ) ;
#5440 = EDGE_CURVE ( 'NONE', #9112, #8343, #5047, .T. ) ;
#5441 = CARTESIAN_POINT ( 'NONE',  ( 40.95000000000000995, -7.005348250362778195, 32.13743420870386558 ) ) ;
#5442 = DIRECTION ( 'NONE',  ( 0.000000000000000000, 0.000000000000000000, -1.000000000000000000 ) ) ;
#5443 = CARTESIAN_POINT ( 'NONE',  ( 39.95000000000000284, -7.005348250362779972, 34.87555728527809151 ) ) ;
#5444 = FACE_BOUND ( 'NONE', #2766, .T. ) ;
#5445 = ORIENTED_EDGE ( 'NONE', *, *, #8356, .F. ) ;
#5446 = DIRECTION ( 'NONE',  ( -1.000000000000000000, 0.000000000000000000, 0.000000000000000000 ) ) ;
#5447 = ORIENTED_EDGE ( 'NONE', *, *, #2428, .T. ) ;
#5448 = CARTESIAN_POINT ( 'NONE',  ( -37.75000000000000000, -17.50534825036275066, 35.45000000000000284 ) ) ;
#5449 = EDGE_LOOP ( 'NONE', ( #36, #6663, #10317, #7917, #10031 ) ) ;
#5451 = ORIENTED_EDGE ( 'NONE', *, *, #1642, .F. ) ;
#5450 = EDGE_CURVE ( 'NONE', #9329, #11804, #6693, .T. ) ;
#5452 = EDGE_CURVE ( 'NONE', #5109, #2691, #7741, .T. ) ;
#5453 = DIRECTION ( 'NONE',  ( 0.000000000000000000, -1.000000000000000000, 0.000000000000000000 ) ) ;
#5454 = DIRECTION ( 'NONE',  ( -0.05233595624294379994, -0.9986295347545739443, 1.314186903724913899E-17 ) ) ;
#5455 = LINE ( 'NONE', #1822, #5761 ) ;
#5456 = ADVANCED_FACE ( 'NONE', ( #3146 ), #2797, .T. ) ;
#5457 = ORIENTED_EDGE ( 'NONE', *, *, #11133, .F. ) ;
#5458 = CARTESIAN_POINT ( 'NONE',  ( -39.71674008408593437, -7.061271269277159313, -32.99357788624759280 ) ) ;
#5459 = ORIENTED_EDGE ( 'NONE', *, *, #997, .F. ) ;
#5460 = CARTESIAN_POINT ( 'NONE',  ( -40.95000000000000284, -6.160403962206189910, -28.51209304007505096 ) ) ;
#5461 = CARTESIAN_POINT ( 'NONE',  ( -40.95000000000000284, -7.848442915310550383, 27.02444271642875151 ) ) ;
#5462 = CARTESIAN_POINT ( 'NONE',  ( 28.12963360958149650, -19.50534825036275066, -41.33598318118099968 ) ) ;
#5463 = LINE ( 'NONE', #928, #5330 ) ;
#5464 = ORIENTED_EDGE ( 'NONE', *, *, #10119, .F. ) ;
#5465 = EDGE_CURVE ( 'NONE', #8923, #3312, #484, .T. ) ;
#5466 = CARTESIAN_POINT ( 'NONE',  ( 18.62963360958150005, -19.50534825036275066, -34.03619997939700426 ) ) ;
#5467 = FACE_OUTER_BOUND ( 'NONE', #9491, .T. ) ;
#5468 = EDGE_CURVE ( 'NONE', #8017, #7786, #5226, .T. ) ;
#5469 = ORIENTED_EDGE ( 'NONE', *, *, #6494, .F. ) ;
#5470 = CARTESIAN_POINT ( 'NONE',  ( 40.94999999999995310, -7.542337520376599436, -33.11495458699506145 ) ) ;
#5471 = CARTESIAN_POINT ( 'NONE',  ( 37.75000000000000000, -2.505348250362775087, -31.85000000000000497 ) ) ;
#5472 = EDGE_LOOP ( 'NONE', ( #9982, #914, #6807, #1373, #10550 ) ) ;
#5473 = ADVANCED_FACE ( 'NONE', ( #11622 ), #11565, .F. ) ;
#5474 = CARTESIAN_POINT ( 'NONE',  ( 10.99795744042020296, -19.49329162388223224, -41.77712158096027650 ) ) ;
#5475 = ORIENTED_EDGE ( 'NONE', *, *, #10349, .F. ) ;
#5476 = LINE ( 'NONE', #4754, #6491 ) ;
#5477 = DIRECTION ( 'NONE',  ( 0.000000000000000000, -1.000000000000000000, 0.000000000000000000 ) ) ;
#5478 = ORIENTED_EDGE ( 'NONE', *, *, #3566, .F. ) ;
#5479 = EDGE_CURVE ( 'NONE', #6287, #9820, #6868, .T. ) ;
#5480 = CARTESIAN_POINT ( 'NONE',  ( 18.84999999999999787, -17.50534825036275066, 41.45000000000000284 ) ) ;
#5481 = DIRECTION ( 'NONE',  ( 0.000000000000000000, 0.000000000000000000, -1.000000000000000000 ) ) ;
#5482 = CARTESIAN_POINT ( 'NONE',  ( 21.94999999999999929, -12.30534825036276025, 19.00000000000000000 ) ) ;
#5483 = CIRCLE ( 'NONE', #10253, 2.500000000000002220 ) ;
#5484 = CARTESIAN_POINT ( 'NONE',  ( -30.94999999999999929, -17.50534825036275066, 28.25000000000000000 ) ) ;
#5485 = DIRECTION ( 'NONE',  ( 1.000000000000000000, 0.000000000000000000, 0.000000000000000000 ) ) ;
#5486 = DIRECTION ( 'NONE',  ( 1.000000000000000000, 0.000000000000000000, 0.000000000000000000 ) ) ;
#5487 = ORIENTED_EDGE ( 'NONE', *, *, #4453, .F. ) ;
#5488 = ORIENTED_EDGE ( 'NONE', *, *, #3264, .T. ) ;
#5489 = DIRECTION ( 'NONE',  ( 0.000000000000000000, -0.9083415329249424630, 0.4182291950158018023 ) ) ;
#5490 = ORIENTED_EDGE ( 'NONE', *, *, #5247, .F. ) ;
#5491 = CARTESIAN_POINT ( 'NONE',  ( 39.46111111111110148, -8.005348250362779083, 27.89678877811699920 ) ) ;
#5492 = VECTOR ( 'NONE', #10287, 1000.000000000000000 ) ;
#5493 = CARTESIAN_POINT ( 'NONE',  ( -39.46111111413574690, -7.925270358654119995, -27.89678877981215166 ) ) ;
#5494 = ADVANCED_FACE ( 'NONE', ( #2420 ), #2304, .T. ) ;
#5495 = CARTESIAN_POINT ( 'NONE',  ( 39.71674008408589884, -7.061271269277150431, 32.99357788624764964 ) ) ;
#5496 = DIRECTION ( 'NONE',  ( 0.000000000000000000, 0.000000000000000000, -1.000000000000000000 ) ) ;
#5497 = DIRECTION ( 'NONE',  ( -1.000000000000000000, 0.000000000000000000, 0.000000000000000000 ) ) ;
#5498 = CARTESIAN_POINT ( 'NONE',  ( 26.54569940057665178, -19.61569387263595132, -41.76648723555999965 ) ) ;
#5499 = AXIS2_PLACEMENT_3D ( 'NONE', #7539, #10166, #1990 ) ;
#5500 = ORIENTED_EDGE ( 'NONE', *, *, #678, .T. ) ;
#5501 = CARTESIAN_POINT ( 'NONE',  ( -40.76262350019274550, -17.50534825036275066, 34.29276826090089969 ) ) ;
#5502 = VECTOR ( 'NONE', #4197, 1000.000000000000000 ) ;
#5503 = ORIENTED_EDGE ( 'NONE', *, *, #6708, .F. ) ;
#5504 = CARTESIAN_POINT ( 'NONE',  ( 26.12963360958150005, -19.50534825036275066, -41.63216275480425566 ) ) ;
#5505 = EDGE_CURVE ( 'NONE', #6561, #8537, #10886, .T. ) ;
#5506 = ORIENTED_EDGE ( 'NONE', *, *, #7379, .T. ) ;
#5507 = VERTEX_POINT ( 'NONE', #3329 ) ;
#5508 = AXIS2_PLACEMENT_3D ( 'NONE', #6721, #6541, #9462 ) ;
#5509 = DIRECTION ( 'NONE',  ( 0.000000000000000000, -1.000000000000000000, 0.000000000000000000 ) ) ;
#5510 = CARTESIAN_POINT ( 'NONE',  ( 39.87075692351271528, -16.97502969760212110, -28.02444271472185022 ) ) ;
#5511 = EDGE_CURVE ( 'NONE', #5896, #1794, #3074, .T. ) ;
#5512 = AXIS2_PLACEMENT_3D ( 'NONE', #5892, #8662, #1365 ) ;
#5513 = LINE ( 'NONE', #10998, #434 ) ;
#5514 = ORIENTED_EDGE ( 'NONE', *, *, #8440, .F. ) ;
#5515 = DIRECTION ( 'NONE',  ( 0.000000000000000000, -1.000000000000000000, 0.000000000000000000 ) ) ;
#5516 = VERTEX_POINT ( 'NONE', #815 ) ;
#5517 = CARTESIAN_POINT ( 'NONE',  ( 18.84999999999999787, -16.51385150205409857, 20.75000000000000000 ) ) ;
#5518 = CARTESIAN_POINT ( 'NONE',  ( -40.95000000000000995, -7.348531069086362777, 28.97490913007248992 ) ) ;
#5519 = VECTOR ( 'NONE', #2590, 1000.000000000000000 ) ;
#5520 = EDGE_CURVE ( 'NONE', #8281, #4012, #9755, .T. ) ;
#5521 = AXIS2_PLACEMENT_3D ( 'NONE', #4602, #10094, #7362 ) ;
#5522 = EDGE_CURVE ( 'NONE', #9323, #6361, #1527, .T. ) ;
#5523 = LINE ( 'NONE', #53, #1982 ) ;
#5524 = DIRECTION ( 'NONE',  ( -1.000000000000000000, 0.000000000000000000, 0.000000000000000000 ) ) ;
#5525 = ORIENTED_EDGE ( 'NONE', *, *, #10428, .F. ) ;
#5526 = VECTOR ( 'NONE', #9749, 1000.000000000000000 ) ;
#5527 = FACE_OUTER_BOUND ( 'NONE', #11170, .T. ) ;
#5528 = DIRECTION ( 'NONE',  ( -1.000000000000000000, 0.000000000000000000, 0.000000000000000000 ) ) ;
#5529 = VERTEX_POINT ( 'NONE', #650 ) ;
#5530 = LINE ( 'NONE', #8401, #2345 ) ;
#5531 = CARTESIAN_POINT ( 'NONE',  ( 11.14716808436825346, -19.49909615939503027, -41.83832937437042432 ) ) ;
#5532 = CIRCLE ( 'NONE', #6677, 1.500000000000001332 ) ;
#5533 = CARTESIAN_POINT ( 'NONE',  ( 10.92689795008991993, -19.53703527255709815, -41.70294278780254871 ) ) ;
#5534 = ORIENTED_EDGE ( 'NONE', *, *, #1509, .F. ) ;
#5535 = CARTESIAN_POINT ( 'NONE',  ( -40.95000000000000284, -8.005348250362779083, -27.02444271472190351 ) ) ;
#5536 = CIRCLE ( 'NONE', #11062, 1.000000000000000888 ) ;
#5537 = AXIS2_PLACEMENT_3D ( 'NONE', #11542, #3355, #9741 ) ;
#5538 = EDGE_CURVE ( 'NONE', #4766, #4555, #4269, .T. ) ;
#5539 = ORIENTED_EDGE ( 'NONE', *, *, #4900, .F. ) ;
#5540 = LINE ( 'NONE', #9192, #6553 ) ;
#5541 = CARTESIAN_POINT ( 'NONE',  ( 27.75000000000000355, -19.67995875686899154, -25.75194327796373628 ) ) ;
#5542 = CARTESIAN_POINT ( 'NONE',  ( 27.29895043160498247, -19.70492879883008186, -41.78123602207372755 ) ) ;
#5543 = AXIS2_PLACEMENT_3D ( 'NONE', #9024, #4232, #9968 ) ;
#5544 = CIRCLE ( 'NONE', #6503, 1.750000000000001554 ) ;
#5545 = CYLINDRICAL_SURFACE ( 'NONE', #11676, 0.3594872681224082767 ) ;
#5546 = CARTESIAN_POINT ( 'NONE',  ( -40.36548560494131976, -17.36680106963557790, 27.93417786238494216 ) ) ;
#5547 = VECTOR ( 'NONE', #11235, 1000.000000000000000 ) ;
#5548 = DIRECTION ( 'NONE',  ( 0.000000000000000000, 0.000000000000000000, -1.000000000000000000 ) ) ;
#5549 = ORIENTED_EDGE ( 'NONE', *, *, #10934, .F. ) ;
#5550 = CARTESIAN_POINT ( 'NONE',  ( 40.95000000000000284, -6.962073307347109719, -27.35651589073610168 ) ) ;
#5551 = EDGE_LOOP ( 'NONE', ( #6040, #9998, #6844, #8689 ) ) ;
#5552 =( GEOMETRIC_REPRESENTATION_CONTEXT ( 3 ) GLOBAL_UNCERTAINTY_ASSIGNED_CONTEXT ( ( #6255 ) ) GLOBAL_UNIT_ASSIGNED_CONTEXT ( ( #10729, #7877, #9721 ) ) REPRESENTATION_CONTEXT ( 'NONE', 'WORKASPACE' ) );
#5553 = AXIS2_PLACEMENT_3D ( 'NONE', #8650, #4922, #11326 ) ;
#5554 = DIRECTION ( 'NONE',  ( 0.000000000000000000, 0.000000000000000000, -1.000000000000000000 ) ) ;
#5555 = ADVANCED_FACE ( 'NONE', ( #6003 ), #7924, .F. ) ;
#5556 = CIRCLE ( 'NONE', #6713, 1.000000000000000888 ) ;
#5557 = CARTESIAN_POINT ( 'NONE',  ( 39.48165284103075123, -7.620694738669649304, 33.90663311188180273 ) ) ;
#5558 = CARTESIAN_POINT ( 'NONE',  ( 40.36051642999766642, -17.36382013791743972, -27.93630598103490570 ) ) ;
#5559 = CARTESIAN_POINT ( 'NONE',  ( -40.95000000000000284, -13.35186151901900153, -0.7679129753657610857 ) ) ;
#5560 = CARTESIAN_POINT ( 'NONE',  ( 37.75000000000000000, -17.50534825036275066, 30.94999999999999929 ) ) ;
#5561 = CARTESIAN_POINT ( 'NONE',  ( 26.24468681251750013, -19.51211695424665038, -41.70235082427955575 ) ) ;
#5562 = CIRCLE ( 'NONE', #11090, 0.3594872681224065558 ) ;
#5563 = ORIENTED_EDGE ( 'NONE', *, *, #102, .F. ) ;
#5564 = CIRCLE ( 'NONE', #4997, 3.499999999999999556 ) ;
#5565 = PLANE ( 'NONE',  #5887 ) ;
#5566 = VERTEX_POINT ( 'NONE', #5276 ) ;
#5567 = EDGE_CURVE ( 'NONE', #11298, #11101, #7651, .T. ) ;
#5568 = CARTESIAN_POINT ( 'NONE',  ( 18.84999999999999787, -17.50534825036275066, 27.17781907207880110 ) ) ;
#5569 = VECTOR ( 'NONE', #11540, 1000.000000000000000 ) ;
#5570 = ORIENTED_EDGE ( 'NONE', *, *, #7225, .T. ) ;
#5571 = EDGE_LOOP ( 'NONE', ( #11656, #6623, #2205, #9538 ) ) ;
#5572 = AXIS2_PLACEMENT_3D ( 'NONE', #3938, #6758, #367 ) ;
#5573 = TOROIDAL_SURFACE ( 'NONE', #11106, 4.500000000000000000, 1.000000000000000000 ) ;
#5574 = CIRCLE ( 'NONE', #8061, 0.5000000000000004441 ) ;
#5575 = CARTESIAN_POINT ( 'NONE',  ( 10.57003756689994844, -20.28837787990072883, -41.13345432782291766 ) ) ;
#5576 = ADVANCED_FACE ( 'NONE', ( #1702 ), #9176, .T. ) ;
#5577 = FACE_OUTER_BOUND ( 'NONE', #7906, .T. ) ;
#5578 = LINE ( 'NONE', #9227, #8630 ) ;
#5579 = EDGE_LOOP ( 'NONE', ( #1163, #2293, #3928, #4608 ) ) ;
#5580 = CARTESIAN_POINT ( 'NONE',  ( 10.76879468475305046, -19.59877939968842142, -41.74074284689677938 ) ) ;
#5581 = EDGE_LOOP ( 'NONE', ( #2020, #1564, #293, #485 ) ) ;
#5582 = DIRECTION ( 'NONE',  ( 0.000000000000000000, -1.000000000000000000, 0.000000000000000000 ) ) ;
#5583 = CARTESIAN_POINT ( 'NONE',  ( -42.95000000000000284, -1.705348250362779927, 41.45000000000000284 ) ) ;
#5584 = VECTOR ( 'NONE', #7173, 1000.000000000000000 ) ;
#5585 = LINE ( 'NONE', #5462, #2554 ) ;
#5586 = DIRECTION ( 'NONE',  ( 2.511059313838565264E-16, 0.000000000000000000, 1.000000000000000000 ) ) ;
#5587 = ORIENTED_EDGE ( 'NONE', *, *, #8109, .F. ) ;
#5588 = ADVANCED_FACE ( 'NONE', ( #5577 ), #9226, .F. ) ;
#5589 = DIRECTION ( 'NONE',  ( 1.000000000000000000, 0.000000000000000000, -1.334402673828311860E-16 ) ) ;
#5590 = TOROIDAL_SURFACE ( 'NONE', #462, 7.500000000000000000, 2.000000000000000000 ) ;
#5591 = EDGE_CURVE ( 'NONE', #3212, #11655, #4620, .T. ) ;
#5592 = FACE_OUTER_BOUND ( 'NONE', #5947, .T. ) ;
#5593 = EDGE_LOOP ( 'NONE', ( #7731, #3744, #9690, #4213 ) ) ;
#5594 = CARTESIAN_POINT ( 'NONE',  ( 40.95000000000000284, -19.50534825036275066, -41.45000000000000284 ) ) ;
#5595 = DIRECTION ( 'NONE',  ( -1.000000000000000000, 0.000000000000000000, 0.000000000000000000 ) ) ;
#5596 = CARTESIAN_POINT ( 'NONE',  ( 11.07295332361360529, -19.49114900410437201, -41.76906661125229192 ) ) ;
#5597 = ORIENTED_EDGE ( 'NONE', *, *, #6700, .F. ) ;
#5598 = DIRECTION ( 'NONE',  ( 0.000000000000000000, 0.000000000000000000, -1.000000000000000000 ) ) ;
#5599 = EDGE_CURVE ( 'NONE', #2646, #5896, #916, .T. ) ;
#5600 = ORIENTED_EDGE ( 'NONE', *, *, #11689, .F. ) ;
#5601 = CARTESIAN_POINT ( 'NONE',  ( 25.44999999999999929, -12.50534825036277908, 40.95000000000000284 ) ) ;
#5602 = DIRECTION ( 'NONE',  ( 0.000000000000000000, -0.9986295347545739443, -0.05233595624294379994 ) ) ;
#5603 = EDGE_CURVE ( 'NONE', #8221, #8318, #9372, .T. ) ;
#5604 = DIRECTION ( 'NONE',  ( -1.000000000000000000, 0.000000000000000000, 0.000000000000000000 ) ) ;
#5605 = FACE_OUTER_BOUND ( 'NONE', #7184, .T. ) ;
#5606 = DIRECTION ( 'NONE',  ( 0.000000000000000000, 1.000000000000000000, 0.000000000000000000 ) ) ;
#5607 = EDGE_CURVE ( 'NONE', #6550, #3177, #9164, .T. ) ;
#5608 = CARTESIAN_POINT ( 'NONE',  ( 9.899296844783050275, -19.49099852243890041, -42.12237969984074937 ) ) ;
#5609 = VERTEX_POINT ( 'NONE', #5404 ) ;
#5610 = CARTESIAN_POINT ( 'NONE',  ( 40.94999999999999574, -7.542434069134736241, -28.78497363082725258 ) ) ;
#5611 = ORIENTED_EDGE ( 'NONE', *, *, #5262, .T. ) ;
#5612 = CARTESIAN_POINT ( 'NONE',  ( 18.62963360958150005, -21.50534825036274711, -34.03619997939700426 ) ) ;
#5613 = CARTESIAN_POINT ( 'NONE',  ( -39.88349853401815182, -7.005348250362779972, -29.48025310488664985 ) ) ;
#5614 = CARTESIAN_POINT ( 'NONE',  ( 40.95000000000000284, -7.074030120699091206, 32.42900327773865854 ) ) ;
#5615 = CARTESIAN_POINT ( 'NONE',  ( 26.33803180249833176, -19.50507089413446948, -41.98469509133273903 ) ) ;
#5616 = ADVANCED_FACE ( 'NONE', ( #101 ), #4447, .F. ) ;
#5617 = CARTESIAN_POINT ( 'NONE',  ( -39.95000000000000284, -8.005348250362779083, -27.02444271472190351 ) ) ;
#5618 = CARTESIAN_POINT ( 'NONE',  ( 27.49876245543770992, -19.76733670256433228, -41.56792098333075103 ) ) ;
#5619 = CARTESIAN_POINT ( 'NONE',  ( 26.13629799872730075, -19.49860294551214679, -41.83404272570949445 ) ) ;
#5620 = VERTEX_POINT ( 'NONE', #10891 ) ;
#5621 = DIRECTION ( 'NONE',  ( 0.000000000000000000, -1.000000000000000000, 0.000000000000000000 ) ) ;
#5622 = ADVANCED_FACE ( 'NONE', ( #10050 ), #1932, .T. ) ;
#5623 = VERTEX_POINT ( 'NONE', #4553 ) ;
#5624 = CARTESIAN_POINT ( 'NONE',  ( 33.75000000000000000, -17.50534825036275066, 19.94999999999999929 ) ) ;
#5625 = ORIENTED_EDGE ( 'NONE', *, *, #7392, .T. ) ;
#5626 = ORIENTED_EDGE ( 'NONE', *, *, #3728, .F. ) ;
#5627 = EDGE_CURVE ( 'NONE', #10627, #1447, #4025, .T. ) ;
#5628 = CARTESIAN_POINT ( 'NONE',  ( 26.47546649969257260, -19.64417005209356049, -41.50065163749936659 ) ) ;
#5629 = DIRECTION ( 'NONE',  ( 1.000000000000000000, 0.000000000000000000, 0.000000000000000000 ) ) ;
#5630 = CARTESIAN_POINT ( 'NONE',  ( 10.34253243444682013, -19.97730839475060094, -42.23867513459554601 ) ) ;
#5631 = ORIENTED_EDGE ( 'NONE', *, *, #885, .F. ) ;
#5632 = CARTESIAN_POINT ( 'NONE',  ( 10.72224503707962917, -19.61296284591405836, -41.76245903320182862 ) ) ;
#5633 = ORIENTED_EDGE ( 'NONE', *, *, #784, .T. ) ;
#5634 = DIRECTION ( 'NONE',  ( 0.000000000000000000, 0.000000000000000000, 1.000000000000000000 ) ) ;
#5635 = CARTESIAN_POINT ( 'NONE',  ( 40.95000000000000284, -6.005348250362779972, -32.13743420870390111 ) ) ;
#5636 = DIRECTION ( 'NONE',  ( 0.000000000000000000, 1.000000000000000000, 0.000000000000000000 ) ) ;
#5637 = CARTESIAN_POINT ( 'NONE',  ( -40.95000000000000284, -6.117194291692059416, -33.23347125673145541 ) ) ;
#5638 = ORIENTED_EDGE ( 'NONE', *, *, #5868, .F. ) ;
#5639 = FACE_OUTER_BOUND ( 'NONE', #8233, .T. ) ;
#5640 = CARTESIAN_POINT ( 'NONE',  ( 42.95000000000000284, -13.35186151901900153, 6.591574292756630093 ) ) ;
#5641 = ORIENTED_EDGE ( 'NONE', *, *, #10508, .F. ) ;
#5642 = DIRECTION ( 'NONE',  ( -1.000000000000000000, 0.000000000000000000, 2.511059313838565264E-16 ) ) ;
#5643 = LINE ( 'NONE', #7391, #9305 ) ;
#5644 = CARTESIAN_POINT ( 'NONE',  ( -40.95000000000000284, -6.661991010183810680, 17.15185887668135223 ) ) ;
#5645 = VERTEX_POINT ( 'NONE', #9057 ) ;
#5646 = DIRECTION ( 'NONE',  ( 0.000000000000000000, -0.9083415329249424630, 0.4182291950158018023 ) ) ;
#5647 = ORIENTED_EDGE ( 'NONE', *, *, #10665, .T. ) ;
#5648 = EDGE_CURVE ( 'NONE', #10657, #7642, #1041, .T. ) ;
#5649 = ORIENTED_EDGE ( 'NONE', *, *, #1656, .F. ) ;
#5650 = CARTESIAN_POINT ( 'NONE',  ( -40.95000000000000284, -8.005348250362779083, 27.02444271472190351 ) ) ;
#5651 = ORIENTED_EDGE ( 'NONE', *, *, #1856, .T. ) ;
#5652 = DIRECTION ( 'NONE',  ( -0.9986295347545739443, 0.05233595624294379994, 2.507617994319746187E-16 ) ) ;
#5653 = CARTESIAN_POINT ( 'NONE',  ( -20.15000000000000213, -17.50534825036275066, 24.54999999999999716 ) ) ;
#5654 = CARTESIAN_POINT ( 'NONE',  ( 27.12875708019515031, -20.44953726608380151, -40.68713009599094477 ) ) ;
#5655 = LINE ( 'NONE', #9306, #7113 ) ;
#5656 = DIRECTION ( 'NONE',  ( -1.000000000000000000, 0.000000000000000000, 0.000000000000000000 ) ) ;
#5657 = EDGE_LOOP ( 'NONE', ( #4516, #1910, #8330, #6457 ) ) ;
#5658 = EDGE_CURVE ( 'NONE', #7838, #9930, #3785, .T. ) ;
#5659 = CARTESIAN_POINT ( 'NONE',  ( 39.48171950751535064, -7.620278669526860504, 27.99366461821739804 ) ) ;
#5660 = VERTEX_POINT ( 'NONE', #2824 ) ;
#5661 = FACE_OUTER_BOUND ( 'NONE', #11262, .T. ) ;
#5662 = ORIENTED_EDGE ( 'NONE', *, *, #2389, .T. ) ;
#5663 = CARTESIAN_POINT ( 'NONE',  ( -40.76262350019274550, -17.50534825036275066, -27.60723173909909889 ) ) ;
#5664 = CARTESIAN_POINT ( 'NONE',  ( -28.25000000000000000, -19.50534825036275066, 24.54999999999999716 ) ) ;
#5665 = EDGE_CURVE ( 'NONE', #8857, #5314, #2883, .T. ) ;
#5666 = CARTESIAN_POINT ( 'NONE',  ( 39.81137610787304482, -7.014110170997530425, 32.66388069926735227 ) ) ;
#5667 = CARTESIAN_POINT ( 'NONE',  ( 40.76262350019269576, -17.50534825036275066, -27.60723173909904915 ) ) ;
#5668 = FACE_BOUND ( 'NONE', #11735, .T. ) ;
#5669 = CARTESIAN_POINT ( 'NONE',  ( -22.84999999999999787, -17.50534825036275066, 22.84999999999999787 ) ) ;
#5670 = CARTESIAN_POINT ( 'NONE',  ( 25.87851935909712253, -19.50295951102774694, -41.82337806673788094 ) ) ;
#5671 = ORIENTED_EDGE ( 'NONE', *, *, #6392, .F. ) ;
#5672 = CARTESIAN_POINT ( 'NONE',  ( -42.95000000000000284, -18.50534825036275421, -41.45000000000000284 ) ) ;
#5673 = EDGE_LOOP ( 'NONE', ( #7186, #6531, #1928, #5459 ) ) ;
#5674 = LINE ( 'NONE', #8442, #768 ) ;
#5675 = AXIS2_PLACEMENT_3D ( 'NONE', #473, #7032, #9662 ) ;
#5676 = EDGE_LOOP ( 'NONE', ( #4666, #10477, #11312, #7688, #2358 ) ) ;
#5677 = ORIENTED_EDGE ( 'NONE', *, *, #7502, .F. ) ;
#5678 = EDGE_CURVE ( 'NONE', #4012, #6011, #4674, .T. ) ;
#5679 = ADVANCED_FACE ( 'NONE', ( #9277 ), #11733, .F. ) ;
#5680 = VECTOR ( 'NONE', #2357, 1000.000000000000000 ) ;
#5681 = CARTESIAN_POINT ( 'NONE',  ( 10.57732542930440012, -19.38524258413525203, -42.01535099527424677 ) ) ;
#5682 = AXIS2_PLACEMENT_3D ( 'NONE', #2359, #396, #515 ) ;
#5683 = LINE ( 'NONE', #4730, #5547 ) ;
#5684 = CARTESIAN_POINT ( 'NONE',  ( 39.46368585746514412, -7.846266129617084140, 33.99080110616623074 ) ) ;
#5685 = VERTEX_POINT ( 'NONE', #4077 ) ;
#5686 = DIRECTION ( 'NONE',  ( 0.000000000000000000, -1.000000000000000000, 0.000000000000000000 ) ) ;
#5687 = ORIENTED_EDGE ( 'NONE', *, *, #9344, .T. ) ;
#5688 = CARTESIAN_POINT ( 'NONE',  ( 42.95000000000000284, -13.35186151901900153, 6.232087024634219929 ) ) ;
#5689 = CARTESIAN_POINT ( 'NONE',  ( 40.95000000000000284, -6.512590730934220140, -34.09608125949730351 ) ) ;
#5690 = TOROIDAL_SURFACE ( 'NONE', #564, 1.500000000000000000, 0.5000000000000000000 ) ;
#5691 = DIRECTION ( 'NONE',  ( 0.000000000000000000, 1.000000000000000000, 0.000000000000000000 ) ) ;
#5692 = CARTESIAN_POINT ( 'NONE',  ( -39.68683847464124881, -7.082904451479420160, -33.09826810189175461 ) ) ;
#5693 = ADVANCED_FACE ( 'NONE', ( #9516, #8634 ), #2046, .T. ) ;
#5694 = VECTOR ( 'NONE', #6478, 1000.000000000000000 ) ;
#5695 = ORIENTED_EDGE ( 'NONE', *, *, #10616, .T. ) ;
#5696 = LINE ( 'NONE', #9349, #7892 ) ;
#5697 = DIRECTION ( 'NONE',  ( -1.000000000000000000, 0.000000000000000000, 0.000000000000000000 ) ) ;
#5698 = AXIS2_PLACEMENT_3D ( 'NONE', #11130, #1101, #8514 ) ;
#5699 = ORIENTED_EDGE ( 'NONE', *, *, #9275, .T. ) ;
#5700 = CARTESIAN_POINT ( 'NONE',  ( 41.45000000000000284, -19.50534825036275066, 41.95000000000000284 ) ) ;
#5701 = CARTESIAN_POINT ( 'NONE',  ( 42.95000000000000284, -13.35186151901900153, 13.23208702463421993 ) ) ;
#5702 = VERTEX_POINT ( 'NONE', #10353 ) ;
#5703 = CARTESIAN_POINT ( 'NONE',  ( 11.12609675567395939, -19.49852178734185060, -41.83335383641679783 ) ) ;
#5704 = VERTEX_POINT ( 'NONE', #3905 ) ;
#5705 = AXIS2_PLACEMENT_3D ( 'NONE', #2092, #3169, #10332 ) ;
#5706 = EDGE_CURVE ( 'NONE', #2282, #9328, #4216, .T. ) ;
#5707 = DIRECTION ( 'NONE',  ( 0.000000000000000000, -1.000000000000000000, 0.000000000000000000 ) ) ;
#5708 = ORIENTED_EDGE ( 'NONE', *, *, #9925, .F. ) ;
#5709 = CIRCLE ( 'NONE', #3051, 0.5000000000000004441 ) ;
#5710 = CARTESIAN_POINT ( 'NONE',  ( 37.75000000000000000, -8.505348250362779083, 30.94999999999999929 ) ) ;
#5711 = CARTESIAN_POINT ( 'NONE',  ( -37.75000000000000000, -7.005348250362779972, -30.94999999999999929 ) ) ;
#5712 = EDGE_CURVE ( 'NONE', #1391, #10260, #10227, .T. ) ;
#5713 = DIRECTION ( 'NONE',  ( 2.511059313838565264E-16, 0.000000000000000000, 1.000000000000000000 ) ) ;
#5714 = LINE ( 'NONE', #4937, #3057 ) ;
#5715 = VECTOR ( 'NONE', #1481, 1000.000000000000227 ) ;
#5716 = CIRCLE ( 'NONE', #2100, 1.000000000000000888 ) ;
#5717 = EDGE_LOOP ( 'NONE', ( #10845, #3200, #8412, #8864 ) ) ;
#5718 = DIRECTION ( 'NONE',  ( 0.000000000000000000, 1.000000000000000000, 0.000000000000000000 ) ) ;
#5719 = DIRECTION ( 'NONE',  ( 0.000000000000000000, 0.000000000000000000, 1.000000000000000000 ) ) ;
#5720 = VERTEX_POINT ( 'NONE', #8506 ) ;
#5721 = CARTESIAN_POINT ( 'NONE',  ( 39.81116669259215257, -7.014182230867089807, 29.23539094403965066 ) ) ;
#5722 = TOROIDAL_SURFACE ( 'NONE', #9348, 2.500000000000000000, 1.000000000000000000 ) ;
#5723 = ORIENTED_EDGE ( 'NONE', *, *, #3194, .T. ) ;
#5724 = PLANE ( 'NONE',  #7612 ) ;
#5725 = ORIENTED_EDGE ( 'NONE', *, *, #11614, .F. ) ;
#5726 = CARTESIAN_POINT ( 'NONE',  ( 37.75000000000000000, -19.50534825036275066, -30.94999999999999929 ) ) ;
#5727 = CARTESIAN_POINT ( 'NONE',  ( -37.75000000000000000, -7.005348250362779972, -30.94999999999999929 ) ) ;
#5728 = EDGE_CURVE ( 'NONE', #230, #11293, #7727, .T. ) ;
#5729 = CARTESIAN_POINT ( 'NONE',  ( -40.55270260730154774, -17.45970162999753228, 34.07642883152730917 ) ) ;
#5730 = CIRCLE ( 'NONE', #3070, 3.499999999999999556 ) ;
#5731 = VECTOR ( 'NONE', #7014, 1000.000000000000000 ) ;
#5732 = CARTESIAN_POINT ( 'NONE',  ( 25.97196811716344911, -19.50534825036275066, -41.95000000000000284 ) ) ;
#5733 = AXIS2_PLACEMENT_3D ( 'NONE', #1590, #9711, #700 ) ;
#5734 = DIRECTION ( 'NONE',  ( 0.000000000000000000, -1.000000000000000000, 0.000000000000000000 ) ) ;
#5735 = CARTESIAN_POINT ( 'NONE',  ( -41.45000000000000284, -1.705348250362779927, -42.95000000000000284 ) ) ;
#5736 = EDGE_CURVE ( 'NONE', #8270, #1583, #11476, .T. ) ;
#5737 = CARTESIAN_POINT ( 'NONE',  ( 26.02800682926450193, -19.49205929406416260, -41.77222888874127449 ) ) ;
#5738 = ORIENTED_EDGE ( 'NONE', *, *, #2175, .T. ) ;
#5739 = DIRECTION ( 'NONE',  ( 0.000000000000000000, -1.000000000000000000, 0.000000000000000000 ) ) ;
#5740 = ORIENTED_EDGE ( 'NONE', *, *, #3264, .F. ) ;
#5741 = CARTESIAN_POINT ( 'NONE',  ( -41.95000000000000284, -19.50534825036275066, 41.45000000000000284 ) ) ;
#5742 = VERTEX_POINT ( 'NONE', #1273 ) ;
#5743 = AXIS2_PLACEMENT_3D ( 'NONE', #7752, #6984, #595 ) ;
#5744 = CIRCLE ( 'NONE', #6899, 1.000000000000000888 ) ;
#5745 = ORIENTED_EDGE ( 'NONE', *, *, #9129, .F. ) ;
#5746 = AXIS2_PLACEMENT_3D ( 'NONE', #9454, #1155, #7604 ) ;
#5747 = ORIENTED_EDGE ( 'NONE', *, *, #11754, .F. ) ;
#5748 = ADVANCED_FACE ( 'NONE', ( #6648 ), #10283, .T. ) ;
#5749 = VECTOR ( 'NONE', #4990, 1000.000000000000000 ) ;
#5750 = LINE ( 'NONE', #9403, #246 ) ;
#5751 = AXIS2_PLACEMENT_3D ( 'NONE', #5046, #9773, #8752 ) ;
#5752 = CARTESIAN_POINT ( 'NONE',  ( 42.95000000000000284, -6.661991010183810680, -10.84814112331866021 ) ) ;
#5753 = CIRCLE ( 'NONE', #52, 1.000000000000000888 ) ;
#5754 = CARTESIAN_POINT ( 'NONE',  ( 39.71674008408592016, -7.061271269277156648, 32.99357788624764254 ) ) ;
#5755 = ORIENTED_EDGE ( 'NONE', *, *, #6424, .T. ) ;
#5756 = CARTESIAN_POINT ( 'NONE',  ( 10.54067709118053742, -19.64783383788814675, -41.82901155162598172 ) ) ;
#5757 = ORIENTED_EDGE ( 'NONE', *, *, #6968, .T. ) ;
#5758 = ADVANCED_FACE ( 'NONE', ( #1218 ), #1094, .F. ) ;
#5759 = CARTESIAN_POINT ( 'NONE',  ( 13.12963360958147874, -14.50534825036275954, -39.53619997939700426 ) ) ;
#5760 = DIRECTION ( 'NONE',  ( 0.000000000000000000, 0.000000000000000000, -1.000000000000000000 ) ) ;
#5761 = VECTOR ( 'NONE', #984, 1000.000000000000227 ) ;
#5762 = VECTOR ( 'NONE', #5213, 1000.000000000000000 ) ;
#5763 = VECTOR ( 'NONE', #3758, 1000.000000000000000 ) ;
#5764 = CARTESIAN_POINT ( 'NONE',  ( -40.95000000000001705, -8.005348250362789742, 33.16879324820072128 ) ) ;
#5765 = CARTESIAN_POINT ( 'NONE',  ( -40.95000000000000284, -7.236041226059540143, -34.70580221810934063 ) ) ;
#5766 = VERTEX_POINT ( 'NONE', #4854 ) ;
#5767 = CARTESIAN_POINT ( 'NONE',  ( 37.75000000000000000, -16.50534825036275066, -26.45000000000000284 ) ) ;
#5768 = CARTESIAN_POINT ( 'NONE',  ( -25.55000000000000071, -17.50534825036275066, 21.85000000000000142 ) ) ;
#5769 = ADVANCED_FACE ( 'NONE', ( #9334 ), #11075, .F. ) ;
#5770 = AXIS2_PLACEMENT_3D ( 'NONE', #9736, #611, #5368 ) ;
#5771 = ORIENTED_EDGE ( 'NONE', *, *, #2628, .T. ) ;
#5772 = AXIS2_PLACEMENT_3D ( 'NONE', #6926, #6986, #1601 ) ;
#5773 = CARTESIAN_POINT ( 'NONE',  ( -19.25000000000000000, -17.50534825036275066, 19.94999999999999929 ) ) ;
#5774 = CYLINDRICAL_SURFACE ( 'NONE', #1494, 1.000000000000000888 ) ;
#5775 = VECTOR ( 'NONE', #553, 1000.000000000000000 ) ;
#5776 = ORIENTED_EDGE ( 'NONE', *, *, #10740, .F. ) ;
#5777 = EDGE_CURVE ( 'NONE', #3652, #7409, #5683, .T. ) ;
#5778 = FACE_OUTER_BOUND ( 'NONE', #3886, .T. ) ;
#5779 = EDGE_CURVE ( 'NONE', #1089, #3312, #418, .T. ) ;
#5780 = ORIENTED_EDGE ( 'NONE', *, *, #2462, .T. ) ;
#5781 = CARTESIAN_POINT ( 'NONE',  ( -40.95000000000000284, -19.50534825036275066, 27.02444271472190351 ) ) ;
#5782 = VERTEX_POINT ( 'NONE', #8383 ) ;
#5783 = CARTESIAN_POINT ( 'NONE',  ( 21.94999999999999929, -17.50534825036275066, 19.00000000000000000 ) ) ;
#5784 = CIRCLE ( 'NONE', #4445, 1.000000000000000888 ) ;
#5785 = ORIENTED_EDGE ( 'NONE', *, *, #4312, .F. ) ;
#5786 = CARTESIAN_POINT ( 'NONE',  ( 21.94999999999999929, -17.50534825036275066, 20.75000000000000000 ) ) ;
#5787 = DIRECTION ( 'NONE',  ( -1.000000000000000000, 0.000000000000000000, 0.000000000000000000 ) ) ;
#5788 = ADVANCED_FACE ( 'NONE', ( #8563 ), #6712, .T. ) ;
#5789 = ORIENTED_EDGE ( 'NONE', *, *, #9465, .T. ) ;
#5790 = CARTESIAN_POINT ( 'NONE',  ( -37.75000000000000000, -16.50534825036275066, 26.45000000000000284 ) ) ;
#5791 = CARTESIAN_POINT ( 'NONE',  ( 26.62972367040299915, -19.99972107929420062, -40.42939971189189663 ) ) ;
#5792 = ORIENTED_EDGE ( 'NONE', *, *, #11331, .T. ) ;
#5793 = LINE ( 'NONE', #3885, #6543 ) ;
#5794 = ORIENTED_EDGE ( 'NONE', *, *, #8267, .F. ) ;
#5795 = ORIENTED_EDGE ( 'NONE', *, *, #7964, .T. ) ;
#5796 = CYLINDRICAL_SURFACE ( 'NONE', #34, 1.000000000000000888 ) ;
#5797 = CARTESIAN_POINT ( 'NONE',  ( -22.84999999999999787, -17.50534825036275066, 29.94999999999999929 ) ) ;
#5798 = CARTESIAN_POINT ( 'NONE',  ( 42.95000000000000284, -13.20151344825372064, -7.441375759172469628 ) ) ;
#5799 = CARTESIAN_POINT ( 'NONE',  ( 9.633259363747132653, -19.94893269942914316, -40.81108689238097043 ) ) ;
#5800 = LINE ( 'NONE', #6762, #6117 ) ;
#5801 = DIRECTION ( 'NONE',  ( 0.000000000000000000, 0.000000000000000000, 1.000000000000000000 ) ) ;
#5802 = CARTESIAN_POINT ( 'NONE',  ( 26.12364836500439935, -19.49858302217855055, -41.83387263540615209 ) ) ;
#5803 = ORIENTED_EDGE ( 'NONE', *, *, #7077, .T. ) ;
#5804 = FACE_OUTER_BOUND ( 'NONE', #6819, .T. ) ;
#5805 = VERTEX_POINT ( 'NONE', #390 ) ;
#5806 = CARTESIAN_POINT ( 'NONE',  ( 10.12963360958148051, -19.48665501328809668, -42.14245008972989837 ) ) ;
#5807 = VERTEX_POINT ( 'NONE', #11123 ) ;
#5808 = ORIENTED_EDGE ( 'NONE', *, *, #7841, .T. ) ;
#5809 = EDGE_LOOP ( 'NONE', ( #5996, #10493, #6612, #7908 ) ) ;
#5810 = CARTESIAN_POINT ( 'NONE',  ( 11.28550345068316041, -19.18831144660135379, -42.09772611339370485 ) ) ;
#5811 = DIRECTION ( 'NONE',  ( -1.000000000000000000, 0.000000000000000000, 0.000000000000000000 ) ) ;
#5812 = CARTESIAN_POINT ( 'NONE',  ( 16.44999999999999929, -12.30534825036276025, 19.00000000000000000 ) ) ;
#5813 = DIRECTION ( 'NONE',  ( 1.000000000000000000, 0.000000000000000000, 0.000000000000000000 ) ) ;
#5814 = ORIENTED_EDGE ( 'NONE', *, *, #1177, .T. ) ;
#5815 = CARTESIAN_POINT ( 'NONE',  ( 39.81137610787411774, -7.014110170997642335, -29.23611930073314014 ) ) ;
#5816 = EDGE_CURVE ( 'NONE', #5685, #2139, #4144, .T. ) ;
#5817 = ORIENTED_EDGE ( 'NONE', *, *, #2611, .T. ) ;
#5818 = CARTESIAN_POINT ( 'NONE',  ( -41.45000000000000284, -19.50534825036275066, 41.45000000000000284 ) ) ;
#5819 = FACE_OUTER_BOUND ( 'NONE', #10602, .T. ) ;
#5820 = CARTESIAN_POINT ( 'NONE',  ( -40.95000000000006679, -8.001901825225219866, 33.16879325042619087 ) ) ;
#5821 = CARTESIAN_POINT ( 'NONE',  ( -40.95000000000000284, -6.962073307347160345, -34.54348410926385071 ) ) ;
#5822 = EDGE_CURVE ( 'NONE', #1265, #10231, #2947, .T. ) ;
#5823 = FACE_OUTER_BOUND ( 'NONE', #8736, .T. ) ;
#5824 = CARTESIAN_POINT ( 'NONE',  ( -37.75000000000000000, -16.50534825036275066, 35.45000000000000284 ) ) ;
#5825 = ORIENTED_EDGE ( 'NONE', *, *, #5179, .F. ) ;
#5826 = LINE ( 'NONE', #5050, #6932 ) ;
#5827 = CARTESIAN_POINT ( 'NONE',  ( -28.25000000000000000, -17.50534825036275066, 28.25000000000000000 ) ) ;
#5828 = EDGE_LOOP ( 'NONE', ( #10979, #9765, #5464, #1097 ) ) ;
#5829 = CARTESIAN_POINT ( 'NONE',  ( 11.13561885415716191, -19.49858302217850081, -41.83387263540585366 ) ) ;
#5830 = ORIENTED_EDGE ( 'NONE', *, *, #3246, .T. ) ;
#5831 = CARTESIAN_POINT ( 'NONE',  ( 42.95000000000000284, -13.50220958978423980, 5.905549808440910375 ) ) ;
#5832 = ORIENTED_EDGE ( 'NONE', *, *, #9216, .T. ) ;
#5833 = ADVANCED_FACE ( 'NONE', ( #5863 ), #9645, .F. ) ;
#5834 = DIRECTION ( 'NONE',  ( 0.000000000000000000, 0.000000000000000000, -1.000000000000000000 ) ) ;
#5835 = ORIENTED_EDGE ( 'NONE', *, *, #11071, .F. ) ;
#5836 = CARTESIAN_POINT ( 'NONE',  ( 40.95000000000000284, -6.823683587634779890, -27.43891170265390045 ) ) ;
#5837 = FACE_BOUND ( 'NONE', #7543, .T. ) ;
#5838 = ADVANCED_FACE ( 'NONE', ( #10639 ), #618, .T. ) ;
#5839 = ORIENTED_EDGE ( 'NONE', *, *, #11359, .F. ) ;
#5840 = CARTESIAN_POINT ( 'NONE',  ( 18.62963360958150005, -21.50534825036274711, -34.03619997939700426 ) ) ;
#5841 = DIRECTION ( 'NONE',  ( -1.674039542559039894E-16, 0.000000000000000000, -1.000000000000000000 ) ) ;
#5842 = CARTESIAN_POINT ( 'NONE',  ( 10.01306172918946125, -19.48665501275979750, -42.14245009242349482 ) ) ;
#5843 = ORIENTED_EDGE ( 'NONE', *, *, #11631, .T. ) ;
#5844 = CARTESIAN_POINT ( 'NONE',  ( -25.55000000000000071, -19.50534825036275066, 23.85000000000000142 ) ) ;
#5845 = EDGE_CURVE ( 'NONE', #7556, #8589, #10762, .T. ) ;
#5846 = CARTESIAN_POINT ( 'NONE',  ( 24.12963360958149650, -14.50534825036275954, -39.53619997939700426 ) ) ;
#5847 = DIRECTION ( 'NONE',  ( -1.000000000000000000, 0.000000000000000000, 1.674039542559039894E-16 ) ) ;
#5848 = CARTESIAN_POINT ( 'NONE',  ( 9.823911700637349753, -19.74633850339374774, -41.65092130572939766 ) ) ;
#5849 = CARTESIAN_POINT ( 'NONE',  ( -22.84999999999999787, -19.50534825036275066, 28.25000000000000000 ) ) ;
#5850 = CARTESIAN_POINT ( 'NONE',  ( -25.55000000000000071, -19.50534825036275066, 30.94999999999999929 ) ) ;
#5851 = DIRECTION ( 'NONE',  ( -1.000000000000000000, 0.000000000000000000, 0.000000000000000000 ) ) ;
#5852 = CARTESIAN_POINT ( 'NONE',  ( 26.07152960169115019, -19.50214149037945077, -41.86970500255560523 ) ) ;
#5853 = VERTEX_POINT ( 'NONE', #6044 ) ;
#5854 = CARTESIAN_POINT ( 'NONE',  ( 39.95000000000000284, -8.005348250362779083, -27.02444271472185022 ) ) ;
#5855 = ORIENTED_EDGE ( 'NONE', *, *, #5090, .T. ) ;
#5856 = DIRECTION ( 'NONE',  ( 1.000000000000000000, 0.000000000000000000, 0.000000000000000000 ) ) ;
#5857 = ORIENTED_EDGE ( 'NONE', *, *, #1008, .T. ) ;
#5858 = ORIENTED_EDGE ( 'NONE', *, *, #1949, .F. ) ;
#5859 = VERTEX_POINT ( 'NONE', #1631 ) ;
#5860 = ADVANCED_FACE ( 'NONE', ( #6896 ), #10523, .F. ) ;
#5861 = AXIS2_PLACEMENT_3D ( 'NONE', #5925, #332, #1335 ) ;
#5862 = CARTESIAN_POINT ( 'NONE',  ( 10.63840918037865357, -19.80693342845628280, -41.75035457835863184 ) ) ;
#5863 = FACE_OUTER_BOUND ( 'NONE', #1327, .T. ) ;
#5864 = CARTESIAN_POINT ( 'NONE',  ( -37.75000000000000000, -8.505348250362779083, -28.85000000000000142 ) ) ;
#5865 = DIRECTION ( 'NONE',  ( 0.000000000000000000, 1.000000000000000000, 0.000000000000000000 ) ) ;
#5866 = VERTEX_POINT ( 'NONE', #9757 ) ;
#5867 = LINE ( 'NONE', #2184, #559 ) ;
#5868 = EDGE_CURVE ( 'NONE', #11340, #3748, #3655, .T. ) ;
#5869 = EDGE_LOOP ( 'NONE', ( #11551, #8013, #298, #1048 ) ) ;
#5870 = DIRECTION ( 'NONE',  ( 1.000000000000000000, 0.000000000000000000, 0.000000000000000000 ) ) ;
#5871 = CARTESIAN_POINT ( 'NONE',  ( 9.518189791693218993, -19.50534825036275066, -41.95000000000000284 ) ) ;
#5872 = ADVANCED_BREP_SHAPE_REPRESENTATION ( '4inch P4C5\X2\540e58f3\X0\-V1.0', ( #3723, #4975 ), #5552 ) ;
#5873 = VECTOR ( 'NONE', #10230, 1000.000000000000000 ) ;
#5874 = DIRECTION ( 'NONE',  ( 0.000000000000000000, 0.000000000000000000, 1.000000000000000000 ) ) ;
#5875 = VECTOR ( 'NONE', #9933, 1000.000000000000000 ) ;
#5876 = CARTESIAN_POINT ( 'NONE',  ( -40.95000000000000995, -7.005348250362778195, -32.13743420870379452 ) ) ;
#5877 = EDGE_CURVE ( 'NONE', #9590, #2404, #5364, .T. ) ;
#5878 = DIRECTION ( 'NONE',  ( 0.000000000000000000, -1.000000000000000000, 0.000000000000000000 ) ) ;
#5879 = CARTESIAN_POINT ( 'NONE',  ( 27.08933739396749729, -20.13041192874333163, -41.38444992936692302 ) ) ;
#5880 = CARTESIAN_POINT ( 'NONE',  ( 40.48997162296313945, -17.43268076912813669, 27.86647458332245719 ) ) ;
#5881 = ORIENTED_EDGE ( 'NONE', *, *, #8322, .T. ) ;
#5882 = DIRECTION ( 'NONE',  ( 1.520599644265049812E-16, 0.4182291950158013583, 0.9083415329249427961 ) ) ;
#5883 = CARTESIAN_POINT ( 'NONE',  ( -20.15000000000000213, -17.50534825036275066, 26.55000000000000071 ) ) ;
#5884 = ADVANCED_FACE ( 'NONE', ( #5266 ), #507, .F. ) ;
#5885 = ORIENTED_EDGE ( 'NONE', *, *, #2789, .F. ) ;
#5886 = CARTESIAN_POINT ( 'NONE',  ( 42.95000000000000284, -6.511642939418550213, 10.47839609287463958 ) ) ;
#5887 = AXIS2_PLACEMENT_3D ( 'NONE', #1086, #4667, #7317 ) ;
#5888 = CIRCLE ( 'NONE', #3794, 1.000000000000000888 ) ;
#5889 = ORIENTED_EDGE ( 'NONE', *, *, #1591, .T. ) ;
#5890 = DIRECTION ( 'NONE',  ( 0.000000000000000000, 0.000000000000000000, 1.000000000000000000 ) ) ;
#5891 = LINE ( 'NONE', #1243, #4430 ) ;
#5892 = CARTESIAN_POINT ( 'NONE',  ( 14.44999999999999929, -16.51385150205409857, 3.899729277812125140E-15 ) ) ;
#5893 = DIRECTION ( 'NONE',  ( -1.000000000000000000, 0.000000000000000000, 0.000000000000000000 ) ) ;
#5894 = AXIS2_PLACEMENT_3D ( 'NONE', #7062, #7176, #1623 ) ;
#5895 = CARTESIAN_POINT ( 'NONE',  ( 41.45000000000000284, -19.50534825036275066, -41.95000000000000284 ) ) ;
#5896 = VERTEX_POINT ( 'NONE', #5083 ) ;
#5897 = FACE_BOUND ( 'NONE', #4186, .T. ) ;
#5898 = CARTESIAN_POINT ( 'NONE',  ( 26.68194178985855203, -19.38524258413525203, -42.01535099527424677 ) ) ;
#5899 = ORIENTED_EDGE ( 'NONE', *, *, #10463, .F. ) ;
#5900 = VECTOR ( 'NONE', #710, 1000.000000000000000 ) ;
#5901 = CARTESIAN_POINT ( 'NONE',  ( -39.50243578279830103, -7.484319576945080321, 33.81340334905675604 ) ) ;
#5902 = ORIENTED_EDGE ( 'NONE', *, *, #11793, .F. ) ;
#5903 = ADVANCED_FACE ( 'NONE', ( #1576 ), #7070, .F. ) ;
#5904 = CARTESIAN_POINT ( 'NONE',  ( 40.95000000000000284, -6.511642939418550213, 17.47839609287465024 ) ) ;
#5905 = AXIS2_PLACEMENT_3D ( 'NONE', #2816, #202, #6702 ) ;
#5906 = DIRECTION ( 'NONE',  ( 0.000000000000000000, -1.000000000000000000, 0.000000000000000000 ) ) ;
#5907 = VECTOR ( 'NONE', #6877, 1000.000000000000000 ) ;
#5908 = DIRECTION ( 'NONE',  ( 0.000000000000000000, -1.000000000000000000, 0.000000000000000000 ) ) ;
#5909 = CARTESIAN_POINT ( 'NONE',  ( 9.717439977951553232, -19.79439110621200726, -41.46363265173111756 ) ) ;
#5910 = DIRECTION ( 'NONE',  ( 0.000000000000000000, 0.000000000000000000, -1.000000000000000000 ) ) ;
#5911 = CARTESIAN_POINT ( 'NONE',  ( 40.95000000000000284, -6.117302516606730300, 28.66614285017675101 ) ) ;
#5912 = CARTESIAN_POINT ( 'NONE',  ( 26.11566540841006656, -19.49087686743101244, -41.76831246051553848 ) ) ;
#5913 = EDGE_LOOP ( 'NONE', ( #11555, #96, #10045, #9472 ) ) ;
#5914 = CARTESIAN_POINT ( 'NONE',  ( 27.12963360958150005, -18.50534825036275421, -40.21794919243114919 ) ) ;
#5915 = CIRCLE ( 'NONE', #6487, 1.000000000000000888 ) ;
#5916 = VERTEX_POINT ( 'NONE', #9695 ) ;
#5917 = DIRECTION ( 'NONE',  ( 0.000000000000000000, -1.000000000000000000, 0.000000000000000000 ) ) ;
#5918 = ORIENTED_EDGE ( 'NONE', *, *, #2093, .T. ) ;
#5919 = EDGE_CURVE ( 'NONE', #978, #3618, #7086, .T. ) ;
#5920 = VERTEX_POINT ( 'NONE', #7912 ) ;
#5921 = CIRCLE ( 'NONE', #11463, 0.5000000000000004441 ) ;
#5922 = VECTOR ( 'NONE', #8242, 1000.000000000000000 ) ;
#5923 = CARTESIAN_POINT ( 'NONE',  ( 42.95000000000000284, -13.50220958978423980, -1.094450191559082075 ) ) ;
#5924 = CARTESIAN_POINT ( 'NONE',  ( -25.55000000000000071, -17.50534825036275066, 25.55000000000000071 ) ) ;
#5925 = CARTESIAN_POINT ( 'NONE',  ( -28.25000000000000000, -17.50534825036275066, 28.25000000000000000 ) ) ;
#5926 = CARTESIAN_POINT ( 'NONE',  ( 40.95000000000000284, -17.50534825036275066, -41.45000000000000284 ) ) ;
#5927 = EDGE_CURVE ( 'NONE', #3907, #9488, #9763, .T. ) ;
#5928 = VECTOR ( 'NONE', #5734, 1000.000000000000000 ) ;
#5929 = ORIENTED_EDGE ( 'NONE', *, *, #11806, .F. ) ;
#5930 = CARTESIAN_POINT ( 'NONE',  ( 39.63292794254891760, -7.139500174634146212, -28.60750982359260419 ) ) ;
#5931 = AXIS2_PLACEMENT_3D ( 'NONE', #3249, #8026, #7782 ) ;
#5932 = ORIENTED_EDGE ( 'NONE', *, *, #11319, .T. ) ;
#5933 = CARTESIAN_POINT ( 'NONE',  ( 42.95000000000000284, -6.511642939418550213, 3.478396092874644907 ) ) ;
#5934 = DIRECTION ( 'NONE',  ( 1.520599644265049812E-16, 0.4182291950158013583, 0.9083415329249427961 ) ) ;
#5935 =( BOUNDED_SURFACE ( )  B_SPLINE_SURFACE ( 3, 2, ( 
 ( #4742, #5876, #2007 ),
 ( #2238, #225, #7614 ),
 ( #6658, #2189, #11323 ),
 ( #5637, #11074, #10294 ),
 ( #465, #2957, #5692 ),
 ( #2125, #8647, #9346 ),
 ( #4918, #1348, #11252 ),
 ( #3859, #7504, #3143 ),
 ( #11132, #4984, #3081 ),
 ( #6728, #1169, #10364 ),
 ( #5821, #8576, #4808 ),
 ( #5765, #4865, #1282 ),
 ( #401, #4031, #8462 ),
 ( #3914, #8516, #7442 ),
 ( #7555, #9415, #6786 ),
 ( #1230, #9467, #4140 ) ),
 .UNSPECIFIED., .F., .F., .T. ) 
 B_SPLINE_SURFACE_WITH_KNOTS ( ( 4, 2, 2, 2, 2, 2, 2, 4 ),
 ( 3, 3 ),
 ( 0.003747598663927904829, 0.004691749734676150044, 0.005163825270050269832, 0.005635900805424390488, 0.006107976340798519817, 0.006580051876172639605, 0.007052127411546760261, 0.007524202946920880049 ),
 ( 0.000000000000000000, 1.000000000000000000 ),
 .UNSPECIFIED. ) 
 GEOMETRIC_REPRESENTATION_ITEM ( )  RATIONAL_B_SPLINE_SURFACE ( (
 ( 1.000000000000000000, 0.7071067811865480168, 1.000000000000000000),
 ( 1.000000000000000000, 0.6834598332070079829, 1.000000000000000000),
 ( 1.000000000000000000, 0.6567429731168699103, 1.000000000000000000),
 ( 1.000000000000000000, 0.6192946484895599513, 1.000000000000000000),
 ( 1.000000000000000000, 0.6070808663732210064, 1.000000000000000000),
 ( 1.000000000000000000, 0.5844586492073710060, 1.000000000000000000),
 ( 1.000000000000000000, 0.5740360668911950182, 1.000000000000000000),
 ( 1.000000000000000000, 0.5549943924771409964, 1.000000000000000000),
 ( 1.000000000000000000, 0.5464728082623999672, 1.000000000000000000),
 ( 1.000000000000000000, 0.5318842912916390553, 1.000000000000000000),
 ( 1.000000000000000000, 0.5256339409879799973, 1.000000000000000000),
 ( 1.000000000000000000, 0.5156079431869849961, 1.000000000000000000),
 ( 1.000000000000000000, 0.5118790333458720365, 1.000000000000000000),
 ( 1.000000000000000000, 0.5068030877240289334, 1.000000000000000000),
 ( 1.000000000000000000, 0.5055084949351589252, 1.000000000000000000),
 ( 1.000000000000000000, 0.5055250296034349278, 1.000000000000000000) ) ) 
 REPRESENTATION_ITEM ( '' )  SURFACE ( )  );
#5936 = AXIS2_PLACEMENT_3D ( 'NONE', #7742, #6843, #6790 ) ;
#5937 = FACE_OUTER_BOUND ( 'NONE', #11401, .T. ) ;
#5938 = CARTESIAN_POINT ( 'NONE',  ( -13.25000000000000000, -17.50534825036275066, -26.55000000000000071 ) ) ;
#5939 = CIRCLE ( 'NONE', #1374, 0.3594872681224057231 ) ;
#5940 = EDGE_LOOP ( 'NONE', ( #9958, #9460, #1425, #1254 ) ) ;
#5941 = CARTESIAN_POINT ( 'NONE',  ( 28.12963360963199833, -19.50534825036275066, -40.36967454574390501 ) ) ;
#5942 = CARTESIAN_POINT ( 'NONE',  ( 27.12891566113705366, -20.45523007995802089, -40.66292053549157970 ) ) ;
#5943 = LINE ( 'NONE', #5048, #10133 ) ;
#5944 = EDGE_LOOP ( 'NONE', ( #3105, #5419, #1597, #2504 ) ) ;
#5945 = DIRECTION ( 'NONE',  ( 0.000000000000000000, 0.000000000000000000, -1.000000000000000000 ) ) ;
#5946 = LINE ( 'NONE', #9608, #911 ) ;
#5947 = EDGE_LOOP ( 'NONE', ( #11489, #5406, #4872, #4866 ) ) ;
#5948 = FACE_OUTER_BOUND ( 'NONE', #9220, .T. ) ;
#5949 = CARTESIAN_POINT ( 'NONE',  ( -28.25000000000000000, -19.50534825036275066, 28.25000000000000000 ) ) ;
#5950 = CIRCLE ( 'NONE', #7481, 2.399999999999999467 ) ;
#5951 = COLOUR_RGB ( '',1.000000000000000000, 1.000000000000000000, 1.000000000000000000 ) ;
#5952 = AXIS2_PLACEMENT_3D ( 'NONE', #3557, #9056, #3676 ) ;
#5953 = CIRCLE ( 'NONE', #813, 1.000000000000000000 ) ;
#5954 = EDGE_LOOP ( 'NONE', ( #7141, #5825 ) ) ;
#5955 = CARTESIAN_POINT ( 'NONE',  ( 39.48171950751544301, -7.620278669526720172, -33.90633538178249751 ) ) ;
#5956 = DIRECTION ( 'NONE',  ( 0.000000000000000000, -1.000000000000000000, 0.000000000000000000 ) ) ;
#5957 = DIRECTION ( 'NONE',  ( 1.000000000000000000, 0.000000000000000000, 0.000000000000000000 ) ) ;
#5958 = ADVANCED_FACE ( 'NONE', ( #4366 ), #2408, .T. ) ;
#5959 = CARTESIAN_POINT ( 'NONE',  ( 40.95000000000000284, -6.160197295050259036, -28.51276956805075002 ) ) ;
#5960 = CIRCLE ( 'NONE', #823, 0.3594872681224065558 ) ;
#5961 = CARTESIAN_POINT ( 'NONE',  ( -22.84999999999999787, -19.50534825036275066, 27.25000000000000000 ) ) ;
#5962 = AXIS2_PLACEMENT_3D ( 'NONE', #1110, #8340, #10130 ) ;
#5963 = ORIENTED_EDGE ( 'NONE', *, *, #4375, .F. ) ;
#5964 = CARTESIAN_POINT ( 'NONE',  ( 10.79931405357828567, -19.62950575068262538, -41.51825644373349888 ) ) ;
#5965 = CARTESIAN_POINT ( 'NONE',  ( 26.53485160308101598, -19.68468397487917088, -41.85377260105850183 ) ) ;
#5966 = CARTESIAN_POINT ( 'NONE',  ( -28.25000000000000000, -17.50534825036275066, 20.15000000000000213 ) ) ;
#5967 = ADVANCED_FACE ( 'NONE', ( #5990 ), #7845, .F. ) ;
#5968 = ORIENTED_EDGE ( 'NONE', *, *, #1292, .T. ) ;
#5969 = DIRECTION ( 'NONE',  ( 0.000000000000000000, 0.000000000000000000, -1.000000000000000000 ) ) ;
#5970 = AXIS2_PLACEMENT_3D ( 'NONE', #11761, #1739, #3588 ) ;
#5971 = CARTESIAN_POINT ( 'NONE',  ( -37.75000000000000000, -7.005348250362779972, -30.94999999999999929 ) ) ;
#5972 = EDGE_CURVE ( 'NONE', #8680, #2755, #1927, .T. ) ;
#5973 = DIRECTION ( 'NONE',  ( 0.000000000000000000, 0.000000000000000000, 1.000000000000000000 ) ) ;
#5974 = DIRECTION ( 'NONE',  ( 0.000000000000000000, 0.000000000000000000, 1.000000000000000000 ) ) ;
#5975 = DIRECTION ( 'NONE',  ( -1.000000000000000000, 0.000000000000000000, 0.000000000000000000 ) ) ;
#5976 = DIRECTION ( 'NONE',  ( 0.000000000000000000, -1.000000000000000000, 0.000000000000000000 ) ) ;
#5977 = CIRCLE ( 'NONE', #7507, 4.499999999999997335 ) ;
#5978 = CARTESIAN_POINT ( 'NONE',  ( -40.67589257900787914, -17.50534825036277553, -34.17183327105019686 ) ) ;
#5979 = ORIENTED_EDGE ( 'NONE', *, *, #6773, .T. ) ;
#5980 = ORIENTED_EDGE ( 'NONE', *, *, #2377, .F. ) ;
#5981 = DIRECTION ( 'NONE',  ( 0.000000000000000000, 0.000000000000000000, 1.000000000000000000 ) ) ;
#5982 = ORIENTED_EDGE ( 'NONE', *, *, #3216, .F. ) ;
#5983 = CARTESIAN_POINT ( 'NONE',  ( -39.78186789794285971, -16.88214734867445443, 33.88952888433556865 ) ) ;
#5984 = ORIENTED_EDGE ( 'NONE', *, *, #11359, .T. ) ;
#5985 = ORIENTED_EDGE ( 'NONE', *, *, #2980, .F. ) ;
#5986 = ORIENTED_EDGE ( 'NONE', *, *, #3694, .F. ) ;
#5987 = ADVANCED_FACE ( 'NONE', ( #4307 ), #1746, .T. ) ;
#5988 = EDGE_CURVE ( 'NONE', #173, #3165, #5035, .T. ) ;
#5989 = CARTESIAN_POINT ( 'NONE',  ( 26.62741395079641293, -19.95815807972338263, -40.74213036286057132 ) ) ;
#5990 = FACE_OUTER_BOUND ( 'NONE', #9477, .T. ) ;
#5991 = EDGE_CURVE ( 'NONE', #2516, #4502, #10812, .T. ) ;
#5992 = DIRECTION ( 'NONE',  ( 0.05233595624294379994, -0.9986295347545739443, 0.000000000000000000 ) ) ;
#5993 = LINE ( 'NONE', #9647, #8836 ) ;
#5994 = ORIENTED_EDGE ( 'NONE', *, *, #10120, .F. ) ;
#5995 = CARTESIAN_POINT ( 'NONE',  ( 39.50253182032935939, -7.483710778396475582, -28.08702613602301312 ) ) ;
#5996 = ORIENTED_EDGE ( 'NONE', *, *, #6242, .F. ) ;
#5997 = CARTESIAN_POINT ( 'NONE',  ( 42.95000000000000284, -13.20151344825372064, -0.4413757591724690177 ) ) ;
#5998 = FACE_OUTER_BOUND ( 'NONE', #3154, .T. ) ;
#5999 = VERTEX_POINT ( 'NONE', #91 ) ;
#6000 = CARTESIAN_POINT ( 'NONE',  ( -40.95000000000000284, -7.383168832633299594, 34.76893837518159813 ) ) ;
#6001 = FACE_BOUND ( 'NONE', #1397, .T. ) ;
#6002 = CARTESIAN_POINT ( 'NONE',  ( 9.129633609581468079, -19.50534825036275066, -40.36964599647974694 ) ) ;
#6003 = FACE_OUTER_BOUND ( 'NONE', #687, .T. ) ;
#6004 = CARTESIAN_POINT ( 'NONE',  ( 21.94999999999999929, -16.51385150205409857, 18.35000000000000142 ) ) ;
#6005 = ORIENTED_EDGE ( 'NONE', *, *, #9183, .T. ) ;
#6006 = CARTESIAN_POINT ( 'NONE',  ( 37.75000000000000000, -19.00534825036275421, 30.94999999999999929 ) ) ;
#6007 = CARTESIAN_POINT ( 'NONE',  ( 18.45000000000000284, -19.50534825036275066, 20.75000000000000000 ) ) ;
#6008 = VERTEX_POINT ( 'NONE', #10039 ) ;
#6009 = DIRECTION ( 'NONE',  ( 0.000000000000000000, 0.000000000000000000, 1.000000000000000000 ) ) ;
#6010 = FACE_OUTER_BOUND ( 'NONE', #5944, .T. ) ;
#6011 = VERTEX_POINT ( 'NONE', #7311 ) ;
#6012 = CARTESIAN_POINT ( 'NONE',  ( -37.75000000000000000, -8.505348250362779083, -30.94999999999999929 ) ) ;
#6013 = DIRECTION ( 'NONE',  ( 0.000000000000000000, 1.000000000000000000, 0.000000000000000000 ) ) ;
#6014 = CARTESIAN_POINT ( 'NONE',  ( -40.95000000000000284, -17.50534825036275066, 41.45000000000000284 ) ) ;
#6015 = B_SPLINE_CURVE_WITH_KNOTS ( 'NONE', 3,
 ( #8547, #4841, #9498, #3998, #11287, #5799, #2272, #10389, #9383, #439, #11219, #5070, #3300, #5909, #7650, #5848 ),
 .UNSPECIFIED., .F., .F.,
 ( 4, 2, 2, 1, 1, 2, 2, 2, 4 ),
 ( 0.000000000000000000, 0.2499999999999007461, 0.3749999999998506750, 0.4374999999998261946, 0.4687499999998203659, 0.4843749999998246958, 0.4999999999998290257, 0.7499999999999145128, 1.000000000000000000 ),
 .UNSPECIFIED. ) ;
#6016 = DIRECTION ( 'NONE',  ( 0.000000000000000000, -1.000000000000000000, 0.000000000000000000 ) ) ;
#6017 = CARTESIAN_POINT ( 'NONE',  ( -28.25000000000000000, -19.50534825036275066, 29.94999999999999929 ) ) ;
#6018 = EDGE_CURVE ( 'NONE', #240, #4153, #2887, .T. ) ;
#6019 = ORIENTED_EDGE ( 'NONE', *, *, #3113, .F. ) ;
#6020 = CARTESIAN_POINT ( 'NONE',  ( 10.78365732999790261, -19.64430742184923773, -41.50049685759879736 ) ) ;
#6021 = DIRECTION ( 'NONE',  ( 0.000000000000000000, 0.000000000000000000, -1.000000000000000000 ) ) ;
#6022 = DIRECTION ( 'NONE',  ( 0.000000000000000000, -1.000000000000000000, 0.000000000000000000 ) ) ;
#6023 = EDGE_CURVE ( 'NONE', #130, #3975, #3848, .T. ) ;
#6024 = VERTEX_POINT ( 'NONE', #8982 ) ;
#6025 = CARTESIAN_POINT ( 'NONE',  ( 21.94999999999999929, -16.51385150205409857, 20.75000000000000000 ) ) ;
#6026 = DIRECTION ( 'NONE',  ( 0.000000000000000000, 0.000000000000000000, -1.000000000000000000 ) ) ;
#6027 = CARTESIAN_POINT ( 'NONE',  ( 40.95000000000000284, -7.845192467253530033, 27.02444272384430235 ) ) ;
#6028 = DIRECTION ( 'NONE',  ( 1.000000000000000000, 0.000000000000000000, 0.000000000000000000 ) ) ;
#6029 = CYLINDRICAL_SURFACE ( 'NONE', #2289, 0.3594872681224065558 ) ;
#6030 = EDGE_CURVE ( 'NONE', #6770, #8845, #853, .T. ) ;
#6031 = CARTESIAN_POINT ( 'NONE',  ( 4.450745019243995237, -12.50534825036277908, 40.95000000000000284 ) ) ;
#6032 = DIRECTION ( 'NONE',  ( 0.000000000000000000, -1.000000000000000000, 0.000000000000000000 ) ) ;
#6033 = CARTESIAN_POINT ( 'NONE',  ( -42.95000000000000284, -13.35186151901900153, -14.76791297536576053 ) ) ;
#6034 = EDGE_LOOP ( 'NONE', ( #7189, #5188, #5979, #343 ) ) ;
#6035 = ORIENTED_EDGE ( 'NONE', *, *, #3093, .T. ) ;
#6036 = FACE_OUTER_BOUND ( 'NONE', #9371, .T. ) ;
#6037 = EDGE_CURVE ( 'NONE', #11053, #8596, #4611, .T. ) ;
#6038 = VERTEX_POINT ( 'NONE', #6278 ) ;
#6039 = CARTESIAN_POINT ( 'NONE',  ( 40.95000000000000284, -8.005348250362779083, 34.87555728527809151 ) ) ;
#6040 = ORIENTED_EDGE ( 'NONE', *, *, #9574, .F. ) ;
#6041 = ORIENTED_EDGE ( 'NONE', *, *, #8036, .T. ) ;
#6042 = EDGE_CURVE ( 'NONE', #8795, #6438, #6324, .T. ) ;
#6043 = DIRECTION ( 'NONE',  ( 0.000000000000000000, 0.000000000000000000, -1.000000000000000000 ) ) ;
#6044 = CARTESIAN_POINT ( 'NONE',  ( -37.75000000000000000, -7.005348250362779972, 33.45000000000000284 ) ) ;
#6045 = CARTESIAN_POINT ( 'NONE',  ( -39.66978824085298783, -16.75911454773834208, 27.98461814843400575 ) ) ;
#6046 = CARTESIAN_POINT ( 'NONE',  ( 37.75000000000000000, -16.50534825036275066, -27.44999999999999929 ) ) ;
#6047 = ORIENTED_EDGE ( 'NONE', *, *, #1876, .T. ) ;
#6048 = CARTESIAN_POINT ( 'NONE',  ( 37.75000000000000000, -2.505348250362775087, 30.94999999999999929 ) ) ;
#6049 = EDGE_LOOP ( 'NONE', ( #756, #3555, #10849, #55 ) ) ;
#6050 = DIRECTION ( 'NONE',  ( 0.000000000000000000, 0.000000000000000000, -1.000000000000000000 ) ) ;
#6051 = CARTESIAN_POINT ( 'NONE',  ( 9.547182176232768214, -19.50534825036278974, -41.32124360345203229 ) ) ;
#6052 = EDGE_CURVE ( 'NONE', #2230, #9127, #9009, .T. ) ;
#6053 = ADVANCED_FACE ( 'NONE', ( #9214 ), #9927, .F. ) ;
#6054 = DIRECTION ( 'NONE',  ( 0.000000000000000000, 0.000000000000000000, 1.000000000000000000 ) ) ;
#6055 = DIRECTION ( 'NONE',  ( 0.000000000000000000, -1.000000000000000000, 0.000000000000000000 ) ) ;
#6056 = ORIENTED_EDGE ( 'NONE', *, *, #3777, .T. ) ;
#6057 = AXIS2_PLACEMENT_3D ( 'NONE', #8470, #3918, #7561 ) ;
#6058 = CARTESIAN_POINT ( 'NONE',  ( 18.45000000000000284, -17.50534825036275066, 20.75000000000000000 ) ) ;
#6059 = CARTESIAN_POINT ( 'NONE',  ( 39.81897005490849750, -16.92055240010396489, 28.01592447389758789 ) ) ;
#6060 = ORIENTED_EDGE ( 'NONE', *, *, #417, .T. ) ;
#6061 = PLANE ( 'NONE',  #10536 ) ;
#6062 = DIRECTION ( 'NONE',  ( 0.000000000000000000, -1.000000000000000000, 0.000000000000000000 ) ) ;
#6063 = ORIENTED_EDGE ( 'NONE', *, *, #912, .F. ) ;
#6064 = FACE_OUTER_BOUND ( 'NONE', #5246, .T. ) ;
#6065 = DIRECTION ( 'NONE',  ( 0.000000000000000000, 0.000000000000000000, -1.000000000000000000 ) ) ;
#6066 = ADVANCED_FACE ( 'NONE', ( #6395 ), #801, .F. ) ;
#6067 = CARTESIAN_POINT ( 'NONE',  ( 40.95000000000000284, -6.511642939418550213, 10.47839609287463958 ) ) ;
#6068 = PLANE ( 'NONE',  #4943 ) ;
#6069 = DIRECTION ( 'NONE',  ( 1.000000000000000000, 0.000000000000000000, 0.000000000000000000 ) ) ;
#6070 = DIRECTION ( 'NONE',  ( 0.000000000000000000, -1.000000000000000000, 0.000000000000000000 ) ) ;
#6071 = ORIENTED_EDGE ( 'NONE', *, *, #10818, .T. ) ;
#6072 = FACE_BOUND ( 'NONE', #9512, .T. ) ;
#6074 = VECTOR ( 'NONE', #10779, 1000.000000000000000 ) ;
#6073 = CARTESIAN_POINT ( 'NONE',  ( 26.62813016365155150, -19.96089652184794971, -40.73745707054019505 ) ) ;
#6075 = ADVANCED_FACE ( 'NONE', ( #9152 ), #4541, .F. ) ;
#6076 = DIRECTION ( 'NONE',  ( 0.000000000000000000, 0.000000000000000000, -1.000000000000000000 ) ) ;
#6077 = VERTEX_POINT ( 'NONE', #3598 ) ;
#6078 = DIRECTION ( 'NONE',  ( 0.6992976367762038237, 0.000000000000000000, -0.7148306199367908675 ) ) ;
#6079 = AXIS2_PLACEMENT_3D ( 'NONE', #5313, #7010, #7123 ) ;
#6080 = DIRECTION ( 'NONE',  ( 0.000000000000000000, -1.000000000000000000, 0.000000000000000000 ) ) ;
#6081 = CARTESIAN_POINT ( 'NONE',  ( 40.95000000000000284, -6.023016204667300144, 29.12933829921910345 ) ) ;
#6082 = CARTESIAN_POINT ( 'NONE',  ( 26.44768707814809261, -19.58276677317990533, -41.72436367399067336 ) ) ;
#6083 = CARTESIAN_POINT ( 'NONE',  ( 41.95000000000000284, -3.705348250362780149, 41.45000000000000284 ) ) ;
#6084 = EDGE_CURVE ( 'NONE', #8498, #9820, #7240, .T. ) ;
#6085 = CARTESIAN_POINT ( 'NONE',  ( -39.54715864813393722, -7.308857265899431077, 28.27623564306871629 ) ) ;
#6086 = AXIS2_PLACEMENT_3D ( 'NONE', #11390, #10668, #9723 ) ;
#6087 = DIRECTION ( 'NONE',  ( -1.000000000000000000, 0.000000000000000000, 0.000000000000000000 ) ) ;
#6088 = CARTESIAN_POINT ( 'NONE',  ( -39.97108150221084344, -17.06817855287634700, -33.87543727043959763 ) ) ;
#6089 = CIRCLE ( 'NONE', #8960, 1.000000000000000888 ) ;
#6090 = ORIENTED_EDGE ( 'NONE', *, *, #7646, .T. ) ;
#6091 = EDGE_LOOP ( 'NONE', ( #10023, #11500, #6587, #11654 ) ) ;
#6092 = CARTESIAN_POINT ( 'NONE',  ( 9.518189791693229651, -19.50534825036275066, -41.95000000000000284 ) ) ;
#6093 = ORIENTED_EDGE ( 'NONE', *, *, #9250, .T. ) ;
#6094 = ORIENTED_EDGE ( 'NONE', *, *, #11220, .F. ) ;
#6096 = VERTEX_POINT ( 'NONE', #3719 ) ;
#6095 = ADVANCED_FACE ( 'NONE', ( #7418 ), #6342, .T. ) ;
#6097 = AXIS2_PLACEMENT_3D ( 'NONE', #6261, #10622, #7898 ) ;
#6098 = VECTOR ( 'NONE', #11673, 1000.000000000000227 ) ;
#6099 = AXIS2_PLACEMENT_3D ( 'NONE', #10331, #3997, #11286 ) ;
#6100 = EDGE_CURVE ( 'NONE', #4008, #16, #7364, .T. ) ;
#6101 = CARTESIAN_POINT ( 'NONE',  ( -28.25000000000000000, -17.50534825036275066, 20.15000000000000213 ) ) ;
#6102 = DIRECTION ( 'NONE',  ( 0.000000000000000000, 0.000000000000000000, -1.000000000000000000 ) ) ;
#6103 = AXIS2_PLACEMENT_3D ( 'NONE', #10429, #2256, #355 ) ;
#6104 = CARTESIAN_POINT ( 'NONE',  ( -22.84999999999999787, -19.50534825036275066, 21.85000000000000142 ) ) ;
#6105 = CIRCLE ( 'NONE', #8403, 1.000000000000000888 ) ;
#6106 = CARTESIAN_POINT ( 'NONE',  ( -19.25000000000000000, -19.50534825036275066, -26.55000000000000071 ) ) ;
#6107 = ORIENTED_EDGE ( 'NONE', *, *, #8878, .F. ) ;
#6108 = DIRECTION ( 'NONE',  ( 0.000000000000000000, -0.9083415329249425740, 0.4182291950158018023 ) ) ;
#6109 = ORIENTED_EDGE ( 'NONE', *, *, #9455, .T. ) ;
#6110 = DIRECTION ( 'NONE',  ( 0.000000000000000000, 0.000000000000000000, 1.000000000000000000 ) ) ;
#6111 = CARTESIAN_POINT ( 'NONE',  ( 9.632263853120139885, -19.95289173864449594, -40.80546168567605037 ) ) ;
#6112 = CIRCLE ( 'NONE', #4013, 1.000000000000000888 ) ;
#6113 = EDGE_CURVE ( 'NONE', #736, #8795, #10329, .T. ) ;
#6114 = SURFACE_STYLE_FILL_AREA ( #11562 ) ;
#6115 = CARTESIAN_POINT ( 'NONE',  ( 40.09921184905460478, -17.18050290281802717, -28.01586056898960919 ) ) ;
#6116 = VECTOR ( 'NONE', #4694, 1000.000000000000000 ) ;
#6117 = VECTOR ( 'NONE', #11221, 1000.000000000000000 ) ;
#6118 = CARTESIAN_POINT ( 'NONE',  ( -40.95000000000000284, -6.836017084063940707, 34.44474723087370194 ) ) ;
#6119 = DIRECTION ( 'NONE',  ( 1.000000000000000000, 0.000000000000000000, 2.168404344971010101E-16 ) ) ;
#6120 = VECTOR ( 'NONE', #9000, 1000.000000000000000 ) ;
#6121 = DIRECTION ( 'NONE',  ( 0.000000000000000000, -1.000000000000000000, 0.000000000000000000 ) ) ;
#6122 = ORIENTED_EDGE ( 'NONE', *, *, #4312, .T. ) ;
#6123 = CARTESIAN_POINT ( 'NONE',  ( 26.25011629582619932, -19.50503552633700011, -41.92204518375825018 ) ) ;
#6124 = LINE ( 'NONE', #1291, #3955 ) ;
#6125 = VERTEX_POINT ( 'NONE', #140 ) ;
#6126 = DIRECTION ( 'NONE',  ( 1.000000000000000000, 0.000000000000000000, 0.000000000000000000 ) ) ;
#6127 = DIRECTION ( 'NONE',  ( 0.000000000000000000, 0.000000000000000000, -1.000000000000000000 ) ) ;
#6128 = DIRECTION ( 'NONE',  ( -1.000000000000000000, 0.000000000000000000, 0.000000000000000000 ) ) ;
#6129 = PRESENTATION_LAYER_ASSIGNMENT (  '', '', ( #8418 ) ) ;
#6130 = AXIS2_PLACEMENT_3D ( 'NONE', #2109, #9404, #5811 ) ;
#6131 = CARTESIAN_POINT ( 'NONE',  ( -28.25000000000000000, -17.50534825036275066, 30.94999999999999929 ) ) ;
#6132 = CARTESIAN_POINT ( 'NONE',  ( -37.75000000000000000, -8.005348250362779083, -30.94999999999999929 ) ) ;
#6133 = EDGE_CURVE ( 'NONE', #2654, #732, #3772, .T. ) ;
#6134 = LINE ( 'NONE', #2381, #399 ) ;
#6135 = DIRECTION ( 'NONE',  ( 0.000000000000000000, 0.000000000000000000, 1.000000000000000000 ) ) ;
#6136 = VECTOR ( 'NONE', #9518, 1000.000000000000000 ) ;
#6137 = VERTEX_POINT ( 'NONE', #1686 ) ;
#6138 = FACE_BOUND ( 'NONE', #10896, .T. ) ;
#6139 = LINE ( 'NONE', #2324, #549 ) ;
#6140 = ORIENTED_EDGE ( 'NONE', *, *, #9120, .F. ) ;
#6141 = EDGE_CURVE ( 'NONE', #2586, #6770, #5939, .T. ) ;
#6142 = AXIS2_PLACEMENT_3D ( 'NONE', #6634, #1986, #5801 ) ;
#6143 = CARTESIAN_POINT ( 'NONE',  ( -37.75000000000000000, -16.50534825036275066, 30.94999999999999929 ) ) ;
#6144 = CIRCLE ( 'NONE', #10538, 0.5000000000000004441 ) ;
#6145 = ORIENTED_EDGE ( 'NONE', *, *, #4362, .T. ) ;
#6146 = DIRECTION ( 'NONE',  ( 0.000000000000000000, 0.000000000000000000, -1.000000000000000000 ) ) ;
#6147 = CIRCLE ( 'NONE', #6334, 1.000000000000000888 ) ;
#6148 = CIRCLE ( 'NONE', #1001, 1.000000000000000000 ) ;
#6149 = CARTESIAN_POINT ( 'NONE',  ( -25.55000000000000071, -17.50534825036275066, 20.15000000000000213 ) ) ;
#6150 = AXIS2_PLACEMENT_3D ( 'NONE', #5484, #8125, #7223 ) ;
#6151 = CARTESIAN_POINT ( 'NONE',  ( 40.95000000000054285, -7.780785202910171172, 28.67703168524564106 ) ) ;
#6152 = DIRECTION ( 'NONE',  ( -1.674039542559039894E-16, 0.000000000000000000, -1.000000000000000000 ) ) ;
#6153 = DIRECTION ( 'NONE',  ( 0.000000000000000000, -1.000000000000000000, 0.000000000000000000 ) ) ;
#6154 = DIRECTION ( 'NONE',  ( 0.000000000000000000, -1.000000000000000000, 0.000000000000000000 ) ) ;
#6155 = DIRECTION ( 'NONE',  ( 0.000000000000000000, 1.000000000000000000, 0.000000000000000000 ) ) ;
#6156 = LINE ( 'NONE', #7952, #1011 ) ;
#6157 = VECTOR ( 'NONE', #6257, 1000.000000000000000 ) ;
#6158 = ORIENTED_EDGE ( 'NONE', *, *, #8888, .F. ) ;
#6159 = ORIENTED_EDGE ( 'NONE', *, *, #9465, .F. ) ;
#6160 = CARTESIAN_POINT ( 'NONE',  ( 39.81137610787409642, -7.014110170997640559, -29.23611930073314724 ) ) ;
#6161 = AXIS2_PLACEMENT_3D ( 'NONE', #2842, #6485, #6664 ) ;
#6162 = ORIENTED_EDGE ( 'NONE', *, *, #10018, .T. ) ;
#6163 = CYLINDRICAL_SURFACE ( 'NONE', #6683, 0.5000000000000004441 ) ;
#6164 = ORIENTED_EDGE ( 'NONE', *, *, #5128, .T. ) ;
#6165 = EDGE_LOOP ( 'NONE', ( #4903, #7910 ) ) ;
#6166 = AXIS2_PLACEMENT_3D ( 'NONE', #9184, #8165, #2564 ) ;
#6167 = LINE ( 'NONE', #3316, #5762 ) ;
#6168 = DIRECTION ( 'NONE',  ( 0.000000000000000000, -1.000000000000000000, 0.000000000000000000 ) ) ;
#6169 = FACE_OUTER_BOUND ( 'NONE', #3581, .T. ) ;
#6170 = AXIS2_PLACEMENT_3D ( 'NONE', #11089, #243, #11023 ) ;
#6171 = VERTEX_POINT ( 'NONE', #5735 ) ;
#6172 = CARTESIAN_POINT ( 'NONE',  ( -25.55000000000000071, -17.50534825036275066, 22.84999999999999787 ) ) ;
#6173 = EDGE_LOOP ( 'NONE', ( #8678, #4507, #9716, #10783 ) ) ;
#6174 = CIRCLE ( 'NONE', #7239, 2.100000000000000977 ) ;
#6175 = PLANE ( 'NONE',  #6446 ) ;
#6176 = FACE_OUTER_BOUND ( 'NONE', #2350, .T. ) ;
#6177 = ORIENTED_EDGE ( 'NONE', *, *, #5627, .T. ) ;
#6178 = LINE ( 'NONE', #5274, #774 ) ;
#6179 = CARTESIAN_POINT ( 'NONE',  ( 9.128937890484449369, -19.50534825036275066, -40.52137684238329740 ) ) ;
#6180 = CARTESIAN_POINT ( 'NONE',  ( -37.75000000000000000, -2.505348250362775087, -30.94999999999999929 ) ) ;
#6181 = EDGE_CURVE ( 'NONE', #11578, #3618, #5753, .T. ) ;
#6182 = DIRECTION ( 'NONE',  ( 0.000000000000000000, 1.000000000000000000, 0.000000000000000000 ) ) ;
#6183 = ORIENTED_EDGE ( 'NONE', *, *, #3407, .F. ) ;
#6184 = CARTESIAN_POINT ( 'NONE',  ( 26.85712579821225177, -19.67055595917940281, -41.84353365400940561 ) ) ;
#6185 = CARTESIAN_POINT ( 'NONE',  ( -39.51569538602443998, -7.420518306689510624, -33.75535728747098574 ) ) ;
#6186 = VERTEX_POINT ( 'NONE', #3118 ) ;
#6187 = CARTESIAN_POINT ( 'NONE',  ( -40.95000000000000284, -7.688764287217759730, -27.04614575654799680 ) ) ;
#6188 = CARTESIAN_POINT ( 'NONE',  ( 42.95000000000000284, -13.35186151901900153, -0.7679129753657750745 ) ) ;
#6189 = CARTESIAN_POINT ( 'NONE',  ( -20.15000000000000213, -19.50534825036275066, 28.25000000000000000 ) ) ;
#6190 = ADVANCED_FACE ( 'NONE', ( #6521 ), #8369, .F. ) ;
#6191 = CARTESIAN_POINT ( 'NONE',  ( -25.55000000000000071, -17.50534825036275066, 26.55000000000000071 ) ) ;
#6192 = DIRECTION ( 'NONE',  ( 0.000000000000000000, -1.000000000000000000, 0.000000000000000000 ) ) ;
#6193 = DIRECTION ( 'NONE',  ( 0.000000000000000000, -1.000000000000000000, 0.000000000000000000 ) ) ;
#6194 = CARTESIAN_POINT ( 'NONE',  ( -42.95000000000000284, -1.705348250362779927, 41.45000000000000284 ) ) ;
#6195 = VERTEX_POINT ( 'NONE', #10391 ) ;
#6196 = CARTESIAN_POINT ( 'NONE',  ( 39.68687365923249644, -7.082876106798519977, -33.09814382815069678 ) ) ;
#6197 = CARTESIAN_POINT ( 'NONE',  ( 11.20531122045171912, -19.50338811508173720, -41.88455696158011676 ) ) ;
#6198 = ORIENTED_EDGE ( 'NONE', *, *, #5658, .F. ) ;
#6199 = CARTESIAN_POINT ( 'NONE',  ( 10.92510905197855919, -19.50503715402255267, -41.98310389423459554 ) ) ;
#6200 = VERTEX_POINT ( 'NONE', #8619 ) ;
#6201 = ADVANCED_FACE ( 'NONE', ( #4843 ), #10334, .F. ) ;
#6202 = DIRECTION ( 'NONE',  ( 0.000000000000000000, 1.000000000000000000, 0.000000000000000000 ) ) ;
#6203 = EDGE_CURVE ( 'NONE', #1045, #11518, #7290, .T. ) ;
#6204 = CARTESIAN_POINT ( 'NONE',  ( 39.46111111111110148, -7.005348250362779972, 27.89678877811699920 ) ) ;
#6205 = EDGE_CURVE ( 'NONE', #2201, #8970, #5556, .T. ) ;
#6206 = CARTESIAN_POINT ( 'NONE',  ( 26.91673478471604852, -19.68291636587304794, -41.83452994616214937 ) ) ;
#6207 = B_SPLINE_CURVE_WITH_KNOTS ( 'NONE', 3,
 ( #3957, #6652, #4859, #7497, #4678, #2114, #5756, #3908, #986, #8510, #4624, #3734, #9409, #6468, #5632, #1222, #1160, #1937, #11001, #5580, #9281, #1098, #11181, #1046, #2950, #3006, #335, #2000, #3851, #7608, #11241, #6410, #8279, #11126, #10179 ),
 .UNSPECIFIED., .F., .F.,
 ( 4, 2, 2, 1, 1, 2, 2, 2, 2, 1, 2, 2, 2, 2, 2, 2, 2, 2, 4 ),
 ( 0.000000000000000000, 0.1250000000000129341, 0.1875000000000185685, 0.2187500000000267564, 0.2343750000000341671, 0.2421875000000310307, 0.2500000000000279221, 0.3750000000000104916, 0.4374999999999971689, 0.4687499999999847899, 0.4843749999999785727, 0.4999999999999723554, 0.6249999999999673594, 0.6874999999999622524, 0.7187499999999630296, 0.7499999999999638067, 0.8124999999999711342, 0.8749999999999784617, 1.000000000000000000 ),
 .UNSPECIFIED. ) ;
#6208 = CYLINDRICAL_SURFACE ( 'NONE', #65, 1.000000000000000888 ) ;
#6209 = FACE_OUTER_BOUND ( 'NONE', #6091, .T. ) ;
#6210 = CARTESIAN_POINT ( 'NONE',  ( 41.45000000000000284, -1.705348250362779927, -41.45000000000000284 ) ) ;
#6211 = CARTESIAN_POINT ( 'NONE',  ( 40.58665574076448479, -17.47200976434833564, -34.10352817307344964 ) ) ;
#6212 = CARTESIAN_POINT ( 'NONE',  ( -40.01028141186434794, -17.10325213633539931, -33.87729015177241365 ) ) ;
#6213 = ORIENTED_EDGE ( 'NONE', *, *, #530, .F. ) ;
#6214 = ORIENTED_EDGE ( 'NONE', *, *, #11212, .T. ) ;
#6215 = FACE_OUTER_BOUND ( 'NONE', #5551, .T. ) ;
#6216 = ORIENTED_EDGE ( 'NONE', *, *, #6401, .F. ) ;
#6217 = CARTESIAN_POINT ( 'NONE',  ( -40.37216878872992254, -17.37068427136127013, -27.93097000762277204 ) ) ;
#6218 = ORIENTED_EDGE ( 'NONE', *, *, #10794, .T. ) ;
#6219 = VERTEX_POINT ( 'NONE', #320 ) ;
#6220 = CARTESIAN_POINT ( 'NONE',  ( -40.95000000000000284, -6.023016204667290374, 32.77066170077975471 ) ) ;
#6221 = DIRECTION ( 'NONE',  ( 0.000000000000000000, 0.000000000000000000, -1.000000000000000000 ) ) ;
#6222 = DIRECTION ( 'NONE',  ( 0.000000000000000000, -1.000000000000000000, 0.000000000000000000 ) ) ;
#6223 = DIRECTION ( 'NONE',  ( 0.000000000000000000, 1.000000000000000000, 0.000000000000000000 ) ) ;
#6224 = ORIENTED_EDGE ( 'NONE', *, *, #1971, .F. ) ;
#6225 = CARTESIAN_POINT ( 'NONE',  ( 26.45000000000000284, -10.00534825036277908, 40.95000000000000284 ) ) ;
#6226 = ORIENTED_EDGE ( 'NONE', *, *, #7724, .F. ) ;
#6227 = EDGE_CURVE ( 'NONE', #4783, #4860, #9501, .T. ) ;
#6228 = CARTESIAN_POINT ( 'NONE',  ( 42.95000000000000284, -13.35186151901900153, -0.7679129753657750745 ) ) ;
#6229 = DIRECTION ( 'NONE',  ( 0.000000000000000000, 1.000000000000000000, 0.000000000000000000 ) ) ;
#6230 = VERTEX_POINT ( 'NONE', #3835 ) ;
#6231 = ORIENTED_EDGE ( 'NONE', *, *, #6952, .F. ) ;
#6232 = CARTESIAN_POINT ( 'NONE',  ( -20.15000000000000213, -17.50534825036275066, 28.25000000000000000 ) ) ;
#6233 = CARTESIAN_POINT ( 'NONE',  ( 10.62954354875996010, -19.99972107929415088, -40.42939971189154846 ) ) ;
#6234 = EDGE_CURVE ( 'NONE', #3144, #2516, #10707, .T. ) ;
#6235 = CARTESIAN_POINT ( 'NONE',  ( 39.95000000000000284, -17.04862882735370277, 33.87555728527809862 ) ) ;
#6236 = CARTESIAN_POINT ( 'NONE',  ( 39.67935299736807764, -16.77177895027809384, 27.98956833423881463 ) ) ;
#6237 = ORIENTED_EDGE ( 'NONE', *, *, #3949, .F. ) ;
#6238 = LINE ( 'NONE', #2775, #2258 ) ;
#6239 = ORIENTED_EDGE ( 'NONE', *, *, #6336, .F. ) ;
#6240 = CARTESIAN_POINT ( 'NONE',  ( -40.95000000000000284, -6.611714630254130753, -27.67854659741105294 ) ) ;
#6241 = CARTESIAN_POINT ( 'NONE',  ( -39.47402740632249873, -7.693141371029240005, 27.95782500368754953 ) ) ;
#6242 = EDGE_CURVE ( 'NONE', #697, #8221, #7714, .T. ) ;
#6243 = CIRCLE ( 'NONE', #2808, 0.5000000000000004441 ) ;
#6244 = CARTESIAN_POINT ( 'NONE',  ( 41.45000000000000284, -1.705348250362779927, -41.45000000000000284 ) ) ;
#6245 = LINE ( 'NONE', #7202, #7432 ) ;
#6246 = DIRECTION ( 'NONE',  ( 0.000000000000000000, -1.000000000000000000, 0.000000000000000000 ) ) ;
#6247 = ADVANCED_FACE ( 'NONE', ( #2874 ), #1206, .T. ) ;
#6248 = CARTESIAN_POINT ( 'NONE',  ( 0.000000000000000000, -16.51385150205409857, 27.17781907207880110 ) ) ;
#6249 = CIRCLE ( 'NONE', #1102, 1.000000000000000888 ) ;
#6250 = ORIENTED_EDGE ( 'NONE', *, *, #902, .T. ) ;
#6251 = CARTESIAN_POINT ( 'NONE',  ( 26.45000000000000284, -10.00534825036277908, 42.95000000000000284 ) ) ;
#6252 = CARTESIAN_POINT ( 'NONE',  ( 11.26213394687688130, -19.50526782652750768, -41.93103353254353749 ) ) ;
#6253 = CARTESIAN_POINT ( 'NONE',  ( 11.02653436534719944, -19.49210714005361567, -41.77241036963198439 ) ) ;
#6254 = ORIENTED_EDGE ( 'NONE', *, *, #8188, .T. ) ;
#6255 = UNCERTAINTY_MEASURE_WITH_UNIT (LENGTH_MEASURE( 1.000000000000000082E-05 ), #10729, 'distance_accuracy_value', 'NONE');
#6256 = DIRECTION ( 'NONE',  ( 0.000000000000000000, 0.000000000000000000, -1.000000000000000000 ) ) ;
#6257 = DIRECTION ( 'NONE',  ( 0.000000000000000000, -1.000000000000000000, 0.000000000000000000 ) ) ;
#6258 = CARTESIAN_POINT ( 'NONE',  ( 39.60888837482429636, -7.174207604926570170, 28.51802659721380095 ) ) ;
#6259 = DIRECTION ( 'NONE',  ( 0.000000000000000000, 0.000000000000000000, 1.000000000000000000 ) ) ;
#6260 = CIRCLE ( 'NONE', #2638, 0.6048155585660839328 ) ;
#6261 = CARTESIAN_POINT ( 'NONE',  ( 40.95000000000000284, -13.35186151901900153, -0.7679129753657750745 ) ) ;
#6262 = CIRCLE ( 'NONE', #1114, 0.3594872681224065558 ) ;
#6263 = DIRECTION ( 'NONE',  ( -3.965082230804126670E-15, 0.000000000000000000, 1.000000000000000000 ) ) ;
#6264 = DIRECTION ( 'NONE',  ( 0.000000000000000000, 0.000000000000000000, 1.000000000000000000 ) ) ;
#6265 = ADVANCED_FACE ( 'NONE', ( #2037 ), #3896, .F. ) ;
#6266 = CARTESIAN_POINT ( 'NONE',  ( 40.95000000000000284, -6.661991010183810680, 10.15185887668133979 ) ) ;
#6267 = ORIENTED_EDGE ( 'NONE', *, *, #7961, .T. ) ;
#6268 = ORIENTED_EDGE ( 'NONE', *, *, #793, .F. ) ;
#6269 = CARTESIAN_POINT ( 'NONE',  ( 42.95000000000000284, -13.50220958978423980, 12.90554980844092015 ) ) ;
#6270 = ORIENTED_EDGE ( 'NONE', *, *, #3767, .T. ) ;
#6271 = CARTESIAN_POINT ( 'NONE',  ( 41.45000000000000284, -1.705348250362779927, 42.95000000000000284 ) ) ;
#6272 = CIRCLE ( 'NONE', #3228, 0.9999999999999991118 ) ;
#6273 = AXIS2_PLACEMENT_3D ( 'NONE', #11612, #3429, #8924 ) ;
#6274 = CARTESIAN_POINT ( 'NONE',  ( -39.88349853401835077, -7.005348250362779972, 32.41974689511465613 ) ) ;
#6275 = EDGE_CURVE ( 'NONE', #3128, #8318, #7861, .T. ) ;
#6276 = AXIS2_PLACEMENT_3D ( 'NONE', #254, #7527, #7356 ) ;
#6277 = DIRECTION ( 'NONE',  ( 0.000000000000000000, 0.000000000000000000, -1.000000000000000000 ) ) ;
#6278 = CARTESIAN_POINT ( 'NONE',  ( -42.95000000000000284, -6.812339080949070258, -4.174678339511964431 ) ) ;
#6279 = FACE_BOUND ( 'NONE', #10737, .T. ) ;
#6280 = ORIENTED_EDGE ( 'NONE', *, *, #8738, .T. ) ;
#6281 = DIRECTION ( 'NONE',  ( 0.000000000000000000, 0.000000000000000000, -1.000000000000000000 ) ) ;
#6282 = ADVANCED_FACE ( 'NONE', ( #9444 ), #1261, .F. ) ;
#6283 = CIRCLE ( 'NONE', #4188, 2.100000000000000977 ) ;
#6284 = ORIENTED_EDGE ( 'NONE', *, *, #4268, .F. ) ;
#6285 = CARTESIAN_POINT ( 'NONE',  ( 18.84999999999999787, -16.51385150205409857, 27.17781907207880110 ) ) ;
#6286 = DIRECTION ( 'NONE',  ( 0.000000000000000000, -1.000000000000000000, 0.000000000000000000 ) ) ;
#6287 = VERTEX_POINT ( 'NONE', #373 ) ;
#6288 = EDGE_LOOP ( 'NONE', ( #3977, #8863, #10218, #11548, #3242 ) ) ;
#6289 = AXIS2_PLACEMENT_3D ( 'NONE', #516, #7791, #11431 ) ;
#6290 = AXIS2_PLACEMENT_3D ( 'NONE', #4567, #2783, #1885 ) ;
#6291 = ORIENTED_EDGE ( 'NONE', *, *, #6995, .F. ) ;
#6292 = EDGE_CURVE ( 'NONE', #5346, #3343, #8875, .T. ) ;
#6293 = FACE_OUTER_BOUND ( 'NONE', #10192, .T. ) ;
#6294 = CARTESIAN_POINT ( 'NONE',  ( 42.95000000000000284, -6.812339080949070258, 2.825321660488030240 ) ) ;
#6295 = DIRECTION ( 'NONE',  ( 1.000000000000000000, -9.820937762208780757E-16, 3.469446951953610245E-15 ) ) ;
#6296 = AXIS2_PLACEMENT_3D ( 'NONE', #8541, #1378, #6808 ) ;
#6297 = ORIENTED_EDGE ( 'NONE', *, *, #1091, .F. ) ;
#6298 = FACE_OUTER_BOUND ( 'NONE', #2949, .T. ) ;
#6299 = ORIENTED_EDGE ( 'NONE', *, *, #5018, .F. ) ;
#6300 = LINE ( 'NONE', #4325, #6074 ) ;
#6301 = CARTESIAN_POINT ( 'NONE',  ( -40.95000000000050733, -7.908497164570522209, 28.67700944774692928 ) ) ;
#6302 = AXIS2_PLACEMENT_3D ( 'NONE', #11795, #6308, #7446 ) ;
#6303 = CIRCLE ( 'NONE', #9752, 1.000000000000000888 ) ;
#6304 = DIRECTION ( 'NONE',  ( -1.000000000000000000, 0.000000000000000000, 0.000000000000000000 ) ) ;
#6305 = CARTESIAN_POINT ( 'NONE',  ( -40.95000000000000284, -6.342611832186960008, -33.82581607040640392 ) ) ;
#6306 = AXIS2_PLACEMENT_3D ( 'NONE', #5306, #6154, #9806 ) ;
#6307 = ORIENTED_EDGE ( 'NONE', *, *, #4426, .F. ) ;
#6308 = DIRECTION ( 'NONE',  ( 0.000000000000000000, -1.000000000000000000, 0.000000000000000000 ) ) ;
#6309 = DIRECTION ( 'NONE',  ( 0.000000000000000000, 0.000000000000000000, -1.000000000000000000 ) ) ;
#6310 = ORIENTED_EDGE ( 'NONE', *, *, #3116, .F. ) ;
#6311 = CARTESIAN_POINT ( 'NONE',  ( 39.46111111413630113, -7.925270358654168845, -34.00321122018760178 ) ) ;
#6312 = CARTESIAN_POINT ( 'NONE',  ( 12.12963360958148051, -14.50534825036275954, -40.53619997939700426 ) ) ;
#6313 = TOROIDAL_SURFACE ( 'NONE', #11474, 6.116680757979499283, 1.000000000000000000 ) ;
#6314 = VECTOR ( 'NONE', #11060, 1000.000000000000000 ) ;
#6315 = EDGE_LOOP ( 'NONE', ( #4851, #562 ) ) ;
#6316 = CARTESIAN_POINT ( 'NONE',  ( 37.75000000000000000, -7.005348250362779972, -30.94999999999999929 ) ) ;
#6317 = VERTEX_POINT ( 'NONE', #10444 ) ;
#6318 = DIRECTION ( 'NONE',  ( 0.000000000000000000, 0.000000000000000000, -1.000000000000000000 ) ) ;
#6319 = ORIENTED_EDGE ( 'NONE', *, *, #2942, .T. ) ;
#6320 = CARTESIAN_POINT ( 'NONE',  ( 26.26221629663885437, -19.51618135688242361, -41.70212805173817827 ) ) ;
#6321 = VECTOR ( 'NONE', #114, 1000.000000000000000 ) ;
#6322 = AXIS2_PLACEMENT_3D ( 'NONE', #7399, #1793, #6495 ) ;
#6323 = CARTESIAN_POINT ( 'NONE',  ( 27.75000000000001066, -19.53067284851248075, -23.92982586472885487 ) ) ;
#6324 = CIRCLE ( 'NONE', #630, 4.500000000000000888 ) ;
#6325 = CARTESIAN_POINT ( 'NONE',  ( 42.95000000000000284, -13.50220958978423980, -8.094450191559078078 ) ) ;
#6326 = FACE_BOUND ( 'NONE', #2482, .T. ) ;
#6327 = CARTESIAN_POINT ( 'NONE',  ( -40.13865596174807138, -17.21198269906236789, 28.00867445635881481 ) ) ;
#6328 = PLANE ( 'NONE',  #2167 ) ;
#6329 = ORIENTED_EDGE ( 'NONE', *, *, #1436, .F. ) ;
#6330 = ORIENTED_EDGE ( 'NONE', *, *, #5777, .F. ) ;
#6331 = CARTESIAN_POINT ( 'NONE',  ( -10.84999999999999964, -10.00534825036277908, 40.95000000000000284 ) ) ;
#6332 = ORIENTED_EDGE ( 'NONE', *, *, #5413, .F. ) ;
#6333 = CARTESIAN_POINT ( 'NONE',  ( 42.95000000000000284, -13.50220958978423980, 19.90554980844089883 ) ) ;
#6334 = AXIS2_PLACEMENT_3D ( 'NONE', #1044, #10828, #10113 ) ;
#6335 = CIRCLE ( 'NONE', #3841, 1.000000000000000888 ) ;
#6336 = EDGE_CURVE ( 'NONE', #6417, #7915, #11351, .T. ) ;
#6337 = AXIS2_PLACEMENT_3D ( 'NONE', #11012, #11082, #116 ) ;
#6338 = EDGE_CURVE ( 'NONE', #8991, #11502, #7474, .T. ) ;
#6339 = FACE_OUTER_BOUND ( 'NONE', #5218, .T. ) ;
#6340 = CIRCLE ( 'NONE', #4812, 0.3594872681224082767 ) ;
#6341 = DIRECTION ( 'NONE',  ( 0.000000000000000000, 1.000000000000000000, 0.000000000000000000 ) ) ;
#6342 = CYLINDRICAL_SURFACE ( 'NONE', #428, 1.750000000000001554 ) ;
#6343 = CIRCLE ( 'NONE', #7883, 1.999999999999998224 ) ;
#6344 = CARTESIAN_POINT ( 'NONE',  ( 41.45000000000000284, -17.50534825036275066, 41.45000000000000284 ) ) ;
#6345 = ORIENTED_EDGE ( 'NONE', *, *, #1610, .T. ) ;
#6346 = CARTESIAN_POINT ( 'NONE',  ( 37.75000000000000000, -16.50534825036275066, -30.94999999999999929 ) ) ;
#6347 = ORIENTED_EDGE ( 'NONE', *, *, #3064, .T. ) ;
#6348 = DIRECTION ( 'NONE',  ( 0.000000000000000000, -1.000000000000000000, 0.000000000000000000 ) ) ;
#6349 = EDGE_LOOP ( 'NONE', ( #3314, #4884, #5932, #10086 ) ) ;
#6350 = VERTEX_POINT ( 'NONE', #8676 ) ;
#6351 = EDGE_CURVE ( 'NONE', #351, #6428, #7900, .T. ) ;
#6352 = VECTOR ( 'NONE', #7809, 1000.000000000000000 ) ;
#6353 = CIRCLE ( 'NONE', #5970, 1.750000000000001554 ) ;
#6354 = EDGE_CURVE ( 'NONE', #11445, #8376, #8144, .T. ) ;
#6355 = EDGE_CURVE ( 'NONE', #6821, #11601, #5254, .T. ) ;
#6356 = DIRECTION ( 'NONE',  ( 0.000000000000000000, 0.000000000000000000, 1.000000000000000000 ) ) ;
#6357 = CARTESIAN_POINT ( 'NONE',  ( 39.95000000000000284, -17.04862882735370277, -28.02444271472184667 ) ) ;
#6358 = DIRECTION ( 'NONE',  ( 0.000000000000000000, 0.000000000000000000, -1.000000000000000000 ) ) ;
#6359 = ORIENTED_EDGE ( 'NONE', *, *, #109, .F. ) ;
#6360 = DIRECTION ( 'NONE',  ( -1.492235248152091785E-16, 0.000000000000000000, 1.000000000000000000 ) ) ;
#6361 = VERTEX_POINT ( 'NONE', #677 ) ;
#6362 = CARTESIAN_POINT ( 'NONE',  ( -39.50243578279824419, -7.484319576944960417, -28.08659665094329938 ) ) ;
#6363 = CARTESIAN_POINT ( 'NONE',  ( -40.95000000000052154, -7.871977774763817770, 28.67059648875991940 ) ) ;
#6364 = EDGE_CURVE ( 'NONE', #8496, #8524, #7769, .T. ) ;
#6365 = CARTESIAN_POINT ( 'NONE',  ( -13.25000000000000000, -19.50534825036275066, -26.55000000000000071 ) ) ;
#6366 = CARTESIAN_POINT ( 'NONE',  ( -40.95000000000000284, -6.823683587634770120, -34.46108829734610168 ) ) ;
#6367 = ORIENTED_EDGE ( 'NONE', *, *, #3116, .T. ) ;
#6368 = DIRECTION ( 'NONE',  ( 0.000000000000000000, -1.000000000000000000, 0.000000000000000000 ) ) ;
#6369 = DIRECTION ( 'NONE',  ( 0.000000000000000000, -1.000000000000000000, 0.000000000000000000 ) ) ;
#6370 = ORIENTED_EDGE ( 'NONE', *, *, #7529, .F. ) ;
#6371 = DIRECTION ( 'NONE',  ( -0.000000000000000000, 1.000000000000000000, 0.000000000000000000 ) ) ;
#6372 = CARTESIAN_POINT ( 'NONE',  ( 16.44999999999999929, -16.51385150205409857, 18.75000000000000000 ) ) ;
#6373 = CARTESIAN_POINT ( 'NONE',  ( 11.10309675509270022, -19.49975380342474907, -41.84432485931335322 ) ) ;
#6374 = ORIENTED_EDGE ( 'NONE', *, *, #11695, .T. ) ;
#6375 = EDGE_CURVE ( 'NONE', #7545, #6743, #9581, .T. ) ;
#6376 = CARTESIAN_POINT ( 'NONE',  ( -37.75000000000000000, -8.505348250362779083, -30.94999999999999929 ) ) ;
#6377 =( NAMED_UNIT ( * ) SI_UNIT ( $, .STERADIAN. ) SOLID_ANGLE_UNIT ( ) );
#6378 = VERTEX_POINT ( 'NONE', #11478 ) ;
#6379 = LINE ( 'NONE', #5480, #11301 ) ;
#6380 = CARTESIAN_POINT ( 'NONE',  ( 42.95000000000000284, -6.812339080949070258, 16.82532166048805067 ) ) ;
#6381 = LINE ( 'NONE', #948, #5922 ) ;
#6382 = ADVANCED_FACE ( 'NONE', ( #11410 ), #3235, .F. ) ;
#6383 = CARTESIAN_POINT ( 'NONE',  ( 40.76262350019274550, -17.50534825036275066, 27.60723173909904915 ) ) ;
#6384 = CARTESIAN_POINT ( 'NONE',  ( -37.75000000000000000, -19.00534825036275421, -30.94999999999999929 ) ) ;
#6385 = DIRECTION ( 'NONE',  ( 1.050198315463631445E-16, -0.9083415329249426851, 0.4182291950158013027 ) ) ;
#6386 = ORIENTED_EDGE ( 'NONE', *, *, #6805, .F. ) ;
#6387 = ORIENTED_EDGE ( 'NONE', *, *, #8575, .F. ) ;
#6388 = CARTESIAN_POINT ( 'NONE',  ( 40.95000000000000284, -6.612366280724470080, -27.67787191877999931 ) ) ;
#6389 = ORIENTED_EDGE ( 'NONE', *, *, #6719, .F. ) ;
#6390 = CARTESIAN_POINT ( 'NONE',  ( 37.75000000000000000, -8.505348250362779083, 30.94999999999999929 ) ) ;
#6391 = CARTESIAN_POINT ( 'NONE',  ( 27.12963360958150005, -19.48665501328809668, -42.14245008972989837 ) ) ;
#6392 = EDGE_CURVE ( 'NONE', #4825, #7545, #9808, .T. ) ;
#6393 = CARTESIAN_POINT ( 'NONE',  ( 39.50253182032950150, -7.483710778396419627, 33.81297386397690019 ) ) ;
#6394 = PLANE ( 'NONE',  #3296 ) ;
#6395 = FACE_OUTER_BOUND ( 'NONE', #10588, .T. ) ;
#6396 = EDGE_CURVE ( 'NONE', #11502, #8991, #1180, .T. ) ;
#6397 = DIRECTION ( 'NONE',  ( -1.050198315463631445E-16, 0.9083415329249426851, -0.4182291950158013027 ) ) ;
#6398 = ORIENTED_EDGE ( 'NONE', *, *, #10138, .F. ) ;
#6399 = CARTESIAN_POINT ( 'NONE',  ( -37.75000000000000000, -2.505348250362775087, 30.05000000000000071 ) ) ;
#6400 = EDGE_LOOP ( 'NONE', ( #9946, #2918, #7030, #7772 ) ) ;
#6401 = EDGE_CURVE ( 'NONE', #971, #5782, #10901, .T. ) ;
#6402 = CARTESIAN_POINT ( 'NONE',  ( 16.44999999999999929, -17.50534825036275066, 20.75000000000000000 ) ) ;
#6403 = ORIENTED_EDGE ( 'NONE', *, *, #10216, .T. ) ;
#6404 = ORIENTED_EDGE ( 'NONE', *, *, #8908, .T. ) ;
#6405 = ORIENTED_EDGE ( 'NONE', *, *, #1464, .F. ) ;
#6406 = CARTESIAN_POINT ( 'NONE',  ( -28.25000000000000000, -17.50534825036275066, 22.84999999999999787 ) ) ;
#6407 = CARTESIAN_POINT ( 'NONE',  ( 39.68815573265962371, -16.78007779762905116, -27.98955450375828136 ) ) ;
#6408 = DIRECTION ( 'NONE',  ( 0.000000000000000000, 0.000000000000000000, -1.000000000000000000 ) ) ;
#6409 = EDGE_LOOP ( 'NONE', ( #10076, #7833 ) ) ;
#6410 = CARTESIAN_POINT ( 'NONE',  ( 11.07321100253721191, -19.50290412162413745, -41.70281142308811440 ) ) ;
#6411 = VERTEX_POINT ( 'NONE', #7951 ) ;
#6412 = ADVANCED_FACE ( 'NONE', ( #2513 ), #4245, .F. ) ;
#6413 = CARTESIAN_POINT ( 'NONE',  ( -40.95000000000004547, -8.005348250362771978, -28.73120675179935191 ) ) ;
#6414 = CARTESIAN_POINT ( 'NONE',  ( -39.60885351933599452, -7.174264602943339675, 28.51789496971749927 ) ) ;
#6415 = FACE_OUTER_BOUND ( 'NONE', #6173, .T. ) ;
#6416 = CARTESIAN_POINT ( 'NONE',  ( 12.12963360958148051, -17.50534825036275066, -27.53619997939699715 ) ) ;
#6417 = VERTEX_POINT ( 'NONE', #3586 ) ;
#6418 = CARTESIAN_POINT ( 'NONE',  ( -37.75000000000000000, -16.50534825036275066, -26.45000000000000284 ) ) ;
#6419 = CARTESIAN_POINT ( 'NONE',  ( 42.95000000000000284, -13.20151344825372064, 20.55862424082754814 ) ) ;
#6420 = ORIENTED_EDGE ( 'NONE', *, *, #6364, .F. ) ;
#6421 = PLANE ( 'NONE',  #8644 ) ;
#6422 = CARTESIAN_POINT ( 'NONE',  ( 40.95000000000000284, -13.20151344825372064, -7.441375759172469628 ) ) ;
#6423 = CARTESIAN_POINT ( 'NONE',  ( 10.54078562572791888, -19.48916712793145223, -42.13077012885405281 ) ) ;
#6424 = EDGE_CURVE ( 'NONE', #327, #10224, #9195, .T. ) ;
#6425 = ORIENTED_EDGE ( 'NONE', *, *, #5927, .F. ) ;
#6426 = CARTESIAN_POINT ( 'NONE',  ( 42.95000000000000284, -6.511642939418550213, -3.521603907125360422 ) ) ;
#6427 = CARTESIAN_POINT ( 'NONE',  ( 27.12963360958150005, -19.48665501328809668, -42.14245008972989837 ) ) ;
#6428 = VERTEX_POINT ( 'NONE', #3535 ) ;
#6429 = DIRECTION ( 'NONE',  ( 0.000000000000000000, 0.000000000000000000, 1.000000000000000000 ) ) ;
#6430 = AXIS2_PLACEMENT_3D ( 'NONE', #3798, #6482, #879 ) ;
#6431 = DIRECTION ( 'NONE',  ( 0.000000000000000000, 0.000000000000000000, 1.000000000000000000 ) ) ;
#6432 = CARTESIAN_POINT ( 'NONE',  ( 27.18768003924520471, -19.68505881299232740, -41.82990595455840577 ) ) ;
#6433 = EDGE_CURVE ( 'NONE', #2043, #4310, #3297, .T. ) ;
#6434 = AXIS2_PLACEMENT_3D ( 'NONE', #5701, #9474, #6486 ) ;
#6435 = CARTESIAN_POINT ( 'NONE',  ( 28.12963360958149650, -20.00534825036275066, -25.94999999999999929 ) ) ;
#6436 = CARTESIAN_POINT ( 'NONE',  ( -39.46111111111110148, -16.50534825036275066, 27.89678877811699920 ) ) ;
#6437 = DIRECTION ( 'NONE',  ( -1.000000000000000000, 0.000000000000000000, 0.000000000000000000 ) ) ;
#6438 = VERTEX_POINT ( 'NONE', #6383 ) ;
#6439 = CARTESIAN_POINT ( 'NONE',  ( 40.95000000000000284, -7.236041226059630738, -27.19419778189065084 ) ) ;
#6440 = EDGE_CURVE ( 'NONE', #4036, #4419, #4707, .T. ) ;
#6441 = ORIENTED_EDGE ( 'NONE', *, *, #9717, .T. ) ;
#6442 = DIRECTION ( 'NONE',  ( 0.000000000000000000, -1.000000000000000000, 0.000000000000000000 ) ) ;
#6443 = AXIS2_PLACEMENT_3D ( 'NONE', #8329, #5515, #6538 ) ;
#6444 = CARTESIAN_POINT ( 'NONE',  ( -39.68687365923259591, -7.082876106798459581, -28.80185617184959668 ) ) ;
#6445 = EDGE_CURVE ( 'NONE', #5361, #2654, #11297, .T. ) ;
#6446 = AXIS2_PLACEMENT_3D ( 'NONE', #11775, #1694, #1584 ) ;
#6447 = CARTESIAN_POINT ( 'NONE',  ( 39.95000000000000284, -7.005348250362779972, 32.13743420870385137 ) ) ;
#6448 = CARTESIAN_POINT ( 'NONE',  ( 40.35268800020192970, -17.35913313309839978, -27.93979004237539243 ) ) ;
#6449 = B_SPLINE_CURVE_WITH_KNOTS ( 'NONE', 3,
 ( #532, #3155, #349, #2313, #5955, #11388, #8474, #4154, #299, #7565, #3208, #5057, #7808, #2251, #3278, #4044 ),
 .UNSPECIFIED., .F., .F.,
 ( 4, 2, 2, 2, 2, 2, 2, 4 ),
 ( 0.000000000000000000, 0.1249999999999995420, 0.2500000000000006661, 0.3750000000000006106, 0.5000000000000004441, 0.6250000000000004441, 0.7500000000000001110, 1.000000000000000000 ),
 .UNSPECIFIED. ) ;
#6450 = DIRECTION ( 'NONE',  ( 0.000000000000000000, -1.000000000000000000, 0.000000000000000000 ) ) ;
#6451 = DIRECTION ( 'NONE',  ( -1.000000000000000000, 0.000000000000000000, 0.000000000000000000 ) ) ;
#6452 = CARTESIAN_POINT ( 'NONE',  ( 26.39465664790514765, -19.56060045136124970, -41.70800650451769798 ) ) ;
#6453 = VECTOR ( 'NONE', #9931, 1000.000000000000000 ) ;
#6454 = ORIENTED_EDGE ( 'NONE', *, *, #7586, .F. ) ;
#6455 = CARTESIAN_POINT ( 'NONE',  ( -37.75000000000000000, -2.505348250362775087, -30.05000000000000071 ) ) ;
#6456 = AXIS2_PLACEMENT_3D ( 'NONE', #6384, #8301, #8179 ) ;
#6457 = ORIENTED_EDGE ( 'NONE', *, *, #9094, .T. ) ;
#6458 = CARTESIAN_POINT ( 'NONE',  ( 37.75000000000000000, -8.505348250362779083, 33.05000000000000426 ) ) ;
#6459 = EDGE_LOOP ( 'NONE', ( #6555, #7272, #5649, #4125, #1792 ) ) ;
#6460 = ORIENTED_EDGE ( 'NONE', *, *, #8459, .T. ) ;
#6461 = ADVANCED_FACE ( 'NONE', ( #950 ), #77, .T. ) ;
#6462 = EDGE_CURVE ( 'NONE', #6317, #11384, #5574, .T. ) ;
#6463 = CIRCLE ( 'NONE', #1134, 0.3594872681224065558 ) ;
#6464 = CYLINDRICAL_SURFACE ( 'NONE', #5952, 3.500000000000003109 ) ;
#6465 = CARTESIAN_POINT ( 'NONE',  ( 37.75000000000000000, -8.005348250362779083, 33.45000000000000284 ) ) ;
#6466 = CARTESIAN_POINT ( 'NONE',  ( -42.95000000000000284, -6.661991010183810680, -3.848141123318650436 ) ) ;
#6467 = EDGE_LOOP ( 'NONE', ( #9420, #3726, #8103, #9104 ) ) ;
#6468 = CARTESIAN_POINT ( 'NONE',  ( 10.70712835751804448, -19.61692837507155929, -41.76967056920130261 ) ) ;
#6469 = ADVANCED_FACE ( 'NONE', ( #2687 ), #5545, .F. ) ;
#6470 = ORIENTED_EDGE ( 'NONE', *, *, #1036, .F. ) ;
#6471 = DIRECTION ( 'NONE',  ( 0.000000000000000000, -1.000000000000000000, 0.000000000000000000 ) ) ;
#6472 = CARTESIAN_POINT ( 'NONE',  ( -37.75000000000000000, -8.505348250362779083, -31.85000000000000497 ) ) ;
#6473 = AXIS2_PLACEMENT_3D ( 'NONE', #10820, #808, #9934 ) ;
#6474 = AXIS2_PLACEMENT_3D ( 'NONE', #9526, #2956, #2299 ) ;
#6475 = ADVANCED_FACE ( 'NONE', ( #11710, #6326, #9978, #11652, #7404, #1126, #249 ), #183, .T. ) ;
#6476 = AXIS2_PLACEMENT_3D ( 'NONE', #370, #9566, #1259 ) ;
#6477 = DIRECTION ( 'NONE',  ( 0.000000000000000000, -1.000000000000000000, 0.000000000000000000 ) ) ;
#6478 = DIRECTION ( 'NONE',  ( 0.000000000000000000, 0.000000000000000000, 1.000000000000000000 ) ) ;
#6480 = EDGE_LOOP ( 'NONE', ( #8730, #6005, #3542, #3781, #3699 ) ) ;
#6479 = ADVANCED_FACE ( 'NONE', ( #10319 ), #6504, .T. ) ;
#6481 = AXIS2_PLACEMENT_3D ( 'NONE', #3890, #7530, #1133 ) ;
#6482 = DIRECTION ( 'NONE',  ( 0.000000000000000000, 1.000000000000000000, 0.000000000000000000 ) ) ;
#6483 = DIRECTION ( 'NONE',  ( 0.000000000000000000, 1.000000000000000000, 0.000000000000000000 ) ) ;
#6484 = ORIENTED_EDGE ( 'NONE', *, *, #6052, .T. ) ;
#6485 = DIRECTION ( 'NONE',  ( 0.000000000000000000, -1.000000000000000000, 0.000000000000000000 ) ) ;
#6486 = DIRECTION ( 'NONE',  ( 0.000000000000000000, 0.000000000000000000, 1.000000000000000000 ) ) ;
#6487 = AXIS2_PLACEMENT_3D ( 'NONE', #1542, #9791, #8891 ) ;
#6488 = DIRECTION ( 'NONE',  ( 0.000000000000000000, -1.000000000000000000, 0.000000000000000000 ) ) ;
#6489 = EDGE_LOOP ( 'NONE', ( #4677, #3175, #4942, #4499 ) ) ;
#6490 = CARTESIAN_POINT ( 'NONE',  ( 42.95000000000000284, -19.50534825036275066, -41.45000000000000284 ) ) ;
#6491 = VECTOR ( 'NONE', #5646, 1000.000000000000114 ) ;
#6492 = EDGE_LOOP ( 'NONE', ( #4669, #8278 ) ) ;
#6493 =( BOUNDED_SURFACE ( )  B_SPLINE_SURFACE ( 3, 2, ( 
 ( #9853, #9909, #2391 ),
 ( #6027, #1556, #11704 ),
 ( #781, #9680, #5369 ),
 ( #673, #10682, #4171 ),
 ( #8851, #8903, #3298 ),
 ( #7114, #3402, #4293 ),
 ( #1668, #7824, #7052 ),
 ( #10798, #6151, #1492 ),
 ( #5123, #8783, #4409 ),
 ( #3352, #1615, #6258 ),
 ( #2617, #10747, #8962 ),
 ( #9737, #5250, #10620 ),
 ( #612, #8070, #2441 ),
 ( #6081, #5194, #4240 ),
 ( #722, #7895, #3530 ),
 ( #4344, #11539, #8003 ) ),
 .UNSPECIFIED., .F., .F., .T. ) 
 B_SPLINE_SURFACE_WITH_KNOTS ( ( 4, 2, 2, 2, 2, 2, 2, 4 ),
 ( 3, 3 ),
 ( 0.001199374304475630051, 0.001673077667029979889, 0.002146781029584329727, 0.002620484392138679782, 0.003094187754693035041, 0.003567891117247385096, 0.004041594479801734717, 0.004989001204910440031 ),
 ( 0.000000000000000000, 1.000000000000000000 ),
 .UNSPECIFIED. ) 
 GEOMETRIC_REPRESENTATION_ITEM ( )  RATIONAL_B_SPLINE_SURFACE ( (
 ( 1.000000000000000000, 0.5055250296034419222, 1.000000000000000000),
 ( 1.000000000000000000, 0.5055357619159499549, 1.000000000000000000),
 ( 1.000000000000000000, 0.5067881805099170300, 1.000000000000000000),
 ( 1.000000000000000000, 0.5118308550129060386, 1.000000000000000000),
 ( 1.000000000000000000, 0.5156398884653020653, 1.000000000000000000),
 ( 1.000000000000000000, 0.5255878917603880041, 1.000000000000000000),
 ( 1.000000000000000000, 0.5318613981607970276, 1.000000000000000000),
 ( 1.000000000000000000, 0.5465173396837289532, 1.000000000000000000),
 ( 1.000000000000000000, 0.5550054062773780439, 1.000000000000000000),
 ( 1.000000000000000000, 0.5740512815404550384, 1.000000000000000000),
 ( 1.000000000000000000, 0.5844747702795820565, 1.000000000000000000),
 ( 1.000000000000000000, 0.6070953401083100109, 1.000000000000000000),
 ( 1.000000000000000000, 0.6192658652619480453, 1.000000000000000000),
 ( 1.000000000000000000, 0.6566619271705420591, 1.000000000000000000),
 ( 1.000000000000000000, 0.6834271474992109630, 1.000000000000000000),
 ( 1.000000000000000000, 0.7071067811865480168, 1.000000000000000000) ) ) 
 REPRESENTATION_ITEM ( '' )  SURFACE ( )  );
#6494 = EDGE_CURVE ( 'NONE', #9874, #10248, #10728, .T. ) ;
#6495 = DIRECTION ( 'NONE',  ( 0.000000000000000000, 0.000000000000000000, -1.000000000000000000 ) ) ;
#6496 = ORIENTED_EDGE ( 'NONE', *, *, #5003, .T. ) ;
#6497 = EDGE_CURVE ( 'NONE', #5311, #4874, #3103, .T. ) ;
#6498 = PLANE ( 'NONE',  #1212 ) ;
#6499 = DIRECTION ( 'NONE',  ( 0.000000000000000000, -1.000000000000000000, 0.000000000000000000 ) ) ;
#6500 = EDGE_CURVE ( 'NONE', #6350, #5081, #2714, .T. ) ;
#6501 = CARTESIAN_POINT ( 'NONE',  ( 27.12963360958150005, -20.50534825036275066, -40.21794919243114919 ) ) ;
#6502 = AXIS2_PLACEMENT_3D ( 'NONE', #3024, #9615, #5890 ) ;
#6503 = AXIS2_PLACEMENT_3D ( 'NONE', #1108, #4569, #3863 ) ;
#6504 = PLANE ( 'NONE',  #1578 ) ;
#6505 = CYLINDRICAL_SURFACE ( 'NONE', #543, 1.999999999999998224 ) ;
#6506 = ORIENTED_EDGE ( 'NONE', *, *, #6275, .T. ) ;
#6507 = AXIS2_PLACEMENT_3D ( 'NONE', #566, #2461, #3491 ) ;
#6508 = CARTESIAN_POINT ( 'NONE',  ( 42.95000000000000284, -13.35186151901900153, 20.59157429275665052 ) ) ;
#6509 = EDGE_LOOP ( 'NONE', ( #3359, #7299, #1813, #2190 ) ) ;
#6510 = CARTESIAN_POINT ( 'NONE',  ( 40.95000000000000284, -6.512701307523590444, -27.80377015934380225 ) ) ;
#6511 = EDGE_LOOP ( 'NONE', ( #10177, #759, #6162, #10590 ) ) ;
#6512 = DIRECTION ( 'NONE',  ( 0.000000000000000000, -1.000000000000000000, 0.000000000000000000 ) ) ;
#6513 = ADVANCED_FACE ( 'NONE', ( #5605 ), #2977, .F. ) ;
#6514 = AXIS2_PLACEMENT_3D ( 'NONE', #9471, #342, #8701 ) ;
#6515 = CARTESIAN_POINT ( 'NONE',  ( -39.95000000000000284, -7.005348250362779972, -29.76256579129625024 ) ) ;
#6516 = AXIS2_PLACEMENT_3D ( 'NONE', #6406, #150, #8999 ) ;
#6517 = AXIS2_PLACEMENT_3D ( 'NONE', #10986, #5497, #5391 ) ;
#6518 = CARTESIAN_POINT ( 'NONE',  ( 40.95000000000000284, -6.022872084631200273, 32.76967276981344668 ) ) ;
#6519 = CARTESIAN_POINT ( 'NONE',  ( 40.52375977078073532, -17.45970162999755004, -27.86116006197812212 ) ) ;
#6520 = DIRECTION ( 'NONE',  ( 0.000000000000000000, -1.000000000000000000, 0.000000000000000000 ) ) ;
#6521 = FACE_OUTER_BOUND ( 'NONE', #255, .T. ) ;
#6522 = CARTESIAN_POINT ( 'NONE',  ( 26.23273285381301889, -19.49210714005348422, -41.77241036963160781 ) ) ;
#6523 = VECTOR ( 'NONE', #8805, 1000.000000000000000 ) ;
#6524 = ORIENTED_EDGE ( 'NONE', *, *, #6181, .F. ) ;
#6525 = VECTOR ( 'NONE', #7216, 1000.000000000000000 ) ;
#6526 = CYLINDRICAL_SURFACE ( 'NONE', #5499, 1.000000000000000888 ) ;
#6527 = AXIS2_PLACEMENT_3D ( 'NONE', #1307, #11341, #10433 ) ;
#6528 = VERTEX_POINT ( 'NONE', #7464 ) ;
#6529 = FACE_OUTER_BOUND ( 'NONE', #9396, .T. ) ;
#6530 = AXIS2_PLACEMENT_3D ( 'NONE', #4173, #6028, #1493 ) ;
#6531 = ORIENTED_EDGE ( 'NONE', *, *, #4501, .T. ) ;
#6532 = EDGE_LOOP ( 'NONE', ( #9069, #3920, #1339, #809, #1073 ) ) ;
#6533 = VECTOR ( 'NONE', #10478, 1000.000000000000227 ) ;
#6534 = CARTESIAN_POINT ( 'NONE',  ( 26.60041344347313697, -19.83657449845885168, -41.16658165242082390 ) ) ;
#6535 = CARTESIAN_POINT ( 'NONE',  ( 21.94999999999999929, -12.30534825036276025, 20.75000000000000000 ) ) ;
#6536 = CARTESIAN_POINT ( 'NONE',  ( 24.35000000000000142, -16.51385150205409857, 0.000000000000000000 ) ) ;
#6537 = ORIENTED_EDGE ( 'NONE', *, *, #6375, .F. ) ;
#6538 = DIRECTION ( 'NONE',  ( 0.000000000000000000, 0.000000000000000000, -1.000000000000000000 ) ) ;
#6539 = ORIENTED_EDGE ( 'NONE', *, *, #8016, .T. ) ;
#6540 = DIRECTION ( 'NONE',  ( 0.000000000000000000, 0.000000000000000000, -1.000000000000000000 ) ) ;
#6541 = DIRECTION ( 'NONE',  ( 0.000000000000000000, -1.000000000000000000, 0.000000000000000000 ) ) ;
#6542 = AXIS2_PLACEMENT_3D ( 'NONE', #11376, #6602, #4744 ) ;
#6543 = VECTOR ( 'NONE', #4764, 1000.000000000000000 ) ;
#6544 = FACE_OUTER_BOUND ( 'NONE', #7628, .T. ) ;
#6545 = DIRECTION ( 'NONE',  ( 1.000000000000000000, 0.000000000000000000, 0.000000000000000000 ) ) ;
#6546 = EDGE_CURVE ( 'NONE', #9750, #3179, #10341, .T. ) ;
#6547 = DIRECTION ( 'NONE',  ( 0.000000000000000000, 0.000000000000000000, -1.000000000000000000 ) ) ;
#6548 = AXIS2_PLACEMENT_3D ( 'NONE', #9539, #4275, #6982 ) ;
#6549 = CARTESIAN_POINT ( 'NONE',  ( -37.75000000000000000, -19.50534825036275066, 28.35000000000000142 ) ) ;
#6550 = VERTEX_POINT ( 'NONE', #3034 ) ;
#6551 = FACE_BOUND ( 'NONE', #9850, .T. ) ;
#6552 = DIRECTION ( 'NONE',  ( 0.000000000000000000, 0.000000000000000000, 1.000000000000000000 ) ) ;
#6553 = VECTOR ( 'NONE', #3639, 1000.000000000000000 ) ;
#6554 = CARTESIAN_POINT ( 'NONE',  ( 11.30060208861725890, -19.52653119865795261, -41.70204643129375199 ) ) ;
#6555 = ORIENTED_EDGE ( 'NONE', *, *, #10281, .F. ) ;
#6556 = EDGE_CURVE ( 'NONE', #11683, #7469, #637, .T. ) ;
#6557 = CYLINDRICAL_SURFACE ( 'NONE', #2111, 2.000000000000001776 ) ;
#6558 = AXIS2_PLACEMENT_3D ( 'NONE', #10607, #3451, #2429 ) ;
#6559 = ORIENTED_EDGE ( 'NONE', *, *, #388, .F. ) ;
#6560 = CARTESIAN_POINT ( 'NONE',  ( 24.12963360958149650, -33.06169743646680104, -39.53619997939700426 ) ) ;
#6561 = VERTEX_POINT ( 'NONE', #1068 ) ;
#6562 = CARTESIAN_POINT ( 'NONE',  ( 40.95000000000000284, -6.823683587634779890, 34.46108829734610168 ) ) ;
#6563 = CARTESIAN_POINT ( 'NONE',  ( 27.75000000000001066, -19.62558972564684368, -24.96092418625375586 ) ) ;
#6564 = CARTESIAN_POINT ( 'NONE',  ( 27.11978202732082366, -20.31898519355554811, -41.06118009717512507 ) ) ;
#6565 = CARTESIAN_POINT ( 'NONE',  ( 42.95000000000000284, -6.812339080949070258, 2.825321660488030240 ) ) ;
#6566 = CARTESIAN_POINT ( 'NONE',  ( 26.65452095599493276, -20.43344525300359393, -40.76647280986403388 ) ) ;
#6567 = EDGE_LOOP ( 'NONE', ( #9997, #6733, #4196, #10534 ) ) ;
#6568 = CARTESIAN_POINT ( 'NONE',  ( 39.68687365923249644, -7.082876106798509319, 28.80185617184934799 ) ) ;
#6569 = EDGE_LOOP ( 'NONE', ( #5980, #7135, #7327, #1861 ) ) ;
#6570 = APPLICATION_CONTEXT ( 'automotive_design' ) ;
#6571 = CARTESIAN_POINT ( 'NONE',  ( 39.51569538602470288, -7.420518306689640298, -28.14464271252905192 ) ) ;
#6572 = VERTEX_POINT ( 'NONE', #11097 ) ;
#6573 = EDGE_CURVE ( 'NONE', #327, #6038, #10255, .T. ) ;
#6574 = CARTESIAN_POINT ( 'NONE',  ( 42.95000000000000284, -6.812339080949070258, -4.174678339511975089 ) ) ;
#6575 = ADVANCED_FACE ( 'NONE', ( #6679 ), #9393, .T. ) ;
#6576 = CARTESIAN_POINT ( 'NONE',  ( -39.46111111111110148, -7.005348250362779972, 27.89678877811699920 ) ) ;
#6577 = CARTESIAN_POINT ( 'NONE',  ( -40.40206925764434231, -17.38775471078902513, 33.98346193212994848 ) ) ;
#6578 = LINE ( 'NONE', #6631, #4950 ) ;
#6579 = DIRECTION ( 'NONE',  ( 0.000000000000000000, 0.000000000000000000, -1.000000000000000000 ) ) ;
#6580 = CARTESIAN_POINT ( 'NONE',  ( 27.59493365326668979, -19.85621157743725362, -41.22657206397035168 ) ) ;
#6581 = CARTESIAN_POINT ( 'NONE',  ( 26.07923670707490160, -19.50158474285645127, -41.86307867068379807 ) ) ;
#6582 = ORIENTED_EDGE ( 'NONE', *, *, #9986, .T. ) ;
#6583 = DIRECTION ( 'NONE',  ( 0.000000000000000000, 0.000000000000000000, 1.000000000000000000 ) ) ;
#6584 = ORIENTED_EDGE ( 'NONE', *, *, #17, .T. ) ;
#6585 = FACE_OUTER_BOUND ( 'NONE', #9230, .T. ) ;
#6586 = EDGE_LOOP ( 'NONE', ( #8386, #2401 ) ) ;
#6587 = ORIENTED_EDGE ( 'NONE', *, *, #1838, .F. ) ;
#6588 = LINE ( 'NONE', #2226, #4424 ) ;
#6589 = CARTESIAN_POINT ( 'NONE',  ( 37.75000000000000000, -8.505348250362779083, -30.94999999999999929 ) ) ;
#6590 = CYLINDRICAL_SURFACE ( 'NONE', #990, 3.499999999999999556 ) ;
#6591 = ADVANCED_FACE ( 'NONE', ( #1250 ), #446, .T. ) ;
#6592 = EDGE_LOOP ( 'NONE', ( #702, #5597 ) ) ;
#6593 = CARTESIAN_POINT ( 'NONE',  ( 42.95000000000000284, -6.511642939418550213, -10.52160390712536042 ) ) ;
#6594 = ORIENTED_EDGE ( 'NONE', *, *, #8692, .F. ) ;
#6595 = CARTESIAN_POINT ( 'NONE',  ( 40.95000000000000284, -13.50220958978423980, 5.905549808440919257 ) ) ;
#6596 = CARTESIAN_POINT ( 'NONE',  ( 40.95000000000000284, -7.383173927275229254, -34.76894016559160150 ) ) ;
#6597 = EDGE_CURVE ( 'NONE', #3222, #1223, #4051, .T. ) ;
#6598 = CARTESIAN_POINT ( 'NONE',  ( 10.16332279021780671, -20.16423263196786309, -41.33598550200786548 ) ) ;
#6599 = EDGE_CURVE ( 'NONE', #3212, #4310, #307, .T. ) ;
#6600 = DIRECTION ( 'NONE',  ( 0.000000000000000000, 0.000000000000000000, 1.000000000000000000 ) ) ;
#6601 = ORIENTED_EDGE ( 'NONE', *, *, #7266, .F. ) ;
#6602 = DIRECTION ( 'NONE',  ( 0.000000000000000000, 1.000000000000000000, 0.000000000000000000 ) ) ;
#6603 = DIRECTION ( 'NONE',  ( -1.000000000000000000, 0.000000000000000000, 1.674039542559039894E-16 ) ) ;
#6604 = ORIENTED_EDGE ( 'NONE', *, *, #1612, .T. ) ;
#6605 = DIRECTION ( 'NONE',  ( 0.000000000000000000, -1.000000000000000000, 0.000000000000000000 ) ) ;
#6606 = DIRECTION ( 'NONE',  ( 0.000000000000000000, 1.000000000000000000, 0.000000000000000000 ) ) ;
#6607 = ORIENTED_EDGE ( 'NONE', *, *, #4158, .F. ) ;
#6608 = CARTESIAN_POINT ( 'NONE',  ( 11.11220018456442737, -19.49088523170511422, -41.76833305998819412 ) ) ;
#6609 = EDGE_CURVE ( 'NONE', #3865, #4421, #8253, .T. ) ;
#6610 = ORIENTED_EDGE ( 'NONE', *, *, #2120, .F. ) ;
#6611 = DIRECTION ( 'NONE',  ( 0.000000000000000000, -1.000000000000000000, 0.000000000000000000 ) ) ;
#6612 = ORIENTED_EDGE ( 'NONE', *, *, #7203, .T. ) ;
#6613 = CARTESIAN_POINT ( 'NONE',  ( -30.94999999999999929, -17.50534825036275066, 27.25000000000000000 ) ) ;
#6614 = ORIENTED_EDGE ( 'NONE', *, *, #6203, .F. ) ;
#6615 = EDGE_CURVE ( 'NONE', #5623, #1053, #5655, .T. ) ;
#6616 = DIRECTION ( 'NONE',  ( 0.000000000000000000, 1.000000000000000000, 0.000000000000000000 ) ) ;
#6617 = FACE_BOUND ( 'NONE', #882, .T. ) ;
#6618 = ORIENTED_EDGE ( 'NONE', *, *, #6739, .T. ) ;
#6619 = DIRECTION ( 'NONE',  ( 0.000000000000000000, 0.000000000000000000, -1.000000000000000000 ) ) ;
#6620 = FACE_OUTER_BOUND ( 'NONE', #5436, .T. ) ;
#6621 = ORIENTED_EDGE ( 'NONE', *, *, #2760, .F. ) ;
#6622 = CARTESIAN_POINT ( 'NONE',  ( 9.765079193092812915, -19.51601558239147849, -41.80473592703702224 ) ) ;
#6623 = ORIENTED_EDGE ( 'NONE', *, *, #4536, .F. ) ;
#6624 = CARTESIAN_POINT ( 'NONE',  ( 25.44999999999999929, -10.00534825036277908, 42.95000000000000284 ) ) ;
#6625 = EDGE_CURVE ( 'NONE', #1583, #8270, #8636, .T. ) ;
#6626 = ORIENTED_EDGE ( 'NONE', *, *, #7748, .F. ) ;
#6627 = DIRECTION ( 'NONE',  ( -1.000000000000000000, 0.000000000000000000, 0.000000000000000000 ) ) ;
#6628 = CARTESIAN_POINT ( 'NONE',  ( -39.46111111111115122, -8.005348250362779083, -27.89678877811705249 ) ) ;
#6629 = CARTESIAN_POINT ( 'NONE',  ( -40.24422740960827838, -17.29558016230248896, 33.91011104745491167 ) ) ;
#6630 = VECTOR ( 'NONE', #5992, 1000.000000000000000 ) ;
#6631 = CARTESIAN_POINT ( 'NONE',  ( 9.129633609581459197, -19.50534825036275066, 41.45000000000000284 ) ) ;
#6632 = EDGE_CURVE ( 'NONE', #11146, #7207, #8830, .T. ) ;
#6633 = DIRECTION ( 'NONE',  ( 0.000000000000000000, 0.000000000000000000, -1.000000000000000000 ) ) ;
#6634 = CARTESIAN_POINT ( 'NONE',  ( 37.75000000000000000, -19.00534825036275421, -33.55000000000000426 ) ) ;
#6635 = CARTESIAN_POINT ( 'NONE',  ( 11.12963360958145920, -20.00534825036275066, 1.206677293847591965E-15 ) ) ;
#6636 = ORIENTED_EDGE ( 'NONE', *, *, #2881, .F. ) ;
#6637 = LINE ( 'NONE', #6455, #5317 ) ;
#6638 = ORIENTED_EDGE ( 'NONE', *, *, #5084, .F. ) ;
#6639 = DIRECTION ( 'NONE',  ( 0.000000000000000000, -1.000000000000000000, 0.000000000000000000 ) ) ;
#6640 = VERTEX_POINT ( 'NONE', #7045 ) ;
#6641 = VECTOR ( 'NONE', #1175, 1000.000000000000000 ) ;
#6642 = ORIENTED_EDGE ( 'NONE', *, *, #316, .F. ) ;
#6643 = ORIENTED_EDGE ( 'NONE', *, *, #5209, .F. ) ;
#6644 = EDGE_CURVE ( 'NONE', #5221, #5529, #7938, .T. ) ;
#6645 = CIRCLE ( 'NONE', #7412, 0.3594872681224082767 ) ;
#6646 = CARTESIAN_POINT ( 'NONE',  ( -25.55000000000000071, -17.50534825036275066, 28.25000000000000000 ) ) ;
#6647 = VECTOR ( 'NONE', #4027, 1000.000000000000000 ) ;
#6648 = FACE_OUTER_BOUND ( 'NONE', #527, .T. ) ;
#6649 = EDGE_CURVE ( 'NONE', #8404, #6831, #7107, .T. ) ;
#6650 = CARTESIAN_POINT ( 'NONE',  ( -37.75000000000000000, -8.005348250362779083, -30.94999999999999929 ) ) ;
#6651 = ORIENTED_EDGE ( 'NONE', *, *, #6938, .T. ) ;
#6652 = CARTESIAN_POINT ( 'NONE',  ( 10.38862760665901419, -19.67347476912602033, -41.84131392306211694 ) ) ;
#6653 = ORIENTED_EDGE ( 'NONE', *, *, #4287, .T. ) ;
#6654 = CARTESIAN_POINT ( 'NONE',  ( -25.55000000000000071, -19.50534825036275066, 30.94999999999999929 ) ) ;
#6655 = DIRECTION ( 'NONE',  ( 0.000000000000000000, 0.000000000000000000, -1.000000000000000000 ) ) ;
#6656 = AXIS2_PLACEMENT_3D ( 'NONE', #199, #8317, #3838 ) ;
#6657 = ADVANCED_FACE ( 'NONE', ( #6138, #8601, #8775, #6072, #5897, #8666, #9729 ), #10494, .F. ) ;
#6658 = CARTESIAN_POINT ( 'NONE',  ( -40.95000000000000284, -6.022872084631190504, -32.76967276981339694 ) ) ;
#6659 = VERTEX_POINT ( 'NONE', #3394 ) ;
#6660 = CARTESIAN_POINT ( 'NONE',  ( -10.84999999999999964, -13.50534825036277908, 40.95000000000000284 ) ) ;
#6661 = DIRECTION ( 'NONE',  ( 0.000000000000000000, -1.000000000000000000, 0.000000000000000000 ) ) ;
#6662 = VECTOR ( 'NONE', #7805, 1000.000000000000000 ) ;
#6663 = ORIENTED_EDGE ( 'NONE', *, *, #10677, .F. ) ;
#6664 = DIRECTION ( 'NONE',  ( 0.000000000000000000, 0.000000000000000000, -1.000000000000000000 ) ) ;
#6665 = LINE ( 'NONE', #7451, #6641 ) ;
#6666 = EDGE_LOOP ( 'NONE', ( #296, #4494, #10321, #6584 ) ) ;
#6667 = CARTESIAN_POINT ( 'NONE',  ( 11.29216732071629892, -19.50534211449270217, -41.95350309898434915 ) ) ;
#6668 = ORIENTED_EDGE ( 'NONE', *, *, #7589, .F. ) ;
#6669 = VECTOR ( 'NONE', #2215, 1000.000000000000000 ) ;
#6670 = CARTESIAN_POINT ( 'NONE',  ( -37.75000000000000000, -17.50534825036275066, 26.45000000000000284 ) ) ;
#6671 = ORIENTED_EDGE ( 'NONE', *, *, #8459, .F. ) ;
#6672 = AXIS2_PLACEMENT_3D ( 'NONE', #7854, #5934, #11505 ) ;
#6673 = CARTESIAN_POINT ( 'NONE',  ( 2.950745019243989908, -13.50534825036277908, 40.95000000000000284 ) ) ;
#6674 = LINE ( 'NONE', #11269, #11633 ) ;
#6675 = CARTESIAN_POINT ( 'NONE',  ( 40.95000000000000284, -6.596454582002420075, -27.67034757990255045 ) ) ;
#6676 = FACE_BOUND ( 'NONE', #142, .T. ) ;
#6677 = AXIS2_PLACEMENT_3D ( 'NONE', #2257, #8479, #5061 ) ;
#6678 = ORIENTED_EDGE ( 'NONE', *, *, #3935, .T. ) ;
#6679 = FACE_OUTER_BOUND ( 'NONE', #6511, .T. ) ;
#6680 = CARTESIAN_POINT ( 'NONE',  ( 40.95000000000000284, -0.1644750131487535127, 0.5559590620741530209 ) ) ;
#6681 = ORIENTED_EDGE ( 'NONE', *, *, #3507, .T. ) ;
#6682 = CARTESIAN_POINT ( 'NONE',  ( 4.450745019243995237, -12.50534825036277908, 40.95000000000000284 ) ) ;
#6683 = AXIS2_PLACEMENT_3D ( 'NONE', #9813, #8913, #10154 ) ;
#6684 = EDGE_LOOP ( 'NONE', ( #6218, #6698, #11076, #6816 ) ) ;
#6685 = ORIENTED_EDGE ( 'NONE', *, *, #8399, .T. ) ;
#6686 = CARTESIAN_POINT ( 'NONE',  ( -28.25000000000000000, -19.50534825036275066, 28.25000000000000000 ) ) ;
#6687 = VECTOR ( 'NONE', #9955, 1000.000000000000000 ) ;
#6688 = LINE ( 'NONE', #8722, #7679 ) ;
#6689 = LINE ( 'NONE', #7766, #1769 ) ;
#6690 = CIRCLE ( 'NONE', #9935, 0.9000000000000014655 ) ;
#6691 = AXIS2_PLACEMENT_3D ( 'NONE', #4306, #3368, #11493 ) ;
#6692 = LINE ( 'NONE', #6760, #10284 ) ;
#6693 = CIRCLE ( 'NONE', #7268, 0.3594872681224065558 ) ;
#6694 = EDGE_CURVE ( 'NONE', #7985, #4070, #7875, .T. ) ;
#6695 = FACE_OUTER_BOUND ( 'NONE', #7655, .T. ) ;
#6696 = DIRECTION ( 'NONE',  ( -2.168404344971010101E-16, 0.000000000000000000, 1.000000000000000000 ) ) ;
#6697 = DIRECTION ( 'NONE',  ( 1.000000000000000000, 0.000000000000000000, 0.000000000000000000 ) ) ;
#6698 = ORIENTED_EDGE ( 'NONE', *, *, #3210, .F. ) ;
#6699 = CARTESIAN_POINT ( 'NONE',  ( 40.95000000000000284, -13.35186151901900153, -14.40842570724336014 ) ) ;
#6700 = EDGE_CURVE ( 'NONE', #9936, #10223, #3674, .T. ) ;
#6701 = ORIENTED_EDGE ( 'NONE', *, *, #11319, .F. ) ;
#6702 = DIRECTION ( 'NONE',  ( 0.000000000000000000, 0.000000000000000000, -1.000000000000000000 ) ) ;
#6703 = ORIENTED_EDGE ( 'NONE', *, *, #8062, .F. ) ;
#6704 = CIRCLE ( 'NONE', #11265, 1.000000000000000888 ) ;
#6705 = ORIENTED_EDGE ( 'NONE', *, *, #3578, .F. ) ;
#6706 = AXIS2_PLACEMENT_3D ( 'NONE', #741, #8866, #10702 ) ;
#6707 = EDGE_LOOP ( 'NONE', ( #9973, #9673, #1993, #5416 ) ) ;
#6708 = EDGE_CURVE ( 'NONE', #8600, #7866, #1383, .T. ) ;
#6709 = CIRCLE ( 'NONE', #9185, 2.500000000000002220 ) ;
#6710 = CARTESIAN_POINT ( 'NONE',  ( 10.81168771374211879, -19.61643641679500050, -41.53510497137535395 ) ) ;
#6711 = CIRCLE ( 'NONE', #9769, 1.999999999999998224 ) ;
#6712 = CYLINDRICAL_SURFACE ( 'NONE', #8232, 1.999999999999998224 ) ;
#6713 = AXIS2_PLACEMENT_3D ( 'NONE', #442, #3052, #2937 ) ;
#6714 = CARTESIAN_POINT ( 'NONE',  ( -20.15000000000000213, -19.50534825036275066, 21.85000000000000142 ) ) ;
#6715 = DIRECTION ( 'NONE',  ( 0.000000000000000000, 0.000000000000000000, 1.000000000000000000 ) ) ;
#6716 = EDGE_LOOP ( 'NONE', ( #253, #2720, #9592, #1887 ) ) ;
#6717 = DIRECTION ( 'NONE',  ( 0.000000000000000000, 0.000000000000000000, 1.000000000000000000 ) ) ;
#6718 = ORIENTED_EDGE ( 'NONE', *, *, #6023, .T. ) ;
#6719 = EDGE_CURVE ( 'NONE', #10286, #5685, #4291, .T. ) ;
#6720 = DIRECTION ( 'NONE',  ( 0.000000000000000000, 1.000000000000000000, 0.000000000000000000 ) ) ;
#6721 = CARTESIAN_POINT ( 'NONE',  ( -39.95000000000000284, -8.005348250362779083, -34.87555728527809151 ) ) ;
#6722 = ADVANCED_FACE ( 'NONE', ( #4162 ), #3522, .F. ) ;
#6723 = AXIS2_PLACEMENT_3D ( 'NONE', #10587, #8688, #2410 ) ;
#6724 = ADVANCED_FACE ( 'NONE', ( #9795 ), #5345, .F. ) ;
#6725 = CIRCLE ( 'NONE', #1004, 0.3594872681224074440 ) ;
#6726 = CARTESIAN_POINT ( 'NONE',  ( 40.95000000000000284, -13.35186151901900153, -14.76791297536578007 ) ) ;
#6727 = AXIS2_PLACEMENT_3D ( 'NONE', #9974, #674, #6259 ) ;
#6728 = CARTESIAN_POINT ( 'NONE',  ( -40.95000000000000284, -6.835688363728290362, -34.44439533069500214 ) ) ;
#6729 = VERTEX_POINT ( 'NONE', #6251 ) ;
#6730 = CARTESIAN_POINT ( 'NONE',  ( 24.12963360958149650, -17.50534825036275066, -28.53619997939700070 ) ) ;
#6731 = CARTESIAN_POINT ( 'NONE',  ( -41.95000000000000284, -3.705348250362780149, -41.45000000000000284 ) ) ;
#6732 = AXIS2_PLACEMENT_3D ( 'NONE', #5971, #7582, #10565 ) ;
#6733 = ORIENTED_EDGE ( 'NONE', *, *, #8850, .F. ) ;
#6734 = AXIS2_PLACEMENT_3D ( 'NONE', #2492, #5353, #4218 ) ;
#6735 = FACE_OUTER_BOUND ( 'NONE', #7142, .T. ) ;
#6736 = CYLINDRICAL_SURFACE ( 'NONE', #3594, 0.3594872681224064448 ) ;
#6737 = VECTOR ( 'NONE', #2307, 1000.000000000000000 ) ;
#6738 = ORIENTED_EDGE ( 'NONE', *, *, #9816, .T. ) ;
#6739 = EDGE_CURVE ( 'NONE', #5920, #8343, #5953, .T. ) ;
#6740 = CARTESIAN_POINT ( 'NONE',  ( 11.26044530867792659, -19.49324775020694389, -41.77694048572149654 ) ) ;
#6741 = ORIENTED_EDGE ( 'NONE', *, *, #5104, .T. ) ;
#6742 = CARTESIAN_POINT ( 'NONE',  ( 42.95000000000000284, -6.511642939418550213, -17.52160390712534621 ) ) ;
#6743 = VERTEX_POINT ( 'NONE', #8162 ) ;
#6744 = DIRECTION ( 'NONE',  ( -1.000000000000000000, 0.000000000000000000, 0.000000000000000000 ) ) ;
#6745 = CIRCLE ( 'NONE', #6942, 1.000000000000000888 ) ;
#6746 = CARTESIAN_POINT ( 'NONE',  ( -39.95000000000000284, -7.005348250362779972, -32.13743420870380163 ) ) ;
#6747 = CARTESIAN_POINT ( 'NONE',  ( 42.95000000000000284, -13.20151344825372064, 6.558624240827529484 ) ) ;
#6748 = CARTESIAN_POINT ( 'NONE',  ( 37.75000000000000000, -7.005348250362779972, -34.45000000000000284 ) ) ;
#6749 = AXIS2_PLACEMENT_3D ( 'NONE', #10078, #7460, #4648 ) ;
#6750 = ORIENTED_EDGE ( 'NONE', *, *, #1172, .T. ) ;
#6751 = CARTESIAN_POINT ( 'NONE',  ( -25.55000000000000071, -17.50534825036275066, 20.15000000000000213 ) ) ;
#6752 = CARTESIAN_POINT ( 'NONE',  ( 37.75000000000000000, -19.00534825036275421, -30.94999999999999929 ) ) ;
#6753 = ORIENTED_EDGE ( 'NONE', *, *, #9094, .F. ) ;
#6754 = ADVANCED_FACE ( 'NONE', ( #11799, #3630 ), #772, .T. ) ;
#6755 = CARTESIAN_POINT ( 'NONE',  ( 42.95000000000000284, -13.35186151901900153, 20.23208702463425368 ) ) ;
#6756 = ORIENTED_EDGE ( 'NONE', *, *, #9720, .T. ) ;
#6757 = CARTESIAN_POINT ( 'NONE',  ( 42.95000000000000284, -6.812339080949070258, -11.17467833951197953 ) ) ;
#6758 = DIRECTION ( 'NONE',  ( 0.000000000000000000, 0.000000000000000000, 1.000000000000000000 ) ) ;
#6759 = CARTESIAN_POINT ( 'NONE',  ( 37.75000000000000000, -16.50534825036275066, 34.45000000000000284 ) ) ;
#6760 = CARTESIAN_POINT ( 'NONE',  ( 41.45000000000000284, -1.705348250362779927, -42.05481555856610498 ) ) ;
#6761 = ADVANCED_FACE ( 'NONE', ( #7510 ), #2900, .T. ) ;
#6762 = CARTESIAN_POINT ( 'NONE',  ( 12.12963360958148051, -17.50534825036275066, -40.53619997939700426 ) ) ;
#6763 = DIRECTION ( 'NONE',  ( -1.000000000000000000, 0.000000000000000000, 0.000000000000000000 ) ) ;
#6764 = DIRECTION ( 'NONE',  ( 0.000000000000000000, 1.000000000000000000, 0.000000000000000000 ) ) ;
#6765 = EDGE_LOOP ( 'NONE', ( #5755, #7631, #7471, #459 ) ) ;
#6766 = CARTESIAN_POINT ( 'NONE',  ( -39.46111111111115122, -16.50534825036275066, -27.89678877811705249 ) ) ;
#6767 = VERTEX_POINT ( 'NONE', #7560 ) ;
#6768 = CARTESIAN_POINT ( 'NONE',  ( -39.73134999207455564, -16.82794064862946470, 33.89963168630068679 ) ) ;
#6769 = ORIENTED_EDGE ( 'NONE', *, *, #11751, .T. ) ;
#6770 = VERTEX_POINT ( 'NONE', #3017 ) ;
#6772 = VERTEX_POINT ( 'NONE', #7390 ) ;
#6771 = EDGE_CURVE ( 'NONE', #7786, #329, #10067, .T. ) ;
#6773 = EDGE_CURVE ( 'NONE', #5228, #3865, #4639, .T. ) ;
#6774 = DIRECTION ( 'NONE',  ( 1.674039542559039894E-16, 0.000000000000000000, 1.000000000000000000 ) ) ;
#6775 = CARTESIAN_POINT ( 'NONE',  ( 11.18066344167933401, -19.50534825036275066, -41.68174290991970565 ) ) ;
#6776 = FACE_OUTER_BOUND ( 'NONE', #2425, .T. ) ;
#6777 = CARTESIAN_POINT ( 'NONE',  ( -37.75000000000000000, -7.005348250362779972, 30.94999999999999929 ) ) ;
#6778 = EDGE_CURVE ( 'NONE', #938, #1099, #6922, .T. ) ;
#6779 = EDGE_LOOP ( 'NONE', ( #6891, #5427 ) ) ;
#6780 = LINE ( 'NONE', #4911, #5113 ) ;
#6781 = ORIENTED_EDGE ( 'NONE', *, *, #6433, .T. ) ;
#6782 = DIRECTION ( 'NONE',  ( 0.000000000000000000, 0.000000000000000000, 1.000000000000000000 ) ) ;
#6783 = CARTESIAN_POINT ( 'NONE',  ( 9.716789444030609957, -19.78181374628529809, -41.51069715981525121 ) ) ;
#6784 = B_SPLINE_CURVE_WITH_KNOTS ( 'NONE', 3,
 ( #3254, #11427, #5815, #11501, #3185, #5930, #3323, #6901, #2412, #8640, #5995, #9591, #9459, #9649, #394, #4024 ),
 .UNSPECIFIED., .F., .F.,
 ( 4, 2, 2, 2, 2, 2, 2, 4 ),
 ( 0.000000000000000000, 0.2500000000000009992, 0.3750000000000008882, 0.5000000000000007772, 0.6250000000000003331, 0.7500000000000002220, 0.8750000000000001110, 1.000000000000000000 ),
 .UNSPECIFIED. ) ;
#6785 = CARTESIAN_POINT ( 'NONE',  ( -39.46365580493099401, -7.847056268996619899, 33.99094571670829623 ) ) ;
#6786 = CARTESIAN_POINT ( 'NONE',  ( -39.46111111167645191, -7.926895583125069145, -34.00321122156615417 ) ) ;
#6787 = ORIENTED_EDGE ( 'NONE', *, *, #8096, .F. ) ;
#6788 = CARTESIAN_POINT ( 'NONE',  ( 24.12963360958149650, -33.06169743646680104, -28.53619997939700070 ) ) ;
#6789 = CARTESIAN_POINT ( 'NONE',  ( 27.39247857844690870, -19.73213913386973317, -41.70704765441171702 ) ) ;
#6790 = DIRECTION ( 'NONE',  ( 0.000000000000000000, 0.000000000000000000, -1.000000000000000000 ) ) ;
#6791 = EDGE_CURVE ( 'NONE', #7127, #328, #2012, .T. ) ;
#6792 = ORIENTED_EDGE ( 'NONE', *, *, #11174, .F. ) ;
#6793 = CARTESIAN_POINT ( 'NONE',  ( 40.95000000000000284, 2.494789623653574928, 6.331549445129200038 ) ) ;
#6794 = DIRECTION ( 'NONE',  ( 0.000000000000000000, -1.000000000000000000, 0.000000000000000000 ) ) ;
#6795 = ORIENTED_EDGE ( 'NONE', *, *, #2836, .F. ) ;
#6796 = LINE ( 'NONE', #2373, #10144 ) ;
#6797 = ORIENTED_EDGE ( 'NONE', *, *, #1442, .F. ) ;
#6798 = CARTESIAN_POINT ( 'NONE',  ( 37.75000000000000000, -16.50534825036275066, -30.94999999999999929 ) ) ;
#6799 = ORIENTED_EDGE ( 'NONE', *, *, #496, .F. ) ;
#6800 = CARTESIAN_POINT ( 'NONE',  ( 10.12963360958148051, -20.50534825036275066, -40.21794919243114919 ) ) ;
#6801 = CARTESIAN_POINT ( 'NONE',  ( 37.75000000000000000, -19.00534825036275421, -30.94999999999999929 ) ) ;
#6802 = ORIENTED_EDGE ( 'NONE', *, *, #8829, .F. ) ;
#6803 = DIRECTION ( 'NONE',  ( 0.000000000000000000, 1.000000000000000000, 0.000000000000000000 ) ) ;
#6804 = CARTESIAN_POINT ( 'NONE',  ( 26.31361613022379942, -19.53753974459069909, -41.60870787944089955 ) ) ;
#6805 = EDGE_CURVE ( 'NONE', #7011, #3212, #6725, .T. ) ;
#6806 = CARTESIAN_POINT ( 'NONE',  ( 2.950745019243989908, -14.50534825036277908, 40.95000000000000284 ) ) ;
#6807 = ORIENTED_EDGE ( 'NONE', *, *, #10262, .F. ) ;
#6808 = DIRECTION ( 'NONE',  ( 0.000000000000000000, 0.000000000000000000, -1.000000000000000000 ) ) ;
#6809 = DIRECTION ( 'NONE',  ( -1.000000000000000000, 0.000000000000000000, 0.000000000000000000 ) ) ;
#6810 = EDGE_CURVE ( 'NONE', #2210, #6428, #9293, .T. ) ;
#6811 = CARTESIAN_POINT ( 'NONE',  ( 25.44999999999999929, -9.005348250362779083, 42.95000000000000284 ) ) ;
#6812 = CARTESIAN_POINT ( 'NONE',  ( 42.95000000000000284, -13.35186151901900153, -7.408425707243370795 ) ) ;
#6813 = FACE_OUTER_BOUND ( 'NONE', #11744, .T. ) ;
#6814 = CARTESIAN_POINT ( 'NONE',  ( 40.95000000000000284, -7.383173927275220372, 27.13105983440840063 ) ) ;
#6815 = LINE ( 'NONE', #267, #8447 ) ;
#6816 = ORIENTED_EDGE ( 'NONE', *, *, #1811, .F. ) ;
#6817 = CARTESIAN_POINT ( 'NONE',  ( -39.95000000000000284, -17.04862882735370277, -28.02444271472189996 ) ) ;
#6818 = ORIENTED_EDGE ( 'NONE', *, *, #10797, .F. ) ;
#6819 = EDGE_LOOP ( 'NONE', ( #4011, #1330, #8578, #2639 ) ) ;
#6820 = EDGE_CURVE ( 'NONE', #7454, #831, #2528, .T. ) ;
#6821 = VERTEX_POINT ( 'NONE', #1956 ) ;
#6822 = ORIENTED_EDGE ( 'NONE', *, *, #5151, .F. ) ;
#6823 = CIRCLE ( 'NONE', #1488, 1.000000000000000888 ) ;
#6824 = CARTESIAN_POINT ( 'NONE',  ( 26.62963360958150005, -20.00534825036275066, -40.21794919243114919 ) ) ;
#6825 = DIRECTION ( 'NONE',  ( 0.000000000000000000, 1.000000000000000000, 0.000000000000000000 ) ) ;
#6826 = CARTESIAN_POINT ( 'NONE',  ( 16.44999999999999929, -12.30534825036276025, 19.00000000000000000 ) ) ;
#6827 = CARTESIAN_POINT ( 'NONE',  ( -41.45000000000000284, -19.50534825036275066, 41.95000000000000284 ) ) ;
#6828 = AXIS2_PLACEMENT_3D ( 'NONE', #295, #1058, #11083 ) ;
#6829 = ORIENTED_EDGE ( 'NONE', *, *, #325, .T. ) ;
#6830 = DIRECTION ( 'NONE',  ( -1.000000000000000000, 0.000000000000000000, 0.000000000000000000 ) ) ;
#6831 = VERTEX_POINT ( 'NONE', #4690 ) ;
#6832 = CYLINDRICAL_SURFACE ( 'NONE', #11616, 2.099999999999997868 ) ;
#6833 = CARTESIAN_POINT ( 'NONE',  ( 39.46111111111110148, -8.005348250362779083, -27.89678877811699920 ) ) ;
#6834 = EDGE_CURVE ( 'NONE', #3165, #9865, #7491, .T. ) ;
#6835 = AXIS2_PLACEMENT_3D ( 'NONE', #10765, #10879, #6281 ) ;
#6836 = CARTESIAN_POINT ( 'NONE',  ( 10.19384083875538494, -20.03662674174229252, -41.50681776888171015 ) ) ;
#6837 = AXIS2_PLACEMENT_3D ( 'NONE', #3853, #6720, #7499 ) ;
#6838 = CARTESIAN_POINT ( 'NONE',  ( 41.95000000000000284, -19.50534825036275066, 41.45000000000000284 ) ) ;
#6839 = VERTEX_POINT ( 'NONE', #5700 ) ;
#6840 = LINE ( 'NONE', #3197, #735 ) ;
#6841 = CARTESIAN_POINT ( 'NONE',  ( -28.25000000000000000, -17.50534825036275066, 29.94999999999999929 ) ) ;
#6842 = ADVANCED_FACE ( 'NONE', ( #6551, #1888, #9352, #169, #3802, #2908, #344 ), #11138, .T. ) ;
#6843 = DIRECTION ( 'NONE',  ( 0.000000000000000000, -1.000000000000000000, 0.000000000000000000 ) ) ;
#6844 = ORIENTED_EDGE ( 'NONE', *, *, #8959, .T. ) ;
#6845 = DIRECTION ( 'NONE',  ( 0.000000000000000000, 0.000000000000000000, -1.000000000000000000 ) ) ;
#6846 = DIRECTION ( 'NONE',  ( -1.000000000000000000, 0.000000000000000000, 0.000000000000000000 ) ) ;
#6847 = ORIENTED_EDGE ( 'NONE', *, *, #325, .F. ) ;
#6848 = CARTESIAN_POINT ( 'NONE',  ( -19.25000000000000000, -17.50534825036275066, 19.94999999999999929 ) ) ;
#6849 = DIRECTION ( 'NONE',  ( 0.000000000000000000, 0.000000000000000000, 1.000000000000000000 ) ) ;
#6850 = CIRCLE ( 'NONE', #11420, 1.000000000000000888 ) ;
#6851 = AXIS2_PLACEMENT_3D ( 'NONE', #4653, #1800, #8804 ) ;
#6852 = EDGE_CURVE ( 'NONE', #10041, #9599, #5530, .T. ) ;
#6853 = ORIENTED_EDGE ( 'NONE', *, *, #2418, .F. ) ;
#6854 = CARTESIAN_POINT ( 'NONE',  ( 11.12963360958147874, -19.50534825036275066, -25.94999999999999929 ) ) ;
#6855 = EDGE_CURVE ( 'NONE', #6428, #6969, #1002, .T. ) ;
#6856 = DIRECTION ( 'NONE',  ( 0.000000000000000000, 1.000000000000000000, 0.000000000000000000 ) ) ;
#6857 = ORIENTED_EDGE ( 'NONE', *, *, #8146, .F. ) ;
#6858 = CARTESIAN_POINT ( 'NONE',  ( 40.95000000000000284, -7.844848116524470782, -27.02444271472190351 ) ) ;
#6859 = CIRCLE ( 'NONE', #376, 0.3594872681224065558 ) ;
#6860 = AXIS2_PLACEMENT_3D ( 'NONE', #6726, #11322, #5874 ) ;
#6861 = EDGE_LOOP ( 'NONE', ( #11581, #5794, #10407, #2312 ) ) ;
#6862 = CARTESIAN_POINT ( 'NONE',  ( 10.76796181171672373, -19.66005620102238538, -41.48086249895461464 ) ) ;
#6863 = CARTESIAN_POINT ( 'NONE',  ( 27.11511327383124836, -20.27161948651419721, -41.16662567209279899 ) ) ;
#6864 = ORIENTED_EDGE ( 'NONE', *, *, #4887, .T. ) ;
#6865 = AXIS2_PLACEMENT_3D ( 'NONE', #3029, #9482, #1302 ) ;
#6866 = DIRECTION ( 'NONE',  ( -1.000000000000000000, 0.000000000000000000, 1.674039542559039894E-16 ) ) ;
#6867 = VERTEX_POINT ( 'NONE', #4815 ) ;
#6868 = B_SPLINE_CURVE_WITH_KNOTS ( 'NONE', 3,
 ( #10655, #9658, #582, #3267, #6912, #8753, #11512, #8879, #2478, #754, #6976, #4319, #4382, #6235 ),
 .UNSPECIFIED., .F., .F.,
 ( 4, 2, 2, 1, 1, 2, 2, 4 ),
 ( 0.000000000000000000, 0.2499999999998961386, 0.3749999999998509526, 0.4374999999998346878, 0.4687499999998299138, 0.4843749999998385181, 0.4999999999998471223, 1.000000000000000000 ),
 .UNSPECIFIED. ) ;
#6869 = EDGE_CURVE ( 'NONE', #7703, #187, #294, .T. ) ;
#6870 = FACE_OUTER_BOUND ( 'NONE', #1268, .T. ) ;
#6871 = VECTOR ( 'NONE', #1817, 1000.000000000000000 ) ;
#6872 = VECTOR ( 'NONE', #10267, 1000.000000000000000 ) ;
#6873 = DIRECTION ( 'NONE',  ( 1.000000000000000000, 0.000000000000000000, 0.000000000000000000 ) ) ;
#6874 = ADVANCED_FACE ( 'NONE', ( #1236 ), #4870, .F. ) ;
#6875 = CIRCLE ( 'NONE', #2857, 0.5000000000000004441 ) ;
#6876 = DIRECTION ( 'NONE',  ( -1.000000000000000000, 0.000000000000000000, 1.674039542559039894E-16 ) ) ;
#6877 = DIRECTION ( 'NONE',  ( 0.000000000000000000, -1.000000000000000000, 0.000000000000000000 ) ) ;
#6878 = DIRECTION ( 'NONE',  ( 0.9986295347545739443, 0.05233595624294379994, -1.671745329546495650E-16 ) ) ;
#6879 = TOROIDAL_SURFACE ( 'NONE', #5155, 0.5000000000000000000, 1.000000000000000000 ) ;
#6880 = VECTOR ( 'NONE', #5847, 1000.000000000000000 ) ;
#6881 = DIRECTION ( 'NONE',  ( 0.000000000000000000, 0.000000000000000000, -1.000000000000000000 ) ) ;
#6882 = CARTESIAN_POINT ( 'NONE',  ( -40.32235485467502656, -17.34073944744832474, -33.94693617339887481 ) ) ;
#6883 = EDGE_LOOP ( 'NONE', ( #8031, #11206, #10887, #1460 ) ) ;
#6884 = EDGE_LOOP ( 'NONE', ( #6994, #5027, #7549, #3033 ) ) ;
#6885 = DIRECTION ( 'NONE',  ( 0.000000000000000000, 1.000000000000000000, 0.000000000000000000 ) ) ;
#6886 = TOROIDAL_SURFACE ( 'NONE', #7634, 2.600000000000000089, 0.5000000000000000000 ) ;
#6887 = ORIENTED_EDGE ( 'NONE', *, *, #3531, .F. ) ;
#6888 = ADVANCED_FACE ( 'NONE', ( #11258 ), #6421, .F. ) ;
#6889 = LINE ( 'NONE', #5078, #2861 ) ;
#6890 = EDGE_LOOP ( 'NONE', ( #10692, #1961, #3561, #8512 ) ) ;
#6891 = ORIENTED_EDGE ( 'NONE', *, *, #2385, .F. ) ;
#6892 = AXIS2_PLACEMENT_3D ( 'NONE', #4875, #11334, #9357 ) ;
#6893 = CIRCLE ( 'NONE', #2686, 2.100000000000000977 ) ;
#6894 = VECTOR ( 'NONE', #9683, 1000.000000000000000 ) ;
#6895 = CARTESIAN_POINT ( 'NONE',  ( 26.62802419645960939, -19.96511141131816558, -40.70310199758901604 ) ) ;
#6896 = FACE_OUTER_BOUND ( 'NONE', #251, .T. ) ;
#6897 = DIRECTION ( 'NONE',  ( 0.000000000000000000, 0.000000000000000000, -1.000000000000000000 ) ) ;
#6898 = CARTESIAN_POINT ( 'NONE',  ( 37.75000000000000000, -7.005348250362779972, -30.94999999999999929 ) ) ;
#6899 = AXIS2_PLACEMENT_3D ( 'NONE', #139, #10161, #4842 ) ;
#6900 = ORIENTED_EDGE ( 'NONE', *, *, #9574, .T. ) ;
#6901 = CARTESIAN_POINT ( 'NONE',  ( 39.56585625884542168, -7.259024777604336620, -28.35181987984540797 ) ) ;
#6902 = AXIS2_PLACEMENT_3D ( 'NONE', #10949, #2886, #8098 ) ;
#6903 = ORIENTED_EDGE ( 'NONE', *, *, #3954, .F. ) ;
#6904 = DIRECTION ( 'NONE',  ( 0.000000000000000000, 0.000000000000000000, -1.000000000000000000 ) ) ;
#6905 = DIRECTION ( 'NONE',  ( 0.000000000000000000, -1.000000000000000000, 0.000000000000000000 ) ) ;
#6906 = AXIS2_PLACEMENT_3D ( 'NONE', #260, #9262, #4538 ) ;
#6907 = VECTOR ( 'NONE', #6603, 1000.000000000000000 ) ;
#6908 = CARTESIAN_POINT ( 'NONE',  ( -28.25000000000000000, -17.50534825036275066, 29.25000000000000000 ) ) ;
#6909 = DIRECTION ( 'NONE',  ( -1.000000000000000000, 0.000000000000000000, 1.674039542559039894E-16 ) ) ;
#6910 = VECTOR ( 'NONE', #6155, 1000.000000000000000 ) ;
#6911 = CARTESIAN_POINT ( 'NONE',  ( -40.95000000000000284, -6.963298601731180426, 34.54423305348655049 ) ) ;
#6912 = CARTESIAN_POINT ( 'NONE',  ( 39.63017628730605679, -16.71362226724718880, 33.92792205087933155 ) ) ;
#6913 = DIRECTION ( 'NONE',  ( 0.000000000000000000, 0.000000000000000000, -1.000000000000000000 ) ) ;
#6914 = VERTEX_POINT ( 'NONE', #4037 ) ;
#6915 = DIRECTION ( 'NONE',  ( 0.000000000000000000, 0.000000000000000000, -1.000000000000000000 ) ) ;
#6916 = LINE ( 'NONE', #2370, #10637 ) ;
#6917 = ORIENTED_EDGE ( 'NONE', *, *, #9925, .T. ) ;
#6918 = DIRECTION ( 'NONE',  ( -1.000000000000000000, 0.000000000000000000, 0.000000000000000000 ) ) ;
#6919 = DIRECTION ( 'NONE',  ( 0.000000000000000000, -1.000000000000000000, 0.000000000000000000 ) ) ;
#6920 = AXIS2_PLACEMENT_3D ( 'NONE', #7965, #6223, #3319 ) ;
#6921 = CIRCLE ( 'NONE', #9018, 2.399999999999999467 ) ;
#6922 = CIRCLE ( 'NONE', #6337, 0.5000000000000004441 ) ;
#6923 = EDGE_LOOP ( 'NONE', ( #2247, #8214 ) ) ;
#6924 = DIRECTION ( 'NONE',  ( 0.000000000000000000, -1.000000000000000000, 0.000000000000000000 ) ) ;
#6925 = EDGE_CURVE ( 'NONE', #5623, #803, #3201, .T. ) ;
#6926 = CARTESIAN_POINT ( 'NONE',  ( 4.450745019243995237, -13.00534825036277908, 42.95000000000000284 ) ) ;
#6927 = CARTESIAN_POINT ( 'NONE',  ( 26.05466249532355150, -19.50534825036275066, -41.70296010330904579 ) ) ;
#6928 = FACE_OUTER_BOUND ( 'NONE', #133, .T. ) ;
#6929 = VECTOR ( 'NONE', #8609, 1000.000000000000000 ) ;
#6930 = AXIS2_PLACEMENT_3D ( 'NONE', #8476, #1184, #7518 ) ;
#6931 = LINE ( 'NONE', #7935, #11648 ) ;
#6932 = VECTOR ( 'NONE', #1420, 1000.000000000000000 ) ;
#6933 = EDGE_CURVE ( 'NONE', #5075, #8910, #3684, .T. ) ;
#6934 = ORIENTED_EDGE ( 'NONE', *, *, #11511, .F. ) ;
#6935 = DIRECTION ( 'NONE',  ( 1.000000000000000000, 0.000000000000000000, 0.000000000000000000 ) ) ;
#6936 = CARTESIAN_POINT ( 'NONE',  ( 26.62237344818844775, -19.91769996437114898, -40.92945655336114896 ) ) ;
#6937 = EDGE_LOOP ( 'NONE', ( #1244, #8683 ) ) ;
#6938 = EDGE_CURVE ( 'NONE', #10805, #9475, #6343, .T. ) ;
#6939 = CARTESIAN_POINT ( 'NONE',  ( 13.12963360958147874, -14.50534825036275954, -28.53619997939700070 ) ) ;
#6940 = ORIENTED_EDGE ( 'NONE', *, *, #6440, .T. ) ;
#6941 = CARTESIAN_POINT ( 'NONE',  ( -10.84999999999999964, -13.50534825036277908, 40.95000000000000284 ) ) ;
#6942 = AXIS2_PLACEMENT_3D ( 'NONE', #5966, #6022, #7888 ) ;
#6943 = DIRECTION ( 'NONE',  ( 0.000000000000000000, 0.000000000000000000, 1.000000000000000000 ) ) ;
#6944 = DIRECTION ( 'NONE',  ( 0.000000000000000000, 0.000000000000000000, -1.000000000000000000 ) ) ;
#6945 = AXIS2_PLACEMENT_3D ( 'NONE', #8598, #421, #4880 ) ;
#6946 = CARTESIAN_POINT ( 'NONE',  ( -42.95000000000000284, -6.511642939418550213, 3.478396092874660006 ) ) ;
#6947 = LINE ( 'NONE', #6812, #6669 ) ;
#6948 = FACE_OUTER_BOUND ( 'NONE', #5869, .T. ) ;
#6949 = AXIS2_PLACEMENT_3D ( 'NONE', #5108, #11691, #8767 ) ;
#6950 = CARTESIAN_POINT ( 'NONE',  ( 27.62963360958149650, -20.00534825036275066, -40.21794919243114919 ) ) ;
#6951 = CIRCLE ( 'NONE', #9043, 1.500000000000001332 ) ;
#6952 = EDGE_CURVE ( 'NONE', #8763, #1681, #2245, .T. ) ;
#6953 = DIRECTION ( 'NONE',  ( 2.698774586721194836E-16, 0.000000000000000000, -1.000000000000000000 ) ) ;
#6954 = ORIENTED_EDGE ( 'NONE', *, *, #1172, .F. ) ;
#6955 = DIRECTION ( 'NONE',  ( -1.000000000000000000, 0.000000000000000000, 0.000000000000000000 ) ) ;
#6956 = EDGE_CURVE ( 'NONE', #9375, #471, #9027, .T. ) ;
#6957 = ORIENTED_EDGE ( 'NONE', *, *, #8344, .F. ) ;
#6958 = DIRECTION ( 'NONE',  ( 1.000000000000000000, 0.000000000000000000, 0.000000000000000000 ) ) ;
#6959 = VERTEX_POINT ( 'NONE', #9473 ) ;
#6960 = ORIENTED_EDGE ( 'NONE', *, *, #8463, .F. ) ;
#6961 = ORIENTED_EDGE ( 'NONE', *, *, #8480, .F. ) ;
#6962 = CYLINDRICAL_SURFACE ( 'NONE', #2147, 0.9000000000000014655 ) ;
#6963 = DIRECTION ( 'NONE',  ( 0.000000000000000000, 1.000000000000000000, 0.000000000000000000 ) ) ;
#6964 = CARTESIAN_POINT ( 'NONE',  ( 10.12963360958148051, -19.68291636587315097, -41.83452994616209963 ) ) ;
#6965 = DIRECTION ( 'NONE',  ( 0.000000000000000000, -1.000000000000000000, 0.000000000000000000 ) ) ;
#6966 = ORIENTED_EDGE ( 'NONE', *, *, #5422, .F. ) ;
#6967 = CARTESIAN_POINT ( 'NONE',  ( 42.95000000000000284, -18.50534825036275421, 41.45000000000000284 ) ) ;
#6968 = EDGE_CURVE ( 'NONE', #6991, #4929, #1587, .T. ) ;
#6969 = VERTEX_POINT ( 'NONE', #4207 ) ;
#6970 = DIRECTION ( 'NONE',  ( 0.000000000000000000, -1.000000000000000000, 0.000000000000000000 ) ) ;
#6971 = FACE_OUTER_BOUND ( 'NONE', #5271, .T. ) ;
#6972 = ORIENTED_EDGE ( 'NONE', *, *, #10987, .T. ) ;
#6973 = CARTESIAN_POINT ( 'NONE',  ( -42.95000000000000284, -6.812339080949070258, 16.82532166048805067 ) ) ;
#6974 = ADVANCED_FACE ( 'NONE', ( #1532 ), #6061, .T. ) ;
#6975 = CARTESIAN_POINT ( 'NONE',  ( -40.95000000000000284, -7.383173927275220372, 34.76894016559160150 ) ) ;
#6976 = CARTESIAN_POINT ( 'NONE',  ( 39.68865498388012014, -16.78064143075057402, 33.91030726283643304 ) ) ;
#6977 = CARTESIAN_POINT ( 'NONE',  ( 39.97171189337534258, -17.06958963196574075, 28.02570679931599074 ) ) ;
#6978 = ORIENTED_EDGE ( 'NONE', *, *, #3186, .T. ) ;
#6979 = LINE ( 'NONE', #10600, #6737 ) ;
#6980 = CARTESIAN_POINT ( 'NONE',  ( 16.44999999999999929, -17.50534825036275066, 20.75000000000000000 ) ) ;
#6981 = ORIENTED_EDGE ( 'NONE', *, *, #10262, .T. ) ;
#6982 = DIRECTION ( 'NONE',  ( 0.000000000000000000, 0.000000000000000000, 1.000000000000000000 ) ) ;
#6983 = CARTESIAN_POINT ( 'NONE',  ( 42.95000000000000284, -1.705348250362779927, 41.45000000000000284 ) ) ;
#6984 = DIRECTION ( 'NONE',  ( 0.000000000000000000, -1.000000000000000000, 0.000000000000000000 ) ) ;
#6985 = EDGE_CURVE ( 'NONE', #6350, #1006, #6979, .T. ) ;
#6986 = DIRECTION ( 'NONE',  ( 0.000000000000000000, 0.000000000000000000, -1.000000000000000000 ) ) ;
#6987 = LINE ( 'NONE', #5059, #9149 ) ;
#6988 = LINE ( 'NONE', #5111, #7856 ) ;
#6989 = LINE ( 'NONE', #10556, #1537 ) ;
#6990 = CARTESIAN_POINT ( 'NONE',  ( 42.95000000000000284, -13.35186151901900153, -7.767912975365779182 ) ) ;
#6991 = VERTEX_POINT ( 'NONE', #8654 ) ;
#6992 = CARTESIAN_POINT ( 'NONE',  ( -39.95000000000000284, -17.50534825036275066, -27.02444271472190351 ) ) ;
#6993 = CARTESIAN_POINT ( 'NONE',  ( 26.51626346301464920, -19.68463129820025159, -41.45054896542044531 ) ) ;
#6994 = ORIENTED_EDGE ( 'NONE', *, *, #5381, .T. ) ;
#6995 = EDGE_CURVE ( 'NONE', #11002, #11213, #5392, .T. ) ;
#6996 = CARTESIAN_POINT ( 'NONE',  ( -30.94999999999999929, -17.50534825036275066, 22.84999999999999787 ) ) ;
#6997 = B_SPLINE_CURVE_WITH_KNOTS ( 'NONE', 3,
 ( #3410, #5024, #7902, #11653, #8677, #10690, #5130, #11544, #1620, #1563, #2514, #10572, #2449, #8791, #497, #6088, #6212, #11411, #2397, #8909, #729, #9859, #3236, #4118, #4246, #6882, #622, #8011, #10509, #2339, #8856, #5073, #5978, #3475 ),
 .UNSPECIFIED., .F., .F.,
 ( 4, 2, 2, 1, 1, 1, 2, 2, 2, 2, 1, 1, 2, 2, 2, 2, 1, 2, 2, 4 ),
 ( 0.000000000000000000, 0.1249999999999145683, 0.1874999999998682443, 0.2187499999998405997, 0.2343749999998295808, 0.2421874999998312461, 0.2460937499998339384, 0.2499999999998366307, 0.3749999999999675260, 0.4375000000000328071, 0.4687500000000655032, 0.4843750000000769385, 0.4921875000000805467, 0.5000000000000841549, 0.6250000000001144640, 0.6875000000001327827, 0.7187500000001424416, 0.7343750000001423306, 0.7500000000001422196, 1.000000000000000000 ),
 .UNSPECIFIED. ) ;
#6998 = ORIENTED_EDGE ( 'NONE', *, *, #3351, .F. ) ;
#6999 = DIRECTION ( 'NONE',  ( 0.000000000000000000, 0.000000000000000000, -1.000000000000000000 ) ) ;
#7000 = ADVANCED_FACE ( 'NONE', ( #3332 ), #259, .T. ) ;
#7001 = DIRECTION ( 'NONE',  ( 0.000000000000000000, 0.000000000000000000, -1.000000000000000000 ) ) ;
#7002 = LINE ( 'NONE', #7946, #10726 ) ;
#7003 = CARTESIAN_POINT ( 'NONE',  ( 26.47221131193141730, -19.59226822751287855, -41.73316163759047726 ) ) ;
#7004 = CARTESIAN_POINT ( 'NONE',  ( -37.75000000000000000, -8.505348250362779083, -28.85000000000000142 ) ) ;
#7005 = CARTESIAN_POINT ( 'NONE',  ( -39.46111111167513741, -7.926895583125118883, 27.89678877843311611 ) ) ;
#7006 = CARTESIAN_POINT ( 'NONE',  ( 27.63271365834463111, -19.96977741729548939, -40.72540492903274156 ) ) ;
#7007 = DIRECTION ( 'NONE',  ( -1.000000000000000000, 0.000000000000000000, 0.000000000000000000 ) ) ;
#7008 = ORIENTED_EDGE ( 'NONE', *, *, #2970, .T. ) ;
#7009 = EDGE_LOOP ( 'NONE', ( #5785, #6347, #10453, #7580 ) ) ;
#7010 = DIRECTION ( 'NONE',  ( 0.000000000000000000, -1.000000000000000000, 0.000000000000000000 ) ) ;
#7011 = VERTEX_POINT ( 'NONE', #11382 ) ;
#7012 = ORIENTED_EDGE ( 'NONE', *, *, #11618, .T. ) ;
#7013 = EDGE_CURVE ( 'NONE', #3569, #10696, #5826, .T. ) ;
#7014 = DIRECTION ( 'NONE',  ( 0.000000000000000000, -1.000000000000000000, 0.000000000000000000 ) ) ;
#7015 = CARTESIAN_POINT ( 'NONE',  ( 42.95000000000000284, -13.35186151901900153, 6.232087024634219929 ) ) ;
#7016 = DIRECTION ( 'NONE',  ( 1.000000000000000000, 0.000000000000000000, 0.000000000000000000 ) ) ;
#7017 = CARTESIAN_POINT ( 'NONE',  ( -22.84999999999999787, -17.50534825036275066, 28.25000000000000000 ) ) ;
#7018 = ORIENTED_EDGE ( 'NONE', *, *, #4298, .T. ) ;
#7019 = CARTESIAN_POINT ( 'NONE',  ( 23.94999999999999929, -17.50534825036275066, 20.75000000000000000 ) ) ;
#7020 = EDGE_LOOP ( 'NONE', ( #11000, #3980, #2225, #10358, #1062 ) ) ;
#7021 = CARTESIAN_POINT ( 'NONE',  ( 9.867260101957652907, -19.73196299054394487, -41.70342744284645420 ) ) ;
#7022 = LINE ( 'NONE', #1523, #1139 ) ;
#7023 = EDGE_CURVE ( 'NONE', #5742, #938, #8703, .T. ) ;
#7024 = CARTESIAN_POINT ( 'NONE',  ( 39.95000000000000284, -17.04862882735370277, -28.02444271472184667 ) ) ;
#7025 = ADVANCED_FACE ( 'NONE', ( #4924 ), #1393, .T. ) ;
#7026 = AXIS2_PLACEMENT_3D ( 'NONE', #6312, #1788, #5421 ) ;
#7027 = CARTESIAN_POINT ( 'NONE',  ( -37.75000000000000000, -8.005348250362779083, 30.94999999999999929 ) ) ;
#7028 = CARTESIAN_POINT ( 'NONE',  ( 27.07146461801861648, -20.05704337520986513, -41.48000727061451443 ) ) ;
#7029 = FACE_OUTER_BOUND ( 'NONE', #11600, .T. ) ;
#7030 = ORIENTED_EDGE ( 'NONE', *, *, #3130, .T. ) ;
#7031 = CARTESIAN_POINT ( 'NONE',  ( 26.81700614734159771, -19.48665501371819886, -42.14245008753660215 ) ) ;
#7032 = DIRECTION ( 'NONE',  ( 1.000000000000000000, 0.000000000000000000, -1.674039542559039894E-16 ) ) ;
#7033 = ORIENTED_EDGE ( 'NONE', *, *, #10266, .T. ) ;
#7034 = CARTESIAN_POINT ( 'NONE',  ( 14.44999999999999929, -17.50534825036275066, 27.17781907207880110 ) ) ;
#7035 = DIRECTION ( 'NONE',  ( 0.000000000000000000, 1.000000000000000000, 0.000000000000000000 ) ) ;
#7036 = ADVANCED_FACE ( 'NONE', ( #410, #6735 ), #7867, .T. ) ;
#7037 = DIRECTION ( 'NONE',  ( 0.000000000000000000, -1.000000000000000000, 0.000000000000000000 ) ) ;
#7038 = AXIS2_PLACEMENT_3D ( 'NONE', #3073, #1340, #10357 ) ;
#7039 = CYLINDRICAL_SURFACE ( 'NONE', #4629, 1.000000000000000888 ) ;
#7040 = CARTESIAN_POINT ( 'NONE',  ( 41.45000000000000284, -3.705348250362780149, -41.95000000000000284 ) ) ;
#7041 = CARTESIAN_POINT ( 'NONE',  ( 25.98172158165595036, -19.50534825036275421, -41.91835852750396896 ) ) ;
#7042 = PLANE ( 'NONE',  #2697 ) ;
#7043 = CIRCLE ( 'NONE', #9133, 1.000000000000000888 ) ;
#7044 = EDGE_LOOP ( 'NONE', ( #11194, #4836, #4819, #1569 ) ) ;
#7045 = CARTESIAN_POINT ( 'NONE',  ( -22.84999999999999787, -19.50534825036275066, 29.25000000000000000 ) ) ;
#7047 = AXIS2_PLACEMENT_3D ( 'NONE', #6228, #4372, #6110 ) ;
#7046 = CARTESIAN_POINT ( 'NONE',  ( 26.61753126428029859, -19.89136210226890000, -41.01972066909880255 ) ) ;
#7048 = CARTESIAN_POINT ( 'NONE',  ( -39.60888837482374925, -7.174207604926500892, 33.38197340278644987 ) ) ;
#7049 = ORIENTED_EDGE ( 'NONE', *, *, #9976, .T. ) ;
#7050 = TOROIDAL_SURFACE ( 'NONE', #8573, 2.600000000000000089, 0.5000000000000000000 ) ;
#7051 = DIRECTION ( 'NONE',  ( 2.698774586721194836E-16, 0.000000000000000000, -1.000000000000000000 ) ) ;
#7052 = CARTESIAN_POINT ( 'NONE',  ( 39.51564569539500127, -7.420678533526070098, 28.14443739580609716 ) ) ;
#7053 = DIRECTION ( 'NONE',  ( 0.000000000000000000, 0.000000000000000000, -1.000000000000000000 ) ) ;
#7054 = DIRECTION ( 'NONE',  ( 1.492235248152091785E-16, 0.000000000000000000, -1.000000000000000000 ) ) ;
#7055 = DIRECTION ( 'NONE',  ( 0.000000000000000000, 0.000000000000000000, 1.000000000000000000 ) ) ;
#7056 = TOROIDAL_SURFACE ( 'NONE', #8008, 4.500000000000000000, 1.000000000000000000 ) ;
#7057 = CARTESIAN_POINT ( 'NONE',  ( 40.95000000000000284, -6.005348250362779972, 29.44533001181670073 ) ) ;
#7058 = FACE_OUTER_BOUND ( 'NONE', #1360, .T. ) ;
#7059 = AXIS2_PLACEMENT_3D ( 'NONE', #8201, #2535, #3552 ) ;
#7060 = ORIENTED_EDGE ( 'NONE', *, *, #3713, .T. ) ;
#7061 = ORIENTED_EDGE ( 'NONE', *, *, #5238, .T. ) ;
#7062 = CARTESIAN_POINT ( 'NONE',  ( 21.94999999999999929, -12.30534825036276025, 20.75000000000000000 ) ) ;
#7063 = ORIENTED_EDGE ( 'NONE', *, *, #4263, .T. ) ;
#7064 = CARTESIAN_POINT ( 'NONE',  ( 24.12963360958149650, -17.50534825036275066, -28.53619997939700070 ) ) ;
#7065 = ORIENTED_EDGE ( 'NONE', *, *, #2035, .T. ) ;
#7066 = ORIENTED_EDGE ( 'NONE', *, *, #2541, .T. ) ;
#7067 = AXIS2_PLACEMENT_3D ( 'NONE', #5044, #698, #7972 ) ;
#7068 = AXIS2_PLACEMENT_3D ( 'NONE', #2402, #448, #381 ) ;
#7069 = LINE ( 'NONE', #3422, #11092 ) ;
#7070 = CYLINDRICAL_SURFACE ( 'NONE', #6706, 2.399999999999999467 ) ;
#7071 = EDGE_CURVE ( 'NONE', #8121, #4073, #1778, .T. ) ;
#7072 = AXIS2_PLACEMENT_3D ( 'NONE', #3583, #7220, #1495 ) ;
#7073 = FACE_OUTER_BOUND ( 'NONE', #5379, .T. ) ;
#7074 = ORIENTED_EDGE ( 'NONE', *, *, #4726, .F. ) ;
#7075 = CARTESIAN_POINT ( 'NONE',  ( 40.95000000000000284, -13.35186151901900153, 20.23208702463425368 ) ) ;
#7076 = EDGE_LOOP ( 'NONE', ( #1214, #10723, #1296, #10423 ) ) ;
#7077 = EDGE_CURVE ( 'NONE', #3637, #4032, #587, .T. ) ;
#7078 = CARTESIAN_POINT ( 'NONE',  ( 42.95000000000000284, -6.661991010183810680, -17.84814112331865132 ) ) ;
#7079 = DIRECTION ( 'NONE',  ( 0.000000000000000000, 0.000000000000000000, -1.000000000000000000 ) ) ;
#7080 = CIRCLE ( 'NONE', #1914, 2.399999999999999467 ) ;
#7081 = CIRCLE ( 'NONE', #1353, 3.500000000000003109 ) ;
#7082 = DIRECTION ( 'NONE',  ( 0.000000000000000000, 0.000000000000000000, -1.000000000000000000 ) ) ;
#7083 = AXIS2_PLACEMENT_3D ( 'NONE', #9122, #8398, #931 ) ;
#7084 = DIRECTION ( 'NONE',  ( 0.000000000000000000, -1.000000000000000000, 0.000000000000000000 ) ) ;
#7085 = CARTESIAN_POINT ( 'NONE',  ( 42.95000000000000284, -13.35186151901900153, 20.23208702463425368 ) ) ;
#7086 = CIRCLE ( 'NONE', #3083, 3.499999999999999556 ) ;
#7087 = DIRECTION ( 'NONE',  ( -1.000000000000000000, 0.000000000000000000, 0.000000000000000000 ) ) ;
#7088 = ADVANCED_FACE ( 'NONE', ( #2483 ), #7315, .F. ) ;
#7089 = ORIENTED_EDGE ( 'NONE', *, *, #678, .F. ) ;
#7090 = DIRECTION ( 'NONE',  ( 0.000000000000000000, -1.000000000000000000, 0.000000000000000000 ) ) ;
#7091 = CARTESIAN_POINT ( 'NONE',  ( 12.12963360958148051, -14.50534825036275954, -40.53619997939700426 ) ) ;
#7092 = EDGE_LOOP ( 'NONE', ( #11063, #11429, #8481, #4441 ) ) ;
#7093 = ADVANCED_FACE ( 'NONE', ( #8264 ), #11378, .F. ) ;
#7094 = CARTESIAN_POINT ( 'NONE',  ( -40.95000000000000284, -6.273555727846390262, -28.21539079411689599 ) ) ;
#7095 = CARTESIAN_POINT ( 'NONE',  ( -40.95000000000000284, -6.835688363728089634, 27.45560466930499999 ) ) ;
#7096 = EDGE_CURVE ( 'NONE', #5507, #3934, #6815, .T. ) ;
#7097 = CYLINDRICAL_SURFACE ( 'NONE', #3078, 2.099999999999997868 ) ;
#7098 = DIRECTION ( 'NONE',  ( 0.000000000000000000, -1.000000000000000000, 0.000000000000000000 ) ) ;
#7099 = CARTESIAN_POINT ( 'NONE',  ( 42.95000000000000284, -6.812339080949070258, 16.82532166048805067 ) ) ;
#7100 = DIRECTION ( 'NONE',  ( -1.000000000000000000, 0.000000000000000000, 0.000000000000000000 ) ) ;
#7101 = CARTESIAN_POINT ( 'NONE',  ( -19.25000000000000000, -17.50534825036275066, 19.94999999999999929 ) ) ;
#7102 = VECTOR ( 'NONE', #5813, 1000.000000000000000 ) ;
#7103 = VERTEX_POINT ( 'NONE', #1143 ) ;
#7104 = CARTESIAN_POINT ( 'NONE',  ( 39.56588062948234352, -7.258965039731500646, -33.54808299339735100 ) ) ;
#7105 = CARTESIAN_POINT ( 'NONE',  ( 11.13099108712587260, -19.49850803901903618, -41.83323591704004940 ) ) ;
#7106 = EDGE_LOOP ( 'NONE', ( #5587, #8077, #5409, #8184 ) ) ;
#7107 = CIRCLE ( 'NONE', #63, 1.750000000000001554 ) ;
#7108 = CARTESIAN_POINT ( 'NONE',  ( -22.84999999999999787, -17.50534825036275066, 24.54999999999999716 ) ) ;
#7109 = ORIENTED_EDGE ( 'NONE', *, *, #4489, .F. ) ;
#7110 = CARTESIAN_POINT ( 'NONE',  ( -25.55000000000000071, -17.50534825036275066, 30.94999999999999929 ) ) ;
#7111 = CIRCLE ( 'NONE', #9969, 1.000000000000000888 ) ;
#7112 = CARTESIAN_POINT ( 'NONE',  ( -42.95000000000000284, -6.812339080949070258, -18.17467833951194933 ) ) ;
#7113 = VECTOR ( 'NONE', #4761, 1000.000000000000000 ) ;
#7114 = CARTESIAN_POINT ( 'NONE',  ( 40.95000000000000284, -6.963290903386480935, 27.35577229815670108 ) ) ;
#7115 = LINE ( 'NONE', #11649, #5569 ) ;
#7116 = DIRECTION ( 'NONE',  ( 0.000000000000000000, -1.000000000000000000, 0.000000000000000000 ) ) ;
#7117 = CARTESIAN_POINT ( 'NONE',  ( -37.75000000000000000, -7.005348250362779972, 30.05000000000000071 ) ) ;
#7118 = EDGE_CURVE ( 'NONE', #10499, #6008, #9792, .T. ) ;
#7119 = CARTESIAN_POINT ( 'NONE',  ( 40.95000000000000284, -6.661991010183810680, 3.151858876681335353 ) ) ;
#7120 = ORIENTED_EDGE ( 'NONE', *, *, #7529, .T. ) ;
#7121 = ORIENTED_EDGE ( 'NONE', *, *, #11503, .T. ) ;
#7122 = VECTOR ( 'NONE', #7753, 1000.000000000000000 ) ;
#7123 = DIRECTION ( 'NONE',  ( 0.000000000000000000, 0.000000000000000000, -1.000000000000000000 ) ) ;
#7124 = AXIS2_PLACEMENT_3D ( 'NONE', #4272, #3086, #2423 ) ;
#7125 = ORIENTED_EDGE ( 'NONE', *, *, #5014, .T. ) ;
#7126 = DIRECTION ( 'NONE',  ( 0.000000000000000000, 0.000000000000000000, 1.000000000000000000 ) ) ;
#7127 = VERTEX_POINT ( 'NONE', #3053 ) ;
#7128 = EDGE_LOOP ( 'NONE', ( #4161, #9479, #9432, #8938 ) ) ;
#7129 = ADVANCED_FACE ( 'NONE', ( #7537 ), #11167, .F. ) ;
#7130 = CARTESIAN_POINT ( 'NONE',  ( -40.95000000000000284, -7.074132914964794239, 32.42943966716237725 ) ) ;
#7131 = CIRCLE ( 'NONE', #6949, 0.5000000000000004441 ) ;
#7132 = CARTESIAN_POINT ( 'NONE',  ( 39.95000000000000284, -8.005348250362779083, 34.87555728527809151 ) ) ;
#7133 = DIRECTION ( 'NONE',  ( -1.000000000000000000, 0.000000000000000000, 0.000000000000000000 ) ) ;
#7134 = LINE ( 'NONE', #10641, #2536 ) ;
#7135 = ORIENTED_EDGE ( 'NONE', *, *, #6242, .T. ) ;
#7136 = DIRECTION ( 'NONE',  ( 0.000000000000000000, 0.000000000000000000, -1.000000000000000000 ) ) ;
#7137 = EDGE_CURVE ( 'NONE', #3312, #11536, #4844, .T. ) ;
#7138 = VERTEX_POINT ( 'NONE', #10336 ) ;
#7139 = FACE_OUTER_BOUND ( 'NONE', #3741, .T. ) ;
#7140 = DIRECTION ( 'NONE',  ( 0.000000000000000000, 0.000000000000000000, -1.000000000000000000 ) ) ;
#7141 = ORIENTED_EDGE ( 'NONE', *, *, #2106, .F. ) ;
#7142 = EDGE_LOOP ( 'NONE', ( #2105, #5378, #6035, #11531 ) ) ;
#7143 = EDGE_CURVE ( 'NONE', #2912, #6572, #11291, .T. ) ;
#7144 = CARTESIAN_POINT ( 'NONE',  ( 26.14406712216053563, -19.49898651841902009, -41.83736270716160988 ) ) ;
#7145 = EDGE_CURVE ( 'NONE', #1176, #3128, #4630, .T. ) ;
#7146 = DIRECTION ( 'NONE',  ( 1.000000000000000000, 0.000000000000000000, 0.000000000000000000 ) ) ;
#7147 = DIRECTION ( 'NONE',  ( 0.000000000000000000, 0.000000000000000000, -1.000000000000000000 ) ) ;
#7148 = LINE ( 'NONE', #10775, #1941 ) ;
#7149 = ORIENTED_EDGE ( 'NONE', *, *, #6778, .F. ) ;
#7150 = DIRECTION ( 'NONE',  ( 0.000000000000000000, -1.000000000000000000, 0.000000000000000000 ) ) ;
#7151 = ORIENTED_EDGE ( 'NONE', *, *, #8169, .T. ) ;
#7152 = CARTESIAN_POINT ( 'NONE',  ( -40.95000000000000284, -8.005348250362779083, -27.02444271472190351 ) ) ;
#7153 = DIRECTION ( 'NONE',  ( 0.000000000000000000, 0.000000000000000000, -1.000000000000000000 ) ) ;
#7154 = CARTESIAN_POINT ( 'NONE',  ( -37.75000000000000000, -19.50534825036275066, -28.35000000000000142 ) ) ;
#7155 = ADVANCED_FACE ( 'NONE', ( #10392 ), #9215, .F. ) ;
#7156 = DIRECTION ( 'NONE',  ( 0.000000000000000000, 0.000000000000000000, -1.000000000000000000 ) ) ;
#7157 = ORIENTED_EDGE ( 'NONE', *, *, #8908, .F. ) ;
#7158 = CARTESIAN_POINT ( 'NONE',  ( 40.95000000000001705, -7.998409371094218123, -33.17438844012296073 ) ) ;
#7159 = CARTESIAN_POINT ( 'NONE',  ( 10.86335454352927599, -19.50302407268123872, -42.01832110520636832 ) ) ;
#7160 = CARTESIAN_POINT ( 'NONE',  ( -25.55000000000000071, -17.50534825036275066, 25.55000000000000071 ) ) ;
#7161 = ORIENTED_EDGE ( 'NONE', *, *, #138, .T. ) ;
#7162 = CARTESIAN_POINT ( 'NONE',  ( -37.75000000000000000, -19.00534825036275421, 33.55000000000000426 ) ) ;
#7163 = ORIENTED_EDGE ( 'NONE', *, *, #2396, .F. ) ;
#7164 = EDGE_CURVE ( 'NONE', #10904, #10047, #1959, .T. ) ;
#7165 = DIRECTION ( 'NONE',  ( 0.000000000000000000, 1.000000000000000000, 0.000000000000000000 ) ) ;
#7166 = DIRECTION ( 'NONE',  ( -1.000000000000000000, 0.000000000000000000, 0.000000000000000000 ) ) ;
#7167 =( BOUNDED_SURFACE ( )  B_SPLINE_SURFACE ( 3, 2, ( 
 ( #3915, #9469, #2302 ),
 ( #5941, #3862, #3145 ),
 ( #1286, #341, #8648 ),
 ( #2128, #11189, #4920 ),
 ( #10298, #3014, #8466 ),
 ( #4091, #405, #227 ),
 ( #4033, #7506, #7685 ),
 ( #4988, #9530, #11135 ) ),
 .UNSPECIFIED., .F., .F., .F. ) 
 B_SPLINE_SURFACE_WITH_KNOTS ( ( 4, 2, 2, 4 ),
 ( 3, 3 ),
 ( 0.005718198247337549604, 0.006171466917872010620, 0.006624735588406469901, 0.007531272929475390197 ),
 ( 0.000000000000000000, 1.000000000000000000 ),
 .UNSPECIFIED. ) 
 GEOMETRIC_REPRESENTATION_ITEM ( )  RATIONAL_B_SPLINE_SURFACE ( (
 ( 1.000000000000000000, 0.7071067811865450192, 1.000000000000000000),
 ( 1.000000000000000000, 0.7069274535581180352, 1.000000000000000000),
 ( 1.000000000000000000, 0.7157829236707270448, 1.000000000000000000),
 ( 1.000000000000000000, 0.7434024615936909441, 1.000000000000000000),
 ( 1.000000000000000000, 0.7617863401982489790, 1.000000000000000000),
 ( 1.000000000000000000, 0.8167171927921010877, 1.000000000000000000),
 ( 1.000000000000000000, 0.8518901428679810373, 1.000000000000000000),
 ( 1.000000000000000000, 0.8712116545185970562, 1.000000000000000000) ) ) 
 REPRESENTATION_ITEM ( '' )  SURFACE ( )  );
#7168 = CARTESIAN_POINT ( 'NONE',  ( 26.48040522210077086, -19.59526346432195254, -41.73644747457787219 ) ) ;
#7169 = CARTESIAN_POINT ( 'NONE',  ( -39.95000000000000284, -7.005348250362779972, 33.87555728527809862 ) ) ;
#7170 = EDGE_CURVE ( 'NONE', #10047, #8537, #6997, .T. ) ;
#7171 = LINE ( 'NONE', #7291, #8992 ) ;
#7172 = CARTESIAN_POINT ( 'NONE',  ( 39.79746717673808831, -16.89841335365658281, -33.88706893420536659 ) ) ;
#7173 = DIRECTION ( 'NONE',  ( 1.000000000000000000, 0.000000000000000000, 0.000000000000000000 ) ) ;
#7174 = ORIENTED_EDGE ( 'NONE', *, *, #10470, .T. ) ;
#7175 = ORIENTED_EDGE ( 'NONE', *, *, #4375, .T. ) ;
#7176 = DIRECTION ( 'NONE',  ( -0.000000000000000000, 1.000000000000000000, 0.000000000000000000 ) ) ;
#7177 = ORIENTED_EDGE ( 'NONE', *, *, #9727, .F. ) ;
#7178 = CARTESIAN_POINT ( 'NONE',  ( -40.76262350019274550, -17.50534825036275066, -27.60723173909909889 ) ) ;
#7179 = EDGE_CURVE ( 'NONE', #3801, #1223, #3358, .T. ) ;
#7180 = DIRECTION ( 'NONE',  ( 0.000000000000000000, 0.000000000000000000, 1.000000000000000000 ) ) ;
#7181 = FACE_OUTER_BOUND ( 'NONE', #9967, .T. ) ;
#7182 = DIRECTION ( 'NONE',  ( 0.000000000000000000, 0.000000000000000000, -1.000000000000000000 ) ) ;
#7183 = FACE_BOUND ( 'NONE', #3001, .T. ) ;
#7184 = EDGE_LOOP ( 'NONE', ( #1518, #2433, #1839, #5171 ) ) ;
#7185 = DIRECTION ( 'NONE',  ( 0.000000000000000000, -1.000000000000000000, 0.000000000000000000 ) ) ;
#7186 = ORIENTED_EDGE ( 'NONE', *, *, #5450, .F. ) ;
#7187 = CARTESIAN_POINT ( 'NONE',  ( 9.916686946047883922, -19.71668706398712345, -41.74950555224921089 ) ) ;
#7188 = CARTESIAN_POINT ( 'NONE',  ( 4.150000000000000355, -9.005348250362779083, 40.95000000000000284 ) ) ;
#7189 = ORIENTED_EDGE ( 'NONE', *, *, #362, .F. ) ;
#7190 = ORIENTED_EDGE ( 'NONE', *, *, #7392, .F. ) ;
#7191 = CARTESIAN_POINT ( 'NONE',  ( 10.12963360954594094, -20.50534825036275066, -40.36019118167749298 ) ) ;
#7192 = CARTESIAN_POINT ( 'NONE',  ( 37.75000000000000000, -19.00534825036275421, -30.94999999999999929 ) ) ;
#7193 = CARTESIAN_POINT ( 'NONE',  ( -37.75000000000000000, -8.505348250362779083, -30.94999999999999929 ) ) ;
#7194 = VERTEX_POINT ( 'NONE', #1445 ) ;
#7195 = CARTESIAN_POINT ( 'NONE',  ( -40.95000000000000284, -6.342611832186969778, 28.07418392959359821 ) ) ;
#7196 = ORIENTED_EDGE ( 'NONE', *, *, #3675, .F. ) ;
#7197 = CARTESIAN_POINT ( 'NONE',  ( -40.95000000000000284, -7.383168832633359990, -27.13106162481869887 ) ) ;
#7198 = FACE_OUTER_BOUND ( 'NONE', #8586, .T. ) ;
#7199 = AXIS2_PLACEMENT_3D ( 'NONE', #7740, #10237, #1107 ) ;
#7200 = CIRCLE ( 'NONE', #2252, 2.099999999999997868 ) ;
#7201 = CARTESIAN_POINT ( 'NONE',  ( -42.95000000000000284, -6.812339080949070258, 9.825321660488040010 ) ) ;
#7202 = CARTESIAN_POINT ( 'NONE',  ( 42.95000000000000284, -6.812339080949070258, -18.17467833951194933 ) ) ;
#7203 = EDGE_CURVE ( 'NONE', #10868, #8318, #8728, .T. ) ;
#7204 = EDGE_LOOP ( 'NONE', ( #2372, #2665, #6604, #4105, #8078, #5016, #6537, #744, #8657, #8639 ) ) ;
#7205 = CARTESIAN_POINT ( 'NONE',  ( -42.95000000000000284, -6.511642939418550213, -17.52160390712534621 ) ) ;
#7206 = DIRECTION ( 'NONE',  ( -1.000000000000000000, 0.000000000000000000, 0.000000000000000000 ) ) ;
#7207 = VERTEX_POINT ( 'NONE', #679 ) ;
#7208 = DIRECTION ( 'NONE',  ( -1.492235248152091785E-16, 0.000000000000000000, 1.000000000000000000 ) ) ;
#7209 = CARTESIAN_POINT ( 'NONE',  ( 11.16960084502681205, -19.50079091762474803, -41.85453483955106435 ) ) ;
#7210 = EDGE_CURVE ( 'NONE', #9534, #9055, #646, .T. ) ;
#7211 = CYLINDRICAL_SURFACE ( 'NONE', #1596, 1.000000000000000888 ) ;
#7212 = EDGE_LOOP ( 'NONE', ( #2613, #5183, #8628, #384, #10278 ) ) ;
#7213 = EDGE_CURVE ( 'NONE', #3670, #1089, #4299, .T. ) ;
#7214 = DIRECTION ( 'NONE',  ( 1.000000000000000000, 0.000000000000000000, 0.000000000000000000 ) ) ;
#7215 = EDGE_LOOP ( 'NONE', ( #6787, #9131 ) ) ;
#7216 = DIRECTION ( 'NONE',  ( -1.000000000000000000, 0.000000000000000000, 0.000000000000000000 ) ) ;
#7217 = ORIENTED_EDGE ( 'NONE', *, *, #10220, .F. ) ;
#7218 = CARTESIAN_POINT ( 'NONE',  ( 26.68207674700829557, -19.64221659537689391, -41.81971944661006546 ) ) ;
#7219 = CIRCLE ( 'NONE', #743, 0.5000000000000004441 ) ;
#7220 = DIRECTION ( 'NONE',  ( -1.000000000000000000, 0.000000000000000000, 0.000000000000000000 ) ) ;
#7221 = VECTOR ( 'NONE', #10591, 1000.000000000000000 ) ;
#7222 = DIRECTION ( 'NONE',  ( 0.000000000000000000, 0.000000000000000000, 1.000000000000000000 ) ) ;
#7223 = DIRECTION ( 'NONE',  ( 0.000000000000000000, 0.000000000000000000, -1.000000000000000000 ) ) ;
#7224 = CARTESIAN_POINT ( 'NONE',  ( -39.86215533290550184, -16.96512328713259876, 28.02208214690950427 ) ) ;
#7225 = EDGE_CURVE ( 'NONE', #329, #10574, #6156, .T. ) ;
#7226 = CARTESIAN_POINT ( 'NONE',  ( -37.75000000000000000, -19.00534825036275421, 30.94999999999999929 ) ) ;
#7227 = ORIENTED_EDGE ( 'NONE', *, *, #670, .F. ) ;
#7228 = ORIENTED_EDGE ( 'NONE', *, *, #9629, .T. ) ;
#7229 = CARTESIAN_POINT ( 'NONE',  ( 39.95000000000000284, -7.005348250362779972, -29.76256579129610103 ) ) ;
#7230 = ORIENTED_EDGE ( 'NONE', *, *, #530, .T. ) ;
#7231 = EDGE_CURVE ( 'NONE', #5609, #4570, #8838, .T. ) ;
#7232 = DIRECTION ( 'NONE',  ( 0.000000000000000000, -1.000000000000000000, 0.000000000000000000 ) ) ;
#7233 = CIRCLE ( 'NONE', #5121, 2.599999999999998312 ) ;
#7234 = ADVANCED_FACE ( 'NONE', ( #7058 ), #9685, .F. ) ;
#7235 = VECTOR ( 'NONE', #10124, 1000.000000000000000 ) ;
#7236 = CARTESIAN_POINT ( 'NONE',  ( -40.95000000000005258, -7.908741767324781513, 33.22291094510547538 ) ) ;
#7237 = AXIS2_PLACEMENT_3D ( 'NONE', #3792, #7439, #1050 ) ;
#7238 = DIRECTION ( 'NONE',  ( 0.000000000000000000, 0.000000000000000000, -1.000000000000000000 ) ) ;
#7239 = AXIS2_PLACEMENT_3D ( 'NONE', #3739, #2661, #7383 ) ;
#7240 = LINE ( 'NONE', #4604, #3472 ) ;
#7241 = FACE_BOUND ( 'NONE', #2878, .T. ) ;
#7242 = ADVANCED_FACE ( 'NONE', ( #7406 ), #9087, .F. ) ;
#7243 = ORIENTED_EDGE ( 'NONE', *, *, #11405, .F. ) ;
#7244 = DIRECTION ( 'NONE',  ( 0.000000000000000000, -1.000000000000000000, 0.000000000000000000 ) ) ;
#7245 = AXIS2_PLACEMENT_3D ( 'NONE', #3533, #11591, #724 ) ;
#7246 = ORIENTED_EDGE ( 'NONE', *, *, #3370, .T. ) ;
#7247 = DIRECTION ( 'NONE',  ( -1.000000000000000000, 0.000000000000000000, 0.000000000000000000 ) ) ;
#7248 = CARTESIAN_POINT ( 'NONE',  ( 4.150000000000000355, -9.005348250362779083, 40.95000000000000284 ) ) ;
#7249 = ORIENTED_EDGE ( 'NONE', *, *, #1511, .F. ) ;
#7250 = ORIENTED_EDGE ( 'NONE', *, *, #5090, .F. ) ;
#7251 = AXIS2_PLACEMENT_3D ( 'NONE', #8319, #8269, #11227 ) ;
#7252 = TOROIDAL_SURFACE ( 'NONE', #8206, 9.500000000000000000, 0.5000000000000000000 ) ;
#7253 = CARTESIAN_POINT ( 'NONE',  ( 10.19114307776802164, -20.03700206938335171, -41.51154884692884650 ) ) ;
#7254 = DIRECTION ( 'NONE',  ( 0.000000000000000000, -0.9083415329249426851, 0.4182291950158013027 ) ) ;
#7255 = DIRECTION ( 'NONE',  ( 0.000000000000000000, 0.000000000000000000, 1.000000000000000000 ) ) ;
#7256 = EDGE_CURVE ( 'NONE', #272, #4133, #3536, .T. ) ;
#7257 = VECTOR ( 'NONE', #2087, 1000.000000000000227 ) ;
#7258 = ORIENTED_EDGE ( 'NONE', *, *, #7444, .T. ) ;
#7259 = FACE_OUTER_BOUND ( 'NONE', #9298, .T. ) ;
#7260 = VERTEX_POINT ( 'NONE', #895 ) ;
#7261 = DIRECTION ( 'NONE',  ( 0.000000000000000000, -1.000000000000000000, 0.000000000000000000 ) ) ;
#7262 = CARTESIAN_POINT ( 'NONE',  ( -39.56585625884549984, -7.259024777604239809, 28.35181987984559981 ) ) ;
#7263 = CIRCLE ( 'NONE', #11264, 1.999999999999998224 ) ;
#7264 = AXIS2_PLACEMENT_3D ( 'NONE', #8134, #6450, #1917 ) ;
#7265 = PLANE ( 'NONE',  #8277 ) ;
#7266 = EDGE_CURVE ( 'NONE', #5382, #7719, #7353, .T. ) ;
#7267 = CYLINDRICAL_SURFACE ( 'NONE', #572, 0.3594872681224057231 ) ;
#7268 = AXIS2_PLACEMENT_3D ( 'NONE', #1067, #5604, #4034 ) ;
#7269 = EDGE_LOOP ( 'NONE', ( #11753, #10959, #4368, #1269, #6198, #2694, #4120, #5447, #3270, #1534 ) ) ;
#7270 = DIRECTION ( 'NONE',  ( 0.000000000000000000, 0.000000000000000000, 1.000000000000000000 ) ) ;
#7271 = FACE_OUTER_BOUND ( 'NONE', #2730, .T. ) ;
#7272 = ORIENTED_EDGE ( 'NONE', *, *, #3773, .F. ) ;
#7273 = CARTESIAN_POINT ( 'NONE',  ( -37.75000000000000000, -7.005348250362779972, -30.94999999999999929 ) ) ;
#7274 = DIRECTION ( 'NONE',  ( 1.000000000000000000, 0.000000000000000000, 0.000000000000000000 ) ) ;
#7275 = DIRECTION ( 'NONE',  ( 0.000000000000000000, 0.000000000000000000, 1.000000000000000000 ) ) ;
#7276 = AXIS2_PLACEMENT_3D ( 'NONE', #6189, #10605, #9837 ) ;
#7277 = AXIS2_PLACEMENT_3D ( 'NONE', #319, #1140, #1985 ) ;
#7278 = VECTOR ( 'NONE', #3317, 1000.000000000000000 ) ;
#7279 = EDGE_CURVE ( 'NONE', #4310, #7985, #1801, .T. ) ;
#7280 = ORIENTED_EDGE ( 'NONE', *, *, #3449, .T. ) ;
#7281 = CARTESIAN_POINT ( 'NONE',  ( 40.02553000926558013, -17.11877934646753374, 33.87555728527808441 ) ) ;
#7282 = B_SPLINE_CURVE_WITH_KNOTS ( 'NONE', 3,
 ( #1423, #5053, #11385, #9781, #4151, #8707, #1598, #8760, #528, #4210 ),
 .UNSPECIFIED., .F., .F.,
 ( 4, 2, 2, 2, 4 ),
 ( 0.000000000000000000, 0.0004545466020177500038, 0.0009090932040355000077, 0.001363639806053250011, 0.001818186408071000015 ),
 .UNSPECIFIED. ) ;
#7283 = ORIENTED_EDGE ( 'NONE', *, *, #9278, .F. ) ;
#7284 = DIRECTION ( 'NONE',  ( 0.000000000000000000, 0.000000000000000000, -1.000000000000000000 ) ) ;
#7285 = EDGE_LOOP ( 'NONE', ( #10432, #7250, #6231, #6998, #2403 ) ) ;
#7286 = EDGE_CURVE ( 'NONE', #10776, #3012, #5009, .T. ) ;
#7287 = CYLINDRICAL_SURFACE ( 'NONE', #11522, 3.499999999999999556 ) ;
#7288 = CIRCLE ( 'NONE', #10521, 1.000000000000000888 ) ;
#7289 = CARTESIAN_POINT ( 'NONE',  ( 27.75000000000001066, -19.64111452161031934, -25.13850202008357115 ) ) ;
#7290 = CIRCLE ( 'NONE', #8430, 1.000000000000000888 ) ;
#7291 = CARTESIAN_POINT ( 'NONE',  ( 3.950745019243990352, -13.00534825036277908, 40.95000000000000284 ) ) ;
#7292 = EDGE_CURVE ( 'NONE', #8625, #9599, #8303, .T. ) ;
#7293 = CARTESIAN_POINT ( 'NONE',  ( 39.57914673889931834, -16.65877317654038592, -33.93706051708807792 ) ) ;
#7294 = DIRECTION ( 'NONE',  ( 0.000000000000000000, 0.000000000000000000, -1.000000000000000000 ) ) ;
#7295 = DIRECTION ( 'NONE',  ( -1.000000000000000000, 0.000000000000000000, 0.000000000000000000 ) ) ;
#7296 = VERTEX_POINT ( 'NONE', #10803 ) ;
#7297 = ORIENTED_EDGE ( 'NONE', *, *, #2614, .F. ) ;
#7298 = DIRECTION ( 'NONE',  ( 0.000000000000000000, 0.000000000000000000, -1.000000000000000000 ) ) ;
#7299 = ORIENTED_EDGE ( 'NONE', *, *, #7728, .T. ) ;
#7300 = FACE_OUTER_BOUND ( 'NONE', #2706, .T. ) ;
#7301 = AXIS2_PLACEMENT_3D ( 'NONE', #5630, #6295, #4079 ) ;
#7302 = TOROIDAL_SURFACE ( 'NONE', #4617, 4.500000000000000000, 1.000000000000000000 ) ;
#7303 = VECTOR ( 'NONE', #2407, 1000.000000000000000 ) ;
#7304 = AXIS2_PLACEMENT_3D ( 'NONE', #8300, #3987, #11029 ) ;
#7305 = CARTESIAN_POINT ( 'NONE',  ( 27.66002944655715012, -19.50534825036275066, -42.00523217531344500 ) ) ;
#7306 = VECTOR ( 'NONE', #492, 1000.000000000000000 ) ;
#7307 = CARTESIAN_POINT ( 'NONE',  ( -39.50243578279830103, -7.484319576945080321, 33.81340334905675604 ) ) ;
#7308 = EDGE_CURVE ( 'NONE', #1232, #9794, #3510, .T. ) ;
#7309 = AXIS2_PLACEMENT_3D ( 'NONE', #3466, #8902, #720 ) ;
#7310 = CARTESIAN_POINT ( 'NONE',  ( -37.75000000000000000, -8.505348250362779083, -30.05000000000000071 ) ) ;
#7311 = CARTESIAN_POINT ( 'NONE',  ( 40.95000000000000284, -13.20151344825372064, 20.55862424082754814 ) ) ;
#7312 = ADVANCED_FACE ( 'NONE', ( #1849 ), #9140, .F. ) ;
#7313 = AXIS2_PLACEMENT_3D ( 'NONE', #9745, #4178, #7007 ) ;
#7314 = FACE_BOUND ( 'NONE', #7269, .T. ) ;
#7315 = CYLINDRICAL_SURFACE ( 'NONE', #8263, 1.000000000000000888 ) ;
#7316 = ORIENTED_EDGE ( 'NONE', *, *, #4887, .F. ) ;
#7317 = DIRECTION ( 'NONE',  ( 0.000000000000000000, 0.000000000000000000, -1.000000000000000000 ) ) ;
#7318 = ORIENTED_EDGE ( 'NONE', *, *, #10924, .F. ) ;
#7319 = FACE_OUTER_BOUND ( 'NONE', #273, .T. ) ;
#7320 = EDGE_LOOP ( 'NONE', ( #10753, #5835, #5725, #955, #919 ) ) ;
#7321 = VERTEX_POINT ( 'NONE', #10085 ) ;
#7322 = CIRCLE ( 'NONE', #8272, 2.500000000000002220 ) ;
#7323 = CARTESIAN_POINT ( 'NONE',  ( 10.62963360958148051, -20.00534824630859987, -40.32463068421775176 ) ) ;
#7324 = CARTESIAN_POINT ( 'NONE',  ( 41.95000000000000284, -3.705348250362780149, -41.45000000000000284 ) ) ;
#7325 = EDGE_CURVE ( 'NONE', #5431, #240, #1020, .T. ) ;
#7326 = CARTESIAN_POINT ( 'NONE',  ( 42.95000000000000284, -6.511642939418550213, -3.521603907125360422 ) ) ;
#7327 = ORIENTED_EDGE ( 'NONE', *, *, #5603, .T. ) ;
#7328 = CARTESIAN_POINT ( 'NONE',  ( -40.95000000000000284, -6.005348250362779972, 29.76256579129620050 ) ) ;
#7329 = ORIENTED_EDGE ( 'NONE', *, *, #2106, .T. ) ;
#7330 = CARTESIAN_POINT ( 'NONE',  ( -40.95000000000000284, -6.836008817989470465, -27.45525966105025262 ) ) ;
#7331 = CARTESIAN_POINT ( 'NONE',  ( -40.94999999999997442, -7.074030120697760715, 29.47099672226021028 ) ) ;
#7332 = ADVANCED_FACE ( 'NONE', ( #4529 ), #6328, .T. ) ;
#7333 = DIRECTION ( 'NONE',  ( 0.000000000000000000, 0.000000000000000000, 1.000000000000000000 ) ) ;
#7334 = FACE_OUTER_BOUND ( 'NONE', #11584, .T. ) ;
#7335 = EDGE_LOOP ( 'NONE', ( #6268, #4097, #324, #3135 ) ) ;
#7336 = CYLINDRICAL_SURFACE ( 'NONE', #6290, 0.5000000000000004441 ) ;
#7337 = CARTESIAN_POINT ( 'NONE',  ( -40.95000000000000284, -13.20151344825372064, 20.55862424082754814 ) ) ;
#7338 = EDGE_LOOP ( 'NONE', ( #569, #9204, #9912, #1648 ) ) ;
#7339 = CARTESIAN_POINT ( 'NONE',  ( 40.95000000000000284, -6.611714630254080127, -34.22145340258874313 ) ) ;
#7340 = FACE_OUTER_BOUND ( 'NONE', #7482, .T. ) ;
#7341 = DIRECTION ( 'NONE',  ( 0.000000000000000000, 1.000000000000000000, 0.000000000000000000 ) ) ;
#7342 = EDGE_CURVE ( 'NONE', #4032, #10277, #5211, .T. ) ;
#7343 = ORIENTED_EDGE ( 'NONE', *, *, #3909, .T. ) ;
#7344 = DIRECTION ( 'NONE',  ( -1.000000000000000000, 0.000000000000000000, 1.674039542559039894E-16 ) ) ;
#7345 = CARTESIAN_POINT ( 'NONE',  ( 16.44999999999999929, -19.50534825036275066, 20.75000000000000000 ) ) ;
#7346 = ORIENTED_EDGE ( 'NONE', *, *, #10818, .F. ) ;
#7347 = CARTESIAN_POINT ( 'NONE',  ( -37.75000000000000000, -7.005348250362779972, 30.94999999999999929 ) ) ;
#7348 = CARTESIAN_POINT ( 'NONE',  ( 27.75000000000001066, -19.53206496871586850, -23.94899778230251997 ) ) ;
#7349 = ADVANCED_FACE ( 'NONE', ( #10977 ), #11711, .T. ) ;
#7350 = DIRECTION ( 'NONE',  ( 0.000000000000000000, -1.000000000000000000, 0.000000000000000000 ) ) ;
#7351 = DIRECTION ( 'NONE',  ( 0.000000000000000000, 0.000000000000000000, -1.000000000000000000 ) ) ;
#7352 = CARTESIAN_POINT ( 'NONE',  ( -39.73146401348694923, -16.82793330110920849, 28.00029005530197423 ) ) ;
#7353 = LINE ( 'NONE', #9034, #5584 ) ;
#7354 = EDGE_CURVE ( 'NONE', #5087, #2788, #3500, .T. ) ;
#7355 = ORIENTED_EDGE ( 'NONE', *, *, #10216, .F. ) ;
#7356 = DIRECTION ( 'NONE',  ( 0.000000000000000000, 0.000000000000000000, -1.000000000000000000 ) ) ;
#7357 = EDGE_CURVE ( 'NONE', #10399, #3393, #11114, .T. ) ;
#7358 = ORIENTED_EDGE ( 'NONE', *, *, #5505, .T. ) ;
#7359 = CARTESIAN_POINT ( 'NONE',  ( -40.95000000000000284, -7.688766927756630842, -27.04614539759160152 ) ) ;
#7360 = CARTESIAN_POINT ( 'NONE',  ( -39.51564569539460337, -7.420678533525999043, -28.14443739580594794 ) ) ;
#7361 = CARTESIAN_POINT ( 'NONE',  ( 40.95000000000000284, -7.848442915310590351, 34.87555728357039442 ) ) ;
#7362 = DIRECTION ( 'NONE',  ( 0.000000000000000000, 0.000000000000000000, 1.000000000000000000 ) ) ;
#7363 = CARTESIAN_POINT ( 'NONE',  ( 12.12963360958148051, -17.50534825036275066, -40.53619997939700426 ) ) ;
#7364 = LINE ( 'NONE', #2811, #10715 ) ;
#7365 = CARTESIAN_POINT ( 'NONE',  ( 26.15617046406920210, -19.49975380342469933, -41.84432485931260004 ) ) ;
#7366 = VERTEX_POINT ( 'NONE', #1675 ) ;
#7367 = LINE ( 'NONE', #4609, #8372 ) ;
#7368 = ORIENTED_EDGE ( 'NONE', *, *, #6791, .F. ) ;
#7369 = DIRECTION ( 'NONE',  ( 0.000000000000000000, -1.000000000000000000, 0.000000000000000000 ) ) ;
#7370 = EDGE_LOOP ( 'NONE', ( #1819, #9663, #4356, #4931 ) ) ;
#7371 = ORIENTED_EDGE ( 'NONE', *, *, #8267, .T. ) ;
#7372 = ADVANCED_FACE ( 'NONE', ( #2690 ), #8969, .F. ) ;
#7373 = CARTESIAN_POINT ( 'NONE',  ( -22.84999999999999787, -17.50534825036275066, 24.54999999999999716 ) ) ;
#7374 = DIRECTION ( 'NONE',  ( 0.000000000000000000, 0.000000000000000000, -1.000000000000000000 ) ) ;
#7375 = CARTESIAN_POINT ( 'NONE',  ( -20.15000000000000213, -19.50534825036275066, 22.84999999999999787 ) ) ;
#7376 = ORIENTED_EDGE ( 'NONE', *, *, #5678, .T. ) ;
#7377 = DIRECTION ( 'NONE',  ( 0.000000000000000000, -1.000000000000000000, 0.000000000000000000 ) ) ;
#7378 = ORIENTED_EDGE ( 'NONE', *, *, #6030, .F. ) ;
#7379 = EDGE_CURVE ( 'NONE', #2979, #5228, #6353, .T. ) ;
#7380 = CARTESIAN_POINT ( 'NONE',  ( -40.95000000000000284, -19.50534825036275066, 40.95000000000000284 ) ) ;
#7381 = DIRECTION ( 'NONE',  ( 0.000000000000000000, -1.000000000000000000, 0.000000000000000000 ) ) ;
#7382 = EDGE_CURVE ( 'NONE', #10196, #1794, #5793, .T. ) ;
#7383 = DIRECTION ( 'NONE',  ( 0.000000000000000000, 0.000000000000000000, -1.000000000000000000 ) ) ;
#7384 = CARTESIAN_POINT ( 'NONE',  ( 19.94999999999999929, -17.50534825036275066, 41.45000000000000284 ) ) ;
#7385 = ORIENTED_EDGE ( 'NONE', *, *, #4622, .T. ) ;
#7386 = CIRCLE ( 'NONE', #4703, 0.3594872681224082767 ) ;
#7387 = CARTESIAN_POINT ( 'NONE',  ( 18.62963360958150005, -19.50534825036275066, -29.88619997939699857 ) ) ;
#7388 = PLANE ( 'NONE',  #3090 ) ;
#7389 = EDGE_LOOP ( 'NONE', ( #7747, #5982, #3932, #5857 ) ) ;
#7390 = CARTESIAN_POINT ( 'NONE',  ( -13.25000000000000000, -17.50534825036275066, -26.55000000000000071 ) ) ;
#7391 = CARTESIAN_POINT ( 'NONE',  ( 39.46111111111110148, -7.005348250362779972, 34.00321122188300649 ) ) ;
#7392 = EDGE_CURVE ( 'NONE', #683, #3479, #186, .T. ) ;
#7393 = CARTESIAN_POINT ( 'NONE',  ( 37.75000000000000000, -8.505348250362779083, -30.94999999999999929 ) ) ;
#7394 = EDGE_LOOP ( 'NONE', ( #3476, #10135, #10188, #1150 ) ) ;
#7395 = DIRECTION ( 'NONE',  ( -1.000000000000000000, 0.000000000000000000, 1.674039542559039894E-16 ) ) ;
#7396 = AXIS2_PLACEMENT_3D ( 'NONE', #1516, #1018, #7294 ) ;
#7397 = ORIENTED_EDGE ( 'NONE', *, *, #11250, .T. ) ;
#7398 = ORIENTED_EDGE ( 'NONE', *, *, #11093, .F. ) ;
#7399 = CARTESIAN_POINT ( 'NONE',  ( -37.75000000000000000, -17.50534825036275066, 30.94999999999999929 ) ) ;
#7400 = EDGE_LOOP ( 'NONE', ( #4686, #425, #8621, #5168 ) ) ;
#7401 = DIRECTION ( 'NONE',  ( -1.050198315463631445E-16, 0.9083415329249426851, -0.4182291950158013027 ) ) ;
#7402 = CYLINDRICAL_SURFACE ( 'NONE', #3447, 3.499999999999999556 ) ;
#7403 = CARTESIAN_POINT ( 'NONE',  ( 27.12955901753531762, -20.49504536564499091, -40.43566906145710504 ) ) ;
#7404 = FACE_BOUND ( 'NONE', #7320, .T. ) ;
#7405 = FACE_OUTER_BOUND ( 'NONE', #7953, .T. ) ;
#7406 = FACE_OUTER_BOUND ( 'NONE', #8824, .T. ) ;
#7407 = VERTEX_POINT ( 'NONE', #6682 ) ;
#7408 = CARTESIAN_POINT ( 'NONE',  ( 39.60885351933604426, -7.174264602943259739, -28.51789496971764848 ) ) ;
#7409 = VERTEX_POINT ( 'NONE', #7525 ) ;
#7410 =( BOUNDED_SURFACE ( )  B_SPLINE_SURFACE ( 3, 2, ( 
 ( #9940, #10000, #8274 ),
 ( #7191, #100, #7323 ),
 ( #1768, #2823, #6233 ),
 ( #11781, #4673, #10948 ),
 ( #10110, #1931, #9883 ),
 ( #10826, #5575, #1701 ),
 ( #2649, #5403, #3611 ),
 ( #7253, #10890, #3002 ),
 ( #9514, #3904, #9333 ),
 ( #2946, #277, #1154 ),
 ( #1093, #5862, #3066 ),
 ( #7602, #7546, #6710 ),
 ( #5681, #4794, #8631 ),
 ( #1995, #7668, #10352 ),
 ( #10282, #8505, #8448 ),
 ( #4905, #1217, #11234 ),
 ( #330, #2178, #11176 ),
 ( #5810, #3131, #9453 ) ),
 .UNSPECIFIED., .F., .F., .T. ) 
 B_SPLINE_SURFACE_WITH_KNOTS ( ( 4, 2, 2, 2, 2, 2, 2, 2, 4 ),
 ( 3, 3 ),
 ( 0.005201480478613530398, 0.005517294607308449901, 0.005833108736003379813, 0.006148922864698300184, 0.006464736993393219687, 0.006780551122088140058, 0.007096365250783069969, 0.007412179379477989473, 0.007727993508172909844 ),
 ( 0.000000000000000000, 1.000000000000000000 ),
 .UNSPECIFIED. ) 
 GEOMETRIC_REPRESENTATION_ITEM ( )  RATIONAL_B_SPLINE_SURFACE ( (
 ( 1.000000000000000000, 0.7071067811865480168, 1.000000000000000000),
 ( 1.000000000000000000, 0.7070828139364739862, 1.000000000000000000),
 ( 1.000000000000000000, 0.7111967779704919668, 1.000000000000000000),
 ( 1.000000000000000000, 0.7258620763821479471, 1.000000000000000000),
 ( 1.000000000000000000, 0.7366005733037280789, 1.000000000000000000),
 ( 1.000000000000000000, 0.7603739791083550248, 1.000000000000000000),
 ( 1.000000000000000000, 0.7733525034496799844, 1.000000000000000000),
 ( 1.000000000000000000, 0.7974420065091710752, 1.000000000000000000),
 ( 1.000000000000000000, 0.8082685643509349704, 1.000000000000000000),
 ( 1.000000000000000000, 0.8234419548458969951, 1.000000000000000000),
 ( 1.000000000000000000, 0.8277212897165279193, 1.000000000000000000),
 ( 1.000000000000000000, 0.8299357576682809823, 1.000000000000000000),
 ( 1.000000000000000000, 0.8279872734548019420, 1.000000000000000000),
 ( 1.000000000000000000, 0.8226683107052729094, 1.000000000000000000),
 ( 1.000000000000000000, 0.8194495082129560348, 1.000000000000000000),
 ( 1.000000000000000000, 0.8161466697782550073, 1.000000000000000000),
 ( 1.000000000000000000, 0.8160349781385960455, 1.000000000000000000),
 ( 1.000000000000000000, 0.8177126250700109678, 1.000000000000000000) ) ) 
 REPRESENTATION_ITEM ( '' )  SURFACE ( )  );
#7411 = CARTESIAN_POINT ( 'NONE',  ( -40.95000000000000284, -6.273563507398590033, -28.21537380224794589 ) ) ;
#7412 = AXIS2_PLACEMENT_3D ( 'NONE', #7979, #11785, #11736 ) ;
#7413 = CARTESIAN_POINT ( 'NONE',  ( -39.56588062948240037, -7.258965039731509528, -28.35191700660270087 ) ) ;
#7414 = CIRCLE ( 'NONE', #8944, 1.750000000000001554 ) ;
#7415 = CARTESIAN_POINT ( 'NONE',  ( 40.95000000000000284, -7.380934490925500135, 34.76813189649599423 ) ) ;
#7416 = CARTESIAN_POINT ( 'NONE',  ( 26.13924111652853810, -19.49874465118013589, -41.83526605979431423 ) ) ;
#7417 = DIRECTION ( 'NONE',  ( 0.000000000000000000, -1.000000000000000000, 0.000000000000000000 ) ) ;
#7418 = FACE_OUTER_BOUND ( 'NONE', #6034, .T. ) ;
#7419 = CARTESIAN_POINT ( 'NONE',  ( 26.25296179349642145, -19.49288124470128380, -41.77544464210165387 ) ) ;
#7420 = AXIS2_PLACEMENT_3D ( 'NONE', #10219, #9324, #10042 ) ;
#7421 = ORIENTED_EDGE ( 'NONE', *, *, #993, .F. ) ;
#7422 = DIRECTION ( 'NONE',  ( 1.000000000000000000, 0.000000000000000000, 0.000000000000000000 ) ) ;
#7423 = AXIS2_PLACEMENT_3D ( 'NONE', #4830, #250, #11153 ) ;
#7424 = EDGE_LOOP ( 'NONE', ( #4442, #10258, #4289, #10829, #544, #3362, #3243, #6685, #9733, #2453, #6140, #11717, #11081, #1422, #6792, #694 ) ) ;
#7425 = CARTESIAN_POINT ( 'NONE',  ( 41.45000000000000284, -18.50534825036275421, -41.95000000000000284 ) ) ;
#7426 = ORIENTED_EDGE ( 'NONE', *, *, #869, .F. ) ;
#7428 = ORIENTED_EDGE ( 'NONE', *, *, #5627, .F. ) ;
#7427 = EDGE_CURVE ( 'NONE', #5807, #444, #363, .T. ) ;
#7429 = VECTOR ( 'NONE', #4803, 1000.000000000000000 ) ;
#7430 = EDGE_CURVE ( 'NONE', #2828, #3479, #4704, .T. ) ;
#7431 = CARTESIAN_POINT ( 'NONE',  ( -40.95000000000000284, -13.35186151901900153, -7.767912975365759642 ) ) ;
#7432 = VECTOR ( 'NONE', #3686, 1000.000000000000000 ) ;
#7433 = FACE_OUTER_BOUND ( 'NONE', #8161, .T. ) ;
#7434 = EDGE_CURVE ( 'NONE', #6024, #5149, #5784, .T. ) ;
#7435 = ORIENTED_EDGE ( 'NONE', *, *, #3337, .T. ) ;
#7436 = DIRECTION ( 'NONE',  ( 0.000000000000000000, -1.000000000000000000, 0.000000000000000000 ) ) ;
#7437 = ORIENTED_EDGE ( 'NONE', *, *, #5003, .F. ) ;
#7438 = CARTESIAN_POINT ( 'NONE',  ( 42.95000000000000284, -13.35186151901900153, 6.232087024634219929 ) ) ;
#7439 = DIRECTION ( 'NONE',  ( 1.000000000000000000, 0.000000000000000000, 0.000000000000000000 ) ) ;
#7440 = CIRCLE ( 'NONE', #8392, 0.5000000000000004441 ) ;
#7441 = FACE_OUTER_BOUND ( 'NONE', #9823, .T. ) ;
#7442 = CARTESIAN_POINT ( 'NONE',  ( -39.46368585746515123, -7.846266129617210261, -33.99080110616625205 ) ) ;
#7443 = EDGE_LOOP ( 'NONE', ( #9888, #9876, #877, #2903 ) ) ;
#7444 = EDGE_CURVE ( 'NONE', #11121, #7968, #10106, .T. ) ;
#7445 = TOROIDAL_SURFACE ( 'NONE', #1344, 4.116680757979504612, 1.000000000000000000 ) ;
#7446 = DIRECTION ( 'NONE',  ( 0.000000000000000000, 0.000000000000000000, -1.000000000000000000 ) ) ;
#7447 = DIRECTION ( 'NONE',  ( 0.000000000000000000, 0.000000000000000000, -1.000000000000000000 ) ) ;
#7448 = ADVANCED_FACE ( 'NONE', ( #1972 ), #24, .F. ) ;
#7449 = ORIENTED_EDGE ( 'NONE', *, *, #9407, .F. ) ;
#7450 = DIRECTION ( 'NONE',  ( -1.000000000000000000, 0.000000000000000000, 0.000000000000000000 ) ) ;
#7451 = CARTESIAN_POINT ( 'NONE',  ( 19.94999999999999929, -16.51385150205409857, 27.17781907207880110 ) ) ;
#7452 = EDGE_CURVE ( 'NONE', #4502, #5431, #829, .T. ) ;
#7453 = DIRECTION ( 'NONE',  ( 0.000000000000000000, -1.000000000000000000, 0.000000000000000000 ) ) ;
#7454 = VERTEX_POINT ( 'NONE', #3038 ) ;
#7455 = CARTESIAN_POINT ( 'NONE',  ( -25.55000000000000071, -17.50534825036275066, 31.94999999999999929 ) ) ;
#7456 = VECTOR ( 'NONE', #3226, 1000.000000000000114 ) ;
#7457 = AXIS2_PLACEMENT_3D ( 'NONE', #11377, #7462, #1016 ) ;
#7458 = ORIENTED_EDGE ( 'NONE', *, *, #4086, .F. ) ;
#7459 = ORIENTED_EDGE ( 'NONE', *, *, #9373, .T. ) ;
#7460 = DIRECTION ( 'NONE',  ( -1.000000000000000000, 0.000000000000000000, 0.000000000000000000 ) ) ;
#7461 = CARTESIAN_POINT ( 'NONE',  ( 27.75000000000001066, -19.60718689037558704, -24.76752188064712712 ) ) ;
#7462 = DIRECTION ( 'NONE',  ( 0.000000000000000000, 1.000000000000000000, 0.000000000000000000 ) ) ;
#7463 = CIRCLE ( 'NONE', #2314, 0.3594872681224065558 ) ;
#7464 = CARTESIAN_POINT ( 'NONE',  ( 40.95000000000000284, -13.50220958978423980, 12.90554980844092015 ) ) ;
#7465 = CARTESIAN_POINT ( 'NONE',  ( 27.12963360958150005, -20.50534825036275066, -40.21794919243114919 ) ) ;
#7466 = ORIENTED_EDGE ( 'NONE', *, *, #9654, .F. ) ;
#7467 = AXIS2_PLACEMENT_3D ( 'NONE', #11363, #331, #2179 ) ;
#7468 = CARTESIAN_POINT ( 'NONE',  ( 39.46111111413579664, -7.925270358654119995, 27.89678877981215166 ) ) ;
#7469 = VERTEX_POINT ( 'NONE', #7576 ) ;
#7470 = CARTESIAN_POINT ( 'NONE',  ( 40.94999999999992468, -7.961971048009063523, -28.69569002466515428 ) ) ;
#7471 = ORIENTED_EDGE ( 'NONE', *, *, #2836, .T. ) ;
#7472 = CARTESIAN_POINT ( 'NONE',  ( -42.95000000000000284, -6.511642939418550213, 17.47839609287465024 ) ) ;
#7473 = DIRECTION ( 'NONE',  ( 0.000000000000000000, 0.000000000000000000, -1.000000000000000000 ) ) ;
#7474 = CIRCLE ( 'NONE', #11669, 1.000000000000000888 ) ;
#7475 = EDGE_CURVE ( 'NONE', #2309, #11281, #11210, .T. ) ;
#7476 = CARTESIAN_POINT ( 'NONE',  ( -40.46315700578662700, -17.41976083717793600, 34.01699394952839128 ) ) ;
#7477 = CARTESIAN_POINT ( 'NONE',  ( 26.11326865680818088, -19.49906008394290780, -41.83802297086293009 ) ) ;
#7478 = CARTESIAN_POINT ( 'NONE',  ( -37.75000000000000000, -8.505348250362779083, 30.94999999999999929 ) ) ;
#7479 = CARTESIAN_POINT ( 'NONE',  ( 42.95000000000000284, -6.511642939418550213, -3.521603907125360422 ) ) ;
#7480 = CARTESIAN_POINT ( 'NONE',  ( 26.10799149309224987, -19.49938509101125206, -41.84092304152230213 ) ) ;
#7481 = AXIS2_PLACEMENT_3D ( 'NONE', #1934, #3678, #6408 ) ;
#7482 = EDGE_LOOP ( 'NONE', ( #9237, #5207, #3415, #3967 ) ) ;
#7483 = LINE ( 'NONE', #9391, #9898 ) ;
#7484 = AXIS2_PLACEMENT_3D ( 'NONE', #4129, #10520, #5082 ) ;
#7485 = AXIS2_PLACEMENT_3D ( 'NONE', #8290, #10301, #10240 ) ;
#7486 = ORIENTED_EDGE ( 'NONE', *, *, #2779, .F. ) ;
#7487 = DIRECTION ( 'NONE',  ( 0.000000000000000000, 0.000000000000000000, 1.000000000000000000 ) ) ;
#7488 = ADVANCED_FACE ( 'NONE', ( #1072 ), #4885, .F. ) ;
#7489 = ORIENTED_EDGE ( 'NONE', *, *, #11161, .F. ) ;
#7490 = ORIENTED_EDGE ( 'NONE', *, *, #5972, .T. ) ;
#7491 = CIRCLE ( 'NONE', #5962, 0.3594872681224065558 ) ;
#7492 = CARTESIAN_POINT ( 'NONE',  ( 26.60790826976776913, -19.85954956835122687, -41.10665787380082037 ) ) ;
#7493 = DIRECTION ( 'NONE',  ( 0.000000000000000000, 0.000000000000000000, -1.000000000000000000 ) ) ;
#7494 = EDGE_CURVE ( 'NONE', #8089, #2841, #1714, .T. ) ;
#7495 = DIRECTION ( 'NONE',  ( 0.000000000000000000, -1.000000000000000000, 0.000000000000000000 ) ) ;
#7496 = ORIENTED_EDGE ( 'NONE', *, *, #8517, .T. ) ;
#7497 = CARTESIAN_POINT ( 'NONE',  ( 10.48684790562818669, -19.65634337563632528, -41.83798324185251261 ) ) ;
#7498 = ORIENTED_EDGE ( 'NONE', *, *, #1036, .T. ) ;
#7499 = DIRECTION ( 'NONE',  ( 0.000000000000000000, 0.000000000000000000, 1.000000000000000000 ) ) ;
#7500 = CARTESIAN_POINT ( 'NONE',  ( 40.95000000000000284, -6.117302516606730300, -33.23385714982330086 ) ) ;
#7501 = AXIS2_PLACEMENT_3D ( 'NONE', #3760, #4416, #5548 ) ;
#7502 = EDGE_CURVE ( 'NONE', #11596, #2173, #5015, .T. ) ;
#7503 = CARTESIAN_POINT ( 'NONE',  ( 10.17999807469070994, -20.08875066831878797, -41.44287658092081017 ) ) ;
#7504 = CARTESIAN_POINT ( 'NONE',  ( -40.95000000000005969, -7.726441658010335445, -33.21054575905226613 ) ) ;
#7505 = ORIENTED_EDGE ( 'NONE', *, *, #6401, .T. ) ;
#7506 = CARTESIAN_POINT ( 'NONE',  ( 27.67850050546011431, -19.50534825036275777, -41.57068496073580377 ) ) ;
#7507 = AXIS2_PLACEMENT_3D ( 'NONE', #8825, #3335, #10603 ) ;
#7508 = DIRECTION ( 'NONE',  ( 1.000000000000000000, -3.635804631495415109E-16, 0.000000000000000000 ) ) ;
#7509 = ORIENTED_EDGE ( 'NONE', *, *, #3366, .T. ) ;
#7510 = FACE_OUTER_BOUND ( 'NONE', #395, .T. ) ;
#7511 = DIRECTION ( 'NONE',  ( 0.000000000000000000, -1.000000000000000000, 0.000000000000000000 ) ) ;
#7512 = VERTEX_POINT ( 'NONE', #4109 ) ;
#7513 = CARTESIAN_POINT ( 'NONE',  ( 11.12296922043416103, -19.49860294551219653, -41.83404272570989946 ) ) ;
#7514 = ORIENTED_EDGE ( 'NONE', *, *, #7909, .T. ) ;
#7515 = FACE_OUTER_BOUND ( 'NONE', #11168, .T. ) ;
#7516 = VERTEX_POINT ( 'NONE', #7762 ) ;
#7517 = ADVANCED_FACE ( 'NONE', ( #11583 ), #11462, .F. ) ;
#7518 = DIRECTION ( 'NONE',  ( 0.000000000000000000, 0.000000000000000000, -1.000000000000000000 ) ) ;
#7519 = ORIENTED_EDGE ( 'NONE', *, *, #10428, .T. ) ;
#7520 = DIRECTION ( 'NONE',  ( 0.000000000000000000, 1.000000000000000000, 0.000000000000000000 ) ) ;
#7521 = CARTESIAN_POINT ( 'NONE',  ( -25.55000000000000071, -19.50534825036275066, 24.54999999999999716 ) ) ;
#7522 = CIRCLE ( 'NONE', #11142, 1.000000000000000888 ) ;
#7523 = DIRECTION ( 'NONE',  ( 0.000000000000000000, 0.000000000000000000, -1.000000000000000000 ) ) ;
#7524 = CARTESIAN_POINT ( 'NONE',  ( 14.05000000000000071, -19.50534825036275066, 27.17781907207880110 ) ) ;
#7525 = CARTESIAN_POINT ( 'NONE',  ( -22.84999999999999787, -19.50534825036275066, 23.85000000000000142 ) ) ;
#7526 = EDGE_LOOP ( 'NONE', ( #11209, #9899 ) ) ;
#7527 = DIRECTION ( 'NONE',  ( 0.000000000000000000, -1.000000000000000000, 0.000000000000000000 ) ) ;
#7528 = VERTEX_POINT ( 'NONE', #3346 ) ;
#7529 = EDGE_CURVE ( 'NONE', #9091, #5916, #10496, .T. ) ;
#7530 = DIRECTION ( 'NONE',  ( 0.000000000000000000, 1.000000000000000000, 0.000000000000000000 ) ) ;
#7531 = CARTESIAN_POINT ( 'NONE',  ( 27.18791955021165307, -19.68291636395805000, -41.83452994755710108 ) ) ;
#7532 = EDGE_CURVE ( 'NONE', #10043, #501, #10546, .T. ) ;
#7533 = CARTESIAN_POINT ( 'NONE',  ( -40.37799481904744425, -17.37406964003499965, 33.97176024646172010 ) ) ;
#7534 = CARTESIAN_POINT ( 'NONE',  ( 26.60431249090786920, -19.49368710816335337, -42.10260015590399263 ) ) ;
#7535 = DIRECTION ( 'NONE',  ( 0.000000000000000000, -1.000000000000000000, 0.000000000000000000 ) ) ;
#7536 = CARTESIAN_POINT ( 'NONE',  ( 27.61034653154161944, -19.88850898222579744, -41.09599969933724850 ) ) ;
#7537 = FACE_OUTER_BOUND ( 'NONE', #7692, .T. ) ;
#7538 = VERTEX_POINT ( 'NONE', #6806 ) ;
#7539 = CARTESIAN_POINT ( 'NONE',  ( -30.94999999999999929, -17.50534825036275066, 22.84999999999999787 ) ) ;
#7540 = ORIENTED_EDGE ( 'NONE', *, *, #2458, .T. ) ;
#7541 = EDGE_CURVE ( 'NONE', #10461, #6096, #6745, .T. ) ;
#7542 = CARTESIAN_POINT ( 'NONE',  ( -37.75000000000000000, -19.00534825036275421, 28.85000000000000142 ) ) ;
#7543 = EDGE_LOOP ( 'NONE', ( #4090, #10894 ) ) ;
#7544 = ORIENTED_EDGE ( 'NONE', *, *, #1271, .F. ) ;
#7545 = VERTEX_POINT ( 'NONE', #1435 ) ;
#7546 = CARTESIAN_POINT ( 'NONE',  ( 10.72441561608178340, -19.68468397487933785, -41.85377260105853026 ) ) ;
#7547 = DIRECTION ( 'NONE',  ( 0.000000000000000000, 0.000000000000000000, -1.000000000000000000 ) ) ;
#7548 = CARTESIAN_POINT ( 'NONE',  ( 18.45000000000000284, -17.50534825036275066, 27.17781907207880110 ) ) ;
#7549 = ORIENTED_EDGE ( 'NONE', *, *, #10616, .F. ) ;
#7550 = CARTESIAN_POINT ( 'NONE',  ( -40.95000000000000284, -13.35186151901900153, -7.408425707243361025 ) ) ;
#7551 = VERTEX_POINT ( 'NONE', #8719 ) ;
#7552 = DIRECTION ( 'NONE',  ( 0.000000000000000000, 1.000000000000000000, 0.000000000000000000 ) ) ;
#7553 = DIRECTION ( 'NONE',  ( 0.000000000000000000, -1.000000000000000000, 0.000000000000000000 ) ) ;
#7554 = DIRECTION ( 'NONE',  ( 1.000000000000000000, 0.000000000000000000, 0.000000000000000000 ) ) ;
#7555 = CARTESIAN_POINT ( 'NONE',  ( -40.95000000000000284, -7.848442915310428702, -34.87555728357204998 ) ) ;
#7556 = VERTEX_POINT ( 'NONE', #6939 ) ;
#7557 = FACE_OUTER_BOUND ( 'NONE', #9351, .T. ) ;
#7558 = LINE ( 'NONE', #10299, #628 ) ;
#7559 = ORIENTED_EDGE ( 'NONE', *, *, #17, .F. ) ;
#7560 = CARTESIAN_POINT ( 'NONE',  ( -22.84999999999999787, -17.50534825036275066, 31.94999999999999929 ) ) ;
#7561 = DIRECTION ( 'NONE',  ( 0.000000000000000000, 0.000000000000000000, -1.000000000000000000 ) ) ;
#7562 = ORIENTED_EDGE ( 'NONE', *, *, #8475, .T. ) ;
#7563 = CARTESIAN_POINT ( 'NONE',  ( 11.14393855426715874, -19.49894101195775065, -41.83697265832839918 ) ) ;
#7564 = EDGE_LOOP ( 'NONE', ( #1237, #11333 ) ) ;
#7565 = CARTESIAN_POINT ( 'NONE',  ( 39.60888837482374925, -7.174207604926549742, -33.38197340278654934 ) ) ;
#7566 = LINE ( 'NONE', #11389, #11294 ) ;
#7567 = FACE_OUTER_BOUND ( 'NONE', #7937, .T. ) ;
#7568 = CARTESIAN_POINT ( 'NONE',  ( 40.95000000000000284, -6.273199265817630099, -28.21619155099014975 ) ) ;
#7569 = DIRECTION ( 'NONE',  ( 0.000000000000000000, -1.000000000000000000, 0.000000000000000000 ) ) ;
#7570 = ADVANCED_FACE ( 'NONE', ( #1487, #3396 ), #5065, .T. ) ;
#7571 = ORIENTED_EDGE ( 'NONE', *, *, #5599, .T. ) ;
#7572 = DIRECTION ( 'NONE',  ( 0.000000000000000000, -1.000000000000000000, 0.000000000000000000 ) ) ;
#7573 = CARTESIAN_POINT ( 'NONE',  ( -40.42686057420586110, -17.40116783818561785, 27.90346912186704387 ) ) ;
#7574 = VERTEX_POINT ( 'NONE', #4166 ) ;
#7575 = EDGE_CURVE ( 'NONE', #6767, #3477, #8458, .T. ) ;
#7576 = CARTESIAN_POINT ( 'NONE',  ( -37.75000000000000000, -16.50534825036275066, 27.44999999999999929 ) ) ;
#7577 = ORIENTED_EDGE ( 'NONE', *, *, #3113, .T. ) ;
#7578 = CARTESIAN_POINT ( 'NONE',  ( -11.84999999999999964, -9.005348250362779083, 40.95000000000000284 ) ) ;
#7579 = B_SPLINE_CURVE_WITH_KNOTS ( 'NONE', 3,
 ( #10160, #194, #137, #7534, #2592, #88, #11675, #1029, #10984, #1915, #8995, #5615, #9212, #752, #3770, #5338, #8432, #10268, #9264, #3503, #4775, #8256, #11164, #7144, #7416, #2988, #4661, #1081, #3832, #11042, #7477, #263, #2871, #1984, #4714, #8367, #11110, #5732 ),
 .UNSPECIFIED., .F., .F.,
 ( 4, 2, 2, 1, 2, 2, 2, 2, 1, 1, 2, 2, 2, 1, 2, 2, 2, 2, 2, 2, 4 ),
 ( 0.000000000000000000, 0.2500000000000371925, 0.3750000000000556222, 0.4375000000000635603, 0.4687500000000714429, 0.5000000000000793809, 0.6250000000001230127, 0.6875000000001389999, 0.7187500000001489919, 0.7343750000001507683, 0.7421875000001486589, 0.7500000000001464384, 0.7812500000001356693, 0.7968750000001343370, 0.8046875000001274536, 0.8125000000001206812, 0.8281250000000931477, 0.8359375000000793809, 0.8437500000000657252, 0.8750000000000516254, 1.000000000000000000 ),
 .UNSPECIFIED. ) ;
#7580 = ORIENTED_EDGE ( 'NONE', *, *, #7444, .F. ) ;
#7581 = FACE_OUTER_BOUND ( 'NONE', #1192, .T. ) ;
#7582 = DIRECTION ( 'NONE',  ( 0.000000000000000000, -1.000000000000000000, 0.000000000000000000 ) ) ;
#7583 = CARTESIAN_POINT ( 'NONE',  ( 39.68683847464114933, -7.082904451479589802, 33.09826810189225199 ) ) ;
#7584 = AXIS2_PLACEMENT_3D ( 'NONE', #10420, #10659, #2424 ) ;
#7585 = DIRECTION ( 'NONE',  ( 0.000000000000000000, 0.000000000000000000, 1.000000000000000000 ) ) ;
#7586 = EDGE_CURVE ( 'NONE', #7574, #6171, #4824, .T. ) ;
#7587 = FACE_OUTER_BOUND ( 'NONE', #7128, .T. ) ;
#7588 = CARTESIAN_POINT ( 'NONE',  ( 9.629633609581468079, -20.00534825036275066, -25.94999999999999929 ) ) ;
#7589 = EDGE_CURVE ( 'NONE', #10452, #4766, #11517, .T. ) ;
#7590 = CARTESIAN_POINT ( 'NONE',  ( 26.11532866489465121, -19.49894101195779683, -41.83697265832895340 ) ) ;
#7591 = ORIENTED_EDGE ( 'NONE', *, *, #8968, .F. ) ;
#7592 = DIRECTION ( 'NONE',  ( 0.000000000000000000, 0.000000000000000000, -1.000000000000000000 ) ) ;
#7593 = ADVANCED_FACE ( 'NONE', ( #4288 ), #7893, .F. ) ;
#7594 = ORIENTED_EDGE ( 'NONE', *, *, #5567, .T. ) ;
#7595 = CARTESIAN_POINT ( 'NONE',  ( -40.95000000000000284, -6.005348250362779972, 29.76256579129620050 ) ) ;
#7596 = EDGE_LOOP ( 'NONE', ( #1831, #11715, #10900, #796 ) ) ;
#7597 = AXIS2_PLACEMENT_3D ( 'NONE', #4556, #8044, #10952 ) ;
#7598 = ORIENTED_EDGE ( 'NONE', *, *, #9183, .F. ) ;
#7599 = VERTEX_POINT ( 'NONE', #2500 ) ;
#7600 = EDGE_CURVE ( 'NONE', #8101, #11158, #2732, .T. ) ;
#7601 = VECTOR ( 'NONE', #7185, 1000.000000000000000 ) ;
#7602 = CARTESIAN_POINT ( 'NONE',  ( 10.49374183061219945, -19.46825003273199783, -41.97415687857470346 ) ) ;
#7603 = TOROIDAL_SURFACE ( 'NONE', #172, 7.500000000000000000, 0.5000000000000000000 ) ;
#7604 = DIRECTION ( 'NONE',  ( 0.000000000000000000, 0.000000000000000000, -1.000000000000000000 ) ) ;
#7605 = CARTESIAN_POINT ( 'NONE',  ( -40.95000000000000284, -13.35186151901900153, -14.40842570724336014 ) ) ;
#7606 = DIRECTION ( 'NONE',  ( 1.000000000000000000, 0.000000000000000000, 0.000000000000000000 ) ) ;
#7607 = EDGE_LOOP ( 'NONE', ( #6781, #4994, #6386, #786 ) ) ;
#7608 = CARTESIAN_POINT ( 'NONE',  ( 11.01549166150639003, -19.51181510280375164, -41.70223341000081518 ) ) ;
#7609 = EDGE_LOOP ( 'NONE', ( #5641, #67, #8331, #9548 ) ) ;
#7610 = DIRECTION ( 'NONE',  ( -1.000000000000000000, 0.000000000000000000, 0.000000000000000000 ) ) ;
#7611 = LINE ( 'NONE', #3737, #8771 ) ;
#7612 = AXIS2_PLACEMENT_3D ( 'NONE', #9376, #2311, #6065 ) ;
#7613 = CARTESIAN_POINT ( 'NONE',  ( 10.13901678497906289, -20.31930375728059701, -41.06413121536122901 ) ) ;
#7614 = CARTESIAN_POINT ( 'NONE',  ( -39.88358918499814365, -7.005348250362779972, -32.41936206027969547 ) ) ;
#7615 = CIRCLE ( 'NONE', #8577, 0.3594872681224057231 ) ;
#7616 = ADVANCED_FACE ( 'NONE', ( #4515 ), #7211, .F. ) ;
#7617 = CARTESIAN_POINT ( 'NONE',  ( 23.94999999999999929, -19.50534825036275066, 20.75000000000000000 ) ) ;
#7618 = LINE ( 'NONE', #4810, #5749 ) ;
#7619 = AXIS2_PLACEMENT_3D ( 'NONE', #9719, #6919, #6127 ) ;
#7620 = VERTEX_POINT ( 'NONE', #8955 ) ;
#7621 = DIRECTION ( 'NONE',  ( 0.000000000000000000, 0.000000000000000000, -1.000000000000000000 ) ) ;
#7622 = DIRECTION ( 'NONE',  ( 0.000000000000000000, 0.000000000000000000, 1.000000000000000000 ) ) ;
#7623 = ADVANCED_FACE ( 'NONE', ( #8230 ), #1723, .F. ) ;
#7624 = ORIENTED_EDGE ( 'NONE', *, *, #1496, .F. ) ;
#7625 = CARTESIAN_POINT ( 'NONE',  ( 11.09877627749189877, -19.50038817647535083, -41.70353983995234870 ) ) ;
#7626 = ORIENTED_EDGE ( 'NONE', *, *, #10009, .T. ) ;
#7627 = CARTESIAN_POINT ( 'NONE',  ( 9.518189791693229651, -19.50534825036275066, -41.95000000000000284 ) ) ;
#7628 = EDGE_LOOP ( 'NONE', ( #6940, #11794, #6524, #1173, #4371 ) ) ;
#7629 = CIRCLE ( 'NONE', #2666, 1.000000000000000888 ) ;
#7630 = CARTESIAN_POINT ( 'NONE',  ( -39.95000000000000284, -7.005348250362779972, -34.87555728527809151 ) ) ;
#7631 = ORIENTED_EDGE ( 'NONE', *, *, #11467, .T. ) ;
#7632 = CARTESIAN_POINT ( 'NONE',  ( -37.75000000000000000, -16.50534825036275066, 30.94999999999999929 ) ) ;
#7633 = FACE_BOUND ( 'NONE', #11412, .T. ) ;
#7634 = AXIS2_PLACEMENT_3D ( 'NONE', #6801, #3927, #10380 ) ;
#7635 = VERTEX_POINT ( 'NONE', #7108 ) ;
#7636 = DIRECTION ( 'NONE',  ( 1.000000000000000000, 0.000000000000000000, -1.674039542559039894E-16 ) ) ;
#7637 = DIRECTION ( 'NONE',  ( 0.000000000000000000, 0.000000000000000000, -1.000000000000000000 ) ) ;
#7638 = ADVANCED_FACE ( 'NONE', ( #9126 ), #7725, .F. ) ;
#7639 = CARTESIAN_POINT ( 'NONE',  ( -42.95000000000000284, -13.35186151901900153, 13.23208702463423947 ) ) ;
#7640 = CIRCLE ( 'NONE', #398, 1.000000000000000888 ) ;
#7641 = AXIS2_PLACEMENT_3D ( 'NONE', #6180, #9828, #1643 ) ;
#7642 = VERTEX_POINT ( 'NONE', #3804 ) ;
#7643 = DIRECTION ( 'NONE',  ( 0.000000000000000000, -1.000000000000000000, 0.000000000000000000 ) ) ;
#7644 = EDGE_CURVE ( 'NONE', #5853, #10991, #7322, .T. ) ;
#7645 = DIRECTION ( 'NONE',  ( -1.000000000000000000, 0.000000000000000000, 1.674039542559039894E-16 ) ) ;
#7646 = EDGE_CURVE ( 'NONE', #10868, #697, #3119, .T. ) ;
#7647 = CARTESIAN_POINT ( 'NONE',  ( 16.44999999999999929, -19.50534825036275066, 18.75000000000000000 ) ) ;
#7648 = AXIS2_PLACEMENT_3D ( 'NONE', #6686, #7643, #8608 ) ;
#7649 = AXIS2_PLACEMENT_3D ( 'NONE', #10611, #8111, #3392 ) ;
#7650 = CARTESIAN_POINT ( 'NONE',  ( 9.760486325675028496, -19.76734280861313309, -41.56789684773626448 ) ) ;
#7651 = CIRCLE ( 'NONE', #2698, 1.000000000000000888 ) ;
#7652 = CARTESIAN_POINT ( 'NONE',  ( -42.95000000000000284, -13.20151344825372064, -14.44137575917246075 ) ) ;
#7653 = CARTESIAN_POINT ( 'NONE',  ( 42.95000000000000284, -13.35186151901900153, 20.23208702463425368 ) ) ;
#7654 = CARTESIAN_POINT ( 'NONE',  ( 25.95866513054214764, -19.52653119865905040, -41.70204643129380173 ) ) ;
#7655 = EDGE_LOOP ( 'NONE', ( #2740, #476, #7049, #2422 ) ) ;
#7656 = CARTESIAN_POINT ( 'NONE',  ( -39.69299987975507804, -16.78549364972334601, -27.99085563886760752 ) ) ;
#7657 = ORIENTED_EDGE ( 'NONE', *, *, #1079, .F. ) ;
#7658 = DIRECTION ( 'NONE',  ( 0.000000000000000000, 0.000000000000000000, -1.000000000000000000 ) ) ;
#7659 = ORIENTED_EDGE ( 'NONE', *, *, #10794, .F. ) ;
#7660 = TOROIDAL_SURFACE ( 'NONE', #5743, 4.500000000000000000, 1.000000000000000000 ) ;
#7661 = AXIS2_PLACEMENT_3D ( 'NONE', #10598, #6121, #1528 ) ;
#7662 = AXIS2_PLACEMENT_3D ( 'NONE', #7027, #11564, #10654 ) ;
#7663 = ORIENTED_EDGE ( 'NONE', *, *, #10048, .F. ) ;
#7664 = AXIS2_PLACEMENT_3D ( 'NONE', #3558, #1872, #1821 ) ;
#7665 = ORIENTED_EDGE ( 'NONE', *, *, #1125, .T. ) ;
#7666 = EDGE_CURVE ( 'NONE', #9127, #2230, #2548, .T. ) ;
#7667 = AXIS2_PLACEMENT_3D ( 'NONE', #4797, #8565, #4857 ) ;
#7668 = CARTESIAN_POINT ( 'NONE',  ( 10.89799876148215496, -19.55415137569396933, -41.95124890728472877 ) ) ;
#7669 = PRESENTATION_LAYER_ASSIGNMENT (  '', '', ( #9585 ) ) ;
#7670 = CARTESIAN_POINT ( 'NONE',  ( 11.12963360958147874, -19.50534825036275066, -41.63216275480425566 ) ) ;
#7671 = AXIS2_PLACEMENT_3D ( 'NONE', #9684, #1498, #621 ) ;
#7672 = CARTESIAN_POINT ( 'NONE',  ( 42.95000000000000284, -13.50220958978423980, 5.905549808440919257 ) ) ;
#7673 = DIRECTION ( 'NONE',  ( -1.000000000000000000, 0.000000000000000000, 0.000000000000000000 ) ) ;
#7674 = ORIENTED_EDGE ( 'NONE', *, *, #1962, .T. ) ;
#7675 = FACE_OUTER_BOUND ( 'NONE', #4388, .T. ) ;
#7676 = ORIENTED_EDGE ( 'NONE', *, *, #599, .F. ) ;
#7677 = CARTESIAN_POINT ( 'NONE',  ( -39.95000000000000284, -7.005348250362779972, -29.76256579129625024 ) ) ;
#7678 = CYLINDRICAL_SURFACE ( 'NONE', #12, 0.3594872681224082767 ) ;
#7679 = VECTOR ( 'NONE', #546, 1000.000000000000000 ) ;
#7680 = VECTOR ( 'NONE', #2064, 1000.000000000000000 ) ;
#7681 = CARTESIAN_POINT ( 'NONE',  ( 10.14406509974816117, -20.27964597871786268, -41.14092086550832050 ) ) ;
#7682 = FACE_OUTER_BOUND ( 'NONE', #4580, .T. ) ;
#7683 = EDGE_CURVE ( 'NONE', #5807, #11224, #10744, .T. ) ;
#7684 = ORIENTED_EDGE ( 'NONE', *, *, #1464, .T. ) ;
#7685 = CARTESIAN_POINT ( 'NONE',  ( 27.54247777513350215, -19.78181374628340095, -41.51069715981569885 ) ) ;
#7686 = LINE ( 'NONE', #4143, #2872 ) ;
#7687 = DIRECTION ( 'NONE',  ( 1.000000000000000000, 0.000000000000000000, 0.000000000000000000 ) ) ;
#7688 = ORIENTED_EDGE ( 'NONE', *, *, #9656, .F. ) ;
#7689 = CARTESIAN_POINT ( 'NONE',  ( 21.94999999999999929, -17.50534825036275066, 20.75000000000000000 ) ) ;
#7690 = CARTESIAN_POINT ( 'NONE',  ( 25.44999999999999929, -9.005348250362779083, 40.95000000000000284 ) ) ;
#7691 = AXIS2_PLACEMENT_3D ( 'NONE', #9809, #4654, #8180 ) ;
#7692 = EDGE_LOOP ( 'NONE', ( #238, #5399, #10033, #5677, #7089 ) ) ;
#7693 = CARTESIAN_POINT ( 'NONE',  ( -40.95000000000000284, -13.20151344825372064, -0.4413757591724549734 ) ) ;
#7694 = ORIENTED_EDGE ( 'NONE', *, *, #379, .F. ) ;
#7695 = ADVANCED_FACE ( 'NONE', ( #5778 ), #5590, .F. ) ;
#7696 = FACE_OUTER_BOUND ( 'NONE', #7959, .T. ) ;
#7697 = DIRECTION ( 'NONE',  ( 0.000000000000000000, -1.000000000000000000, 0.000000000000000000 ) ) ;
#7698 = AXIS2_PLACEMENT_3D ( 'NONE', #6143, #9797, #1608 ) ;
#7699 = LINE ( 'NONE', #420, #9528 ) ;
#7700 = CARTESIAN_POINT ( 'NONE',  ( 40.95000000000000284, -17.50534825036275066, 27.02444271472185022 ) ) ;
#7701 = FACE_BOUND ( 'NONE', #6923, .T. ) ;
#7702 = CIRCLE ( 'NONE', #2552, 1.000000000000000888 ) ;
#7703 = VERTEX_POINT ( 'NONE', #6848 ) ;
#7704 = ADVANCED_FACE ( 'NONE', ( #2487 ), #475, .F. ) ;
#7705 = CARTESIAN_POINT ( 'NONE',  ( 10.63895654483790665, -19.90750829213272155, -40.96352189443443592 ) ) ;
#7706 = CARTESIAN_POINT ( 'NONE',  ( -40.76262350019274550, -17.50534825036275066, 27.60723173909909889 ) ) ;
#7707 = CARTESIAN_POINT ( 'NONE',  ( 42.95000000000000284, -6.812339080949070258, 16.82532166048805067 ) ) ;
#7708 = ORIENTED_EDGE ( 'NONE', *, *, #7532, .F. ) ;
#7709 = FACE_OUTER_BOUND ( 'NONE', #9485, .T. ) ;
#7710 = DIRECTION ( 'NONE',  ( 0.000000000000000000, 0.000000000000000000, -1.000000000000000000 ) ) ;
#7711 = CARTESIAN_POINT ( 'NONE',  ( -37.75000000000000000, -8.005348250362779083, 34.45000000000000284 ) ) ;
#7712 = FACE_OUTER_BOUND ( 'NONE', #10694, .T. ) ;
#7713 = CARTESIAN_POINT ( 'NONE',  ( -39.46111111111110148, -8.005348250362779083, 27.89678877811699920 ) ) ;
#7714 = LINE ( 'NONE', #11113, #8241 ) ;
#7715 = EDGE_CURVE ( 'NONE', #10970, #1999, #6796, .T. ) ;
#7716 = CARTESIAN_POINT ( 'NONE',  ( 25.80525878112754867, -19.58574490515044886, -41.72195970118794861 ) ) ;
#7717 = ORIENTED_EDGE ( 'NONE', *, *, #7774, .T. ) ;
#7718 = DIRECTION ( 'NONE',  ( 0.000000000000000000, 1.000000000000000000, 0.000000000000000000 ) ) ;
#7719 = VERTEX_POINT ( 'NONE', #8658 ) ;
#7720 = LINE ( 'NONE', #3176, #9545 ) ;
#7721 = ORIENTED_EDGE ( 'NONE', *, *, #6771, .T. ) ;
#7722 = VERTEX_POINT ( 'NONE', #7693 ) ;
#7723 = ORIENTED_EDGE ( 'NONE', *, *, #1728, .T. ) ;
#7724 = EDGE_CURVE ( 'NONE', #5529, #5916, #2928, .T. ) ;
#7725 =( BOUNDED_SURFACE ( )  B_SPLINE_SURFACE ( 3, 2, ( 
 ( #2674, #8292, #10792 ),
 ( #4466, #886, #1837 ),
 ( #11748, #937, #6423 ),
 ( #64, #775, #4403 ),
 ( #10912, #3575, #10848 ),
 ( #9849, #11803, #6199 ),
 ( #3633, #1663, #9964 ),
 ( #2738, #10070, #1789 ),
 ( #9075, #3695, #2790 ),
 ( #1890, #9903, #1005 ),
 ( #3461, #5423, #8063 ),
 ( #10741, #5474, #11699 ),
 ( #5533, #3526, #10965 ),
 ( #2612, #6253, #6373 ),
 ( #5362, #9020, #835 ),
 ( #8117, #10019, #11141 ),
 ( #1059, #5596, #9476 ),
 ( #2067, #3089, #7513 ),
 ( #7625, #6608, #5703 ),
 ( #10132, #9243, #1238 ),
 ( #2198, #297, #5829 ),
 ( #9295, #4820, #8405 ),
 ( #4873, #1112, #7563 ),
 ( #8472, #1294, #3971 ),
 ( #6554, #8342, #2966 ),
 ( #4692, #171, #4927 ),
 ( #9355, #6740, #10243 ),
 ( #11261, #1178, #3921 ),
 ( #2845, #2911, #11195 ),
 ( #118, #8525, #11014 ),
 ( #4751, #3020, #235 ),
 ( #11084, #3747, #6667 ) ),
 .UNSPECIFIED., .F., .F., .F. ) 
 B_SPLINE_SURFACE_WITH_KNOTS ( ( 4, 2, 2, 2, 2, 2, 2, 2, 2, 2, 2, 2, 2, 2, 2, 4 ),
 ( 3, 3 ),
 ( 0.000000000000000000, 0.0002964656078534275195, 0.0005929312157068550391, 0.0007411640196335690699, 0.0008152804215969260311, 0.0008893968235602831007, 0.0009079259240511219345, 0.0009264550245419609850, 0.0009357195747873809982, 0.0009449841250328000356, 0.0009542486752782200488, 0.0009635132255236400619, 0.0009820423260144791125, 0.001000571426505318055, 0.001037629627486996156, 0.001185862431413710078 ),
 ( 0.000000000000000000, 1.000000000000000000 ),
 .UNSPECIFIED. ) 
 GEOMETRIC_REPRESENTATION_ITEM ( )  RATIONAL_B_SPLINE_SURFACE ( (
 ( 1.000000000000000000, 0.9309493362512019088, 1.000000000000000000),
 ( 1.000000000000000000, 0.9365631572111440262, 1.000000000000000000),
 ( 1.000000000000000000, 0.9397298241230011007, 1.000000000000000000),
 ( 1.000000000000000000, 0.9434897367030479209, 1.000000000000000000),
 ( 1.000000000000000000, 0.9438676905252860738, 1.000000000000000000),
 ( 1.000000000000000000, 0.9467501041674510898, 1.000000000000000000),
 ( 1.000000000000000000, 0.9480547585242350417, 1.000000000000000000),
 ( 1.000000000000000000, 0.9524849950642440000, 1.000000000000000000),
 ( 1.000000000000000000, 0.9543745502859179997, 1.000000000000000000),
 ( 1.000000000000000000, 0.9601082215530220010, 1.000000000000000000),
 ( 1.000000000000000000, 0.9637204531920239292, 1.000000000000000000),
 ( 1.000000000000000000, 0.9721790067191649065, 1.000000000000000000),
 ( 1.000000000000000000, 0.9740915521794170084, 1.000000000000000000),
 ( 1.000000000000000000, 0.9785963965516240037, 1.000000000000000000),
 ( 1.000000000000000000, 0.9812182723521110095, 1.000000000000000000),
 ( 1.000000000000000000, 0.9857641521160820375, 1.000000000000000000),
 ( 1.000000000000000000, 0.9874006998675600721, 1.000000000000000000),
 ( 1.000000000000000000, 0.9902669491689189973, 1.000000000000000000),
 ( 1.000000000000000000, 0.9914652021041190366, 1.000000000000000000),
 ( 1.000000000000000000, 0.9916181820621159382, 1.000000000000000000),
 ( 1.000000000000000000, 0.9905440893988110007, 1.000000000000000000),
 ( 1.000000000000000000, 0.9877798743750390020, 1.000000000000000000),
 ( 1.000000000000000000, 0.9861341024118719378, 1.000000000000000000),
 ( 1.000000000000000000, 0.9815943096540400425, 1.000000000000000000),
 ( 1.000000000000000000, 0.9789180396816419272, 1.000000000000000000),
 ( 1.000000000000000000, 0.9743279115337200036, 1.000000000000000000),
 ( 1.000000000000000000, 0.9723744312533899592, 1.000000000000000000),
 ( 1.000000000000000000, 0.9672098559440249765, 1.000000000000000000),
 ( 1.000000000000000000, 0.9646549613526430589, 1.000000000000000000),
 ( 1.000000000000000000, 0.9539716696255999828, 1.000000000000000000),
 ( 1.000000000000000000, 0.9515962359351539668, 1.000000000000000000),
 ( 1.000000000000000000, 0.9490545219751359562, 1.000000000000000000) ) ) 
 REPRESENTATION_ITEM ( '' )  SURFACE ( )  );
#7726 = CARTESIAN_POINT ( 'NONE',  ( 26.55065979504499296, -19.73290399791147820, -41.37839946708064787 ) ) ;
#7727 = LINE ( 'NONE', #454, #10892 ) ;
#7728 = EDGE_CURVE ( 'NONE', #2924, #11340, #4998, .T. ) ;
#7729 = DIRECTION ( 'NONE',  ( 0.000000000000000000, -1.000000000000000000, 0.000000000000000000 ) ) ;
#7730 = LINE ( 'NONE', #280, #7102 ) ;
#7731 = ORIENTED_EDGE ( 'NONE', *, *, #1529, .F. ) ;
#7732 = DIRECTION ( 'NONE',  ( -7.001322103090887394E-17, 0.9083415329249426851, -0.4182291950158013027 ) ) ;
#7733 = ORIENTED_EDGE ( 'NONE', *, *, #6433, .F. ) ;
#7734 = EDGE_CURVE ( 'NONE', #8328, #5620, #2248, .T. ) ;
#7735 = FACE_OUTER_BOUND ( 'NONE', #8665, .T. ) ;
#7736 = FACE_OUTER_BOUND ( 'NONE', #7956, .T. ) ;
#7737 = CARTESIAN_POINT ( 'NONE',  ( 10.12963360958150183, -20.50534825036275066, -40.45534286552750558 ) ) ;
#7738 = DIRECTION ( 'NONE',  ( 0.000000000000000000, -0.9083415329249427961, 0.4182291950158013583 ) ) ;
#7739 = ORIENTED_EDGE ( 'NONE', *, *, #3093, .F. ) ;
#7740 = CARTESIAN_POINT ( 'NONE',  ( -22.84999999999999787, -17.50534825036275066, 30.94999999999999929 ) ) ;
#7741 = LINE ( 'NONE', #4699, #4204 ) ;
#7742 = CARTESIAN_POINT ( 'NONE',  ( -25.55000000000000071, -19.50534825036275066, 20.15000000000000213 ) ) ;
#7743 = ADVANCED_FACE ( 'NONE', ( #5948 ), #3275, .F. ) ;
#7744 = ORIENTED_EDGE ( 'NONE', *, *, #9205, .F. ) ;
#7745 = CARTESIAN_POINT ( 'NONE',  ( -37.75000000000000000, -19.00534825036275421, 30.94999999999999929 ) ) ;
#7746 = FACE_BOUND ( 'NONE', #7285, .T. ) ;
#7747 = ORIENTED_EDGE ( 'NONE', *, *, #8417, .T. ) ;
#7748 = EDGE_CURVE ( 'NONE', #6077, #1056, #7282, .T. ) ;
#7749 = DIRECTION ( 'NONE',  ( 0.000000000000000000, -1.000000000000000000, 0.000000000000000000 ) ) ;
#7750 = EDGE_CURVE ( 'NONE', #2516, #8501, #3888, .T. ) ;
#7751 = ORIENTED_EDGE ( 'NONE', *, *, #4954, .F. ) ;
#7752 = CARTESIAN_POINT ( 'NONE',  ( 37.75000000000000000, -16.50534825036275066, 30.94999999999999929 ) ) ;
#7753 = DIRECTION ( 'NONE',  ( -1.000000000000000000, 0.000000000000000000, 0.000000000000000000 ) ) ;
#7754 = PLANE ( 'NONE',  #6086 ) ;
#7755 = DIRECTION ( 'NONE',  ( 0.000000000000000000, 1.000000000000000000, 0.000000000000000000 ) ) ;
#7756 = FACE_BOUND ( 'NONE', #4530, .T. ) ;
#7757 = EDGE_CURVE ( 'NONE', #9780, #11228, #6951, .T. ) ;
#7758 = EDGE_LOOP ( 'NONE', ( #5080, #6954, #3399, #2375 ) ) ;
#7759 = DIRECTION ( 'NONE',  ( 0.000000000000000000, 0.000000000000000000, -1.000000000000000000 ) ) ;
#7760 = CYLINDRICAL_SURFACE ( 'NONE', #9692, 0.3594872681224065558 ) ;
#7761 = ORIENTED_EDGE ( 'NONE', *, *, #5607, .F. ) ;
#7762 = CARTESIAN_POINT ( 'NONE',  ( -42.95000000000000284, -13.50220958978423980, -8.094450191559070973 ) ) ;
#7763 = VERTEX_POINT ( 'NONE', #5172 ) ;
#7764 = DIRECTION ( 'NONE',  ( 0.000000000000000000, -1.000000000000000000, 0.000000000000000000 ) ) ;
#7765 = DIRECTION ( 'NONE',  ( 0.000000000000000000, -1.000000000000000000, 0.000000000000000000 ) ) ;
#7766 = CARTESIAN_POINT ( 'NONE',  ( 42.05481555856610498, -1.705348250362779927, 41.45000000000000284 ) ) ;
#7767 = DIRECTION ( 'NONE',  ( 0.000000000000000000, -1.000000000000000000, 0.000000000000000000 ) ) ;
#7768 = CARTESIAN_POINT ( 'NONE',  ( -37.75000000000000000, -7.005348250362779972, -30.94999999999999929 ) ) ;
#7769 = LINE ( 'NONE', #1389, #8051 ) ;
#7770 = DIRECTION ( 'NONE',  ( 0.000000000000000000, 1.000000000000000000, 0.000000000000000000 ) ) ;
#7771 = ORIENTED_EDGE ( 'NONE', *, *, #9616, .T. ) ;
#7772 = ORIENTED_EDGE ( 'NONE', *, *, #1636, .T. ) ;
#7773 = CARTESIAN_POINT ( 'NONE',  ( 42.95000000000000284, -13.20151344825372064, 13.55862424082752149 ) ) ;
#7774 = EDGE_CURVE ( 'NONE', #8954, #9035, #11446, .T. ) ;
#7775 = ORIENTED_EDGE ( 'NONE', *, *, #10593, .F. ) ;
#7776 = CARTESIAN_POINT ( 'NONE',  ( -39.86881885117995949, -16.97141093941259982, 33.87790439360469463 ) ) ;
#7777 = ORIENTED_EDGE ( 'NONE', *, *, #9805, .F. ) ;
#7778 = ORIENTED_EDGE ( 'NONE', *, *, #8738, .F. ) ;
#7779 = VECTOR ( 'NONE', #1127, 1000.000000000000000 ) ;
#7780 = AXIS2_PLACEMENT_3D ( 'NONE', #3570, #11009, #2009 ) ;
#7781 = LINE ( 'NONE', #2460, #7303 ) ;
#7782 = DIRECTION ( 'NONE',  ( 0.000000000000000000, 0.000000000000000000, -1.000000000000000000 ) ) ;
#7783 = LINE ( 'NONE', #5864, #10999 ) ;
#7784 = FACE_OUTER_BOUND ( 'NONE', #4252, .T. ) ;
#7785 = CIRCLE ( 'NONE', #5294, 1.000000000000000888 ) ;
#7786 = VERTEX_POINT ( 'NONE', #7034 ) ;
#7787 = FACE_OUTER_BOUND ( 'NONE', #7607, .T. ) ;
#7788 = ADVANCED_FACE ( 'NONE', ( #1474 ), #413, .F. ) ;
#7789 = ORIENTED_EDGE ( 'NONE', *, *, #11133, .T. ) ;
#7790 = CARTESIAN_POINT ( 'NONE',  ( 37.75000000000000000, -2.505348250362775087, -30.94999999999999929 ) ) ;
#7791 = DIRECTION ( 'NONE',  ( -1.000000000000000000, 0.000000000000000000, 0.000000000000000000 ) ) ;
#7792 =( LENGTH_UNIT ( ) NAMED_UNIT ( * ) SI_UNIT ( .MILLI., .METRE. ) );
#7793 = CIRCLE ( 'NONE', #2444, 0.3594872681224064448 ) ;
#7794 = CARTESIAN_POINT ( 'NONE',  ( -40.95000000000000284, -7.235209088831339841, 34.70528696728784723 ) ) ;
#7795 = CARTESIAN_POINT ( 'NONE',  ( -28.25000000000000000, -19.50534825036275066, 27.25000000000000000 ) ) ;
#7797 = EDGE_LOOP ( 'NONE', ( #10528, #4550, #11486, #899 ) ) ;
#7796 = EDGE_CURVE ( 'NONE', #5620, #2586, #9618, .T. ) ;
#7798 = CARTESIAN_POINT ( 'NONE',  ( -40.95000000000000284, -6.273563507398590033, 33.68462619775209532 ) ) ;
#7799 = CARTESIAN_POINT ( 'NONE',  ( 27.07584760044291272, -20.07397221491483563, -41.45881892615804531 ) ) ;
#7800 = CYLINDRICAL_SURFACE ( 'NONE', #6514, 1.500000000000001332 ) ;
#7801 = ORIENTED_EDGE ( 'NONE', *, *, #362, .T. ) ;
#7802 = DIRECTION ( 'NONE',  ( 0.000000000000000000, 0.000000000000000000, -1.000000000000000000 ) ) ;
#7803 = ORIENTED_EDGE ( 'NONE', *, *, #229, .T. ) ;
#7804 = DIRECTION ( 'NONE',  ( -1.000000000000000000, 0.000000000000000000, 0.000000000000000000 ) ) ;
#7805 = DIRECTION ( 'NONE',  ( 0.000000000000000000, -1.000000000000000000, 0.000000000000000000 ) ) ;
#7806 = VECTOR ( 'NONE', #4488, 1000.000000000000000 ) ;
#7807 = ORIENTED_EDGE ( 'NONE', *, *, #7796, .F. ) ;
#7808 = CARTESIAN_POINT ( 'NONE',  ( 39.71666965375894875, -7.061322562860270047, -32.99382386298140091 ) ) ;
#7809 = DIRECTION ( 'NONE',  ( 0.000000000000000000, 1.000000000000000000, 0.000000000000000000 ) ) ;
#7810 = CARTESIAN_POINT ( 'NONE',  ( -13.25000000000000000, -17.50534825036275066, 19.94999999999999929 ) ) ;
#7811 = EDGE_CURVE ( 'NONE', #2413, #11146, #5977, .T. ) ;
#7812 = DIRECTION ( 'NONE',  ( 0.000000000000000000, 0.000000000000000000, -1.000000000000000000 ) ) ;
#7813 = AXIS2_PLACEMENT_3D ( 'NONE', #3933, #1424, #3205 ) ;
#7814 = DIRECTION ( 'NONE',  ( 0.000000000000000000, 0.000000000000000000, 1.000000000000000000 ) ) ;
#7815 = ADVANCED_FACE ( 'NONE', ( #6064 ), #9718, .F. ) ;
#7816 = ORIENTED_EDGE ( 'NONE', *, *, #2511, .F. ) ;
#7817 = DIRECTION ( 'NONE',  ( 0.000000000000000000, 1.000000000000000000, 0.000000000000000000 ) ) ;
#7818 = CARTESIAN_POINT ( 'NONE',  ( 26.07749528769829794, -19.16648655586289962, -42.10565556340990412 ) ) ;
#7819 = AXIS2_PLACEMENT_3D ( 'NONE', #9598, #2475, #9770 ) ;
#7820 = DIRECTION ( 'NONE',  ( 0.000000000000000000, -1.000000000000000000, 0.000000000000000000 ) ) ;
#7821 = VERTEX_POINT ( 'NONE', #10724 ) ;
#7822 = CARTESIAN_POINT ( 'NONE',  ( 37.75000000000000000, -7.005348250362779972, -33.45000000000000284 ) ) ;
#7823 = LINE ( 'NONE', #9439, #2525 ) ;
#7824 = CARTESIAN_POINT ( 'NONE',  ( 40.94999999999945572, -7.872127982284907510, 28.67057712911373102 ) ) ;
#7825 = VECTOR ( 'NONE', #8772, 1000.000000000000227 ) ;
#7826 = DIRECTION ( 'NONE',  ( 0.000000000000000000, -1.000000000000000000, 0.000000000000000000 ) ) ;
#7827 = DIRECTION ( 'NONE',  ( 0.000000000000000000, 0.000000000000000000, -1.000000000000000000 ) ) ;
#7828 = EDGE_CURVE ( 'NONE', #6959, #5859, #2361, .T. ) ;
#7829 = DIRECTION ( 'NONE',  ( 0.000000000000000000, 0.000000000000000000, 1.000000000000000000 ) ) ;
#7830 = VECTOR ( 'NONE', #8185, 1000.000000000000000 ) ;
#7831 = CARTESIAN_POINT ( 'NONE',  ( 27.61655559659064707, -19.90644285815115921, -41.01911572134199702 ) ) ;
#7832 = DIRECTION ( 'NONE',  ( -1.000000000000000000, 0.000000000000000000, 0.000000000000000000 ) ) ;
#7833 = ORIENTED_EDGE ( 'NONE', *, *, #2249, .T. ) ;
#7834 = ORIENTED_EDGE ( 'NONE', *, *, #8610, .F. ) ;
#7835 = DIRECTION ( 'NONE',  ( 0.000000000000000000, -1.000000000000000000, 0.000000000000000000 ) ) ;
#7836 = EDGE_LOOP ( 'NONE', ( #5625, #2576, #8043, #3521 ) ) ;
#7837 = FACE_OUTER_BOUND ( 'NONE', #2405, .T. ) ;
#7838 = VERTEX_POINT ( 'NONE', #3512 ) ;
#7839 = ORIENTED_EDGE ( 'NONE', *, *, #9419, .T. ) ;
#7840 = EDGE_LOOP ( 'NONE', ( #4271, #6900 ) ) ;
#7841 = EDGE_CURVE ( 'NONE', #803, #2826, #6300, .T. ) ;
#7842 = CIRCLE ( 'NONE', #2870, 0.3594872681224082767 ) ;
#7843 = TOROIDAL_SURFACE ( 'NONE', #10310, 8.500000000000000000, 0.5000000000000000000 ) ;
#7844 = LINE ( 'NONE', #5034, #8828 ) ;
#7845 = CYLINDRICAL_SURFACE ( 'NONE', #798, 0.3594872681224082767 ) ;
#7846 = FACE_OUTER_BOUND ( 'NONE', #1349, .T. ) ;
#7847 = DIRECTION ( 'NONE',  ( 0.000000000000000000, 0.000000000000000000, -1.000000000000000000 ) ) ;
#7848 = AXIS2_PLACEMENT_3D ( 'NONE', #11165, #2036, #10333 ) ;
#7849 = ORIENTED_EDGE ( 'NONE', *, *, #207, .F. ) ;
#7850 = CARTESIAN_POINT ( 'NONE',  ( 10.12963360958148051, -19.97730839475075015, -42.23867513459479994 ) ) ;
#7851 = AXIS2_PLACEMENT_3D ( 'NONE', #6535, #8275, #10111 ) ;
#7852 = EDGE_LOOP ( 'NONE', ( #10881, #7258, #9860, #2893 ) ) ;
#7853 = CARTESIAN_POINT ( 'NONE',  ( 18.62963360958150005, -19.50534825036275066, -34.03619997939700426 ) ) ;
#7854 = CARTESIAN_POINT ( 'NONE',  ( 42.95000000000000284, -6.511642939418550213, -17.52160390712534621 ) ) ;
#7855 = CIRCLE ( 'NONE', #620, 1.000000000000000888 ) ;
#7856 = VECTOR ( 'NONE', #4220, 1000.000000000000000 ) ;
#7857 = VECTOR ( 'NONE', #6661, 1000.000000000000000 ) ;
#7858 = CIRCLE ( 'NONE', #991, 2.099999999999997868 ) ;
#7859 = CIRCLE ( 'NONE', #5163, 4.150000000000001243 ) ;
#7860 = CARTESIAN_POINT ( 'NONE',  ( 42.95000000000000284, -13.50220958978423980, -1.094450191559079855 ) ) ;
#7861 = CIRCLE ( 'NONE', #6142, 0.5000000000000004441 ) ;
#7862 = ADVANCED_FACE ( 'NONE', ( #1707 ), #2001, .F. ) ;
#7863 = DIRECTION ( 'NONE',  ( 0.000000000000000000, 0.000000000000000000, 1.000000000000000000 ) ) ;
#7864 = CARTESIAN_POINT ( 'NONE',  ( 26.91673478471604852, -19.68291636587304794, -41.83452994616214937 ) ) ;
#7865 = CARTESIAN_POINT ( 'NONE',  ( 37.75000000000000000, -7.005348250362779972, 30.94999999999999929 ) ) ;
#7866 = VERTEX_POINT ( 'NONE', #11787 ) ;
#7867 = PLANE ( 'NONE',  #10917 ) ;
#7868 = DIRECTION ( 'NONE',  ( 0.000000000000000000, 0.000000000000000000, 1.000000000000000000 ) ) ;
#7869 = EDGE_CURVE ( 'NONE', #5013, #3569, #3221, .T. ) ;
#7870 = ORIENTED_EDGE ( 'NONE', *, *, #2021, .T. ) ;
#7871 = DIRECTION ( 'NONE',  ( -1.000000000000000000, 0.000000000000000000, 0.000000000000000000 ) ) ;
#7872 = CARTESIAN_POINT ( 'NONE',  ( 18.62963360958150005, -23.50534825036275066, -28.91951922141749876 ) ) ;
#7873 = VECTOR ( 'NONE', #11783, 1000.000000000000000 ) ;
#7874 = CIRCLE ( 'NONE', #11464, 1.000000000000000888 ) ;
#7875 = CIRCLE ( 'NONE', #6527, 0.3594872681224065558 ) ;
#7876 = EDGE_LOOP ( 'NONE', ( #4655, #1743 ) ) ;
#7877 =( NAMED_UNIT ( * ) PLANE_ANGLE_UNIT ( ) SI_UNIT ( $, .RADIAN. ) );
#7878 = CARTESIAN_POINT ( 'NONE',  ( 37.75000000000000000, -8.005348250362779083, 30.94999999999999929 ) ) ;
#7879 = DIRECTION ( 'NONE',  ( -1.492235248152091785E-16, 0.000000000000000000, 1.000000000000000000 ) ) ;
#7880 = CARTESIAN_POINT ( 'NONE',  ( -10.84999999999999964, -10.00534825036277908, 40.95000000000000284 ) ) ;
#7881 = CIRCLE ( 'NONE', #3489, 1.000000000000000888 ) ;
#7882 = FACE_OUTER_BOUND ( 'NONE', #913, .T. ) ;
#7883 = AXIS2_PLACEMENT_3D ( 'NONE', #7689, #8584, #653 ) ;
#7884 = CARTESIAN_POINT ( 'NONE',  ( 21.94999999999999929, -17.50534825036275066, 20.75000000000000000 ) ) ;
#7885 = ORIENTED_EDGE ( 'NONE', *, *, #7382, .T. ) ;
#7886 = CARTESIAN_POINT ( 'NONE',  ( 10.66330064406225375, -19.82476745285581998, -41.19460847560403494 ) ) ;
#7887 = CARTESIAN_POINT ( 'NONE',  ( 27.04036815190755050, -19.94358999630929929, -41.61381420341125192 ) ) ;
#7888 = DIRECTION ( 'NONE',  ( 0.000000000000000000, 0.000000000000000000, -1.000000000000000000 ) ) ;
#7889 = ORIENTED_EDGE ( 'NONE', *, *, #9480, .F. ) ;
#7890 = ADVANCED_FACE ( 'NONE', ( #3682 ), #9341, .F. ) ;
#7891 = CARTESIAN_POINT ( 'NONE',  ( 37.75000000000000000, -16.50534825036275066, -30.94999999999999929 ) ) ;
#7892 = VECTOR ( 'NONE', #1170, 1000.000000000000000 ) ;
#7893 = TOROIDAL_SURFACE ( 'NONE', #7698, 4.500000000000000000, 1.000000000000000000 ) ;
#7894 = LINE ( 'NONE', #6204, #4423 ) ;
#7895 = CARTESIAN_POINT ( 'NONE',  ( 40.95000000000001705, -7.074132914964359031, 29.47056033283877596 ) ) ;
#7896 = AXIS2_PLACEMENT_3D ( 'NONE', #7632, #1246, #4826 ) ;
#7897 = CARTESIAN_POINT ( 'NONE',  ( -25.55000000000000071, -17.50534825036275066, 25.55000000000000071 ) ) ;
#7898 = DIRECTION ( 'NONE',  ( 0.000000000000000000, 0.000000000000000000, 1.000000000000000000 ) ) ;
#7899 = CARTESIAN_POINT ( 'NONE',  ( -40.95000000000000284, -6.511642939418550213, -17.52160390712534621 ) ) ;
#7900 = LINE ( 'NONE', #3302, #11490 ) ;
#7901 = EDGE_CURVE ( 'NONE', #71, #7635, #7986, .T. ) ;
#7902 = CARTESIAN_POINT ( 'NONE',  ( -39.57504099521732144, -16.64862726658515868, -33.94711412857990496 ) ) ;
#7903 = ORIENTED_EDGE ( 'NONE', *, *, #3580, .T. ) ;
#7904 = ORIENTED_EDGE ( 'NONE', *, *, #11202, .F. ) ;
#7905 = CARTESIAN_POINT ( 'NONE',  ( 40.95000000000000284, -6.117194291692070074, -28.66652874326845080 ) ) ;
#7906 = EDGE_LOOP ( 'NONE', ( #5789, #11779, #9028, #5708 ) ) ;
#7907 = DIRECTION ( 'NONE',  ( 0.000000000000000000, 0.000000000000000000, -1.000000000000000000 ) ) ;
#7908 = ORIENTED_EDGE ( 'NONE', *, *, #8692, .T. ) ;
#7909 = EDGE_CURVE ( 'NONE', #7516, #6659, #5305, .T. ) ;
#7910 = ORIENTED_EDGE ( 'NONE', *, *, #204, .F. ) ;
#7911 = DIRECTION ( 'NONE',  ( 0.000000000000000000, 0.000000000000000000, -1.000000000000000000 ) ) ;
#7912 = CARTESIAN_POINT ( 'NONE',  ( 3.950745019243990352, -13.50534825036277908, 42.95000000000000284 ) ) ;
#7913 = DIRECTION ( 'NONE',  ( 0.000000000000000000, 1.000000000000000000, 0.000000000000000000 ) ) ;
#7914 = ADVANCED_FACE ( 'NONE', ( #337 ), #7603, .F. ) ;
#7915 = VERTEX_POINT ( 'NONE', #5759 ) ;
#7916 = DIRECTION ( 'NONE',  ( 0.000000000000000000, 0.000000000000000000, 1.000000000000000000 ) ) ;
#7917 = ORIENTED_EDGE ( 'NONE', *, *, #11582, .F. ) ;
#7918 = LINE ( 'NONE', #11559, #4917 ) ;
#7919 = CARTESIAN_POINT ( 'NONE',  ( 9.566477782276445296, -19.50534825036277198, -40.93951991683655223 ) ) ;
#7920 = DIRECTION ( 'NONE',  ( 1.000000000000000000, 0.000000000000000000, 0.000000000000000000 ) ) ;
#7921 = B_SPLINE_CURVE_WITH_KNOTS ( 'NONE', 3,
 ( #4427, #8084, #1748, #11768, #8190, #1629, #10537, #9597, #3596, #4139, #2363, #2699 ),
 .UNSPECIFIED., .F., .F.,
 ( 4, 1, 1, 2, 2, 2, 4 ),
 ( 0.000000000000000000, 0.1250000000001804112, 0.1875000000003094747, 0.2187500000003449463, 0.2500000000003804179, 0.5000000000002731149, 1.000000000000000000 ),
 .UNSPECIFIED. ) ;
#7922 = DIRECTION ( 'NONE',  ( 1.000000000000000000, 0.000000000000000000, 0.000000000000000000 ) ) ;
#7923 = DIRECTION ( 'NONE',  ( 0.000000000000000000, 0.000000000000000000, -1.000000000000000000 ) ) ;
#7924 = CYLINDRICAL_SURFACE ( 'NONE', #7641, 0.8999999999999980238 ) ;
#7925 = CARTESIAN_POINT ( 'NONE',  ( 39.77211343084484696, -16.87168821241658279, 28.00854234555275113 ) ) ;
#7926 = ORIENTED_EDGE ( 'NONE', *, *, #3013, .T. ) ;
#7927 = DIRECTION ( 'NONE',  ( -1.000000000000000000, 0.000000000000000000, 0.000000000000000000 ) ) ;
#7928 = DIRECTION ( 'NONE',  ( 0.000000000000000000, -1.000000000000000000, 0.000000000000000000 ) ) ;
#7929 = ORIENTED_EDGE ( 'NONE', *, *, #7683, .T. ) ;
#7930 = DIRECTION ( 'NONE',  ( 0.000000000000000000, -1.000000000000000000, 0.000000000000000000 ) ) ;
#7931 = CARTESIAN_POINT ( 'NONE',  ( -25.55000000000000071, -19.50534825036275066, 29.94999999999999929 ) ) ;
#7932 = LINE ( 'NONE', #7983, #614 ) ;
#7933 = DIRECTION ( 'NONE',  ( 0.000000000000000000, -1.000000000000000000, 0.000000000000000000 ) ) ;
#7934 = DIRECTION ( 'NONE',  ( 0.000000000000000000, -1.000000000000000000, 0.000000000000000000 ) ) ;
#7935 = CARTESIAN_POINT ( 'NONE',  ( -42.95000000000000284, -6.812339080949070258, -11.17467833951195999 ) ) ;
#7936 = DIRECTION ( 'NONE',  ( 0.000000000000000000, 0.000000000000000000, 1.000000000000000000 ) ) ;
#7937 = EDGE_LOOP ( 'NONE', ( #11099, #11357, #3092, #6539 ) ) ;
#7938 = LINE ( 'NONE', #2498, #11094 ) ;
#7939 = CARTESIAN_POINT ( 'NONE',  ( 26.69241552102965898, -20.02117352836284070, -41.53144401937140628 ) ) ;
#7940 = CARTESIAN_POINT ( 'NONE',  ( -39.95000000000000284, -7.005348250362779972, 32.13743420870380163 ) ) ;
#7941 = EDGE_CURVE ( 'NONE', #945, #8445, #8562, .T. ) ;
#7942 = ORIENTED_EDGE ( 'NONE', *, *, #8109, .T. ) ;
#7943 = DIRECTION ( 'NONE',  ( 6.938893903907222067E-15, 0.000000000000000000, -1.000000000000000000 ) ) ;
#7944 = DIRECTION ( 'NONE',  ( 0.000000000000000000, -1.000000000000000000, 0.000000000000000000 ) ) ;
#7945 = EDGE_CURVE ( 'NONE', #7207, #11449, #9411, .T. ) ;
#7946 = CARTESIAN_POINT ( 'NONE',  ( -28.25000000000000000, -17.50534825036275066, 21.85000000000000142 ) ) ;
#7947 = DIRECTION ( 'NONE',  ( 0.000000000000000000, -1.000000000000000000, 0.000000000000000000 ) ) ;
#7948 = CARTESIAN_POINT ( 'NONE',  ( 42.95000000000000284, -13.35186151901900153, -14.40842570724336014 ) ) ;
#7949 = DIRECTION ( 'NONE',  ( 0.000000000000000000, 0.000000000000000000, 1.000000000000000000 ) ) ;
#7950 = ADVANCED_FACE ( 'NONE', ( #11069 ), #4736, .F. ) ;
#7951 = CARTESIAN_POINT ( 'NONE',  ( 18.62963360958150005, -19.50534825036275066, -38.68619997939700283 ) ) ;
#7952 = CARTESIAN_POINT ( 'NONE',  ( 14.44999999999999929, -19.50534825036275066, 41.45000000000000284 ) ) ;
#7953 = EDGE_LOOP ( 'NONE', ( #9746, #556, #10518, #9119 ) ) ;
#7954 = VERTEX_POINT ( 'NONE', #2053 ) ;
#7955 = CARTESIAN_POINT ( 'NONE',  ( 40.94999999999994600, -7.074030120698641788, -29.47099672226034173 ) ) ;
#7956 = EDGE_LOOP ( 'NONE', ( #7929, #5138, #10374, #10446 ) ) ;
#7957 = CARTESIAN_POINT ( 'NONE',  ( -40.37799481904428234, -17.37406964003490728, -27.92823975353977772 ) ) ;
#7958 = EDGE_LOOP ( 'NONE', ( #10221, #7174, #2239, #5133 ) ) ;
#7959 = EDGE_LOOP ( 'NONE', ( #402, #6071, #9271, #7074 ) ) ;
#7960 = ADVANCED_FACE ( 'NONE', ( #3076 ), #3911, .T. ) ;
#7961 = EDGE_CURVE ( 'NONE', #1391, #6378, #746, .T. ) ;
#7962 = CARTESIAN_POINT ( 'NONE',  ( 37.75000000000000000, -8.505348250362779083, 28.85000000000000142 ) ) ;
#7963 = DIRECTION ( 'NONE',  ( 0.000000000000000000, 0.000000000000000000, 1.000000000000000000 ) ) ;
#7964 = EDGE_CURVE ( 'NONE', #3334, #3000, #4861, .T. ) ;
#7965 = CARTESIAN_POINT ( 'NONE',  ( -37.75000000000000000, -19.50534825036275066, -30.94999999999999929 ) ) ;
#7966 = EDGE_LOOP ( 'NONE', ( #11561, #4718, #7577, #9188, #5631, #6753, #4845, #7674, #9368, #8373, #9123, #5687, #10769, #10512, #9508, #7385 ) ) ;
#7967 = DIRECTION ( 'NONE',  ( 0.000000000000000000, -1.000000000000000000, 0.000000000000000000 ) ) ;
#7968 = VERTEX_POINT ( 'NONE', #10118 ) ;
#7969 = DIRECTION ( 'NONE',  ( 1.000000000000000000, 0.000000000000000000, 0.000000000000000000 ) ) ;
#7970 = DIRECTION ( 'NONE',  ( 0.000000000000000000, 0.000000000000000000, -1.000000000000000000 ) ) ;
#7971 = ADVANCED_FACE ( 'NONE', ( #220 ), #2952, .F. ) ;
#7972 = DIRECTION ( 'NONE',  ( 0.000000000000000000, 0.000000000000000000, -1.000000000000000000 ) ) ;
#7973 = VECTOR ( 'NONE', #5100, 1000.000000000000000 ) ;
#7974 = CARTESIAN_POINT ( 'NONE',  ( -40.95000000000000284, -7.688766927756630842, 34.85385460240844679 ) ) ;
#7975 = CARTESIAN_POINT ( 'NONE',  ( 26.97927817707632414, -19.78932810198729797, -41.75701630060190439 ) ) ;
#7976 = CARTESIAN_POINT ( 'NONE',  ( 40.08980231620611789, -17.17108793572915815, 28.01463061807729105 ) ) ;
#7977 = ORIENTED_EDGE ( 'NONE', *, *, #3186, .F. ) ;
#7978 = CARTESIAN_POINT ( 'NONE',  ( 26.71848159343489826, -19.48916712793150197, -42.13077012885394623 ) ) ;
#7979 = CARTESIAN_POINT ( 'NONE',  ( 40.95000000000000284, -6.661991010183810680, -10.84814112331866021 ) ) ;
#7980 = ORIENTED_EDGE ( 'NONE', *, *, #9696, .T. ) ;
#7981 = CARTESIAN_POINT ( 'NONE',  ( -39.63296566873724913, -7.139451988590590048, -28.60764822026099807 ) ) ;
#7982 = CARTESIAN_POINT ( 'NONE',  ( 41.45000000000000284, -3.705348250362780149, 40.95000000000000284 ) ) ;
#7983 = CARTESIAN_POINT ( 'NONE',  ( 42.95000000000000284, -6.511642939418550213, 10.47839609287463958 ) ) ;
#7984 = CIRCLE ( 'NONE', #7038, 3.500000000000003109 ) ;
#7985 = VERTEX_POINT ( 'NONE', #6595 ) ;
#7986 = CIRCLE ( 'NONE', #9135, 1.000000000000000888 ) ;
#7987 = EDGE_CURVE ( 'NONE', #11655, #9329, #6262, .T. ) ;
#7988 = CARTESIAN_POINT ( 'NONE',  ( -42.95000000000000284, -13.20151344825372064, -0.4413757591724544738 ) ) ;
#7989 = DIRECTION ( 'NONE',  ( 0.000000000000000000, 0.000000000000000000, -1.000000000000000000 ) ) ;
#7990 = CARTESIAN_POINT ( 'NONE',  ( 25.97196811716344911, -19.50534825036275066, -41.95000000000000284 ) ) ;
#7991 = DIRECTION ( 'NONE',  ( 0.000000000000000000, 0.000000000000000000, -1.000000000000000000 ) ) ;
#7992 = AXIS2_PLACEMENT_3D ( 'NONE', #2343, #7835, #8679 ) ;
#7993 = ORIENTED_EDGE ( 'NONE', *, *, #5209, .T. ) ;
#7994 = CARTESIAN_POINT ( 'NONE',  ( 40.94999999999993889, -7.908741767324628746, -33.22291094510546117 ) ) ;
#7996 = AXIS2_PLACEMENT_3D ( 'NONE', #4308, #3759, #10084 ) ;
#7995 = CARTESIAN_POINT ( 'NONE',  ( 11.17711541947888421, -19.50136602562412946, -41.86071680426163510 ) ) ;
#7997 = CARTESIAN_POINT ( 'NONE',  ( -39.46111111111110148, -8.005348250362779083, 34.00321122188300649 ) ) ;
#7998 = EDGE_CURVE ( 'NONE', #11570, #9170, #2829, .T. ) ;
#7999 = ORIENTED_EDGE ( 'NONE', *, *, #8217, .T. ) ;
#8000 = DIRECTION ( 'NONE',  ( -0.7148306199367905345, 0.000000000000000000, -0.6992976367762041567 ) ) ;
#8001 = CIRCLE ( 'NONE', #5508, 1.000000000000000888 ) ;
#8002 = DIRECTION ( 'NONE',  ( 0.000000000000000000, -1.000000000000000000, 0.000000000000000000 ) ) ;
#8003 = CARTESIAN_POINT ( 'NONE',  ( 39.95000000000000284, -7.005348250362779972, 29.76256579129615076 ) ) ;
#8004 = CARTESIAN_POINT ( 'NONE',  ( 26.63528133010807508, -19.63413997653331933, -41.80487863349038236 ) ) ;
#8005 = DIRECTION ( 'NONE',  ( -1.000000000000000000, 0.000000000000000000, 1.674039542559039894E-16 ) ) ;
#8006 = EDGE_CURVE ( 'NONE', #732, #5720, #3419, .T. ) ;
#8007 = DIRECTION ( 'NONE',  ( 0.000000000000000000, 0.000000000000000000, -1.000000000000000000 ) ) ;
#8008 = AXIS2_PLACEMENT_3D ( 'NONE', #8108, #4563, #3568 ) ;
#8009 = CARTESIAN_POINT ( 'NONE',  ( 42.95000000000000284, -6.661991010183810680, -17.84814112331865132 ) ) ;
#8010 = B_SPLINE_CURVE_WITH_KNOTS ( 'NONE', 3,
 ( #5354, #11741, #827, #8220, #2729, #6366, #2664, #6305, #1713, #1780, #54, #4685, #164, #111 ),
 .UNSPECIFIED., .F., .F.,
 ( 4, 2, 2, 2, 2, 2, 4 ),
 ( 0.000000000000000000, 0.0004788934484331959962, 0.0009577868968663910167, 0.001915573793732789840, 0.002394467242165984697, 0.002873360690599174785, 0.003831147587465535010 ),
 .UNSPECIFIED. ) ;
#8011 = CARTESIAN_POINT ( 'NONE',  ( -40.38674783276515257, -17.37921912423217563, -33.97573751870712044 ) ) ;
#8012 = AXIS2_PLACEMENT_3D ( 'NONE', #2295, #1410, #8694 ) ;
#8013 = ORIENTED_EDGE ( 'NONE', *, *, #962, .F. ) ;
#8014 = CIRCLE ( 'NONE', #6860, 0.3594872681224065558 ) ;
#8015 = DIRECTION ( 'NONE',  ( -1.000000000000000000, 0.000000000000000000, 0.000000000000000000 ) ) ;
#8016 = EDGE_CURVE ( 'NONE', #10129, #8502, #1880, .T. ) ;
#8017 = VERTEX_POINT ( 'NONE', #9233 ) ;
#8018 = LINE ( 'NONE', #3480, #4384 ) ;
#8019 = ORIENTED_EDGE ( 'NONE', *, *, #10719, .T. ) ;
#8020 = ORIENTED_EDGE ( 'NONE', *, *, #3026, .F. ) ;
#8021 = VECTOR ( 'NONE', #1524, 1000.000000000000000 ) ;
#8022 = EDGE_CURVE ( 'NONE', #2210, #589, #10289, .T. ) ;
#8023 = CARTESIAN_POINT ( 'NONE',  ( -39.81116669259220231, -7.014182230866889967, 32.66460905595929631 ) ) ;
#8024 = VECTOR ( 'NONE', #3653, 1000.000000000000000 ) ;
#8025 = DIRECTION ( 'NONE',  ( 0.000000000000000000, -1.000000000000000000, 0.000000000000000000 ) ) ;
#8026 = DIRECTION ( 'NONE',  ( 0.000000000000000000, -1.000000000000000000, 0.000000000000000000 ) ) ;
#8027 = VECTOR ( 'NONE', #9855, 1000.000000000000227 ) ;
#8028 = CARTESIAN_POINT ( 'NONE',  ( 16.44999999999999929, -19.50534825036275066, 18.35000000000000142 ) ) ;
#8029 = ORIENTED_EDGE ( 'NONE', *, *, #2727, .F. ) ;
#8030 = LINE ( 'NONE', #3602, #366 ) ;
#8031 = ORIENTED_EDGE ( 'NONE', *, *, #10480, .T. ) ;
#8032 = LINE ( 'NONE', #6285, #9510 ) ;
#8033 = CARTESIAN_POINT ( 'NONE',  ( 37.75000000000000000, -17.50534825036275066, -30.94999999999999929 ) ) ;
#8034 = VECTOR ( 'NONE', #7395, 1000.000000000000000 ) ;
#8035 = CIRCLE ( 'NONE', #218, 3.500000000000003109 ) ;
#8036 = EDGE_CURVE ( 'NONE', #8954, #3637, #3791, .T. ) ;
#8037 = CARTESIAN_POINT ( 'NONE',  ( 40.34089248601254951, -17.35200387240045927, -27.94494925325941637 ) ) ;
#8038 = VECTOR ( 'NONE', #9319, 1000.000000000000000 ) ;
#8039 = CARTESIAN_POINT ( 'NONE',  ( 9.182833106708919502, -19.50534825036275066, -41.27722374494279478 ) ) ;
#8040 = CARTESIAN_POINT ( 'NONE',  ( 27.06200633954380308, -20.02334363779120352, -41.52014296304684393 ) ) ;
#8041 = AXIS2_PLACEMENT_3D ( 'NONE', #6589, #10458, #7547 ) ;
#8042 = CARTESIAN_POINT ( 'NONE',  ( -25.55000000000000071, -17.50534825036275066, 29.25000000000000000 ) ) ;
#8043 = ORIENTED_EDGE ( 'NONE', *, *, #10623, .F. ) ;
#8044 = DIRECTION ( 'NONE',  ( 0.000000000000000000, 1.000000000000000000, 0.000000000000000000 ) ) ;
#8045 = ORIENTED_EDGE ( 'NONE', *, *, #9303, .T. ) ;
#8046 = CARTESIAN_POINT ( 'NONE',  ( -40.94999999999999574, -7.726371301305138495, -28.68947514154550760 ) ) ;
#8047 = CARTESIAN_POINT ( 'NONE',  ( -40.94999999999944151, -7.961971048008646967, 28.69569002466488428 ) ) ;
#8048 = DIRECTION ( 'NONE',  ( 0.000000000000000000, 0.000000000000000000, -1.000000000000000000 ) ) ;
#8049 = AXIS2_PLACEMENT_3D ( 'NONE', #1886, #2838, #8225 ) ;
#8050 = EDGE_CURVE ( 'NONE', #11804, #7011, #10360, .T. ) ;
#8051 = VECTOR ( 'NONE', #2337, 1000.000000000000000 ) ;
#8052 = DIRECTION ( 'NONE',  ( -1.084202172485503818E-16, 0.000000000000000000, 1.000000000000000000 ) ) ;
#8053 = CARTESIAN_POINT ( 'NONE',  ( -25.55000000000000071, -17.50534825036275066, 28.25000000000000000 ) ) ;
#8054 = DIRECTION ( 'NONE',  ( 0.000000000000000000, 0.9083415329249426851, -0.4182291950158013027 ) ) ;
#8055 = LINE ( 'NONE', #9793, #4215 ) ;
#8056 = AXIS2_PLACEMENT_3D ( 'NONE', #11239, #7606, #10460 ) ;
#8057 = EDGE_LOOP ( 'NONE', ( #6966, #1040, #5205, #6254 ) ) ;
#8058 = CARTESIAN_POINT ( 'NONE',  ( 40.94999999999996732, -7.961793627161164899, -33.20436599194630389 ) ) ;
#8059 = CARTESIAN_POINT ( 'NONE',  ( 11.13652918165433903, -19.49861636147624111, -41.83416098965236074 ) ) ;
#8060 = AXIS2_PLACEMENT_3D ( 'NONE', #6101, #11604, #7911 ) ;
#8061 = AXIS2_PLACEMENT_3D ( 'NONE', #6435, #6264, #10083 ) ;
#8062 = EDGE_CURVE ( 'NONE', #2801, #10966, #7918, .T. ) ;
#8063 = CARTESIAN_POINT ( 'NONE',  ( 11.07104937508962017, -19.50220905587690012, -41.86977718983600028 ) ) ;
#8064 = AXIS2_PLACEMENT_3D ( 'NONE', #4294, #2508, #7053 ) ;
#8065 = EDGE_LOOP ( 'NONE', ( #8347, #5830 ) ) ;
#8066 = DIRECTION ( 'NONE',  ( 0.000000000000000000, 0.000000000000000000, 1.000000000000000000 ) ) ;
#8067 = ORIENTED_EDGE ( 'NONE', *, *, #4900, .T. ) ;
#8068 = PLANE ( 'NONE',  #8239 ) ;
#8069 = AXIS2_PLACEMENT_3D ( 'NONE', #8521, #3968, #7621 ) ;
#8070 = CARTESIAN_POINT ( 'NONE',  ( 40.94999999999939888, -7.348680660225761940, 28.97473926422332724 ) ) ;
#8071 = CARTESIAN_POINT ( 'NONE',  ( -40.95000000000000284, -3.705348250362780149, 41.45000000000000284 ) ) ;
#8072 = DIRECTION ( 'NONE',  ( 0.000000000000000000, 0.000000000000000000, -1.000000000000000000 ) ) ;
#8073 = DIRECTION ( 'NONE',  ( 0.000000000000000000, 0.000000000000000000, -1.000000000000000000 ) ) ;
#8074 = CARTESIAN_POINT ( 'NONE',  ( 39.88958231129516463, -16.99127634980770196, -33.87700833993566363 ) ) ;
#8075 = DIRECTION ( 'NONE',  ( 0.000000000000000000, 0.9083415329249426851, -0.4182291950158013027 ) ) ;
#8076 = CIRCLE ( 'NONE', #2164, 4.150000000000001243 ) ;
#8077 = ORIENTED_EDGE ( 'NONE', *, *, #4158, .T. ) ;
#8078 = ORIENTED_EDGE ( 'NONE', *, *, #9693, .F. ) ;
#8079 = FACE_OUTER_BOUND ( 'NONE', #6049, .T. ) ;
#8080 = AXIS2_PLACEMENT_3D ( 'NONE', #7639, #8538, #9436 ) ;
#8081 = VERTEX_POINT ( 'NONE', #2414 ) ;
#8082 = CARTESIAN_POINT ( 'NONE',  ( 27.75000000000000000, -19.67995875686899865, -26.55000000000000071 ) ) ;
#8083 = ORIENTED_EDGE ( 'NONE', *, *, #3612, .T. ) ;
#8084 = CARTESIAN_POINT ( 'NONE',  ( 11.21194801074588732, -19.50534825036275777, -41.70946785578935589 ) ) ;
#8085 = AXIS2_PLACEMENT_3D ( 'NONE', #1535, #7749, #5102 ) ;
#8086 = CARTESIAN_POINT ( 'NONE',  ( 21.94999999999999929, -19.50534825036275066, 20.75000000000000000 ) ) ;
#8087 = DIRECTION ( 'NONE',  ( 0.000000000000000000, -1.000000000000000000, 0.000000000000000000 ) ) ;
#8088 = FACE_BOUND ( 'NONE', #3184, .T. ) ;
#8089 = VERTEX_POINT ( 'NONE', #1279 ) ;
#8090 = CARTESIAN_POINT ( 'NONE',  ( 23.94999999999999929, -16.51385150205409857, 27.17781907207880110 ) ) ;
#8091 = ORIENTED_EDGE ( 'NONE', *, *, #10797, .T. ) ;
#8092 = CARTESIAN_POINT ( 'NONE',  ( 9.933060886537861123, -19.71209336871361373, -41.76213205662654815 ) ) ;
#8093 = DIRECTION ( 'NONE',  ( 0.000000000000000000, -1.000000000000000000, 0.000000000000000000 ) ) ;
#8094 = ORIENTED_EDGE ( 'NONE', *, *, #7901, .T. ) ;
#8095 = ORIENTED_EDGE ( 'NONE', *, *, #4508, .T. ) ;
#8096 = EDGE_CURVE ( 'NONE', #5343, #5098, #2069, .T. ) ;
#8097 = CARTESIAN_POINT ( 'NONE',  ( 42.95000000000000284, -13.35186151901900153, -7.767912975365779182 ) ) ;
#8098 = DIRECTION ( 'NONE',  ( 1.000000000000000000, -3.635804631495415109E-16, 0.000000000000000000 ) ) ;
#8099 = CARTESIAN_POINT ( 'NONE',  ( 40.02410612988280292, -17.11633560476835925, 28.02293709721186943 ) ) ;
#8100 = ADVANCED_FACE ( 'NONE', ( #9593 ), #2186, .F. ) ;
#8101 = VERTEX_POINT ( 'NONE', #7677 ) ;
#8102 = DIRECTION ( 'NONE',  ( 0.000000000000000000, -1.000000000000000000, 0.000000000000000000 ) ) ;
#8103 = ORIENTED_EDGE ( 'NONE', *, *, #9616, .F. ) ;
#8104 = CARTESIAN_POINT ( 'NONE',  ( -40.95000000000000284, -6.512581831794999943, -27.80393074040055268 ) ) ;
#8105 = DIRECTION ( 'NONE',  ( 0.000000000000000000, -1.000000000000000000, 0.000000000000000000 ) ) ;
#8106 = VERTEX_POINT ( 'NONE', #3376 ) ;
#8107 = CARTESIAN_POINT ( 'NONE',  ( 39.95000000000000284, -7.005348250362779972, -34.87555728527814836 ) ) ;
#8108 = CARTESIAN_POINT ( 'NONE',  ( 37.75000000000000000, -16.50534825036275066, 30.94999999999999929 ) ) ;
#8109 = EDGE_CURVE ( 'NONE', #4493, #5999, #1522, .T. ) ;
#8110 = FACE_OUTER_BOUND ( 'NONE', #3691, .T. ) ;
#8111 = DIRECTION ( 'NONE',  ( 0.000000000000000000, -1.000000000000000000, 0.000000000000000000 ) ) ;
#8112 = ORIENTED_EDGE ( 'NONE', *, *, #2524, .F. ) ;
#8113 = CARTESIAN_POINT ( 'NONE',  ( 40.95000000000003837, -7.413187704329646799, -32.99906065233103902 ) ) ;
#8114 = PLANE ( 'NONE',  #7026 ) ;
#8115 = ADVANCED_FACE ( 'NONE', ( #7735 ), #2233, .F. ) ;
#8116 = AXIS2_PLACEMENT_3D ( 'NONE', #10264, #9148, #5554 ) ;
#8117 = CARTESIAN_POINT ( 'NONE',  ( 11.01458040663769999, -19.51211695424829884, -41.70235082427945628 ) ) ;
#8118 = ORIENTED_EDGE ( 'NONE', *, *, #7494, .F. ) ;
#8119 = DIRECTION ( 'NONE',  ( 0.000000000000000000, 1.000000000000000000, 0.000000000000000000 ) ) ;
#8120 = CARTESIAN_POINT ( 'NONE',  ( 37.75000000000000000, -8.005348250362779083, 27.44999999999999929 ) ) ;
#8121 = VERTEX_POINT ( 'NONE', #4136 ) ;
#8122 = CARTESIAN_POINT ( 'NONE',  ( 40.95000000000000284, -5.483004286753399903, -10.99522170403592014 ) ) ;
#8123 = DIRECTION ( 'NONE',  ( 0.000000000000000000, 0.000000000000000000, -1.000000000000000000 ) ) ;
#8124 = CARTESIAN_POINT ( 'NONE',  ( 37.75000000000000000, -8.505348250362779083, 30.94999999999999929 ) ) ;
#8125 = DIRECTION ( 'NONE',  ( 0.000000000000000000, -1.000000000000000000, 0.000000000000000000 ) ) ;
#8126 = CARTESIAN_POINT ( 'NONE',  ( -40.05175240157936400, -17.13924982035510070, 28.01928743194705973 ) ) ;
#8127 = CARTESIAN_POINT ( 'NONE',  ( -42.95000000000000284, -6.511642939418550213, 10.47839609287466089 ) ) ;
#8128 = ORIENTED_EDGE ( 'NONE', *, *, #4069, .F. ) ;
#8129 = ORIENTED_EDGE ( 'NONE', *, *, #2844, .T. ) ;
#8130 = CARTESIAN_POINT ( 'NONE',  ( 40.95000000000000284, -6.005348250362779972, -29.76256579129610103 ) ) ;
#8131 = ORIENTED_EDGE ( 'NONE', *, *, #11179, .F. ) ;
#8132 = CARTESIAN_POINT ( 'NONE',  ( -40.95000000000000284, -13.35186151901900153, 20.23208702463425368 ) ) ;
#8133 = CARTESIAN_POINT ( 'NONE',  ( -40.94999999999998863, -7.542337520376659832, 33.11495458699500460 ) ) ;
#8134 = CARTESIAN_POINT ( 'NONE',  ( 37.75000000000000000, -8.505348250362779083, -30.94999999999999929 ) ) ;
#8135 = DIRECTION ( 'NONE',  ( 0.000000000000000000, 0.000000000000000000, 1.000000000000000000 ) ) ;
#8136 = FACE_BOUND ( 'NONE', #8520, .T. ) ;
#8137 = ORIENTED_EDGE ( 'NONE', *, *, #8050, .F. ) ;
#8138 = CARTESIAN_POINT ( 'NONE',  ( -40.95000000000000284, -17.50534825036275066, 41.45000000000000284 ) ) ;
#8139 = EDGE_LOOP ( 'NONE', ( #4531, #7684, #10055, #7626 ) ) ;
#8140 = CARTESIAN_POINT ( 'NONE',  ( -39.46111111111110148, -7.005348250362779972, 34.00321122188300649 ) ) ;
#8141 = DIRECTION ( 'NONE',  ( -0.000000000000000000, 1.000000000000000000, 0.000000000000000000 ) ) ;
#8142 = ORIENTED_EDGE ( 'NONE', *, *, #10636, .T. ) ;
#8143 = EDGE_LOOP ( 'NONE', ( #4385, #2580, #6917, #1815 ) ) ;
#8144 = B_SPLINE_CURVE_WITH_KNOTS ( 'NONE', 3,
 ( #11593, #7057, #8790, #5911, #5129, #1619, #2448, #5200, #8907, #3171, #8855, #728, #6814, #10688, #2274, #3409 ),
 .UNSPECIFIED., .F., .F.,
 ( 4, 2, 2, 2, 2, 2, 2, 4 ),
 ( 0.000000000000000000, 0.0009516729530753700135, 0.001427509429613054099, 0.001903345906150740027, 0.002379182382688424871, 0.002855018859226109932, 0.003330855335763794993, 0.003806691812301480054 ),
 .UNSPECIFIED. ) ;
#8145 = CARTESIAN_POINT ( 'NONE',  ( 39.68471225962109372, -16.77620175675782122, -27.98861365417231184 ) ) ;
#8146 = EDGE_CURVE ( 'NONE', #2984, #10691, #10265, .T. ) ;
#8147 = CARTESIAN_POINT ( 'NONE',  ( -40.95000000000000284, -6.812339080949070258, 9.825321660488040010 ) ) ;
#8148 = ORIENTED_EDGE ( 'NONE', *, *, #4891, .F. ) ;
#8149 = CARTESIAN_POINT ( 'NONE',  ( -39.95000000000000284, -7.005348250362779972, -32.13743420870380163 ) ) ;
#8150 = VERTEX_POINT ( 'NONE', #11316 ) ;
#8151 = CARTESIAN_POINT ( 'NONE',  ( -39.95000000000000284, -7.005348250362779972, -29.76256579129625024 ) ) ;
#8152 = CARTESIAN_POINT ( 'NONE',  ( -40.94999999999997442, -7.542434069134737129, 28.78497363082693994 ) ) ;
#8153 = EDGE_CURVE ( 'NONE', #9648, #2882, #11790, .T. ) ;
#8154 = ADVANCED_FACE ( 'NONE', ( #4264 ), #9461, .F. ) ;
#8155 = VECTOR ( 'NONE', #11383, 1000.000000000000000 ) ;
#8156 = FACE_OUTER_BOUND ( 'NONE', #3417, .T. ) ;
#8157 = FACE_OUTER_BOUND ( 'NONE', #1221, .T. ) ;
#8158 = ORIENTED_EDGE ( 'NONE', *, *, #3471, .T. ) ;
#8159 = CARTESIAN_POINT ( 'NONE',  ( 42.95000000000000284, -6.661991010183810680, 10.15185887668133979 ) ) ;
#8160 = CARTESIAN_POINT ( 'NONE',  ( 42.95000000000000284, -6.511642939418550213, 10.47839609287463958 ) ) ;
#8161 = EDGE_LOOP ( 'NONE', ( #9397, #6818, #4304, #6237 ) ) ;
#8162 = CARTESIAN_POINT ( 'NONE',  ( 21.94999999999999929, -19.50534825036275066, 18.35000000000000142 ) ) ;
#8163 = CARTESIAN_POINT ( 'NONE',  ( 11.13902634090125154, -19.49870508965650018, -41.83491959914056224 ) ) ;
#8164 = VERTEX_POINT ( 'NONE', #10532 ) ;
#8165 = DIRECTION ( 'NONE',  ( 0.000000000000000000, 0.000000000000000000, 1.000000000000000000 ) ) ;
#8166 = AXIS2_PLACEMENT_3D ( 'NONE', #2909, #6606, #7622 ) ;
#8167 = ORIENTED_EDGE ( 'NONE', *, *, #2960, .T. ) ;
#8168 = DIRECTION ( 'NONE',  ( 0.000000000000000000, -1.000000000000000000, 0.000000000000000000 ) ) ;
#8169 = EDGE_CURVE ( 'NONE', #6729, #9534, #9522, .T. ) ;
#8170 = CARTESIAN_POINT ( 'NONE',  ( 16.44999999999999929, -19.50534825036275066, 20.75000000000000000 ) ) ;
#8171 = EDGE_CURVE ( 'NONE', #3107, #11103, #3188, .T. ) ;
#8172 = VERTEX_POINT ( 'NONE', #5997 ) ;
#8173 = CARTESIAN_POINT ( 'NONE',  ( 9.629633609581478737, -20.00534825036275066, -40.21794919243114919 ) ) ;
#8174 = AXIS2_PLACEMENT_3D ( 'NONE', #5088, #11368, #9701 ) ;
#8175 = CARTESIAN_POINT ( 'NONE',  ( 27.75000000000000355, -19.65239166843943153, -25.28019862499531101 ) ) ;
#8176 = VECTOR ( 'NONE', #643, 1000.000000000000000 ) ;
#8177 = DIRECTION ( 'NONE',  ( 0.000000000000000000, -1.000000000000000000, 0.000000000000000000 ) ) ;
#8178 = CARTESIAN_POINT ( 'NONE',  ( 39.75390419759783356, -16.85223072134801470, -33.89497077542398529 ) ) ;
#8179 = DIRECTION ( 'NONE',  ( 0.000000000000000000, 0.000000000000000000, -1.000000000000000000 ) ) ;
#8180 = DIRECTION ( 'NONE',  ( 1.000000000000000000, -3.635804631495415109E-16, 0.000000000000000000 ) ) ;
#8181 = VERTEX_POINT ( 'NONE', #4980 ) ;
#8182 = ORIENTED_EDGE ( 'NONE', *, *, #3531, .T. ) ;
#8183 = DIRECTION ( 'NONE',  ( 0.000000000000000000, 0.000000000000000000, -1.000000000000000000 ) ) ;
#8184 = ORIENTED_EDGE ( 'NONE', *, *, #3595, .T. ) ;
#8185 = DIRECTION ( 'NONE',  ( 0.000000000000000000, 0.000000000000000000, 1.000000000000000000 ) ) ;
#8186 = VECTOR ( 'NONE', #8972, 1000.000000000000000 ) ;
#8187 = CARTESIAN_POINT ( 'NONE',  ( -28.25000000000000000, -17.50534825036275066, 21.85000000000000142 ) ) ;
#8188 = EDGE_CURVE ( 'NONE', #8427, #7194, #3022, .T. ) ;
#8189 = AXIS2_PLACEMENT_3D ( 'NONE', #1105, #6600, #6545 ) ;
#8190 = CARTESIAN_POINT ( 'NONE',  ( 11.23552595797827180, -19.50534825036275066, -41.74621124208977818 ) ) ;
#8191 = AXIS2_PLACEMENT_3D ( 'NONE', #11714, #2517, #3539 ) ;
#8192 = CYLINDRICAL_SURFACE ( 'NONE', #9961, 1.000000000000000888 ) ;
#8193 = DIRECTION ( 'NONE',  ( 0.000000000000000000, -1.000000000000000000, 0.000000000000000000 ) ) ;
#8194 = FACE_BOUND ( 'NONE', #9761, .T. ) ;
#8195 = CARTESIAN_POINT ( 'NONE',  ( 26.29936774347347139, -19.49539902858075280, -41.78598481316828384 ) ) ;
#8196 = ORIENTED_EDGE ( 'NONE', *, *, #4811, .T. ) ;
#8197 = DIRECTION ( 'NONE',  ( 1.000000000000000000, 0.000000000000000000, 0.000000000000000000 ) ) ;
#8198 = AXIS2_PLACEMENT_3D ( 'NONE', #4174, #1204, #3232 ) ;
#8199 = ORIENTED_EDGE ( 'NONE', *, *, #576, .T. ) ;
#8200 = ADVANCED_FACE ( 'NONE', ( #9651 ), #6832, .F. ) ;
#8201 = CARTESIAN_POINT ( 'NONE',  ( 10.12963360958146097, -20.00534825036275066, 1.098257076599039944E-15 ) ) ;
#8202 = VERTEX_POINT ( 'NONE', #5091 ) ;
#8203 = ORIENTED_EDGE ( 'NONE', *, *, #10992, .T. ) ;
#8204 = AXIS2_PLACEMENT_3D ( 'NONE', #3430, #8093, #9103 ) ;
#8205 = CIRCLE ( 'NONE', #9546, 1.999999999999998224 ) ;
#8206 = AXIS2_PLACEMENT_3D ( 'NONE', #3518, #6246, #11457 ) ;
#8207 = CARTESIAN_POINT ( 'NONE',  ( -42.95000000000000284, -6.812339080949070258, 2.825321660488040010 ) ) ;
#8208 = EDGE_CURVE ( 'NONE', #9488, #8923, #574, .T. ) ;
#8209 = CARTESIAN_POINT ( 'NONE',  ( 39.67947242695630194, -16.77029138366499339, -27.98716712640412752 ) ) ;
#8210 = DIRECTION ( 'NONE',  ( 0.000000000000000000, -1.000000000000000000, 0.000000000000000000 ) ) ;
#8211 = AXIS2_PLACEMENT_3D ( 'NONE', #10209, #2031, #4710 ) ;
#8212 = ORIENTED_EDGE ( 'NONE', *, *, #4735, .T. ) ;
#8213 = CYLINDRICAL_SURFACE ( 'NONE', #11015, 0.5000000000000004441 ) ;
#8214 = ORIENTED_EDGE ( 'NONE', *, *, #4115, .F. ) ;
#8215 = CARTESIAN_POINT ( 'NONE',  ( -40.94999999999995310, -7.978381175067198683, -28.70773097885416547 ) ) ;
#8216 = DIRECTION ( 'NONE',  ( 0.000000000000000000, 0.000000000000000000, -1.000000000000000000 ) ) ;
#8217 = EDGE_CURVE ( 'NONE', #6411, #268, #9707, .T. ) ;
#8218 = CIRCLE ( 'NONE', #416, 3.500000000000003109 ) ;
#8219 = DIRECTION ( 'NONE',  ( 0.000000000000000000, -0.9083415329249427961, 0.4182291950158013583 ) ) ;
#8220 = CARTESIAN_POINT ( 'NONE',  ( -40.95000000000000284, -7.378863233335909655, -34.76733361325665328 ) ) ;
#8221 = VERTEX_POINT ( 'NONE', #2470 ) ;
#8222 = ADVANCED_FACE ( 'NONE', ( #695 ), #1637, .F. ) ;
#8223 = PLANE ( 'NONE',  #3765 ) ;
#8224 = EDGE_CURVE ( 'NONE', #3934, #7954, #368, .T. ) ;
#8225 = DIRECTION ( 'NONE',  ( 1.000000000000000000, 0.000000000000000000, 0.000000000000000000 ) ) ;
#8226 = VERTEX_POINT ( 'NONE', #9766 ) ;
#8227 = CARTESIAN_POINT ( 'NONE',  ( 39.81116669259215257, -7.014182230866880197, -32.66460905595934605 ) ) ;
#8228 = DIRECTION ( 'NONE',  ( 0.000000000000000000, -1.000000000000000000, 0.000000000000000000 ) ) ;
#8229 = ORIENTED_EDGE ( 'NONE', *, *, #3471, .F. ) ;
#8230 = FACE_OUTER_BOUND ( 'NONE', #6467, .T. ) ;
#8231 = AXIS2_PLACEMENT_3D ( 'NONE', #5850, #7535, #10214 ) ;
#8232 = AXIS2_PLACEMENT_3D ( 'NONE', #210, #11309, #7493 ) ;
#8233 = EDGE_LOOP ( 'NONE', ( #9505, #10346, #9437, #9039, #4249, #11128, #383, #9141, #9416 ) ) ;
#8234 = FACE_OUTER_BOUND ( 'NONE', #7596, .T. ) ;
#8235 = ADVANCED_FACE ( 'NONE', ( #2643 ), #6175, .F. ) ;
#8236 = CARTESIAN_POINT ( 'NONE',  ( -22.84999999999999787, -17.50534825036275066, 20.15000000000000213 ) ) ;
#8237 = EDGE_LOOP ( 'NONE', ( #4010, #5066, #2722, #5817 ) ) ;
#8238 = CARTESIAN_POINT ( 'NONE',  ( 40.95000000000000284, -6.273199265817619441, 33.68380844900980264 ) ) ;
#8239 = AXIS2_PLACEMENT_3D ( 'NONE', #11752, #11703, #7165 ) ;
#8240 = CARTESIAN_POINT ( 'NONE',  ( 27.75000000000000711, -19.53150545628962931, -23.94132181185374719 ) ) ;
#8241 = VECTOR ( 'NONE', #10215, 1000.000000000000000 ) ;
#8242 = DIRECTION ( 'NONE',  ( 0.000000000000000000, 1.000000000000000000, 0.000000000000000000 ) ) ;
#8243 = CARTESIAN_POINT ( 'NONE',  ( 40.51285601835273553, -17.44283858908569229, -34.04879854512679316 ) ) ;
#8244 = CARTESIAN_POINT ( 'NONE',  ( -40.06949140573937029, -17.15422834692390808, 28.01728641506081274 ) ) ;
#8245 = EDGE_CURVE ( 'NONE', #10673, #7719, #8032, .T. ) ;
#8246 = DIRECTION ( 'NONE',  ( 0.000000000000000000, 0.000000000000000000, -1.000000000000000000 ) ) ;
#8247 = ORIENTED_EDGE ( 'NONE', *, *, #2739, .F. ) ;
#8248 = CARTESIAN_POINT ( 'NONE',  ( 40.95000000000000284, -6.160460651583099967, -28.51190790735484981 ) ) ;
#8249 = ORIENTED_EDGE ( 'NONE', *, *, #2637, .T. ) ;
#8250 = CARTESIAN_POINT ( 'NONE',  ( -40.95000000000000284, -6.023019247625780004, -29.12931191438079992 ) ) ;
#8251 = CIRCLE ( 'NONE', #812, 0.4999999999999995559 ) ;
#8252 = AXIS2_PLACEMENT_3D ( 'NONE', #11200, #1364, #2971 ) ;
#8253 = CIRCLE ( 'NONE', #2148, 1.750000000000001554 ) ;
#8254 = DIRECTION ( 'NONE',  ( 0.000000000000000000, 1.000000000000000000, 0.000000000000000000 ) ) ;
#8255 = CARTESIAN_POINT ( 'NONE',  ( 40.95000000000000284, -6.117194291692070074, 33.23347125673150515 ) ) ;
#8256 = CARTESIAN_POINT ( 'NONE',  ( 26.16386616652608055, -19.50037429007868184, -41.85019300822170152 ) ) ;
#8257 = EDGE_CURVE ( 'NONE', #10691, #7763, #10709, .T. ) ;
#8258 = CIRCLE ( 'NONE', #10155, 1.000000000000000888 ) ;
#8259 = DIRECTION ( 'NONE',  ( 0.000000000000000000, 0.000000000000000000, -1.000000000000000000 ) ) ;
#8260 = AXIS2_PLACEMENT_3D ( 'NONE', #7878, #5286, #11454 ) ;
#8261 = DIRECTION ( 'NONE',  ( 0.000000000000000000, -1.000000000000000000, 0.000000000000000000 ) ) ;
#8262 = B_SPLINE_CURVE_WITH_KNOTS ( 'NONE', 3,
 ( #4016, #4076, #4853, #3951, #1333, #8561, #209, #10401, #5628, #389, #11307, #453, #7726, #4971, #4728, #2885, #6534, #10173, #3846, #7492, #11122, #10226, #2045, #4256, #11421, #8739, #5989, #6895, #9584, #2526, #11552, #6824 ),
 .UNSPECIFIED., .F., .F.,
 ( 4, 2, 2, 2, 2, 2, 2, 2, 1, 1, 2, 2, 2, 2, 2, 2, 4 ),
 ( 0.000000000000000000, 0.1250000000000252021, 0.1875000000000369704, 0.2187500000000428546, 0.2343750000000442424, 0.2500000000000456302, 0.3750000000000160982, 0.4375000000000083822, 0.4687500000000040523, 0.4843750000000019429, 0.4921875000000043854, 0.5000000000000067724, 0.6250000000000053291, 0.6875000000000037748, 0.7187500000000079936, 0.7500000000000122125, 1.000000000000000000 ),
 .UNSPECIFIED. ) ;
#8263 = AXIS2_PLACEMENT_3D ( 'NONE', #3442, #7090, #703 ) ;
#8264 = FACE_OUTER_BOUND ( 'NONE', #11327, .T. ) ;
#8265 = EDGE_LOOP ( 'NONE', ( #154, #7459, #2349, #3291, #1149 ) ) ;
#8266 = DIRECTION ( 'NONE',  ( 0.000000000000000000, 0.000000000000000000, 1.000000000000000000 ) ) ;
#8267 = EDGE_CURVE ( 'NONE', #8395, #9622, #7414, .T. ) ;
#8268 = EDGE_LOOP ( 'NONE', ( #3016, #996, #9410, #2438, #9627 ) ) ;
#8269 = DIRECTION ( 'NONE',  ( 0.000000000000000000, 1.000000000000000000, 0.000000000000000000 ) ) ;
#8270 = VERTEX_POINT ( 'NONE', #4314 ) ;
#8271 = EDGE_LOOP ( 'NONE', ( #1075, #6799, #1396, #5358, #6310 ) ) ;
#8272 = AXIS2_PLACEMENT_3D ( 'NONE', #10304, #347, #10372 ) ;
#8273 = AXIS2_PLACEMENT_3D ( 'NONE', #5, #7520, #1065 ) ;
#8274 = CARTESIAN_POINT ( 'NONE',  ( 10.62963360958148051, -20.00534825036275066, -40.21794919243114919 ) ) ;
#8275 = DIRECTION ( 'NONE',  ( 0.000000000000000000, -1.000000000000000000, 0.000000000000000000 ) ) ;
#8276 = DIRECTION ( 'NONE',  ( 0.000000000000000000, -1.000000000000000000, 0.000000000000000000 ) ) ;
#8277 = AXIS2_PLACEMENT_3D ( 'NONE', #1881, #3795, #8219 ) ;
#8278 = ORIENTED_EDGE ( 'NONE', *, *, #6205, .F. ) ;
#8279 = CARTESIAN_POINT ( 'NONE',  ( 11.12801271748372223, -19.49913432209338993, -41.70330549118159524 ) ) ;
#8280 = ORIENTED_EDGE ( 'NONE', *, *, #11315, .T. ) ;
#8281 = VERTEX_POINT ( 'NONE', #3497 ) ;
#8282 = DIRECTION ( 'NONE',  ( 0.000000000000000000, 1.000000000000000000, 0.000000000000000000 ) ) ;
#8283 = CARTESIAN_POINT ( 'NONE',  ( -39.68683847464114933, -7.082904451479689278, 28.80173189810750145 ) ) ;
#8284 = DIRECTION ( 'NONE',  ( 0.000000000000000000, -1.000000000000000000, 0.000000000000000000 ) ) ;
#8285 = LINE ( 'NONE', #7384, #5694 ) ;
#8286 = ORIENTED_EDGE ( 'NONE', *, *, #3507, .F. ) ;
#8287 = CARTESIAN_POINT ( 'NONE',  ( -41.45000000000000284, -3.705348250362780149, -41.45000000000000284 ) ) ;
#8288 = CARTESIAN_POINT ( 'NONE',  ( 3.950745019243990352, -13.00534825036277908, 40.95000000000000284 ) ) ;
#8289 = ORIENTED_EDGE ( 'NONE', *, *, #662, .F. ) ;
#8290 = CARTESIAN_POINT ( 'NONE',  ( -37.75000000000000000, -19.00534825036275421, -30.94999999999999929 ) ) ;
#8291 = FACE_BOUND ( 'NONE', #11367, .T. ) ;
#8292 = CARTESIAN_POINT ( 'NONE',  ( 10.34253243444675974, -19.52439758109289514, -41.95000000000041496 ) ) ;
#8293 = EDGE_LOOP ( 'NONE', ( #11314, #2999, #11419, #985 ) ) ;
#8294 = CARTESIAN_POINT ( 'NONE',  ( 40.36051643000017464, -17.36382013792002610, 33.96369401896618712 ) ) ;
#8295 =( LENGTH_UNIT ( ) NAMED_UNIT ( * ) SI_UNIT ( .MILLI., .METRE. ) );
#8296 = ORIENTED_EDGE ( 'NONE', *, *, #5822, .T. ) ;
#8297 = CARTESIAN_POINT ( 'NONE',  ( -20.15000000000000213, -19.50534825036275066, 29.25000000000000000 ) ) ;
#8298 = CARTESIAN_POINT ( 'NONE',  ( 27.75000000000001066, -19.54345999448646154, -24.10338935091114720 ) ) ;
#8299 = CARTESIAN_POINT ( 'NONE',  ( 27.11861202866831277, -20.30793233188432012, -41.08465484503023646 ) ) ;
#8300 = CARTESIAN_POINT ( 'NONE',  ( 37.75000000000000000, -19.00534825036275421, -30.94999999999999929 ) ) ;
#8301 = DIRECTION ( 'NONE',  ( 0.000000000000000000, -1.000000000000000000, 0.000000000000000000 ) ) ;
#8302 = ADVANCED_FACE ( 'NONE', ( #7139 ), #5397, .F. ) ;
#8303 = LINE ( 'NONE', #10029, #3315 ) ;
#8304 = ORIENTED_EDGE ( 'NONE', *, *, #2406, .F. ) ;
#8305 = DIRECTION ( 'NONE',  ( 0.000000000000000000, 0.000000000000000000, -1.000000000000000000 ) ) ;
#8306 = ORIENTED_EDGE ( 'NONE', *, *, #5268, .F. ) ;
#8307 = CARTESIAN_POINT ( 'NONE',  ( -22.84999999999999787, -17.50534825036275066, 22.84999999999999787 ) ) ;
#8308 = EDGE_CURVE ( 'NONE', #8089, #6137, #748, .T. ) ;
#8309 = CARTESIAN_POINT ( 'NONE',  ( -39.60888837482379898, -7.174207604926520432, -28.51802659721355226 ) ) ;
#8310 = EDGE_CURVE ( 'NONE', #609, #3177, #1316, .T. ) ;
#8311 = CARTESIAN_POINT ( 'NONE',  ( 39.88358918499814365, -7.005348250362779972, 32.41936206027975231 ) ) ;
#8312 = CARTESIAN_POINT ( 'NONE',  ( 41.45000000000000284, -3.705348250362780149, -41.95000000000000284 ) ) ;
#8313 = CARTESIAN_POINT ( 'NONE',  ( 14.05000000000000071, -16.51385150205409857, 20.75000000000000000 ) ) ;
#8314 = DIRECTION ( 'NONE',  ( 0.000000000000000000, 0.000000000000000000, -1.000000000000000000 ) ) ;
#8315 = CARTESIAN_POINT ( 'NONE',  ( 26.35598237049106984, -19.50052549024211856, -41.81081589453968661 ) ) ;
#8316 = EDGE_LOOP ( 'NONE', ( #6607, #11054, #2734, #8118 ) ) ;
#8317 = DIRECTION ( 'NONE',  ( 0.000000000000000000, -1.000000000000000000, 0.000000000000000000 ) ) ;
#8318 = VERTEX_POINT ( 'NONE', #10767 ) ;
#8319 = CARTESIAN_POINT ( 'NONE',  ( 18.62963360958150005, -22.50590349045295113, -34.03619997939700426 ) ) ;
#8320 = ORIENTED_EDGE ( 'NONE', *, *, #4954, .T. ) ;
#8321 = ORIENTED_EDGE ( 'NONE', *, *, #3246, .F. ) ;
#8322 = EDGE_CURVE ( 'NONE', #681, #8101, #10246, .T. ) ;
#8323 = EDGE_CURVE ( 'NONE', #11670, #7516, #860, .T. ) ;
#8324 = EDGE_CURVE ( 'NONE', #4910, #5702, #9966, .T. ) ;
#8325 = CYLINDRICAL_SURFACE ( 'NONE', #6516, 1.000000000000000888 ) ;
#8326 = CARTESIAN_POINT ( 'NONE',  ( 42.95000000000000284, -13.20151344825372064, 20.55862424082754814 ) ) ;
#8327 = CARTESIAN_POINT ( 'NONE',  ( -37.75000000000000000, -19.50534825036275066, 30.94999999999999929 ) ) ;
#8328 = VERTEX_POINT ( 'NONE', #1274 ) ;
#8329 = CARTESIAN_POINT ( 'NONE',  ( -28.25000000000000000, -19.50534825036275066, 22.84999999999999787 ) ) ;
#8330 = ORIENTED_EDGE ( 'NONE', *, *, #6615, .T. ) ;
#8331 = ORIENTED_EDGE ( 'NONE', *, *, #11405, .T. ) ;
#8332 = DIRECTION ( 'NONE',  ( 0.000000000000000000, 0.000000000000000000, 1.000000000000000000 ) ) ;
#8333 = CARTESIAN_POINT ( 'NONE',  ( 40.95000000000000284, -6.343075220684900373, -33.82670502789989797 ) ) ;
#8334 = DIRECTION ( 'NONE',  ( -1.000000000000000000, 0.000000000000000000, 0.000000000000000000 ) ) ;
#8335 = CARTESIAN_POINT ( 'NONE',  ( -40.95000000000000284, -13.35186151901900153, 20.59157429275665052 ) ) ;
#8336 = ORIENTED_EDGE ( 'NONE', *, *, #10194, .T. ) ;
#8337 = PLANE ( 'NONE',  #7780 ) ;
#8338 = DIRECTION ( 'NONE',  ( 0.000000000000000000, 0.000000000000000000, -1.000000000000000000 ) ) ;
#8339 = EDGE_LOOP ( 'NONE', ( #7227, #1658, #3556, #7514 ) ) ;
#8340 = DIRECTION ( 'NONE',  ( -1.000000000000000000, 0.000000000000000000, 0.000000000000000000 ) ) ;
#8341 = CARTESIAN_POINT ( 'NONE',  ( 42.95000000000000284, -6.812339080949070258, 9.825321660488031128 ) ) ;
#8342 = CARTESIAN_POINT ( 'NONE',  ( 11.23126038989613740, -19.49205929406408799, -41.77222888874099738 ) ) ;
#8343 = VERTEX_POINT ( 'NONE', #8507 ) ;
#8344 = EDGE_CURVE ( 'NONE', #7763, #9666, #9879, .T. ) ;
#8345 = CARTESIAN_POINT ( 'NONE',  ( 40.36343340244056321, -17.36555547549419742, 33.96500721454575711 ) ) ;
#8346 = CIRCLE ( 'NONE', #3585, 1.000000000000000888 ) ;
#8347 = ORIENTED_EDGE ( 'NONE', *, *, #5374, .T. ) ;
#8348 = DIRECTION ( 'NONE',  ( 0.000000000000000000, -1.000000000000000000, 0.000000000000000000 ) ) ;
#8349 = ORIENTED_EDGE ( 'NONE', *, *, #5520, .F. ) ;
#8350 = EDGE_CURVE ( 'NONE', #1693, #3161, #11498, .T. ) ;
#8351 = DIRECTION ( 'NONE',  ( 0.000000000000000000, 0.000000000000000000, 1.000000000000000000 ) ) ;
#8352 = CIRCLE ( 'NONE', #8543, 0.5000000000000004441 ) ;
#8353 = CARTESIAN_POINT ( 'NONE',  ( 41.45000000000000284, -3.705348250362780149, 41.95000000000000284 ) ) ;
#8354 = CARTESIAN_POINT ( 'NONE',  ( 42.95000000000000284, -13.20151344825372064, -0.4413757591724690177 ) ) ;
#8355 = VECTOR ( 'NONE', #833, 1000.000000000000000 ) ;
#8356 = EDGE_CURVE ( 'NONE', #8395, #8404, #3133, .T. ) ;
#8357 = DIRECTION ( 'NONE',  ( 0.000000000000000000, 1.000000000000000000, 0.000000000000000000 ) ) ;
#8358 = DIRECTION ( 'NONE',  ( 0.000000000000000000, -1.000000000000000000, 0.000000000000000000 ) ) ;
#8359 = DIRECTION ( 'NONE',  ( 0.000000000000000000, -1.000000000000000000, 0.000000000000000000 ) ) ;
#8360 = ORIENTED_EDGE ( 'NONE', *, *, #5326, .F. ) ;
#8361 = CARTESIAN_POINT ( 'NONE',  ( 40.95000000000000284, -8.005348250362787965, -28.73120675179927375 ) ) ;
#8362 = ORIENTED_EDGE ( 'NONE', *, *, #9904, .F. ) ;
#8363 = LINE ( 'NONE', #11104, #8024 ) ;
#8364 = DIRECTION ( 'NONE',  ( 0.000000000000000000, 0.000000000000000000, -1.000000000000000000 ) ) ;
#8365 = ADVANCED_FACE ( 'NONE', ( #7846 ), #5036, .F. ) ;
#8366 = CARTESIAN_POINT ( 'NONE',  ( 40.95000000000000284, -6.512701307523449223, 34.09622984065590146 ) ) ;
#8367 = CARTESIAN_POINT ( 'NONE',  ( 26.02871130879342587, -19.50519811600032227, -41.90589662411747440 ) ) ;
#8368 = DIRECTION ( 'NONE',  ( 0.000000000000000000, 1.000000000000000000, 0.000000000000000000 ) ) ;
#8369 = CYLINDRICAL_SURFACE ( 'NONE', #805, 0.3594872681224064448 ) ;
#8370 = EDGE_CURVE ( 'NONE', #6219, #1508, #9515, .T. ) ;
#8371 = CARTESIAN_POINT ( 'NONE',  ( 26.03288335544194965, -19.50458643437340100, -41.90279988415199597 ) ) ;
#8372 = VECTOR ( 'NONE', #1921, 1000.000000000000000 ) ;
#8373 = ORIENTED_EDGE ( 'NONE', *, *, #9928, .T. ) ;
#8374 = FACE_OUTER_BOUND ( 'NONE', #8971, .T. ) ;
#8375 = VECTOR ( 'NONE', #8564, 1000.000000000000000 ) ;
#8376 = VERTEX_POINT ( 'NONE', #4973 ) ;
#8377 = CARTESIAN_POINT ( 'NONE',  ( -42.95000000000000284, -6.661991010183810680, 17.15185887668135223 ) ) ;
#8378 = EDGE_LOOP ( 'NONE', ( #8247, #2104, #9247, #9642 ) ) ;
#8379 = ORIENTED_EDGE ( 'NONE', *, *, #523, .F. ) ;
#8380 = CIRCLE ( 'NONE', #3800, 1.000000000000000888 ) ;
#8381 = AXIS2_PLACEMENT_3D ( 'NONE', #10838, #6304, #163 ) ;
#8382 = DIRECTION ( 'NONE',  ( 0.000000000000000000, 1.000000000000000000, 0.000000000000000000 ) ) ;
#8383 = CARTESIAN_POINT ( 'NONE',  ( 37.75000000000000000, -7.005348250362779972, -28.44999999999999929 ) ) ;
#8384 = CIRCLE ( 'NONE', #3234, 1.000000000000000888 ) ;
#8385 = CARTESIAN_POINT ( 'NONE',  ( -40.95000000000000284, -26.33923693824590018, 26.60764800600380298 ) ) ;
#8386 = ORIENTED_EDGE ( 'NONE', *, *, #11202, .T. ) ;
#8387 = LINE ( 'NONE', #216, #3600 ) ;
#8388 = EDGE_LOOP ( 'NONE', ( #10165, #8487, #9677, #10927 ) ) ;
#8389 = EDGE_CURVE ( 'NONE', #9323, #8172, #3230, .T. ) ;
#8390 = CARTESIAN_POINT ( 'NONE',  ( 40.95000000000000284, -6.963298601731190196, -34.54423305348660023 ) ) ;
#8391 = CIRCLE ( 'NONE', #1530, 3.499999999999999556 ) ;
#8392 = AXIS2_PLACEMENT_3D ( 'NONE', #8492, #4114, #10568 ) ;
#8393 = FACE_OUTER_BOUND ( 'NONE', #6480, .T. ) ;
#8394 = DIRECTION ( 'NONE',  ( -1.000000000000000000, 0.000000000000000000, 0.000000000000000000 ) ) ;
#8395 = VERTEX_POINT ( 'NONE', #6826 ) ;
#8396 = VECTOR ( 'NONE', #11036, 1000.000000000000000 ) ;
#8397 = CARTESIAN_POINT ( 'NONE',  ( 27.34472436521629746, -19.49020791476959857, -42.12633265820684869 ) ) ;
#8398 = DIRECTION ( 'NONE',  ( 0.000000000000000000, 0.000000000000000000, 1.000000000000000000 ) ) ;
#8399 = EDGE_CURVE ( 'NONE', #3179, #3527, #3952, .T. ) ;
#8400 = ORIENTED_EDGE ( 'NONE', *, *, #10630, .T. ) ;
#8401 = CARTESIAN_POINT ( 'NONE',  ( 24.35000000000000142, -17.50534825036275066, 41.45000000000000284 ) ) ;
#8402 = CARTESIAN_POINT ( 'NONE',  ( -28.25000000000000000, -19.50534825036275066, 20.15000000000000213 ) ) ;
#8403 = AXIS2_PLACEMENT_3D ( 'NONE', #3984, #8599, #10430 ) ;
#8404 = VERTEX_POINT ( 'NONE', #4856 ) ;
#8405 = CARTESIAN_POINT ( 'NONE',  ( 11.14130945187115884, -19.49879875206190150, -41.83573286813254555 ) ) ;
#8406 = EDGE_CURVE ( 'NONE', #5081, #6350, #5888, .T. ) ;
#8407 = ORIENTED_EDGE ( 'NONE', *, *, #5665, .F. ) ;
#8408 = CARTESIAN_POINT ( 'NONE',  ( -28.25000000000000000, -17.50534825036275066, 29.25000000000000000 ) ) ;
#8409 = AXIS2_PLACEMENT_3D ( 'NONE', #6941, #5969, #11282 ) ;
#8410 = AXIS2_PLACEMENT_3D ( 'NONE', #8917, #740, #11362 ) ;
#8411 = AXIS2_PLACEMENT_3D ( 'NONE', #3584, #9137, #843 ) ;
#8412 = ORIENTED_EDGE ( 'NONE', *, *, #7600, .F. ) ;
#8413 = DIRECTION ( 'NONE',  ( 0.000000000000000000, -1.000000000000000000, 0.000000000000000000 ) ) ;
#8414 = VERTEX_POINT ( 'NONE', #7605 ) ;
#8415 = CARTESIAN_POINT ( 'NONE',  ( -41.45000000000000284, -19.50534825036275066, -41.45000000000000284 ) ) ;
#8416 = CARTESIAN_POINT ( 'NONE',  ( 37.75000000000000000, -17.50534825036275066, -26.45000000000000284 ) ) ;
#8417 = EDGE_CURVE ( 'NONE', #1099, #2679, #11310, .T. ) ;
#8418 = STYLED_ITEM ( 'NONE', ( #2474 ), #5872 ) ;
#8419 = VECTOR ( 'NONE', #1082, 1000.000000000000227 ) ;
#8420 = DIRECTION ( 'NONE',  ( 0.000000000000000000, 0.05233595624294379994, -0.9986295347545739443 ) ) ;
#8421 = CARTESIAN_POINT ( 'NONE',  ( 26.62963360958148229, -20.50534825036275421, -40.21794919243114919 ) ) ;
#8422 = ORIENTED_EDGE ( 'NONE', *, *, #2557, .F. ) ;
#8423 = AXIS2_PLACEMENT_3D ( 'NONE', #7015, #4257, #2527 ) ;
#8424 = CARTESIAN_POINT ( 'NONE',  ( 39.51564569539500127, -7.420678533526070098, 28.14443739580609716 ) ) ;
#8425 = ORIENTED_EDGE ( 'NONE', *, *, #2344, .F. ) ;
#8426 = CARTESIAN_POINT ( 'NONE',  ( -30.94999999999999929, -17.50534825036275066, 23.85000000000000142 ) ) ;
#8427 = VERTEX_POINT ( 'NONE', #6714 ) ;
#8428 = DIRECTION ( 'NONE',  ( 0.000000000000000000, -1.000000000000000000, 0.000000000000000000 ) ) ;
#8429 = CARTESIAN_POINT ( 'NONE',  ( -30.94999999999999929, -17.50534825036275066, 25.55000000000000071 ) ) ;
#8430 = AXIS2_PLACEMENT_3D ( 'NONE', #8549, #196, #4716 ) ;
#8431 = CARTESIAN_POINT ( 'NONE',  ( 40.95000000000000284, -7.236041226059550802, 34.70580221810934063 ) ) ;
#8432 = CARTESIAN_POINT ( 'NONE',  ( 26.20586828133188462, -19.50325096446639606, -41.88504271226990028 ) ) ;
#8433 = CARTESIAN_POINT ( 'NONE',  ( -25.55000000000000071, -17.50534825036275066, 21.85000000000000142 ) ) ;
#8434 = DIRECTION ( 'NONE',  ( 0.000000000000000000, 0.000000000000000000, -1.000000000000000000 ) ) ;
#8435 = DIRECTION ( 'NONE',  ( 0.000000000000000000, 0.000000000000000000, -1.000000000000000000 ) ) ;
#8436 = AXIS2_PLACEMENT_3D ( 'NONE', #10950, #2889, #7255 ) ;
#8437 = ORIENTED_EDGE ( 'NONE', *, *, #2605, .F. ) ;
#8438 = DIRECTION ( 'NONE',  ( 0.000000000000000000, -1.000000000000000000, 0.000000000000000000 ) ) ;
#8439 = VECTOR ( 'NONE', #1401, 1000.000000000000000 ) ;
#8440 = EDGE_CURVE ( 'NONE', #9921, #10913, #1456, .T. ) ;
#8441 = EDGE_LOOP ( 'NONE', ( #11774, #11140, #7121, #5457, #1621 ) ) ;
#8442 = CARTESIAN_POINT ( 'NONE',  ( 13.12963360958147874, -14.50534825036275954, -39.53619997939700426 ) ) ;
#8443 = ORIENTED_EDGE ( 'NONE', *, *, #7292, .T. ) ;
#8444 = EDGE_LOOP ( 'NONE', ( #6668, #2907 ) ) ;
#8445 = VERTEX_POINT ( 'NONE', #4019 ) ;
#8446 = VECTOR ( 'NONE', #4367, 1000.000000000000000 ) ;
#8447 = VECTOR ( 'NONE', #9321, 1000.000000000000227 ) ;
#8448 = CARTESIAN_POINT ( 'NONE',  ( 10.99665035108847988, -19.52045263653240070, -41.62123459430110017 ) ) ;
#8449 = CARTESIAN_POINT ( 'NONE',  ( -37.75000000000000000, -2.505348250362775087, -31.85000000000000497 ) ) ;
#8450 = CARTESIAN_POINT ( 'NONE',  ( 39.60885351933612952, -7.174264602943290825, 33.38210503028233944 ) ) ;
#8451 = EDGE_LOOP ( 'NONE', ( #9002, #8668, #5985, #9312 ) ) ;
#8452 = LINE ( 'NONE', #282, #2822 ) ;
#8453 = ADVANCED_FACE ( 'NONE', ( #6776 ), #10525, .F. ) ;
#8454 = ORIENTED_EDGE ( 'NONE', *, *, #9656, .T. ) ;
#8455 = CARTESIAN_POINT ( 'NONE',  ( -30.94999999999999929, -19.50534825036275066, 28.25000000000000000 ) ) ;
#8456 = CARTESIAN_POINT ( 'NONE',  ( -30.94999999999999929, -19.50534825036275066, 21.85000000000000142 ) ) ;
#8457 = CIRCLE ( 'NONE', #5772, 0.4999999999999995559 ) ;
#8458 = CIRCLE ( 'NONE', #9985, 1.000000000000000888 ) ;
#8459 = EDGE_CURVE ( 'NONE', #976, #3537, #9456, .T. ) ;
#8460 = VECTOR ( 'NONE', #10490, 1000.000000000000000 ) ;
#8461 = DIRECTION ( 'NONE',  ( 0.000000000000000000, -1.000000000000000000, 0.000000000000000000 ) ) ;
#8462 = CARTESIAN_POINT ( 'NONE',  ( -39.47402740632239926, -7.693141371029160069, -33.94217499631249524 ) ) ;
#8464 = ORIENTED_EDGE ( 'NONE', *, *, #7828, .F. ) ;
#8463 = EDGE_CURVE ( 'NONE', #831, #2404, #7783, .T. ) ;
#8465 = AXIS2_PLACEMENT_3D ( 'NONE', #2728, #8334, #10059 ) ;
#8466 = CARTESIAN_POINT ( 'NONE',  ( 27.62350594357375044, -19.92536508741935108, -40.93848502483679397 ) ) ;
#8467 = DIRECTION ( 'NONE',  ( 0.000000000000000000, -1.000000000000000000, 0.000000000000000000 ) ) ;
#8468 = ORIENTED_EDGE ( 'NONE', *, *, #7869, .T. ) ;
#8469 = CARTESIAN_POINT ( 'NONE',  ( 14.44999999999999929, -16.51385150205409857, 27.17781907207880110 ) ) ;
#8470 = CARTESIAN_POINT ( 'NONE',  ( 37.75000000000000000, -17.50534825036275066, -30.94999999999999929 ) ) ;
#8471 = ORIENTED_EDGE ( 'NONE', *, *, #6632, .T. ) ;
#8472 = CARTESIAN_POINT ( 'NONE',  ( 11.28271889498713954, -19.52083218019384958, -41.70193071393060080 ) ) ;
#8473 = ORIENTED_EDGE ( 'NONE', *, *, #3877, .F. ) ;
#8474 = CARTESIAN_POINT ( 'NONE',  ( 39.51564569539510785, -7.420678533526039011, -33.75556260419379839 ) ) ;
#8475 = EDGE_CURVE ( 'NONE', #130, #8910, #11422, .T. ) ;
#8476 = CARTESIAN_POINT ( 'NONE',  ( -40.95000000000000284, -6.661991010183810680, 10.15185887668133979 ) ) ;
#8477 = DIRECTION ( 'NONE',  ( 0.000000000000000000, 1.000000000000000000, 0.000000000000000000 ) ) ;
#8478 = CARTESIAN_POINT ( 'NONE',  ( 40.95000000000000284, -7.684732944839810287, -27.04686855990790306 ) ) ;
#8479 = DIRECTION ( 'NONE',  ( 0.000000000000000000, -1.000000000000000000, 0.000000000000000000 ) ) ;
#8480 = EDGE_CURVE ( 'NONE', #3019, #1006, #6823, .T. ) ;
#8481 = ORIENTED_EDGE ( 'NONE', *, *, #10204, .T. ) ;
#8482 = LINE ( 'NONE', #4883, #3196 ) ;
#8483 = ORIENTED_EDGE ( 'NONE', *, *, #2684, .T. ) ;
#8484 = CARTESIAN_POINT ( 'NONE',  ( 9.824201470647855317, -19.52115732454872798, -41.85471004566116449 ) ) ;
#8485 = ORIENTED_EDGE ( 'NONE', *, *, #9863, .T. ) ;
#8486 = CARTESIAN_POINT ( 'NONE',  ( 21.94999999999999929, -17.50534825036275066, 18.35000000000000142 ) ) ;
#8487 = ORIENTED_EDGE ( 'NONE', *, *, #7023, .F. ) ;
#8488 = CARTESIAN_POINT ( 'NONE',  ( -37.75000000000000000, -7.005348250362779972, -28.44999999999999929 ) ) ;
#8489 = EDGE_CURVE ( 'NONE', #10764, #2642, #3182, .T. ) ;
#8490 = CYLINDRICAL_SURFACE ( 'NONE', #6732, 3.500000000000003109 ) ;
#8491 = CARTESIAN_POINT ( 'NONE',  ( 40.94999999999996021, -7.413266357537185769, 32.99914551648762995 ) ) ;
#8492 = CARTESIAN_POINT ( 'NONE',  ( 11.12963360958147874, -20.00534825036275066, -25.94999999999999929 ) ) ;
#8493 = CARTESIAN_POINT ( 'NONE',  ( 11.28729910199949948, -19.50534825036275066, -41.95000000000000284 ) ) ;
#8494 = DIRECTION ( 'NONE',  ( 1.000000000000000000, -3.635804631495415109E-16, 0.000000000000000000 ) ) ;
#8495 = CARTESIAN_POINT ( 'NONE',  ( 41.45000000000000284, -19.68291636587315097, -41.83452994616209963 ) ) ;
#8496 = VERTEX_POINT ( 'NONE', #11424 ) ;
#8497 = CARTESIAN_POINT ( 'NONE',  ( -37.75000000000000000, -7.005348250362779972, -30.94999999999999929 ) ) ;
#8498 = VERTEX_POINT ( 'NONE', #5085 ) ;
#8499 = DIRECTION ( 'NONE',  ( 0.000000000000000000, -1.734723475976805517E-15, -1.000000000000000000 ) ) ;
#8500 = ORIENTED_EDGE ( 'NONE', *, *, #6597, .T. ) ;
#8501 = VERTEX_POINT ( 'NONE', #567 ) ;
#8502 = VERTEX_POINT ( 'NONE', #9979 ) ;
#8503 = EDGE_CURVE ( 'NONE', #2404, #9590, #11777, .T. ) ;
#8504 = ADVANCED_FACE ( 'NONE', ( #690 ), #4141, .T. ) ;
#8505 = CARTESIAN_POINT ( 'NONE',  ( 10.96297619588013639, -19.52817025965083175, -41.96954009643945227 ) ) ;
#8506 = CARTESIAN_POINT ( 'NONE',  ( -30.94999999999999929, -19.50534825036275066, 27.25000000000000000 ) ) ;
#8507 = CARTESIAN_POINT ( 'NONE',  ( 2.950745019243989908, -14.50534825036277908, 42.95000000000000284 ) ) ;
#8508 = LINE ( 'NONE', #3134, #58 ) ;
#8509 = ORIENTED_EDGE ( 'NONE', *, *, #1496, .T. ) ;
#8510 = CARTESIAN_POINT ( 'NONE',  ( 10.56267211925522176, -19.64451167958201339, -41.82361319395970867 ) ) ;
#8511 = EDGE_CURVE ( 'NONE', #9142, #3956, #10436, .T. ) ;
#8512 = ORIENTED_EDGE ( 'NONE', *, *, #631, .F. ) ;
#8513 = DIRECTION ( 'NONE',  ( -1.000000000000000000, 0.000000000000000000, 0.000000000000000000 ) ) ;
#8514 = DIRECTION ( 'NONE',  ( 0.000000000000000000, 0.000000000000000000, -1.000000000000000000 ) ) ;
#8515 = CARTESIAN_POINT ( 'NONE',  ( -39.46111111111110148, -8.005348250362779083, 34.00321122188300649 ) ) ;
#8516 = CARTESIAN_POINT ( 'NONE',  ( -40.95000000000003126, -7.998361893814707635, -33.17445346302346820 ) ) ;
#8517 = EDGE_CURVE ( 'NONE', #2309, #2801, #5318, .T. ) ;
#8518 = DIRECTION ( 'NONE',  ( 0.000000000000000000, 0.000000000000000000, 1.000000000000000000 ) ) ;
#8519 = CARTESIAN_POINT ( 'NONE',  ( 40.58665574077367921, -17.47200976434832498, 27.79647182691896390 ) ) ;
#8520 = EDGE_LOOP ( 'NONE', ( #3668, #3701, #1565, #2945, #8286, #2060, #6332, #4260, #987, #2468 ) ) ;
#8521 = CARTESIAN_POINT ( 'NONE',  ( -20.15000000000000213, -17.50534825036275066, 22.84999999999999787 ) ) ;
#8522 = DIRECTION ( 'NONE',  ( 1.000000000000000000, 0.000000000000000000, 0.000000000000000000 ) ) ;
#8523 = EDGE_CURVE ( 'NONE', #2912, #5109, #1285, .T. ) ;
#8524 = VERTEX_POINT ( 'NONE', #6104 ) ;
#8525 = CARTESIAN_POINT ( 'NONE',  ( 11.35160735201686144, -19.49978104247379562, -41.80634204986747449 ) ) ;
#8526 = ORIENTED_EDGE ( 'NONE', *, *, #662, .T. ) ;
#8527 = EDGE_CURVE ( 'NONE', #6171, #4334, #5433, .T. ) ;
#8528 = LINE ( 'NONE', #5781, #9558 ) ;
#8529 = ORIENTED_EDGE ( 'NONE', *, *, #9384, .F. ) ;
#8530 = CARTESIAN_POINT ( 'NONE',  ( 37.75000000000000000, -16.50534825036275066, -30.94999999999999929 ) ) ;
#8531 = ORIENTED_EDGE ( 'NONE', *, *, #9822, .T. ) ;
#8532 = CARTESIAN_POINT ( 'NONE',  ( 40.95000000000000284, -8.005348250362779083, -27.02444271472185022 ) ) ;
#8533 = FACE_BOUND ( 'NONE', #11118, .T. ) ;
#8534 = ORIENTED_EDGE ( 'NONE', *, *, #2992, .F. ) ;
#8535 = DIRECTION ( 'NONE',  ( 7.304098846218133681E-16, 0.000000000000000000, -1.000000000000000000 ) ) ;
#8536 = CARTESIAN_POINT ( 'NONE',  ( 18.62963360958150005, -22.29256159040334850, -34.03619997939700426 ) ) ;
#8537 = VERTEX_POINT ( 'NONE', #5146 ) ;
#8538 = DIRECTION ( 'NONE',  ( -1.000000000000000000, 0.000000000000000000, 0.000000000000000000 ) ) ;
#8539 = ORIENTED_EDGE ( 'NONE', *, *, #10281, .T. ) ;
#8540 = ADVANCED_FACE ( 'NONE', ( #3645 ), #8737, .F. ) ;
#8541 = CARTESIAN_POINT ( 'NONE',  ( -37.75000000000000000, -8.005348250362779083, 28.44999999999999929 ) ) ;
#8542 = ADVANCED_FACE ( 'NONE', ( #7405 ), #1848, .F. ) ;
#8543 = AXIS2_PLACEMENT_3D ( 'NONE', #8287, #166, #6547 ) ;
#8544 = FACE_OUTER_BOUND ( 'NONE', #6567, .T. ) ;
#8545 = CARTESIAN_POINT ( 'NONE',  ( 37.75000000000000000, -8.505348250362779083, -30.05000000000000071 ) ) ;
#8546 = CIRCLE ( 'NONE', #3397, 2.499999999999998668 ) ;
#8547 = CARTESIAN_POINT ( 'NONE',  ( 9.629633609581478737, -20.00534825036275066, -40.21794919243114919 ) ) ;
#8548 = DIRECTION ( 'NONE',  ( -1.000000000000000000, 0.000000000000000000, 1.674039542559039894E-16 ) ) ;
#8549 = CARTESIAN_POINT ( 'NONE',  ( -25.55000000000000071, -19.50534825036275066, 25.55000000000000071 ) ) ;
#8550 = DIRECTION ( 'NONE',  ( 0.000000000000000000, -1.000000000000000000, 0.000000000000000000 ) ) ;
#8551 = ORIENTED_EDGE ( 'NONE', *, *, #9435, .T. ) ;
#8552 = CARTESIAN_POINT ( 'NONE',  ( 41.45000000000000284, -18.50534825036275421, 41.95000000000000284 ) ) ;
#8553 = ORIENTED_EDGE ( 'NONE', *, *, #5712, .F. ) ;
#8554 = DIRECTION ( 'NONE',  ( 0.000000000000000000, -1.000000000000000000, 0.000000000000000000 ) ) ;
#8555 = ORIENTED_EDGE ( 'NONE', *, *, #2703, .T. ) ;
#8556 = VERTEX_POINT ( 'NONE', #11030 ) ;
#8557 = EDGE_CURVE ( 'NONE', #840, #1500, #2749, .T. ) ;
#8558 = ORIENTED_EDGE ( 'NONE', *, *, #5198, .F. ) ;
#8559 =( BOUNDED_SURFACE ( )  B_SPLINE_SURFACE ( 3, 2, ( 
 ( #2089, #135, #9210 ),
 ( #7305, #4599, #1027 ),
 ( #10933, #2757, #192 ),
 ( #4659, #85, #10210 ),
 ( #3766, #2806, #7531 ),
 ( #6391, #3829, #1855 ) ),
 .UNSPECIFIED., .F., .F., .T. ) 
 B_SPLINE_SURFACE_WITH_KNOTS ( ( 4, 2, 4 ),
 ( 3, 3 ),
 ( 0.003472264917602119801, 0.003818391260531939745, 0.004164517603461760122 ),
 ( 0.000000000000000000, 1.000000000000000000 ),
 .UNSPECIFIED. ) 
 GEOMETRIC_REPRESENTATION_ITEM ( )  RATIONAL_B_SPLINE_SURFACE ( (
 ( 1.000000000000000000, 0.8712116545186130434, 1.000000000000000000),
 ( 1.000000000000000000, 0.8883859129284190637, 1.000000000000000000),
 ( 1.000000000000000000, 0.9032985997263389688, 1.000000000000000000),
 ( 1.000000000000000000, 0.9247575386192250502, 1.000000000000000000),
 ( 1.000000000000000000, 0.9309855386261179921, 1.000000000000000000),
 ( 1.000000000000000000, 0.9309493362512629711, 1.000000000000000000) ) ) 
 REPRESENTATION_ITEM ( '' )  SURFACE ( )  );
#8560 = AXIS2_PLACEMENT_3D ( 'NONE', #11556, #4369, #10644 ) ;
#8561 = CARTESIAN_POINT ( 'NONE',  ( 26.44247828235559794, -19.61500793584940183, -41.53429401634480911 ) ) ;
#8562 = CIRCLE ( 'NONE', #9316, 0.8999999999999980238 ) ;
#8563 = FACE_OUTER_BOUND ( 'NONE', #2645, .T. ) ;
#8564 = DIRECTION ( 'NONE',  ( 0.000000000000000000, -1.000000000000000000, 0.000000000000000000 ) ) ;
#8565 = DIRECTION ( 'NONE',  ( -1.000000000000000000, 0.000000000000000000, 0.000000000000000000 ) ) ;
#8566 = EDGE_CURVE ( 'NONE', #791, #2755, #9543, .T. ) ;
#8567 = ORIENTED_EDGE ( 'NONE', *, *, #4958, .F. ) ;
#8568 = CARTESIAN_POINT ( 'NONE',  ( 9.129633609581468079, -20.00534825036275066, -40.21794919243114919 ) ) ;
#8569 = ORIENTED_EDGE ( 'NONE', *, *, #11680, .T. ) ;
#8570 = DIRECTION ( 'NONE',  ( 0.000000000000000000, -1.000000000000000000, 0.000000000000000000 ) ) ;
#8571 = CARTESIAN_POINT ( 'NONE',  ( 9.635761275589189268, -19.92536508741935108, -40.93848502483674423 ) ) ;
#8572 = EDGE_CURVE ( 'NONE', #7528, #2043, #427, .T. ) ;
#8573 = AXIS2_PLACEMENT_3D ( 'NONE', #3077, #7553, #5760 ) ;
#8574 = CARTESIAN_POINT ( 'NONE',  ( -40.95000000000001705, -7.998409371094639120, 33.17438844012300336 ) ) ;
#8575 = EDGE_CURVE ( 'NONE', #3569, #5013, #8346, .T. ) ;
#8576 = CARTESIAN_POINT ( 'NONE',  ( -40.95000000000003126, -7.908497164569849858, -33.22299055225305153 ) ) ;
#8577 = AXIS2_PLACEMENT_3D ( 'NONE', #10489, #1185, #303 ) ;
#8578 = ORIENTED_EDGE ( 'NONE', *, *, #6292, .T. ) ;
#8579 = DIRECTION ( 'NONE',  ( 0.000000000000000000, 0.000000000000000000, -1.000000000000000000 ) ) ;
#8580 = DIRECTION ( 'NONE',  ( -1.000000000000000000, 0.000000000000000000, 1.674039542559039894E-16 ) ) ;
#8581 = FACE_OUTER_BOUND ( 'NONE', #9048, .T. ) ;
#8582 = AXIS2_PLACEMENT_3D ( 'NONE', #8033, #6286, #10943 ) ;
#8583 = VERTEX_POINT ( 'NONE', #7524 ) ;
#8584 = DIRECTION ( 'NONE',  ( 0.000000000000000000, -1.000000000000000000, 0.000000000000000000 ) ) ;
#8585 = CARTESIAN_POINT ( 'NONE',  ( -40.95000000000000284, -8.005348250362779083, 27.02444271472190351 ) ) ;
#8586 = EDGE_LOOP ( 'NONE', ( #3787, #11355, #7659, #6741 ) ) ;
#8587 = DIRECTION ( 'NONE',  ( 0.000000000000000000, 0.9083415329249426851, -0.4182291950158013027 ) ) ;
#8588 = EDGE_CURVE ( 'NONE', #681, #10203, #8482, .T. ) ;
#8589 = VERTEX_POINT ( 'NONE', #9434 ) ;
#8590 = VECTOR ( 'NONE', #6909, 1000.000000000000000 ) ;
#8591 = DIRECTION ( 'NONE',  ( -1.000000000000000000, 0.000000000000000000, 0.000000000000000000 ) ) ;
#8592 = ORIENTED_EDGE ( 'NONE', *, *, #2265, .F. ) ;
#8593 = AXIS2_PLACEMENT_3D ( 'NONE', #6390, #6442, #9313 ) ;
#8594 = ADVANCED_FACE ( 'NONE', ( #10256 ), #4941, .T. ) ;
#8595 = DIRECTION ( 'NONE',  ( 0.000000000000000000, -1.000000000000000000, 0.000000000000000000 ) ) ;
#8596 = VERTEX_POINT ( 'NONE', #2026 ) ;
#8597 = EDGE_CURVE ( 'NONE', #11173, #7321, #2859, .T. ) ;
#8598 = CARTESIAN_POINT ( 'NONE',  ( -41.45000000000000284, -3.705348250362780149, 41.45000000000000284 ) ) ;
#8599 = DIRECTION ( 'NONE',  ( 1.000000000000000000, 0.000000000000000000, 0.000000000000000000 ) ) ;
#8600 = VERTEX_POINT ( 'NONE', #11208 ) ;
#8601 = FACE_BOUND ( 'NONE', #887, .T. ) ;
#8602 = CARTESIAN_POINT ( 'NONE',  ( -28.25000000000000000, -17.50534825036275066, 22.84999999999999787 ) ) ;
#8603 = DIRECTION ( 'NONE',  ( -1.000000000000000000, 0.000000000000000000, 1.674039542559039894E-16 ) ) ;
#8604 = AXIS2_PLACEMENT_3D ( 'NONE', #4468, #2505, #1554 ) ;
#8605 = VECTOR ( 'NONE', #9977, 1000.000000000000000 ) ;
#8606 = B_SPLINE_CURVE_WITH_KNOTS ( 'NONE', 3,
 ( #7178, #9922, #4420, #10632, #4481, #10757, #9864, #10695, #3593, #7957, #6217, #11766, #1806, #11657 ),
 .UNSPECIFIED., .F., .F.,
 ( 4, 2, 2, 1, 1, 2, 2, 4 ),
 ( 0.000000000000000000, 0.2499999999999730771, 0.3749999999999595879, 0.4374999999999437672, 0.4687499999999397704, 0.4843749999999449884, 0.4999999999999502620, 1.000000000000000000 ),
 .UNSPECIFIED. ) ;
#8607 = ORIENTED_EDGE ( 'NONE', *, *, #4086, .T. ) ;
#8608 = DIRECTION ( 'NONE',  ( 0.000000000000000000, 0.000000000000000000, -1.000000000000000000 ) ) ;
#8609 = DIRECTION ( 'NONE',  ( 0.000000000000000000, -1.000000000000000000, 0.000000000000000000 ) ) ;
#8610 = EDGE_CURVE ( 'NONE', #836, #11293, #2269, .T. ) ;
#8611 = LINE ( 'NONE', #613, #6880 ) ;
#8612 = VECTOR ( 'NONE', #9478, 1000.000000000000000 ) ;
#8613 = VECTOR ( 'NONE', #8618, 1000.000000000000000 ) ;
#8614 = CARTESIAN_POINT ( 'NONE',  ( -20.15000000000000213, -17.50534825036275066, 25.55000000000000071 ) ) ;
#8615 = AXIS2_PLACEMENT_3D ( 'NONE', #5924, #11177, #3003 ) ;
#8616 = CARTESIAN_POINT ( 'NONE',  ( -39.60885351933603005, -7.174264602943351221, 28.51789496971751348 ) ) ;
#8617 = ADVANCED_FACE ( 'NONE', ( #2080 ), #6505, .T. ) ;
#8618 = DIRECTION ( 'NONE',  ( 0.000000000000000000, 1.000000000000000000, 0.000000000000000000 ) ) ;
#8619 = CARTESIAN_POINT ( 'NONE',  ( -37.75000000000000000, -16.50534825036275066, -27.44999999999999929 ) ) ;
#8620 = CARTESIAN_POINT ( 'NONE',  ( 25.99882191048353164, -19.49324775020702560, -41.77694048572188024 ) ) ;
#8621 = ORIENTED_EDGE ( 'NONE', *, *, #1092, .T. ) ;
#8622 = CARTESIAN_POINT ( 'NONE',  ( 24.12963360958149650, -17.50534825036275066, -39.53619997939700426 ) ) ;
#8623 = ORIENTED_EDGE ( 'NONE', *, *, #4647, .F. ) ;
#8624 = CARTESIAN_POINT ( 'NONE',  ( -39.74827593290273597, -16.84624119677517484, 33.89604847798967313 ) ) ;
#8625 = VERTEX_POINT ( 'NONE', #9487 ) ;
#8626 = ORIENTED_EDGE ( 'NONE', *, *, #5321, .T. ) ;
#8627 = VECTOR ( 'NONE', #4431, 1000.000000000000000 ) ;
#8628 = ORIENTED_EDGE ( 'NONE', *, *, #10104, .F. ) ;
#8629 = EDGE_CURVE ( 'NONE', #3907, #4860, #6243, .T. ) ;
#8630 = VECTOR ( 'NONE', #3786, 1000.000000000000000 ) ;
#8631 = CARTESIAN_POINT ( 'NONE',  ( 10.85347952160178053, -19.58530862643819859, -41.56600053000074979 ) ) ;
#8632 = AXIS2_PLACEMENT_3D ( 'NONE', #8170, #5477, #7284 ) ;
#8633 = AXIS2_PLACEMENT_3D ( 'NONE', #2310, #6126, #10422 ) ;
#8634 = FACE_OUTER_BOUND ( 'NONE', #2972, .T. ) ;
#8635 = EDGE_CURVE ( 'NONE', #4547, #2549, #8953, .T. ) ;
#8636 = CIRCLE ( 'NONE', #4999, 5.499999999999998224 ) ;
#8637 = DIRECTION ( 'NONE',  ( 0.000000000000000000, -1.000000000000000000, 0.000000000000000000 ) ) ;
#8638 = CARTESIAN_POINT ( 'NONE',  ( 39.54715864813444171, -7.308857265899462163, 33.62376435693099097 ) ) ;
#8639 = ORIENTED_EDGE ( 'NONE', *, *, #9720, .F. ) ;
#8640 = CARTESIAN_POINT ( 'NONE',  ( 39.51569538602472420, -7.420518306689646515, -28.14464271252905903 ) ) ;
#8641 = ORIENTED_EDGE ( 'NONE', *, *, #739, .T. ) ;
#8642 = CARTESIAN_POINT ( 'NONE',  ( -20.15000000000000213, -19.50534825036275066, 22.84999999999999787 ) ) ;
#8643 = CARTESIAN_POINT ( 'NONE',  ( 9.302943004857398890, -19.50534825036275066, -41.72997192784379905 ) ) ;
#8644 = AXIS2_PLACEMENT_3D ( 'NONE', #4095, #5882, #10419 ) ;
#8645 = CARTESIAN_POINT ( 'NONE',  ( 0.000000000000000000, 0.000000000000000000, 0.000000000000000000 ) ) ;
#8646 = CARTESIAN_POINT ( 'NONE',  ( 10.13080650650620562, -20.46419345757960429, -40.65173273383599195 ) ) ;
#8647 = CARTESIAN_POINT ( 'NONE',  ( -40.95000000000000995, -7.542434069135168784, -33.11502636917389708 ) ) ;
#8648 = CARTESIAN_POINT ( 'NONE',  ( 27.62998181990985458, -19.99319376779614998, -40.52103547052004728 ) ) ;
#8649 = LINE ( 'NONE', #8354, #2689 ) ;
#8650 = CARTESIAN_POINT ( 'NONE',  ( -41.45000000000000284, -3.705348250362780149, -41.45000000000000284 ) ) ;
#8651 = VECTOR ( 'NONE', #3437, 1000.000000000000000 ) ;
#8652 = ORIENTED_EDGE ( 'NONE', *, *, #1979, .T. ) ;
#8653 = TOROIDAL_SURFACE ( 'NONE', #8260, 2.500000000000000000, 1.000000000000000000 ) ;
#8654 = CARTESIAN_POINT ( 'NONE',  ( -41.45000000000000284, -1.705348250362779927, 42.05481555856610498 ) ) ;
#8655 = FACE_OUTER_BOUND ( 'NONE', #10557, .T. ) ;
#8656 = VECTOR ( 'NONE', #6385, 1000.000000000000227 ) ;
#8657 = ORIENTED_EDGE ( 'NONE', *, *, #1382, .T. ) ;
#8658 = CARTESIAN_POINT ( 'NONE',  ( 18.84999999999999787, -19.50534825036275066, 27.17781907207880110 ) ) ;
#8659 = ORIENTED_EDGE ( 'NONE', *, *, #4075, .T. ) ;
#8660 = CARTESIAN_POINT ( 'NONE',  ( 27.75000000000000000, -17.50534825036275066, 19.94999999999999929 ) ) ;
#8661 = DIRECTION ( 'NONE',  ( -1.674039542559039894E-16, 0.000000000000000000, -1.000000000000000000 ) ) ;
#8662 = DIRECTION ( 'NONE',  ( -1.000000000000000000, 0.000000000000000000, -2.698774586721194836E-16 ) ) ;
#8663 = CARTESIAN_POINT ( 'NONE',  ( 40.95000000000000284, -6.117007847398070020, -28.66728588096714958 ) ) ;
#8664 = LINE ( 'NONE', #6748, #5349 ) ;
#8665 = EDGE_LOOP ( 'NONE', ( #958, #3958, #3178, #3876 ) ) ;
#8666 = FACE_BOUND ( 'NONE', #1950, .T. ) ;
#8667 = CARTESIAN_POINT ( 'NONE',  ( 26.03204123924241742, -19.51456136538183728, -41.97919253378752558 ) ) ;
#8668 = ORIENTED_EDGE ( 'NONE', *, *, #9254, .F. ) ;
#8669 = DIRECTION ( 'NONE',  ( 0.000000000000000000, 0.000000000000000000, -1.000000000000000000 ) ) ;
#8670 = ORIENTED_EDGE ( 'NONE', *, *, #10774, .F. ) ;
#8671 = DIRECTION ( 'NONE',  ( -1.000000000000000000, 0.000000000000000000, 0.000000000000000000 ) ) ;
#8672 = LINE ( 'NONE', #4949, #6929 ) ;
#8673 = DIRECTION ( 'NONE',  ( 0.000000000000000000, -1.000000000000000000, 0.000000000000000000 ) ) ;
#8674 = CYLINDRICAL_SURFACE ( 'NONE', #11641, 1.000000000000000888 ) ;
#8675 = CARTESIAN_POINT ( 'NONE',  ( -39.50253182032943755, -7.483710778396529761, 28.08702613602301312 ) ) ;
#8676 = CARTESIAN_POINT ( 'NONE',  ( -25.55000000000000071, -17.50534825036275066, 19.14999999999999858 ) ) ;
#8677 = CARTESIAN_POINT ( 'NONE',  ( -39.66978824106399060, -16.75911454799278033, -33.91538185150530182 ) ) ;
#8678 = ORIENTED_EDGE ( 'NONE', *, *, #9772, .T. ) ;
#8679 = DIRECTION ( 'NONE',  ( 0.000000000000000000, 0.000000000000000000, -1.000000000000000000 ) ) ;
#8680 = VERTEX_POINT ( 'NONE', #4701 ) ;
#8681 = CARTESIAN_POINT ( 'NONE',  ( -39.69299987974848420, -16.78549364970923463, 33.90914436113418873 ) ) ;
#8682 = ORIENTED_EDGE ( 'NONE', *, *, #6227, .F. ) ;
#8683 = ORIENTED_EDGE ( 'NONE', *, *, #1662, .F. ) ;
#8684 = EDGE_CURVE ( 'NONE', #11442, #10129, #3104, .T. ) ;
#8685 = CYLINDRICAL_SURFACE ( 'NONE', #8060, 1.000000000000000888 ) ;
#8686 = CARTESIAN_POINT ( 'NONE',  ( 37.75000000000000000, -8.005348250362779083, -30.94999999999999929 ) ) ;
#8687 = CARTESIAN_POINT ( 'NONE',  ( 37.75000000000000000, -19.00534825036275421, 28.35000000000000142 ) ) ;
#8688 = DIRECTION ( 'NONE',  ( 0.000000000000000000, -1.000000000000000000, 0.000000000000000000 ) ) ;
#8689 = ORIENTED_EDGE ( 'NONE', *, *, #9311, .F. ) ;
#8690 = CYLINDRICAL_SURFACE ( 'NONE', #8174, 0.8999999999999980238 ) ;
#8691 = ORIENTED_EDGE ( 'NONE', *, *, #6609, .F. ) ;
#8692 = EDGE_CURVE ( 'NONE', #8318, #8221, #7200, .T. ) ;
#8693 = DIRECTION ( 'NONE',  ( 0.000000000000000000, -1.000000000000000000, 0.000000000000000000 ) ) ;
#8694 = DIRECTION ( 'NONE',  ( 0.000000000000000000, 0.000000000000000000, 1.000000000000000000 ) ) ;
#8695 = ADVANCED_FACE ( 'NONE', ( #6620 ), #789, .T. ) ;
#8696 = ADVANCED_FACE ( 'NONE', ( #4107 ), #7760, .F. ) ;
#8697 = CARTESIAN_POINT ( 'NONE',  ( -40.95000000000000284, -6.512581831795070109, 34.09606925959945301 ) ) ;
#8698 = CARTESIAN_POINT ( 'NONE',  ( 18.62963360958150005, -19.50534825036275066, -34.03619997939700426 ) ) ;
#8699 = CARTESIAN_POINT ( 'NONE',  ( -40.95000000000000284, -6.512590730934210370, 34.09608125949725377 ) ) ;
#8700 = CARTESIAN_POINT ( 'NONE',  ( 27.11601521445134466, -20.28604883615910026, -41.12851024503461872 ) ) ;
#8701 = DIRECTION ( 'NONE',  ( 0.000000000000000000, 0.000000000000000000, 1.000000000000000000 ) ) ;
#8702 = VERTEX_POINT ( 'NONE', #10495 ) ;
#8703 = LINE ( 'NONE', #525, #3492 ) ;
#8704 = PLANE ( 'NONE',  #5675 ) ;
#8705 = ORIENTED_EDGE ( 'NONE', *, *, #8350, .F. ) ;
#8706 = EDGE_CURVE ( 'NONE', #10286, #2520, #6139, .T. ) ;
#8707 = CARTESIAN_POINT ( 'NONE',  ( 28.07643411245404863, -19.50534825036275066, -41.27722374494284452 ) ) ;
#8708 = LINE ( 'NONE', #7872, #942 ) ;
#8709 = ORIENTED_EDGE ( 'NONE', *, *, #1949, .T. ) ;
#8710 = DIRECTION ( 'NONE',  ( 0.000000000000000000, -1.000000000000000000, 0.000000000000000000 ) ) ;
#8711 = FACE_OUTER_BOUND ( 'NONE', #3616, .T. ) ;
#8712 = FACE_OUTER_BOUND ( 'NONE', #11143, .T. ) ;
#8713 = LINE ( 'NONE', #535, #11079 ) ;
#8714 = DIRECTION ( 'NONE',  ( 0.000000000000000000, 0.000000000000000000, -1.000000000000000000 ) ) ;
#8715 = ORIENTED_EDGE ( 'NONE', *, *, #2996, .T. ) ;
#8716 = CARTESIAN_POINT ( 'NONE',  ( 10.67315900529148465, -19.80056941290380124, -41.24929160725361044 ) ) ;
#8717 = DIRECTION ( 'NONE',  ( 0.000000000000000000, -1.000000000000000000, 0.000000000000000000 ) ) ;
#8718 = ADVANCED_FACE ( 'NONE', ( #9796, #9624 ), #1607, .F. ) ;
#8719 = CARTESIAN_POINT ( 'NONE',  ( -19.25000000000000000, -19.50534825036275066, 19.94999999999999929 ) ) ;
#8720 = VERTEX_POINT ( 'NONE', #541 ) ;
#8721 = DIRECTION ( 'NONE',  ( 0.000000000000000000, 0.000000000000000000, -1.000000000000000000 ) ) ;
#8722 = CARTESIAN_POINT ( 'NONE',  ( -30.94999999999999929, -17.50534825036275066, 24.54999999999999716 ) ) ;
#8723 = CARTESIAN_POINT ( 'NONE',  ( -37.75000000000000000, -17.50534825036275066, -30.94999999999999929 ) ) ;
#8724 = CARTESIAN_POINT ( 'NONE',  ( -40.95000000000000284, -6.005348250362779972, -29.76256579129625024 ) ) ;
#8725 = EDGE_CURVE ( 'NONE', #45, #7103, #9882, .T. ) ;
#8726 = CARTESIAN_POINT ( 'NONE',  ( -39.95000000000000284, -7.005348250362779972, 29.76256579129620050 ) ) ;
#8727 = CARTESIAN_POINT ( 'NONE',  ( 21.94999999999999929, -19.50534825036275066, 20.75000000000000000 ) ) ;
#8728 = LINE ( 'NONE', #3304, #5775 ) ;
#8729 = ORIENTED_EDGE ( 'NONE', *, *, #1511, .T. ) ;
#8730 = ORIENTED_EDGE ( 'NONE', *, *, #523, .T. ) ;
#8731 = DIRECTION ( 'NONE',  ( 1.050198315463631445E-16, -0.9083415329249426851, 0.4182291950158013027 ) ) ;
#8732 = ORIENTED_EDGE ( 'NONE', *, *, #6952, .T. ) ;
#8733 = CARTESIAN_POINT ( 'NONE',  ( -39.95000000000000284, -17.04862882735370277, 33.87555728527809862 ) ) ;
#8734 = EDGE_LOOP ( 'NONE', ( #2982, #7744, #1521, #4565 ) ) ;
#8735 = ORIENTED_EDGE ( 'NONE', *, *, #2975, .F. ) ;
#8736 = EDGE_LOOP ( 'NONE', ( #7771, #7008, #8914, #2328 ) ) ;
#8737 = TOROIDAL_SURFACE ( 'NONE', #7996, 6.116680757979499283, 1.000000000000000000 ) ;
#8738 = EDGE_CURVE ( 'NONE', #6077, #3343, #11602, .T. ) ;
#8739 = CARTESIAN_POINT ( 'NONE',  ( 26.62705647703743139, -19.95450173683520134, -40.76139927834177001 ) ) ;
#8740 = CARTESIAN_POINT ( 'NONE',  ( -39.95000000000000284, -17.50534825036275066, 27.02444271472190351 ) ) ;
#8741 = CARTESIAN_POINT ( 'NONE',  ( 42.95000000000000284, -13.35186151901900153, -0.7679129753657750745 ) ) ;
#8742 = DIRECTION ( 'NONE',  ( 0.000000000000000000, -1.000000000000000000, 0.000000000000000000 ) ) ;
#8743 = AXIS2_PLACEMENT_3D ( 'NONE', #11640, #8228, #9901 ) ;
#8744 = ORIENTED_EDGE ( 'NONE', *, *, #4489, .T. ) ;
#8745 = CARTESIAN_POINT ( 'NONE',  ( -42.95000000000000284, -13.35186151901900153, -0.7679129753657610857 ) ) ;
#8746 = ORIENTED_EDGE ( 'NONE', *, *, #11618, .F. ) ;
#8747 = CARTESIAN_POINT ( 'NONE',  ( 27.12963360958150005, -20.50534825036275066, -40.21794919243114919 ) ) ;
#8748 = CARTESIAN_POINT ( 'NONE',  ( 41.45000000000000284, -3.705348250362780149, 41.45000000000000284 ) ) ;
#8749 = SHAPE_DEFINITION_REPRESENTATION ( #3403, #5872 ) ;
#8750 = VECTOR ( 'NONE', #10830, 1000.000000000000000 ) ;
#8751 = DIRECTION ( 'NONE',  ( 0.000000000000000000, 1.000000000000000000, 0.000000000000000000 ) ) ;
#8752 = DIRECTION ( 'NONE',  ( 0.000000000000000000, 0.000000000000000000, 1.000000000000000000 ) ) ;
#8753 = CARTESIAN_POINT ( 'NONE',  ( 39.65492247437158113, -16.74227197243149234, 33.92004475786789186 ) ) ;
#8754 = CARTESIAN_POINT ( 'NONE',  ( 39.75937565462992040, -16.85810157821174471, 28.00611807874416570 ) ) ;
#8755 = EDGE_CURVE ( 'NONE', #498, #10805, #350, .T. ) ;
#8756 = ORIENTED_EDGE ( 'NONE', *, *, #1019, .T. ) ;
#8757 = DIRECTION ( 'NONE',  ( 0.000000000000000000, -1.000000000000000000, 0.000000000000000000 ) ) ;
#8758 = CARTESIAN_POINT ( 'NONE',  ( 37.75000000000000000, -7.005348250362779972, 30.94999999999999929 ) ) ;
#8759 = ORIENTED_EDGE ( 'NONE', *, *, #6810, .F. ) ;
#8760 = CARTESIAN_POINT ( 'NONE',  ( 27.92768591963490010, -19.50534825036275066, -41.70935445489485716 ) ) ;
#8761 = DIRECTION ( 'NONE',  ( -1.000000000000000000, 0.000000000000000000, 0.000000000000000000 ) ) ;
#8762 = AXIS2_PLACEMENT_3D ( 'NONE', #1324, #5981, #11482 ) ;
#8763 = VERTEX_POINT ( 'NONE', #2562 ) ;
#8764 = DIRECTION ( 'NONE',  ( 0.000000000000000000, 0.000000000000000000, 1.000000000000000000 ) ) ;
#8765 = CIRCLE ( 'NONE', #8116, 4.500000000000000888 ) ;
#8766 = VECTOR ( 'NONE', #2902, 1000.000000000000000 ) ;
#8767 = DIRECTION ( 'NONE',  ( 0.000000000000000000, 0.000000000000000000, -1.000000000000000000 ) ) ;
#8768 = CARTESIAN_POINT ( 'NONE',  ( -22.84999999999999787, -19.50534825036275066, 20.15000000000000213 ) ) ;
#8769 = EDGE_CURVE ( 'NONE', #2221, #9921, #1115, .T. ) ;
#8770 = CARTESIAN_POINT ( 'NONE',  ( 27.75000000000000000, -17.50534825036275066, -26.55000000000000071 ) ) ;
#8771 = VECTOR ( 'NONE', #285, 1000.000000000000000 ) ;
#8772 = DIRECTION ( 'NONE',  ( 0.000000000000000000, 0.9083415329249426851, -0.4182291950158013027 ) ) ;
#8773 = ADVANCED_FACE ( 'NONE', ( #9960 ), #10791, .F. ) ;
#8774 = ORIENTED_EDGE ( 'NONE', *, *, #5479, .T. ) ;
#8775 = FACE_BOUND ( 'NONE', #8268, .T. ) ;
#8776 = CARTESIAN_POINT ( 'NONE',  ( 27.12662673068579977, -20.38681030886094803, -40.91062636482160286 ) ) ;
#8777 = EDGE_CURVE ( 'NONE', #971, #3157, #4402, .T. ) ;
#8778 = CIRCLE ( 'NONE', #6097, 0.3594872681224064448 ) ;
#8779 = DIRECTION ( 'NONE',  ( 1.084202172485503818E-16, 0.000000000000000000, -1.000000000000000000 ) ) ;
#8780 = ORIENTED_EDGE ( 'NONE', *, *, #8897, .F. ) ;
#8781 = CARTESIAN_POINT ( 'NONE',  ( 18.62963360958150005, -23.50534825036275066, -29.88619997939699857 ) ) ;
#8782 = LINE ( 'NONE', #10746, #1764 ) ;
#8783 = CARTESIAN_POINT ( 'NONE',  ( 40.95000000000003126, -7.726371301306151906, 28.68947514154604761 ) ) ;
#8784 = CIRCLE ( 'NONE', #5147, 1.000000000000000888 ) ;
#8785 = ADVANCED_FACE ( 'NONE', ( #7340 ), #8114, .F. ) ;
#8786 = CARTESIAN_POINT ( 'NONE',  ( 19.94999999999999929, -16.51385150205409857, 20.75000000000000000 ) ) ;
#8787 = LINE ( 'NONE', #11541, #3251 ) ;
#8788 = CARTESIAN_POINT ( 'NONE',  ( -39.63292794254893181, -7.139500174634030749, 28.60750982359290973 ) ) ;
#8789 = CIRCLE ( 'NONE', #11645, 1.000000000000000888 ) ;
#8790 = CARTESIAN_POINT ( 'NONE',  ( 40.95000000000000284, -6.023019247625780004, 29.12931191438070044 ) ) ;
#8791 = CARTESIAN_POINT ( 'NONE',  ( -39.86215533309938053, -16.96512328729545160, -33.87791785307341996 ) ) ;
#8792 = ORIENTED_EDGE ( 'NONE', *, *, #917, .F. ) ;
#8793 = ORIENTED_EDGE ( 'NONE', *, *, #5452, .T. ) ;
#8794 = CARTESIAN_POINT ( 'NONE',  ( 39.88358918499825023, -7.005348250362779972, -29.48063793971954993 ) ) ;
#8795 = VERTEX_POINT ( 'NONE', #9074 ) ;
#8796 = DIRECTION ( 'NONE',  ( 0.000000000000000000, 0.000000000000000000, -1.000000000000000000 ) ) ;
#8797 = ORIENTED_EDGE ( 'NONE', *, *, #4083, .T. ) ;
#8798 = VERTEX_POINT ( 'NONE', #884 ) ;
#8799 = AXIS2_PLACEMENT_3D ( 'NONE', #3349, #11644, #837 ) ;
#8800 = AXIS2_PLACEMENT_3D ( 'NONE', #9818, #9694, #10456 ) ;
#8801 = AXIS2_PLACEMENT_3D ( 'NONE', #5165, #3438, #2594 ) ;
#8802 = CARTESIAN_POINT ( 'NONE',  ( -37.75000000000000000, -8.005348250362779083, -34.45000000000000284 ) ) ;
#8803 = CARTESIAN_POINT ( 'NONE',  ( 37.75000000000000000, -8.005348250362779083, -30.94999999999999929 ) ) ;
#8804 = DIRECTION ( 'NONE',  ( 0.000000000000000000, 0.000000000000000000, 1.000000000000000000 ) ) ;
#8805 = DIRECTION ( 'NONE',  ( 0.000000000000000000, -1.000000000000000000, 0.000000000000000000 ) ) ;
#8806 = VECTOR ( 'NONE', #7037, 1000.000000000000000 ) ;
#8807 = AXIS2_PLACEMENT_3D ( 'NONE', #11111, #2216, #2873 ) ;
#8808 = ORIENTED_EDGE ( 'NONE', *, *, #7279, .T. ) ;
#8809 = FACE_OUTER_BOUND ( 'NONE', #6489, .T. ) ;
#8810 = AXIS2_PLACEMENT_3D ( 'NONE', #1996, #3731, #4497 ) ;
#8811 = ORIENTED_EDGE ( 'NONE', *, *, #7575, .T. ) ;
#8812 = CARTESIAN_POINT ( 'NONE',  ( -37.75000000000000000, -7.005348250362779972, 34.45000000000000284 ) ) ;
#8813 = CARTESIAN_POINT ( 'NONE',  ( 9.629633609581468079, -20.00534825031214936, -40.36986295715639272 ) ) ;
#8814 = CONICAL_SURFACE ( 'NONE', #5553, 0.5000000000000004441, 0.05235987755983064623 ) ;
#8815 = DIRECTION ( 'NONE',  ( 0.000000000000000000, -1.000000000000000000, 0.000000000000000000 ) ) ;
#8816 = AXIS2_PLACEMENT_3D ( 'NONE', #5443, #9097, #1750 ) ;
#8817 = CARTESIAN_POINT ( 'NONE',  ( -40.95000000000000284, -6.117302516606730300, 33.23385714982320138 ) ) ;
#8818 = DIRECTION ( 'NONE',  ( -1.000000000000000000, 0.000000000000000000, 1.674039542559039894E-16 ) ) ;
#8819 = EDGE_CURVE ( 'NONE', #3670, #11536, #737, .T. ) ;
#8820 = DIRECTION ( 'NONE',  ( 0.000000000000000000, 0.000000000000000000, -1.000000000000000000 ) ) ;
#8821 = ORIENTED_EDGE ( 'NONE', *, *, #5151, .T. ) ;
#8822 = DIRECTION ( 'NONE',  ( 0.000000000000000000, -1.000000000000000000, 0.000000000000000000 ) ) ;
#8823 = CARTESIAN_POINT ( 'NONE',  ( -40.95000000000000284, -7.234143290676309235, 27.19512222428425474 ) ) ;
#8824 = EDGE_LOOP ( 'NONE', ( #11275, #2849, #11480, #5038, #10930 ) ) ;
#8825 = CARTESIAN_POINT ( 'NONE',  ( -37.75000000000000000, -17.50534825036275066, -30.94999999999999929 ) ) ;
#8826 = DIRECTION ( 'NONE',  ( 0.000000000000000000, 0.9083415329249426851, -0.4182291950158013027 ) ) ;
#8827 = AXIS2_PLACEMENT_3D ( 'NONE', #6466, #1771, #9165 ) ;
#8828 = VECTOR ( 'NONE', #506, 1000.000000000000000 ) ;
#8829 = EDGE_CURVE ( 'NONE', #3922, #4462, #2736, .T. ) ;
#8830 = CIRCLE ( 'NONE', #4805, 1.000000000000000888 ) ;
#8831 = DIRECTION ( 'NONE',  ( 0.000000000000000000, -1.000000000000000000, 0.000000000000000000 ) ) ;
#8832 = VECTOR ( 'NONE', #5973, 1000.000000000000000 ) ;
#8833 = EDGE_CURVE ( 'NONE', #10452, #7138, #1836, .T. ) ;
#8834 = FACE_OUTER_BOUND ( 'NONE', #1341, .T. ) ;
#8835 = DIRECTION ( 'NONE',  ( 0.000000000000000000, 0.000000000000000000, 1.000000000000000000 ) ) ;
#8836 = VECTOR ( 'NONE', #1457, 1000.000000000000227 ) ;
#8837 = CARTESIAN_POINT ( 'NONE',  ( -25.55000000000000071, -17.50534825036275066, 30.94999999999999929 ) ) ;
#8838 = CIRCLE ( 'NONE', #10351, 0.3594872681224065558 ) ;
#8839 = DIRECTION ( 'NONE',  ( 0.000000000000000000, 0.000000000000000000, -1.000000000000000000 ) ) ;
#8840 = ORIENTED_EDGE ( 'NONE', *, *, #9435, .F. ) ;
#8841 = CARTESIAN_POINT ( 'NONE',  ( -22.84999999999999787, -19.50534825036275066, 30.94999999999999929 ) ) ;
#8842 = CARTESIAN_POINT ( 'NONE',  ( 26.15801905686440065, -19.50334967493260052, -41.63368661912100066 ) ) ;
#8843 = ORIENTED_EDGE ( 'NONE', *, *, #6445, .T. ) ;
#8844 = DIRECTION ( 'NONE',  ( 0.000000000000000000, 1.000000000000000000, 0.000000000000000000 ) ) ;
#8845 = VERTEX_POINT ( 'NONE', #6422 ) ;
#8846 = CARTESIAN_POINT ( 'NONE',  ( 39.95000000000000284, -17.50534825036275066, -34.87555728527814836 ) ) ;
#8847 = VECTOR ( 'NONE', #649, 1000.000000000000000 ) ;
#8848 = AXIS2_PLACEMENT_3D ( 'NONE', #10615, #2436, #6076 ) ;
#8849 = DIRECTION ( 'NONE',  ( 0.000000000000000000, 0.000000000000000000, -1.000000000000000000 ) ) ;
#8850 = EDGE_CURVE ( 'NONE', #8343, #7538, #10068, .T. ) ;
#8851 = CARTESIAN_POINT ( 'NONE',  ( 40.95000000000000284, -7.235209088831550339, 27.19471303271184937 ) ) ;
#8852 = CARTESIAN_POINT ( 'NONE',  ( 26.20719802952797650, -19.50544794016458283, -41.70255258137574117 ) ) ;
#8853 = CARTESIAN_POINT ( 'NONE',  ( 27.75000000000000711, -19.51870549939560462, -23.74647082268025855 ) ) ;
#8854 = CYLINDRICAL_SURFACE ( 'NONE', #788, 0.3594872681224065558 ) ;
#8855 = CARTESIAN_POINT ( 'NONE',  ( 40.95000000000000284, -6.963298601731169768, 27.35576694651345164 ) ) ;
#8856 = CARTESIAN_POINT ( 'NONE',  ( -40.42686057420772983, -17.40116783818619695, -33.99653087813398145 ) ) ;
#8857 = VERTEX_POINT ( 'NONE', #3087 ) ;
#8858 = ORIENTED_EDGE ( 'NONE', *, *, #8861, .F. ) ;
#8859 = CARTESIAN_POINT ( 'NONE',  ( 9.612579661562300259, -19.50534825036275421, -42.01432432166780728 ) ) ;
#8860 = ORIENTED_EDGE ( 'NONE', *, *, #279, .T. ) ;
#8861 = EDGE_CURVE ( 'NONE', #6287, #1677, #5643, .T. ) ;
#8862 = DIRECTION ( 'NONE',  ( 0.000000000000000000, 0.000000000000000000, -1.000000000000000000 ) ) ;
#8863 = ORIENTED_EDGE ( 'NONE', *, *, #8523, .T. ) ;
#8864 = ORIENTED_EDGE ( 'NONE', *, *, #5056, .F. ) ;
#8865 = LINE ( 'NONE', #565, #1158 ) ;
#8866 = DIRECTION ( 'NONE',  ( 0.000000000000000000, -1.000000000000000000, 0.000000000000000000 ) ) ;
#8867 = CARTESIAN_POINT ( 'NONE',  ( -40.01028141173438968, -17.10325213622640561, 28.02270984823564248 ) ) ;
#8868 = DIRECTION ( 'NONE',  ( 0.000000000000000000, 0.000000000000000000, -1.000000000000000000 ) ) ;
#8869 = ORIENTED_EDGE ( 'NONE', *, *, #8769, .T. ) ;
#8870 = CARTESIAN_POINT ( 'NONE',  ( 18.62963360958150005, -22.50590349045295113, -34.03619997939700426 ) ) ;
#8871 = ORIENTED_EDGE ( 'NONE', *, *, #10138, .T. ) ;
#8872 = ADVANCED_FACE ( 'NONE', ( #11013 ), #5774, .F. ) ;
#8873 = CARTESIAN_POINT ( 'NONE',  ( 39.95000000000000284, -6.005348250362779972, -30.94999999999999929 ) ) ;
#8874 = PLANE ( 'NONE',  #6473 ) ;
#8875 = B_SPLINE_CURVE_WITH_KNOTS ( 'NONE', 3,
 ( #11290, #5618, #9267, #1083, #6580, #265, #7536, #11166, #7831, #495, #1562, #9744, #7006, #10625, #6950 ),
 .UNSPECIFIED., .F., .F.,
 ( 4, 2, 2, 2, 1, 2, 2, 4 ),
 ( 0.000000000000000000, 0.2500000000000567879, 0.3750000000000851541, 0.4375000000000923706, 0.4687500000000964229, 0.4843750000001045830, 0.5000000000001126876, 1.000000000000000000 ),
 .UNSPECIFIED. ) ;
#8876 = DIRECTION ( 'NONE',  ( 0.000000000000000000, -1.000000000000000000, 0.000000000000000000 ) ) ;
#8877 = CARTESIAN_POINT ( 'NONE',  ( -40.95000000000000284, -6.611723396119110419, 34.22146346601704892 ) ) ;
#8878 = EDGE_CURVE ( 'NONE', #6186, #1215, #9497, .T. ) ;
#8879 = CARTESIAN_POINT ( 'NONE',  ( 39.67947242701299615, -16.77029138372601835, 33.91283287357998688 ) ) ;
#8880 = CARTESIAN_POINT ( 'NONE',  ( 26.05466249532355150, -19.50534825036275066, -41.70296010330904579 ) ) ;
#8881 = ORIENTED_EDGE ( 'NONE', *, *, #865, .F. ) ;
#8882 = CARTESIAN_POINT ( 'NONE',  ( 26.14706703459087578, -19.49088523170511422, -41.76833305998812307 ) ) ;
#8883 = CYLINDRICAL_SURFACE ( 'NONE', #3217, 2.399999999999999467 ) ;
#8884 = ORIENTED_EDGE ( 'NONE', *, *, #10852, .T. ) ;
#8885 = CARTESIAN_POINT ( 'NONE',  ( -40.95000000000005969, -7.074132914964669006, -29.47056033283984888 ) ) ;
#8886 = CARTESIAN_POINT ( 'NONE',  ( -11.84999999999999964, -13.50534825036277908, 40.95000000000000284 ) ) ;
#8887 = DIRECTION ( 'NONE',  ( 0.000000000000000000, -1.000000000000000000, 0.000000000000000000 ) ) ;
#8888 = EDGE_CURVE ( 'NONE', #5645, #4036, #2056, .T. ) ;
#8889 = LINE ( 'NONE', #10785, #2537 ) ;
#8890 = CARTESIAN_POINT ( 'NONE',  ( 26.10359414888056762, -19.50534825036275066, -41.65814379377130194 ) ) ;
#8891 = DIRECTION ( 'NONE',  ( 0.000000000000000000, 0.000000000000000000, -1.000000000000000000 ) ) ;
#8892 = ADVANCED_FACE ( 'NONE', ( #3969 ), #2196, .T. ) ;
#8893 = CARTESIAN_POINT ( 'NONE',  ( 37.75000000000000000, -8.505348250362779083, -30.94999999999999929 ) ) ;
#8894 = ORIENTED_EDGE ( 'NONE', *, *, #6113, .T. ) ;
#8895 = CARTESIAN_POINT ( 'NONE',  ( 40.95000000000000284, -7.845192467253580659, -34.87555727615544754 ) ) ;
#8896 = CARTESIAN_POINT ( 'NONE',  ( 26.49759864654829755, -19.25785890406580236, -42.07229408902720280 ) ) ;
#8897 = EDGE_CURVE ( 'NONE', #5782, #5156, #8546, .T. ) ;
#8898 = CARTESIAN_POINT ( 'NONE',  ( -39.47392893459844743, -7.694258541291630671, 33.94263474973820394 ) ) ;
#8899 = ORIENTED_EDGE ( 'NONE', *, *, #9600, .F. ) ;
#8900 = UNCERTAINTY_MEASURE_WITH_UNIT (LENGTH_MEASURE( 1.000000000000000082E-05 ), #8295, 'distance_accuracy_value', 'NONE');
#8901 = DIRECTION ( 'NONE',  ( 0.000000000000000000, 0.000000000000000000, -1.000000000000000000 ) ) ;
#8902 = DIRECTION ( 'NONE',  ( 0.000000000000000000, -1.000000000000000000, 0.000000000000000000 ) ) ;
#8903 = CARTESIAN_POINT ( 'NONE',  ( 40.94999999999946994, -7.961793627160629327, 28.69563400805316178 ) ) ;
#8904 = LINE ( 'NONE', #8122, #11308 ) ;
#8905 = CARTESIAN_POINT ( 'NONE',  ( 42.95000000000000284, -13.35186151901900153, -14.76791297536578007 ) ) ;
#8906 = CARTESIAN_POINT ( 'NONE',  ( 4.150000000000000355, -9.005348250362779083, 42.95000000000000284 ) ) ;
#8907 = CARTESIAN_POINT ( 'NONE',  ( 40.95000000000000284, -6.611723396119120189, 27.67853653398294966 ) ) ;
#8908 = EDGE_CURVE ( 'NONE', #11763, #7551, #4691, .T. ) ;
#8909 = CARTESIAN_POINT ( 'NONE',  ( -40.06113218790941488, -17.14718896921656111, -33.88174670437268077 ) ) ;
#8910 = VERTEX_POINT ( 'NONE', #2843 ) ;
#8911 = CARTESIAN_POINT ( 'NONE',  ( 10.02020887348783695, -19.48669897757709180, -42.14222591496220360 ) ) ;
#8912 = VERTEX_POINT ( 'NONE', #8341 ) ;
#8913 = DIRECTION ( 'NONE',  ( -1.000000000000000000, 0.000000000000000000, 0.000000000000000000 ) ) ;
#8914 = ORIENTED_EDGE ( 'NONE', *, *, #505, .F. ) ;
#8915 = ORIENTED_EDGE ( 'NONE', *, *, #7231, .T. ) ;
#8916 = CARTESIAN_POINT ( 'NONE',  ( -40.95000000000000995, -7.726371301305277939, 33.21052485845446967 ) ) ;
#8917 = CARTESIAN_POINT ( 'NONE',  ( 16.44999999999999929, -12.30534825036276025, 20.75000000000000000 ) ) ;
#8918 = DIRECTION ( 'NONE',  ( 0.000000000000000000, -1.000000000000000000, 0.000000000000000000 ) ) ;
#8919 = DIRECTION ( 'NONE',  ( 0.000000000000000000, 0.000000000000000000, 1.000000000000000000 ) ) ;
#8920 = EDGE_LOOP ( 'NONE', ( #9511, #8531, #1408, #3903 ) ) ;
#8921 = PLANE ( 'NONE',  #4346 ) ;
#8922 = ADVANCED_FACE ( 'NONE', ( #11139 ), #3746, .F. ) ;
#8923 = VERTEX_POINT ( 'NONE', #10131 ) ;
#8924 = DIRECTION ( 'NONE',  ( 0.000000000000000000, 0.000000000000000000, -1.000000000000000000 ) ) ;
#8925 = CYLINDRICAL_SURFACE ( 'NONE', #7059, 0.5000000000000004441 ) ;
#8926 = AXIS2_PLACEMENT_3D ( 'NONE', #8741, #4907, #10403 ) ;
#8927 = CIRCLE ( 'NONE', #6430, 2.499999999999998668 ) ;
#8928 = PLANE ( 'NONE',  #7819 ) ;
#8929 = ADVANCED_FACE ( 'NONE', ( #232 ), #6736, .F. ) ;
#8930 = AXIS2_PLACEMENT_3D ( 'NONE', #8402, #10241, #9353 ) ;
#8931 = CARTESIAN_POINT ( 'NONE',  ( -37.75000000000000000, -7.005348250362779972, -30.94999999999999929 ) ) ;
#8932 = CARTESIAN_POINT ( 'NONE',  ( -25.55000000000000071, -19.50534825036275066, 22.84999999999999787 ) ) ;
#8933 = CARTESIAN_POINT ( 'NONE',  ( 39.88958231163930890, -16.99127635009998016, 28.02299166008515741 ) ) ;
#8934 = ORIENTED_EDGE ( 'NONE', *, *, #9046, .T. ) ;
#8935 = CARTESIAN_POINT ( 'NONE',  ( 26.45592635527050263, -19.58628566656225090, -41.72618008540190004 ) ) ;
#8936 = CARTESIAN_POINT ( 'NONE',  ( -39.46368585746519386, -7.846266129617212037, -33.99080110616624495 ) ) ;
#8937 = ADVANCED_FACE ( 'NONE', ( #2013 ), #5107, .T. ) ;
#8938 = ORIENTED_EDGE ( 'NONE', *, *, #7286, .T. ) ;
#8939 = CARTESIAN_POINT ( 'NONE',  ( -39.54725500684060080, -7.308531440958579317, -28.27663614210604948 ) ) ;
#8940 = CARTESIAN_POINT ( 'NONE',  ( -40.95000000000000284, -6.962073307347229623, 27.35651589073615142 ) ) ;
#8941 = LINE ( 'NONE', #2602, #9366 ) ;
#8942 = CIRCLE ( 'NONE', #1113, 4.500000000000000888 ) ;
#8943 = EDGE_CURVE ( 'NONE', #3127, #10673, #11193, .T. ) ;
#8944 = AXIS2_PLACEMENT_3D ( 'NONE', #5222, #5272, #1757 ) ;
#8945 = DIRECTION ( 'NONE',  ( 0.000000000000000000, 0.000000000000000000, -1.000000000000000000 ) ) ;
#8946 = CYLINDRICAL_SURFACE ( 'NONE', #4370, 1.000000000000000888 ) ;
#8947 = CARTESIAN_POINT ( 'NONE',  ( 27.75000000000000000, -19.50534825036275066, -23.29125651772789851 ) ) ;
#8948 = DIRECTION ( 'NONE',  ( 0.000000000000000000, 0.000000000000000000, -1.000000000000000000 ) ) ;
#8949 = VECTOR ( 'NONE', #5739, 1000.000000000000000 ) ;
#8950 = ORIENTED_EDGE ( 'NONE', *, *, #5374, .F. ) ;
#8951 = DIRECTION ( 'NONE',  ( -1.000000000000000000, 0.000000000000000000, 0.000000000000000000 ) ) ;
#8953 = CIRCLE ( 'NONE', #1096, 2.599999999999998312 ) ;
#8952 = CARTESIAN_POINT ( 'NONE',  ( 10.53191056379470325, -19.48674944195426662, -42.14196859611833901 ) ) ;
#8954 = VERTEX_POINT ( 'NONE', #9294 ) ;
#8955 = CARTESIAN_POINT ( 'NONE',  ( -20.15000000000000213, -17.50534825036275066, 29.25000000000000000 ) ) ;
#8956 = ORIENTED_EDGE ( 'NONE', *, *, #6791, .T. ) ;
#8957 = CARTESIAN_POINT ( 'NONE',  ( 27.12963360958150005, -20.00534825036275066, 0.000000000000000000 ) ) ;
#8958 = EDGE_LOOP ( 'NONE', ( #6367, #3207, #4705, #10356 ) ) ;
#8959 = EDGE_CURVE ( 'NONE', #2232, #5660, #11780, .T. ) ;
#8960 = AXIS2_PLACEMENT_3D ( 'NONE', #5949, #9613, #11447 ) ;
#8961 = CARTESIAN_POINT ( 'NONE',  ( 39.46111111111110148, -8.005348250362779083, -34.00321122188300649 ) ) ;
#8962 = CARTESIAN_POINT ( 'NONE',  ( 39.63296566873729887, -7.139451988590559850, 28.60764822026114729 ) ) ;
#8963 = CARTESIAN_POINT ( 'NONE',  ( 26.66981985836737579, -19.64018523575498421, -41.81616640648578453 ) ) ;
#8964 = FACE_OUTER_BOUND ( 'NONE', #3173, .T. ) ;
#8965 = PLANE ( 'NONE',  #8411 ) ;
#8966 = AXIS2_PLACEMENT_3D ( 'NONE', #5110, #598, #767 ) ;
#8967 = CARTESIAN_POINT ( 'NONE',  ( 40.08980231620051882, -17.17108793572592162, -33.88536938192194015 ) ) ;
#8968 = EDGE_CURVE ( 'NONE', #9930, #5312, #6665, .T. ) ;
#8969 = CYLINDRICAL_SURFACE ( 'NONE', #11693, 1.000000000000000888 ) ;
#8970 = VERTEX_POINT ( 'NONE', #1111 ) ;
#8971 = EDGE_LOOP ( 'NONE', ( #9709, #4072, #6957, #1505 ) ) ;
#8972 = DIRECTION ( 'NONE',  ( 2.511059313838565264E-16, 0.000000000000000000, 1.000000000000000000 ) ) ;
#8973 = EDGE_LOOP ( 'NONE', ( #8360, #10393, #3054, #11345 ) ) ;
#8974 = FACE_OUTER_BOUND ( 'NONE', #3061, .T. ) ;
#8975 = EDGE_LOOP ( 'NONE', ( #4435, #3244, #6703, #1278 ) ) ;
#8976 = AXIS2_PLACEMENT_3D ( 'NONE', #5786, #7755, #7812 ) ;
#8977 = EDGE_CURVE ( 'NONE', #5566, #8923, #1682, .T. ) ;
#8978 = ADVANCED_FACE ( 'NONE', ( #345, #11259, #8291, #10370, #2246, #7746, #4038 ), #8704, .F. ) ;
#8979 = LINE ( 'NONE', #6908, #2668 ) ;
#8980 = CIRCLE ( 'NONE', #2296, 1.000000000000000888 ) ;
#8981 = DIRECTION ( 'NONE',  ( 0.000000000000000000, 0.000000000000000000, -1.000000000000000000 ) ) ;
#8982 = CARTESIAN_POINT ( 'NONE',  ( -20.15000000000000213, -19.50534825036275066, 24.54999999999999716 ) ) ;
#8983 = AXIS2_PLACEMENT_3D ( 'NONE', #1559, #7116, #10749 ) ;
#8984 = FACE_BOUND ( 'NONE', #9347, .T. ) ;
#8985 = VERTEX_POINT ( 'NONE', #6007 ) ;
#8986 = DIRECTION ( 'NONE',  ( 0.000000000000000000, 1.000000000000000000, 0.000000000000000000 ) ) ;
#8987 = ORIENTED_EDGE ( 'NONE', *, *, #4662, .F. ) ;
#8988 = CARTESIAN_POINT ( 'NONE',  ( 9.823911700637349753, -19.74633850339374774, -41.65092130572939766 ) ) ;
#8989 = CARTESIAN_POINT ( 'NONE',  ( 42.95000000000000284, -13.35186151901900153, 20.59157429275665052 ) ) ;
#8990 = AXIS2_PLACEMENT_3D ( 'NONE', #8957, #8066, #7214 ) ;
#8991 = VERTEX_POINT ( 'NONE', #4993 ) ;
#8992 = VECTOR ( 'NONE', #3473, 1000.000000000000000 ) ;
#8993 = ORIENTED_EDGE ( 'NONE', *, *, #9229, .F. ) ;
#8994 = EDGE_CURVE ( 'NONE', #7838, #8702, #4273, .T. ) ;
#8995 = CARTESIAN_POINT ( 'NONE',  ( 26.37251776665526037, -19.50392540554251752, -42.00605595209560761 ) ) ;
#8996 = EDGE_CURVE ( 'NONE', #3922, #1664, #4723, .T. ) ;
#8997 = MECHANICAL_DESIGN_GEOMETRIC_PRESENTATION_REPRESENTATION (  '', ( #8418 ), #2122 ) ;
#8998 = AXIS2_PLACEMENT_3D ( 'NONE', #7884, #2559, #6309 ) ;
#8999 = DIRECTION ( 'NONE',  ( 0.000000000000000000, 0.000000000000000000, -1.000000000000000000 ) ) ;
#9000 = DIRECTION ( 'NONE',  ( 1.000000000000000000, 0.000000000000000000, 0.000000000000000000 ) ) ;
#9001 = CARTESIAN_POINT ( 'NONE',  ( 18.62963360958150005, -19.50534825036275066, -25.94999999999999929 ) ) ;
#9002 = ORIENTED_EDGE ( 'NONE', *, *, #4351, .F. ) ;
#9003 = CARTESIAN_POINT ( 'NONE',  ( 21.94999999999999929, -16.51385150205409857, 20.75000000000000000 ) ) ;
#9004 = ORIENTED_EDGE ( 'NONE', *, *, #7164, .T. ) ;
#9005 = CARTESIAN_POINT ( 'NONE',  ( -40.95000000000006679, -7.348680660225702432, -28.97473926422395962 ) ) ;
#9006 = CARTESIAN_POINT ( 'NONE',  ( -40.94999999999947704, -7.781058823003604630, 28.67700385100549809 ) ) ;
#9007 = EDGE_CURVE ( 'NONE', #230, #3748, #2817, .T. ) ;
#9008 = VECTOR ( 'NONE', #4093, 1000.000000000000000 ) ;
#9009 = CIRCLE ( 'NONE', #1571, 1.000000000000000888 ) ;
#9010 = DIRECTION ( 'NONE',  ( 0.000000000000000000, 0.000000000000000000, -1.000000000000000000 ) ) ;
#9011 = DIRECTION ( 'NONE',  ( 1.000000000000000000, 0.000000000000000000, 0.000000000000000000 ) ) ;
#9012 = DIRECTION ( 'NONE',  ( -1.492235248152091785E-16, 0.000000000000000000, 1.000000000000000000 ) ) ;
#9013 = LINE ( 'NONE', #5289, #11072 ) ;
#9014 = CIRCLE ( 'NONE', #7667, 0.3594872681224065558 ) ;
#9015 = VERTEX_POINT ( 'NONE', #3383 ) ;
#9016 = CARTESIAN_POINT ( 'NONE',  ( 40.94999999999996021, -7.872127982285465286, -33.22942287088596913 ) ) ;
#9017 = CARTESIAN_POINT ( 'NONE',  ( -25.55000000000000071, -17.50534825036275066, 22.84999999999999787 ) ) ;
#9018 = AXIS2_PLACEMENT_3D ( 'NONE', #8086, #2810, #2634 ) ;
#9019 = AXIS2_PLACEMENT_3D ( 'NONE', #3929, #9433, #2922 ) ;
#9020 = CARTESIAN_POINT ( 'NONE',  ( 11.03804327749296377, -19.49174105969160209, -41.77104513099323668 ) ) ;
#9021 = VECTOR ( 'NONE', #6876, 1000.000000000000000 ) ;
#9022 = EDGE_LOOP ( 'NONE', ( #8422, #2994, #9446, #2387 ) ) ;
#9023 = PRODUCT_DEFINITION_CONTEXT ( 'detailed design', #6570, 'design' ) ;
#9024 = CARTESIAN_POINT ( 'NONE',  ( -28.25000000000000000, -17.50534825036275066, 25.55000000000000071 ) ) ;
#9025 = VECTOR ( 'NONE', #7765, 1000.000000000000000 ) ;
#9026 = DIRECTION ( 'NONE',  ( 0.000000000000000000, -1.000000000000000000, 0.000000000000000000 ) ) ;
#9027 = CIRCLE ( 'NONE', #9596, 1.000000000000000888 ) ;
#9028 = ORIENTED_EDGE ( 'NONE', *, *, #10306, .T. ) ;
#9029 = PLANE ( 'NONE',  #9774 ) ;
#9030 = LINE ( 'NONE', #5125, #8027 ) ;
#9031 = DIRECTION ( 'NONE',  ( 1.000000000000000000, 0.000000000000000000, 0.000000000000000000 ) ) ;
#9032 = EDGE_CURVE ( 'NONE', #11281, #10418, #1103, .T. ) ;
#9033 = CARTESIAN_POINT ( 'NONE',  ( 39.86162168238055870, -16.96380620209984613, -33.87905892896891658 ) ) ;
#9034 = CARTESIAN_POINT ( 'NONE',  ( 41.45000000000000284, -19.50534825036275066, 27.17781907207880110 ) ) ;
#9035 = VERTEX_POINT ( 'NONE', #2484 ) ;
#9036 = ORIENTED_EDGE ( 'NONE', *, *, #9286, .T. ) ;
#9037 = DIRECTION ( 'NONE',  ( -2.511059313838565264E-16, 0.000000000000000000, -1.000000000000000000 ) ) ;
#9038 = VECTOR ( 'NONE', #6866, 1000.000000000000000 ) ;
#9039 = ORIENTED_EDGE ( 'NONE', *, *, #1761, .T. ) ;
#9040 = CARTESIAN_POINT ( 'NONE',  ( 18.62963360958150005, -22.50590349045295113, -34.03619997939700426 ) ) ;
#9041 = EDGE_CURVE ( 'NONE', #5516, #5149, #5051, .T. ) ;
#9042 = CARTESIAN_POINT ( 'NONE',  ( -40.95000000000003837, -7.961793627161060094, 33.20436599194630389 ) ) ;
#9043 = AXIS2_PLACEMENT_3D ( 'NONE', #3385, #590, #2426 ) ;
#9044 = FACE_OUTER_BOUND ( 'NONE', #9159, .T. ) ;
#9045 = CARTESIAN_POINT ( 'NONE',  ( 39.95000000000000284, -7.005348250362779972, 34.87555728527809151 ) ) ;
#9046 = EDGE_CURVE ( 'NONE', #9932, #5314, #5483, .T. ) ;
#9047 = FACE_BOUND ( 'NONE', #2710, .T. ) ;
#9048 = EDGE_LOOP ( 'NONE', ( #7999, #10126 ) ) ;
#9049 = LINE ( 'NONE', #858, #7806 ) ;
#9050 = ORIENTED_EDGE ( 'NONE', *, *, #2825, .T. ) ;
#9051 = EDGE_CURVE ( 'NONE', #8164, #6821, #7785, .T. ) ;
#9052 = DIRECTION ( 'NONE',  ( 0.000000000000000000, -1.000000000000000000, 0.000000000000000000 ) ) ;
#9053 = DIRECTION ( 'NONE',  ( 0.000000000000000000, -1.000000000000000000, 0.000000000000000000 ) ) ;
#9054 = ORIENTED_EDGE ( 'NONE', *, *, #5520, .T. ) ;
#9055 = VERTEX_POINT ( 'NONE', #7690 ) ;
#9056 = DIRECTION ( 'NONE',  ( 0.000000000000000000, -1.000000000000000000, 0.000000000000000000 ) ) ;
#9057 = CARTESIAN_POINT ( 'NONE',  ( 37.75000000000000000, -17.50534825036275066, -35.45000000000000284 ) ) ;
#9058 = DIRECTION ( 'NONE',  ( 0.000000000000000000, 0.000000000000000000, -1.000000000000000000 ) ) ;
#9059 = ORIENTED_EDGE ( 'NONE', *, *, #7715, .F. ) ;
#9060 = CARTESIAN_POINT ( 'NONE',  ( 28.12963360958149650, -20.00534825036275066, 0.000000000000000000 ) ) ;
#9061 = ORIENTED_EDGE ( 'NONE', *, *, #4726, .T. ) ;
#9062 = CARTESIAN_POINT ( 'NONE',  ( -40.95000000000000284, -6.005348226925639743, -29.44489187352320414 ) ) ;
#9063 = CARTESIAN_POINT ( 'NONE',  ( -39.46111111167510188, -7.926895583125118883, 27.89678877843310190 ) ) ;
#9064 = ADVANCED_FACE ( 'NONE', ( #8655 ), #10479, .T. ) ;
#9065 = EDGE_LOOP ( 'NONE', ( #7249, #2588, #7676, #1954, #5839 ) ) ;
#9066 = B_SPLINE_CURVE_WITH_KNOTS ( 'NONE', 3,
 ( #3830, #3893, #9263, #5729, #2869, #7476, #11109, #6577, #10211, #7533, #11163, #6629, #2091, #9382 ),
 .UNSPECIFIED., .F., .F.,
 ( 4, 2, 2, 1, 1, 2, 2, 4 ),
 ( 0.000000000000000000, 0.2499999999997529199, 0.3749999999996341260, 0.4374999999995701216, 0.4687499999995394795, 0.4843749999995370925, 0.4999999999995347055, 1.000000000000000000 ),
 .UNSPECIFIED. ) ;
#9067 = CARTESIAN_POINT ( 'NONE',  ( -40.95000000000000284, -31.65776621185054651, 15.05646723989370095 ) ) ;
#9068 = CARTESIAN_POINT ( 'NONE',  ( -40.95000000000000284, -6.812339080949070258, -4.174678339511959990 ) ) ;
#9069 = ORIENTED_EDGE ( 'NONE', *, *, #3292, .F. ) ;
#9070 = DIRECTION ( 'NONE',  ( 0.000000000000000000, -1.000000000000000000, 0.000000000000000000 ) ) ;
#9071 = LINE ( 'NONE', #5640, #9939 ) ;
#9072 = ORIENTED_EDGE ( 'NONE', *, *, #2718, .F. ) ;
#9073 = CARTESIAN_POINT ( 'NONE',  ( 40.95000000000000284, -6.005348226926189525, -32.45510812647815158 ) ) ;
#9074 = CARTESIAN_POINT ( 'NONE',  ( 37.75000000000000000, -17.50534825036275066, 26.45000000000000284 ) ) ;
#9075 = CARTESIAN_POINT ( 'NONE',  ( 10.80334086389146009, -19.58628566656265235, -41.72618008540224821 ) ) ;
#9076 = EDGE_CURVE ( 'NONE', #9666, #10499, #4096, .T. ) ;
#9077 = EDGE_LOOP ( 'NONE', ( #669, #6653, #2050, #9361 ) ) ;
#9078 = DIRECTION ( 'NONE',  ( 0.000000000000000000, 0.000000000000000000, -1.000000000000000000 ) ) ;
#9079 = CARTESIAN_POINT ( 'NONE',  ( 18.62963360958150005, -19.50534825036275066, -29.88619997939699857 ) ) ;
#9080 = VERTEX_POINT ( 'NONE', #3202 ) ;
#9081 = CARTESIAN_POINT ( 'NONE',  ( -22.84999999999999787, -17.50534825036275066, 26.55000000000000071 ) ) ;
#9082 = CARTESIAN_POINT ( 'NONE',  ( -30.94999999999999929, -17.50534825036275066, 28.25000000000000000 ) ) ;
#9083 = CARTESIAN_POINT ( 'NONE',  ( 37.75000000000000000, -7.005348250362779972, 33.45000000000000284 ) ) ;
#9084 = EDGE_CURVE ( 'NONE', #9599, #2575, #5946, .T. ) ;
#9085 = CARTESIAN_POINT ( 'NONE',  ( 40.20135466599088403, -17.25820684785366765, -33.90712205901203191 ) ) ;
#9086 = DIRECTION ( 'NONE',  ( 0.000000000000000000, 0.000000000000000000, 1.000000000000000000 ) ) ;
#9087 = CYLINDRICAL_SURFACE ( 'NONE', #2538, 1.000000000000000888 ) ;
#9088 = ORIENTED_EDGE ( 'NONE', *, *, #6956, .T. ) ;
#9089 = ORIENTED_EDGE ( 'NONE', *, *, #8629, .F. ) ;
#9090 = CARTESIAN_POINT ( 'NONE',  ( -25.55000000000000071, -19.50534825036275066, 28.25000000000000000 ) ) ;
#9091 = VERTEX_POINT ( 'NONE', #1421 ) ;
#9092 = DIRECTION ( 'NONE',  ( 0.000000000000000000, 0.000000000000000000, -1.000000000000000000 ) ) ;
#9093 = DIRECTION ( 'NONE',  ( 0.000000000000000000, 0.000000000000000000, -1.000000000000000000 ) ) ;
#9094 = EDGE_CURVE ( 'NONE', #1053, #2826, #4925, .T. ) ;
#9095 = CARTESIAN_POINT ( 'NONE',  ( -40.95000000000000284, -6.117296878709599817, 33.23383517096209516 ) ) ;
#9096 = DIRECTION ( 'NONE',  ( 0.000000000000000000, 1.000000000000000000, 0.000000000000000000 ) ) ;
#9097 = DIRECTION ( 'NONE',  ( 0.000000000000000000, -1.000000000000000000, 0.000000000000000000 ) ) ;
#9098 = FACE_BOUND ( 'NONE', #9905, .T. ) ;
#9099 = ORIENTED_EDGE ( 'NONE', *, *, #2760, .T. ) ;
#9100 = DIRECTION ( 'NONE',  ( 0.000000000000000000, 0.000000000000000000, -1.000000000000000000 ) ) ;
#9101 = EDGE_CURVE ( 'NONE', #10167, #450, #6124, .T. ) ;
#9102 = VERTEX_POINT ( 'NONE', #3272 ) ;
#9103 = DIRECTION ( 'NONE',  ( 0.000000000000000000, 0.000000000000000000, -1.000000000000000000 ) ) ;
#9104 = ORIENTED_EDGE ( 'NONE', *, *, #8557, .F. ) ;
#9105 = ORIENTED_EDGE ( 'NONE', *, *, #11731, .T. ) ;
#9106 = EDGE_CURVE ( 'NONE', #7127, #5920, #6916, .T. ) ;
#9107 = DIRECTION ( 'NONE',  ( -1.000000000000000000, 0.000000000000000000, 0.000000000000000000 ) ) ;
#9108 = CARTESIAN_POINT ( 'NONE',  ( 39.46111111111110148, -16.50534825036275066, -27.89678877811699920 ) ) ;
#9109 = DIRECTION ( 'NONE',  ( 1.000000000000000000, 0.000000000000000000, 0.000000000000000000 ) ) ;
#9110 = EDGE_LOOP ( 'NONE', ( #8623, #7398, #6506, #10962 ) ) ;
#9111 = CARTESIAN_POINT ( 'NONE',  ( -39.60885351933603715, -7.174264602943212665, -33.38210503028226128 ) ) ;
#9112 = VERTEX_POINT ( 'NONE', #11516 ) ;
#9113 = CARTESIAN_POINT ( 'NONE',  ( -39.46111111111115122, -8.005348250362779083, -27.89678877811705249 ) ) ;
#9114 = CARTESIAN_POINT ( 'NONE',  ( -40.95000000000000284, -8.005348250362779083, 27.02444271472190351 ) ) ;
#9115 = VECTOR ( 'NONE', #9070, 1000.000000000000000 ) ;
#9116 = VECTOR ( 'NONE', #11444, 1000.000000000000000 ) ;
#9117 = PLANE ( 'NONE',  #11434 ) ;
#9118 = CARTESIAN_POINT ( 'NONE',  ( 42.95000000000000284, -1.705348250362779927, -41.45000000000000284 ) ) ;
#9120 = EDGE_CURVE ( 'NONE', #3687, #10635, #4668, .T. ) ;
#9119 = ORIENTED_EDGE ( 'NONE', *, *, #6985, .F. ) ;
#9121 = CARTESIAN_POINT ( 'NONE',  ( -11.84999999999999964, -13.50534825036277908, 40.95000000000000284 ) ) ;
#9122 = CARTESIAN_POINT ( 'NONE',  ( 10.12963360958148051, -20.00534825036275066, -40.21794919243114919 ) ) ;
#9123 = ORIENTED_EDGE ( 'NONE', *, *, #4832, .F. ) ;
#9124 = CARTESIAN_POINT ( 'NONE',  ( 40.95000000000000284, -7.235209088831339841, -34.70528696728789697 ) ) ;
#9125 = CARTESIAN_POINT ( 'NONE',  ( 11.09236953312525920, -19.50061873446239247, -41.85267423332593495 ) ) ;
#9126 = FACE_OUTER_BOUND ( 'NONE', #8451, .T. ) ;
#9127 = VERTEX_POINT ( 'NONE', #1705 ) ;
#9128 = PLANE ( 'NONE',  #1350 ) ;
#9129 = EDGE_CURVE ( 'NONE', #234, #2404, #11607, .T. ) ;
#9130 = DIRECTION ( 'NONE',  ( 0.000000000000000000, -1.000000000000000000, 0.000000000000000000 ) ) ;
#9131 = ORIENTED_EDGE ( 'NONE', *, *, #602, .F. ) ;
#9132 = CARTESIAN_POINT ( 'NONE',  ( 40.95000000000000284, -6.117007847398059361, 33.23271411903284900 ) ) ;
#9133 = AXIS2_PLACEMENT_3D ( 'NONE', #5329, #7967, #804 ) ;
#9134 = CARTESIAN_POINT ( 'NONE',  ( 27.75000000000000355, -19.64739062496214572, -25.21527638965401152 ) ) ;
#9135 = AXIS2_PLACEMENT_3D ( 'NONE', #2118, #3736, #11183 ) ;
#9136 = EDGE_CURVE ( 'NONE', #11655, #7985, #5344, .T. ) ;
#9137 = DIRECTION ( 'NONE',  ( -1.000000000000000000, 0.000000000000000000, 0.000000000000000000 ) ) ;
#9138 = CARTESIAN_POINT ( 'NONE',  ( 40.32311377114339024, -17.34241610304760783, -33.94558615450896610 ) ) ;
#9139 = CARTESIAN_POINT ( 'NONE',  ( -39.74449973527437407, -16.84209723144558524, 28.00310038210824359 ) ) ;
#9140 = CYLINDRICAL_SURFACE ( 'NONE', #4636, 0.3594872681224065558 ) ;
#9141 = ORIENTED_EDGE ( 'NONE', *, *, #8725, .T. ) ;
#9142 = VERTEX_POINT ( 'NONE', #3509 ) ;
#9143 = CARTESIAN_POINT ( 'NONE',  ( 40.95000000000000284, -6.835688363728100292, -27.45560466930499999 ) ) ;
#9144 = ORIENTED_EDGE ( 'NONE', *, *, #2486, .T. ) ;
#9145 = CARTESIAN_POINT ( 'NONE',  ( -40.95000000000000284, -6.343075220684879945, -28.07329497210020008 ) ) ;
#9146 = VECTOR ( 'NONE', #8761, 1000.000000000000000 ) ;
#9147 = EDGE_CURVE ( 'NONE', #4575, #8720, #6645, .T. ) ;
#9148 = DIRECTION ( 'NONE',  ( 0.000000000000000000, -1.000000000000000000, 0.000000000000000000 ) ) ;
#9149 = VECTOR ( 'NONE', #11575, 1000.000000000000000 ) ;
#9150 = CARTESIAN_POINT ( 'NONE',  ( 40.95000000000000284, -6.273652099918740177, 33.68482537570945112 ) ) ;
#9151 = PLANE ( 'NONE',  #608 ) ;
#9152 = FACE_OUTER_BOUND ( 'NONE', #5259, .T. ) ;
#9153 = CARTESIAN_POINT ( 'NONE',  ( 26.34392111691605010, -19.54130649441644962, -41.70364882234924409 ) ) ;
#9154 = VERTEX_POINT ( 'NONE', #2721 ) ;
#9155 = DIRECTION ( 'NONE',  ( -1.000000000000000000, 0.000000000000000000, 0.000000000000000000 ) ) ;
#9156 = ORIENTED_EDGE ( 'NONE', *, *, #11391, .F. ) ;
#9157 = CARTESIAN_POINT ( 'NONE',  ( 37.75000000000000000, -2.505348250362775087, 30.94999999999999929 ) ) ;
#9158 = ORIENTED_EDGE ( 'NONE', *, *, #2819, .F. ) ;
#9159 = EDGE_LOOP ( 'NONE', ( #6387, #1309, #5699, #11729 ) ) ;
#9160 = CIRCLE ( 'NONE', #584, 0.3594872681224082767 ) ;
#9161 = VECTOR ( 'NONE', #1303, 1000.000000000000114 ) ;
#9162 = VECTOR ( 'NONE', #5602, 1000.000000000000000 ) ;
#9163 = DIRECTION ( 'NONE',  ( 0.000000000000000000, 0.000000000000000000, 1.000000000000000000 ) ) ;
#9164 = LINE ( 'NONE', #7324, #4600 ) ;
#9165 = DIRECTION ( 'NONE',  ( 0.000000000000000000, 0.000000000000000000, 1.000000000000000000 ) ) ;
#9166 = VECTOR ( 'NONE', #7232, 1000.000000000000000 ) ;
#9167 = EDGE_LOOP ( 'NONE', ( #8142, #8158 ) ) ;
#9168 = CARTESIAN_POINT ( 'NONE',  ( -20.15000000000000213, -17.50534825036275066, 28.25000000000000000 ) ) ;
#9169 = AXIS2_PLACEMENT_3D ( 'NONE', #2572, #7222, #3534 ) ;
#9170 = VERTEX_POINT ( 'NONE', #9945 ) ;
#9171 = CARTESIAN_POINT ( 'NONE',  ( -42.95000000000000284, -13.35186151901900153, -7.767912975365759642 ) ) ;
#9172 = CARTESIAN_POINT ( 'NONE',  ( -40.95000000000003126, -7.413266357537649398, 28.90085448351265995 ) ) ;
#9173 = AXIS2_PLACEMENT_3D ( 'NONE', #2607, #2669, #4333 ) ;
#9174 = CARTESIAN_POINT ( 'NONE',  ( 42.95000000000000284, -13.35186151901900153, 13.23208702463421993 ) ) ;
#9175 = CARTESIAN_POINT ( 'NONE',  ( -42.95000000000000284, -6.511642939418550213, 10.47839609287466089 ) ) ;
#9176 = TOROIDAL_SURFACE ( 'NONE', #983, 2.600000000000000089, 0.5000000000000000000 ) ;
#9177 = ADVANCED_FACE ( 'NONE', ( #1773 ), #8883, .F. ) ;
#9178 = FACE_OUTER_BOUND ( 'NONE', #5244, .T. ) ;
#9179 = LINE ( 'NONE', #998, #1930 ) ;
#9180 = ORIENTED_EDGE ( 'NONE', *, *, #1077, .F. ) ;
#9181 = CARTESIAN_POINT ( 'NONE',  ( 21.94999999999999929, -12.30534825036276025, 19.00000000000000000 ) ) ;
#9182 = CARTESIAN_POINT ( 'NONE',  ( 11.10007184334501673, -19.50003902787793564, -41.84704456810643336 ) ) ;
#9183 = EDGE_CURVE ( 'NONE', #10311, #45, #3405, .T. ) ;
#9184 = CARTESIAN_POINT ( 'NONE',  ( 13.12963360958147874, -33.06169743646680104, -28.53619997939700070 ) ) ;
#9185 = AXIS2_PLACEMENT_3D ( 'NONE', #7865, #6182, #3506 ) ;
#9186 = CIRCLE ( 'NONE', #5751, 0.3594872681224082767 ) ;
#9187 = AXIS2_PLACEMENT_3D ( 'NONE', #11605, #7963, #5214 ) ;
#9188 = ORIENTED_EDGE ( 'NONE', *, *, #9551, .T. ) ;
#9189 = EDGE_CURVE ( 'NONE', #4119, #11763, #6238, .T. ) ;
#9190 = FACE_BOUND ( 'NONE', #3040, .T. ) ;
#9191 = ORIENTED_EDGE ( 'NONE', *, *, #7434, .F. ) ;
#9192 = CARTESIAN_POINT ( 'NONE',  ( 41.45000000000000284, -19.50534825036275066, -41.95000000000000284 ) ) ;
#9193 = CIRCLE ( 'NONE', #8056, 1.000000000000000888 ) ;
#9194 = DIRECTION ( 'NONE',  ( -1.000000000000000000, 0.000000000000000000, 1.674039542559039894E-16 ) ) ;
#9195 = CIRCLE ( 'NONE', #4239, 0.3594872681224087207 ) ;
#9196 = LINE ( 'NONE', #4921, #11266 ) ;
#9197 = CIRCLE ( 'NONE', #6530, 2.000000000000001776 ) ;
#9198 = CARTESIAN_POINT ( 'NONE',  ( 40.38079992298973053, -17.37715022705615198, -33.97099666543108754 ) ) ;
#9199 = DIRECTION ( 'NONE',  ( 0.000000000000000000, -1.000000000000000000, 0.000000000000000000 ) ) ;
#9200 = ADVANCED_FACE ( 'NONE', ( #7259 ), #11626, .F. ) ;
#9201 = DIRECTION ( 'NONE',  ( 0.000000000000000000, -1.000000000000000000, 0.000000000000000000 ) ) ;
#9202 = ORIENTED_EDGE ( 'NONE', *, *, #4165, .F. ) ;
#9203 = CARTESIAN_POINT ( 'NONE',  ( 41.45000000000000284, -18.50534825036275421, 41.45000000000000284 ) ) ;
#9204 = ORIENTED_EDGE ( 'NONE', *, *, #9506, .T. ) ;
#9205 = EDGE_CURVE ( 'NONE', #2755, #11683, #8942, .T. ) ;
#9206 = CARTESIAN_POINT ( 'NONE',  ( -28.25000000000000000, -17.50534825036275066, 25.55000000000000071 ) ) ;
#9207 = AXIS2_PLACEMENT_3D ( 'NONE', #1257, #10387, #2212 ) ;
#9208 = ADVANCED_FACE ( 'NONE', ( #6298 ), #8213, .F. ) ;
#9209 = VECTOR ( 'NONE', #1193, 1000.000000000000000 ) ;
#9210 = CARTESIAN_POINT ( 'NONE',  ( 27.43535551852555088, -19.74633850339374774, -41.65092130572949713 ) ) ;
#9211 = CARTESIAN_POINT ( 'NONE',  ( 40.95000000000000284, -6.835688363728030126, 34.44439533069500214 ) ) ;
#9212 = CARTESIAN_POINT ( 'NONE',  ( 26.28387156839815830, -19.50542319209932174, -41.94648014649087742 ) ) ;
#9213 = CARTESIAN_POINT ( 'NONE',  ( 27.75000000000000000, -17.50534825036275066, -26.55000000000000071 ) ) ;
#9214 = FACE_OUTER_BOUND ( 'NONE', #8441, .T. ) ;
#9215 = TOROIDAL_SURFACE ( 'NONE', #452, 4.500000000000000000, 1.000000000000000000 ) ;
#9216 = EDGE_CURVE ( 'NONE', #5281, #2039, #4500, .T. ) ;
#9217 = CARTESIAN_POINT ( 'NONE',  ( 26.18821784407245090, -19.50220905587685039, -41.86977718983524710 ) ) ;
#9218 = EDGE_LOOP ( 'NONE', ( #2997, #3102, #11267, #9424 ) ) ;
#9219 = DIRECTION ( 'NONE',  ( -1.000000000000000000, 0.000000000000000000, 0.000000000000000000 ) ) ;
#9220 = EDGE_LOOP ( 'NONE', ( #5032, #2515, #2676, #4082 ) ) ;
#9221 = DIRECTION ( 'NONE',  ( 0.000000000000000000, 0.000000000000000000, -1.000000000000000000 ) ) ;
#9222 = ORIENTED_EDGE ( 'NONE', *, *, #5018, .T. ) ;
#9223 = ORIENTED_EDGE ( 'NONE', *, *, #3488, .T. ) ;
#9224 = AXIS2_PLACEMENT_3D ( 'NONE', #10191, #7453, #2014 ) ;
#9225 = CARTESIAN_POINT ( 'NONE',  ( -41.45000000000000284, -1.705348250362779927, -42.05481555856610498 ) ) ;
#9226 = PLANE ( 'NONE',  #7664 ) ;
#9227 = CARTESIAN_POINT ( 'NONE',  ( 24.12963360958149650, -14.50534825036275954, -28.53619997939700070 ) ) ;
#9228 = AXIS2_PLACEMENT_3D ( 'NONE', #9174, #3685, #7333 ) ;
#9229 = EDGE_CURVE ( 'NONE', #4, #2835, #3543, .T. ) ;
#9230 = EDGE_LOOP ( 'NONE', ( #3554, #1289, #8869, #306, #6582, #1130, #11466, #1197, #414, #10385, #8509, #11257 ) ) ;
#9231 = CARTESIAN_POINT ( 'NONE',  ( 18.62963360958150005, -17.50534825036275066, -34.03619997939700426 ) ) ;
#9232 = EDGE_LOOP ( 'NONE', ( #8083, #8811 ) ) ;
#9233 = CARTESIAN_POINT ( 'NONE',  ( 14.05000000000000071, -17.50534825036275066, 27.17781907207880110 ) ) ;
#9234 = CARTESIAN_POINT ( 'NONE',  ( 40.95000000000000284, -6.023019247625789774, -32.77068808561934787 ) ) ;
#9235 = CARTESIAN_POINT ( 'NONE',  ( -28.25000000000000000, -19.50534825036275066, 30.94999999999999929 ) ) ;
#9236 = DIRECTION ( 'NONE',  ( 0.000000000000000000, -1.000000000000000000, 0.000000000000000000 ) ) ;
#9237 = ORIENTED_EDGE ( 'NONE', *, *, #2631, .T. ) ;
#9238 = CARTESIAN_POINT ( 'NONE',  ( 41.45000000000000284, -19.50534825036275066, 27.17781907207880110 ) ) ;
#9239 = LINE ( 'NONE', #1234, #4411 ) ;
#9240 = ORIENTED_EDGE ( 'NONE', *, *, #6133, .T. ) ;
#9241 = DIRECTION ( 'NONE',  ( 0.000000000000000000, 0.000000000000000000, 1.000000000000000000 ) ) ;
#9242 = DIRECTION ( 'NONE',  ( 0.000000000000000000, -1.000000000000000000, 0.000000000000000000 ) ) ;
#9243 = CARTESIAN_POINT ( 'NONE',  ( 11.14360181074580680, -19.49087686743097336, -41.76831246051550295 ) ) ;
#9244 = ADVANCED_FACE ( 'NONE', ( #9887 ), #1875, .F. ) ;
#9245 = ORIENTED_EDGE ( 'NONE', *, *, #132, .T. ) ;
#9246 = CARTESIAN_POINT ( 'NONE',  ( -37.75000000000000000, -8.505348250362779083, 31.85000000000000497 ) ) ;
#9247 = ORIENTED_EDGE ( 'NONE', *, *, #6392, .T. ) ;
#9248 = CARTESIAN_POINT ( 'NONE',  ( -37.75000000000000000, -8.505348250362779083, 30.94999999999999929 ) ) ;
#9249 = ORIENTED_EDGE ( 'NONE', *, *, #3043, .T. ) ;
#9250 = EDGE_CURVE ( 'NONE', #6417, #840, #105, .T. ) ;
#9251 = LINE ( 'NONE', #5601, #1026 ) ;
#9252 = LINE ( 'NONE', #1066, #4963 ) ;
#9253 = CARTESIAN_POINT ( 'NONE',  ( 27.11588484570674495, -20.28499634651560157, -41.13057391362417547 ) ) ;
#9254 = EDGE_CURVE ( 'NONE', #11278, #2139, #6207, .T. ) ;
#9255 = CARTESIAN_POINT ( 'NONE',  ( -39.95000000000000284, -17.50534825036275066, 34.87555728527809151 ) ) ;
#9256 = DIRECTION ( 'NONE',  ( 0.000000000000000000, 0.000000000000000000, -1.000000000000000000 ) ) ;
#9257 = CARTESIAN_POINT ( 'NONE',  ( 10.12963360958148051, -19.68291636587315097, -41.83452994616209963 ) ) ;
#9258 = ORIENTED_EDGE ( 'NONE', *, *, #11071, .T. ) ;
#9259 = CARTESIAN_POINT ( 'NONE',  ( 40.95000000000000284, -7.687184009642050064, -27.04640154436604860 ) ) ;
#9260 = EDGE_LOOP ( 'NONE', ( #7803, #4638, #9089, #3839 ) ) ;
#9261 = CARTESIAN_POINT ( 'NONE',  ( -40.95000000000000284, -6.117302516606720530, -28.66614285017684693 ) ) ;
#9262 = DIRECTION ( 'NONE',  ( 0.000000000000000000, -1.000000000000000000, 0.000000000000000000 ) ) ;
#9263 = CARTESIAN_POINT ( 'NONE',  ( -40.65246274386025505, -17.49393659527146738, 34.15863820528566208 ) ) ;
#9264 = CARTESIAN_POINT ( 'NONE',  ( 26.19365417184194200, -19.50251537395782364, -41.87475358062652475 ) ) ;
#9265 = EDGE_CURVE ( 'NONE', #7620, #3753, #10263, .T. ) ;
#9266 = LINE ( 'NONE', #2990, #8419 ) ;
#9267 = CARTESIAN_POINT ( 'NONE',  ( 27.54180701779304741, -19.79439162411980746, -41.46367367062605780 ) ) ;
#9268 = CARTESIAN_POINT ( 'NONE',  ( 26.16211681929285149, -19.49094895281315232, -41.76848603700828022 ) ) ;
#9269 = ORIENTED_EDGE ( 'NONE', *, *, #1662, .T. ) ;
#9270 = LINE ( 'NONE', #2940, #3418 ) ;
#9271 = ORIENTED_EDGE ( 'NONE', *, *, #11380, .F. ) ;
#9272 = DIRECTION ( 'NONE',  ( 0.000000000000000000, -1.000000000000000000, 0.000000000000000000 ) ) ;
#9273 = ORIENTED_EDGE ( 'NONE', *, *, #1884, .F. ) ;
#9274 = EDGE_LOOP ( 'NONE', ( #7708, #9280, #215, #4230 ) ) ;
#9275 = EDGE_CURVE ( 'NONE', #10696, #10421, #9699, .T. ) ;
#9276 = DIRECTION ( 'NONE',  ( 0.000000000000000000, -1.000000000000000000, 0.000000000000000000 ) ) ;
#9277 = FACE_OUTER_BOUND ( 'NONE', #554, .T. ) ;
#9278 = EDGE_CURVE ( 'NONE', #11173, #10107, #155, .T. ) ;
#9279 = CARTESIAN_POINT ( 'NONE',  ( 40.95000000000000284, -13.35186151901900153, 13.23208702463421993 ) ) ;
#9280 = ORIENTED_EDGE ( 'NONE', *, *, #3525, .T. ) ;
#9281 = CARTESIAN_POINT ( 'NONE',  ( 10.80532527678979804, -19.58612723596248628, -41.72498482643404571 ) ) ;
#9282 = ORIENTED_EDGE ( 'NONE', *, *, #4482, .F. ) ;
#9283 = VERTEX_POINT ( 'NONE', #7550 ) ;
#9284 = DIRECTION ( 'NONE',  ( 0.000000000000000000, -1.000000000000000000, 0.000000000000000000 ) ) ;
#9285 = CARTESIAN_POINT ( 'NONE',  ( -22.84999999999999787, -17.50534825036275066, 29.25000000000000000 ) ) ;
#9286 = EDGE_CURVE ( 'NONE', #4302, #1681, #2051, .T. ) ;
#9287 = CARTESIAN_POINT ( 'NONE',  ( 10.14498486862646409, -20.27263893407917550, -41.15429702286802183 ) ) ;
#9288 = FACE_OUTER_BOUND ( 'NONE', #11182, .T. ) ;
#9289 = ORIENTED_EDGE ( 'NONE', *, *, #9742, .T. ) ;
#9290 = CARTESIAN_POINT ( 'NONE',  ( 40.95000000000000284, -6.005348250362779972, -29.76256579129610103 ) ) ;
#9291 = DIRECTION ( 'NONE',  ( 0.000000000000000000, 1.000000000000000000, 0.000000000000000000 ) ) ;
#9292 = EDGE_LOOP ( 'NONE', ( #4671, #11765, #10822, #6056 ) ) ;
#9293 = LINE ( 'NONE', #2963, #7680 ) ;
#9294 = CARTESIAN_POINT ( 'NONE',  ( 42.95000000000000284, -13.20151344825372064, 13.55862424082752149 ) ) ;
#9295 = CARTESIAN_POINT ( 'NONE',  ( 11.22415614436797959, -19.50795320137489952, -41.70268704199755661 ) ) ;
#9296 = ORIENTED_EDGE ( 'NONE', *, *, #3065, .F. ) ;
#9297 = DIRECTION ( 'NONE',  ( 0.000000000000000000, 0.000000000000000000, -1.000000000000000000 ) ) ;
#9298 = EDGE_LOOP ( 'NONE', ( #2518, #7885, #8320, #6671 ) ) ;
#9299 = DIRECTION ( 'NONE',  ( 0.000000000000000000, -1.000000000000000000, 0.000000000000000000 ) ) ;
#9300 = CARTESIAN_POINT ( 'NONE',  ( -42.95000000000000284, -6.511642939418550213, -3.521603907125345323 ) ) ;
#9301 = CARTESIAN_POINT ( 'NONE',  ( 37.75000000000000000, -16.50534825036275066, -35.45000000000000284 ) ) ;
#9302 = DIRECTION ( 'NONE',  ( -1.000000000000000000, 0.000000000000000000, 0.000000000000000000 ) ) ;
#9303 = EDGE_CURVE ( 'NONE', #7635, #71, #1506, .T. ) ;
#9304 = CARTESIAN_POINT ( 'NONE',  ( 27.43535551852555088, -19.74633850339374774, -41.65092130572944740 ) ) ;
#9305 = VECTOR ( 'NONE', #3018, 1000.000000000000000 ) ;
#9306 = CARTESIAN_POINT ( 'NONE',  ( -41.45000000000000284, -17.50534825036275066, -40.95000000000000284 ) ) ;
#9307 = CARTESIAN_POINT ( 'NONE',  ( -40.38674783276658076, -17.37921912423493609, 27.92426248129215693 ) ) ;
#9308 = EDGE_LOOP ( 'NONE', ( #5745, #11156, #2962, #300 ) ) ;
#9309 = CARTESIAN_POINT ( 'NONE',  ( 10.07134766895111966, -19.68291636395805000, -41.83452994755710108 ) ) ;
#9310 = ORIENTED_EDGE ( 'NONE', *, *, #3777, .F. ) ;
#9311 = EDGE_CURVE ( 'NONE', #10461, #5660, #8387, .T. ) ;
#9312 = ORIENTED_EDGE ( 'NONE', *, *, #8769, .F. ) ;
#9313 = DIRECTION ( 'NONE',  ( 0.000000000000000000, 0.000000000000000000, -1.000000000000000000 ) ) ;
#9314 = VECTOR ( 'NONE', #11682, 1000.000000000000000 ) ;
#9315 = CARTESIAN_POINT ( 'NONE',  ( -39.50243578279824419, -7.484319576944960417, -28.08659665094329938 ) ) ;
#9316 = AXIS2_PLACEMENT_3D ( 'NONE', #4802, #7552, #11244 ) ;
#9317 = CARTESIAN_POINT ( 'NONE',  ( 40.94999999999997442, -7.542434069135238950, 33.11502636917273890 ) ) ;
#9318 = DIRECTION ( 'NONE',  ( 0.000000000000000000, -1.000000000000000000, 0.000000000000000000 ) ) ;
#9319 = DIRECTION ( 'NONE',  ( 0.000000000000000000, -1.000000000000000000, 0.000000000000000000 ) ) ;
#9320 = DIRECTION ( 'NONE',  ( 0.000000000000000000, -1.000000000000000000, 0.000000000000000000 ) ) ;
#9321 = DIRECTION ( 'NONE',  ( 0.000000000000000000, 0.9083415329249426851, -0.4182291950158013027 ) ) ;
#9322 = CIRCLE ( 'NONE', #4169, 9.000000000000001776 ) ;
#9323 = VERTEX_POINT ( 'NONE', #4800 ) ;
#9324 = DIRECTION ( 'NONE',  ( 0.000000000000000000, -1.000000000000000000, 0.000000000000000000 ) ) ;
#9325 = EDGE_CURVE ( 'NONE', #665, #2169, #8452, .T. ) ;
#9326 = VERTEX_POINT ( 'NONE', #5150 ) ;
#9327 = DIRECTION ( 'NONE',  ( 0.000000000000000000, 0.000000000000000000, 1.000000000000000000 ) ) ;
#9328 = VERTEX_POINT ( 'NONE', #10530 ) ;
#9329 = VERTEX_POINT ( 'NONE', #11313 ) ;
#9330 = ORIENTED_EDGE ( 'NONE', *, *, #3320, .T. ) ;
#9331 = EDGE_CURVE ( 'NONE', #976, #10196, #5867, .T. ) ;
#9332 = VECTOR ( 'NONE', #8826, 1000.000000000000227 ) ;
#9333 = CARTESIAN_POINT ( 'NONE',  ( 10.67426634874435898, -19.79468890816684734, -41.26484794449854832 ) ) ;
#9334 = FACE_OUTER_BOUND ( 'NONE', #5571, .T. ) ;
#9335 = AXIS2_PLACEMENT_3D ( 'NONE', #6232, #9318, #3894 ) ;
#9336 = CARTESIAN_POINT ( 'NONE',  ( 18.84999999999999787, -19.50534825036275066, 20.75000000000000000 ) ) ;
#9337 = EDGE_LOOP ( 'NONE', ( #8709, #1087, #1572, #7624 ) ) ;
#9338 = DIRECTION ( 'NONE',  ( 0.000000000000000000, -1.000000000000000000, 0.000000000000000000 ) ) ;
#9339 = ORIENTED_EDGE ( 'NONE', *, *, #11452, .F. ) ;
#9340 = EDGE_CURVE ( 'NONE', #6839, #2984, #6780, .T. ) ;
#9341 = CYLINDRICAL_SURFACE ( 'NONE', #4164, 0.3594872681224082767 ) ;
#9342 = LINE ( 'NONE', #9285, #7429 ) ;
#9343 = CIRCLE ( 'NONE', #7251, 5.116680757979496619 ) ;
#9344 = EDGE_CURVE ( 'NONE', #2084, #5311, #571, .T. ) ;
#9345 = CARTESIAN_POINT ( 'NONE',  ( 40.95000000000000284, -6.812339080949080916, 2.825321660488020026 ) ) ;
#9346 = CARTESIAN_POINT ( 'NONE',  ( -39.63292794254885365, -7.139500174634280327, -33.29249017640779584 ) ) ;
#9347 = EDGE_LOOP ( 'NONE', ( #3095, #9389 ) ) ;
#9348 = AXIS2_PLACEMENT_3D ( 'NONE', #5137, #3241, #4071 ) ;
#9349 = CARTESIAN_POINT ( 'NONE',  ( -42.05481555856610498, -1.705348250362779927, 41.45000000000000284 ) ) ;
#9350 = DIRECTION ( 'NONE',  ( 0.000000000000000000, -1.000000000000000000, 0.000000000000000000 ) ) ;
#9351 = EDGE_LOOP ( 'NONE', ( #6280, #10978, #5858, #6626 ) ) ;
#9352 = FACE_BOUND ( 'NONE', #2369, .T. ) ;
#9353 = DIRECTION ( 'NONE',  ( 0.000000000000000000, 0.000000000000000000, -1.000000000000000000 ) ) ;
#9354 = ORIENTED_EDGE ( 'NONE', *, *, #6644, .T. ) ;
#9355 = CARTESIAN_POINT ( 'NONE',  ( 11.34273451870216043, -19.54086713569040157, -41.70356799676009985 ) ) ;
#9356 = ORIENTED_EDGE ( 'NONE', *, *, #6141, .F. ) ;
#9357 = DIRECTION ( 'NONE',  ( 0.000000000000000000, 0.000000000000000000, -1.000000000000000000 ) ) ;
#9358 = VECTOR ( 'NONE', #2017, 1000.000000000000000 ) ;
#9359 = CIRCLE ( 'NONE', #6691, 0.4999999999999983902 ) ;
#9360 = VECTOR ( 'NONE', #182, 1000.000000000000000 ) ;
#9361 = ORIENTED_EDGE ( 'NONE', *, *, #7586, .T. ) ;
#9362 = CARTESIAN_POINT ( 'NONE',  ( -40.95000000000000284, -37.27699162698574753, 2.852212041397040210 ) ) ;
#9363 = ORIENTED_EDGE ( 'NONE', *, *, #5231, .F. ) ;
#9364 = DIRECTION ( 'NONE',  ( -1.000000000000000000, 0.000000000000000000, 0.000000000000000000 ) ) ;
#9365 = CARTESIAN_POINT ( 'NONE',  ( -20.15000000000000213, -17.50534825036275066, 24.54999999999999716 ) ) ;
#9366 = VECTOR ( 'NONE', #3387, 1000.000000000000000 ) ;
#9367 = AXIS2_PLACEMENT_3D ( 'NONE', #8893, #9897, #10672 ) ;
#9368 = ORIENTED_EDGE ( 'NONE', *, *, #10335, .F. ) ;
#9369 = DIRECTION ( 'NONE',  ( 0.000000000000000000, 0.000000000000000000, 1.000000000000000000 ) ) ;
#9370 = CARTESIAN_POINT ( 'NONE',  ( 10.12963360958148051, -20.00534825036275066, -25.94999999999999929 ) ) ;
#9371 = EDGE_LOOP ( 'NONE', ( #10342, #334, #11597, #6636 ) ) ;
#9372 = CIRCLE ( 'NONE', #10125, 2.099999999999997868 ) ;
#9373 = EDGE_CURVE ( 'NONE', #503, #7642, #9520, .T. ) ;
#9374 = DIRECTION ( 'NONE',  ( -1.050198315463631445E-16, 0.9083415329249426851, -0.4182291950158013027 ) ) ;
#9375 = VERTEX_POINT ( 'NONE', #6967 ) ;
#9376 = CARTESIAN_POINT ( 'NONE',  ( -37.75000000000000000, -8.505348250362779083, 30.94999999999999929 ) ) ;
#9377 = ORIENTED_EDGE ( 'NONE', *, *, #3675, .T. ) ;
#9378 = DIRECTION ( 'NONE',  ( 0.000000000000000000, -1.000000000000000000, 0.000000000000000000 ) ) ;
#9379 = EDGE_CURVE ( 'NONE', #11260, #4783, #7219, .T. ) ;
#9380 = AXIS2_PLACEMENT_3D ( 'NONE', #11136, #167, #1055 ) ;
#9381 = DIRECTION ( 'NONE',  ( -1.000000000000000000, 0.000000000000000000, 1.674039542559039894E-16 ) ) ;
#9382 = CARTESIAN_POINT ( 'NONE',  ( -39.95000000000000284, -17.04862882735370277, 33.87555728527809862 ) ) ;
#9383 = CARTESIAN_POINT ( 'NONE',  ( 9.637524425663864136, -19.92616205811869179, -40.92835337896620729 ) ) ;
#9384 = EDGE_CURVE ( 'NONE', #5916, #4008, #7793, .T. ) ;
#9385 = CARTESIAN_POINT ( 'NONE',  ( 42.95000000000000284, -6.511642939418550213, 17.47839609287465024 ) ) ;
#9386 = CARTESIAN_POINT ( 'NONE',  ( -40.95000000000000284, -13.35186151901900153, 13.23208702463423947 ) ) ;
#9387 = CARTESIAN_POINT ( 'NONE',  ( 26.09117707480090331, -19.50067167045665073, -41.85334646395949676 ) ) ;
#9388 = CIRCLE ( 'NONE', #10519, 3.499999999999999556 ) ;
#9389 = ORIENTED_EDGE ( 'NONE', *, *, #6396, .T. ) ;
#9390 = CIRCLE ( 'NONE', #9784, 3.500000000000003109 ) ;
#9391 = CARTESIAN_POINT ( 'NONE',  ( 19.94999999999999929, -19.50534825036275066, 41.45000000000000284 ) ) ;
#9392 = VECTOR ( 'NONE', #8025, 1000.000000000000000 ) ;
#9393 = TOROIDAL_SURFACE ( 'NONE', #9019, 0.5000000000000000000, 1.000000000000000000 ) ;
#9394 = ORIENTED_EDGE ( 'NONE', *, *, #8208, .T. ) ;
#9395 = CYLINDRICAL_SURFACE ( 'NONE', #3049, 0.9000000000000014655 ) ;
#9396 = EDGE_LOOP ( 'NONE', ( #10840, #3711, #5331, #6177 ) ) ;
#9397 = ORIENTED_EDGE ( 'NONE', *, *, #1376, .F. ) ;
#9399 = ORIENTED_EDGE ( 'NONE', *, *, #1015, .F. ) ;
#9398 = ADVANCED_FACE ( 'NONE', ( #7787 ), #10462, .F. ) ;
#9400 = AXIS2_PLACEMENT_3D ( 'NONE', #6244, #7098, #8945 ) ;
#9401 = AXIS2_PLACEMENT_3D ( 'NONE', #6635, #2097, #1208 ) ;
#9402 = EDGE_CURVE ( 'NONE', #9080, #3157, #7984, .T. ) ;
#9403 = CARTESIAN_POINT ( 'NONE',  ( 13.12963360958147874, -33.06169743646680104, -28.53619997939700070 ) ) ;
#9404 = DIRECTION ( 'NONE',  ( 0.000000000000000000, 0.000000000000000000, -1.000000000000000000 ) ) ;
#9405 = DIRECTION ( 'NONE',  ( -1.000000000000000000, 0.000000000000000000, 1.674039542559039894E-16 ) ) ;
#9406 = CARTESIAN_POINT ( 'NONE',  ( 39.46111111111110148, -8.005348250362779083, 34.00321122188300649 ) ) ;
#9407 = EDGE_CURVE ( 'NONE', #10913, #5702, #4727, .T. ) ;
#9408 = ORIENTED_EDGE ( 'NONE', *, *, #6181, .T. ) ;
#9409 = CARTESIAN_POINT ( 'NONE',  ( 10.65654590804327562, -19.62877861653438316, -41.79239431277603245 ) ) ;
#9410 = ORIENTED_EDGE ( 'NONE', *, *, #5591, .T. ) ;
#9411 = LINE ( 'NONE', #11129, #9892 ) ;
#9412 = DIRECTION ( 'NONE',  ( 1.000000000000000000, 0.000000000000000000, 0.000000000000000000 ) ) ;
#9413 = AXIS2_PLACEMENT_3D ( 'NONE', #5293, #7341, #7275 ) ;
#9414 = CARTESIAN_POINT ( 'NONE',  ( 10.13549809420498526, -20.37113809510048767, -40.95556085306544958 ) ) ;
#9415 = CARTESIAN_POINT ( 'NONE',  ( -40.94999999999998153, -8.002012673547007182, -33.16879324863076306 ) ) ;
#9416 = ORIENTED_EDGE ( 'NONE', *, *, #1465, .T. ) ;
#9417 = DIRECTION ( 'NONE',  ( 0.000000000000000000, -1.000000000000000000, 0.000000000000000000 ) ) ;
#9418 = CARTESIAN_POINT ( 'NONE',  ( 40.76262350019274550, -17.50534825036275066, 27.60723173909904915 ) ) ;
#9419 = EDGE_CURVE ( 'NONE', #5156, #10414, #6784, .T. ) ;
#9420 = ORIENTED_EDGE ( 'NONE', *, *, #1826, .T. ) ;
#9421 = DIRECTION ( 'NONE',  ( 1.492235248152091785E-16, 0.000000000000000000, -1.000000000000000000 ) ) ;
#9422 = DIRECTION ( 'NONE',  ( 0.000000000000000000, 0.000000000000000000, 1.000000000000000000 ) ) ;
#9423 = ADVANCED_FACE ( 'NONE', ( #7675 ), #4977, .F. ) ;
#9424 = ORIENTED_EDGE ( 'NONE', *, *, #2631, .F. ) ;
#9425 = EDGE_LOOP ( 'NONE', ( #1300, #6047 ) ) ;
#9426 = LINE ( 'NONE', #2200, #8612 ) ;
#9427 = ORIENTED_EDGE ( 'NONE', *, *, #11028, .T. ) ;
#9428 = DIRECTION ( 'NONE',  ( -1.000000000000000000, 0.000000000000000000, 0.000000000000000000 ) ) ;
#9429 = ORIENTED_EDGE ( 'NONE', *, *, #5919, .F. ) ;
#9430 = LINE ( 'NONE', #6747, #5337 ) ;
#9431 = FACE_BOUND ( 'NONE', #6592, .T. ) ;
#9432 = ORIENTED_EDGE ( 'NONE', *, *, #10257, .T. ) ;
#9433 = DIRECTION ( 'NONE',  ( 0.000000000000000000, -1.000000000000000000, 0.000000000000000000 ) ) ;
#9434 = CARTESIAN_POINT ( 'NONE',  ( 24.12963360958149650, -14.50534825036275954, -28.53619997939700070 ) ) ;
#9435 = EDGE_CURVE ( 'NONE', #5742, #8181, #6260, .T. ) ;
#9436 = DIRECTION ( 'NONE',  ( 0.000000000000000000, 0.000000000000000000, 1.000000000000000000 ) ) ;
#9437 = ORIENTED_EDGE ( 'NONE', *, *, #4351, .T. ) ;
#9438 = DIRECTION ( 'NONE',  ( 0.000000000000000000, -1.000000000000000000, 0.000000000000000000 ) ) ;
#9439 = CARTESIAN_POINT ( 'NONE',  ( -19.25000000000000000, -17.50534825036275066, -26.55000000000000071 ) ) ;
#9440 = ADVANCED_FACE ( 'NONE', ( #1407 ), #8690, .F. ) ;
#9441 = LINE ( 'NONE', #9496, #9021 ) ;
#9442 = DIRECTION ( 'NONE',  ( 1.000000000000000000, 0.000000000000000000, 0.000000000000000000 ) ) ;
#9443 = LINE ( 'NONE', #264, #8038 ) ;
#9444 = FACE_OUTER_BOUND ( 'NONE', #504, .T. ) ;
#9445 = CARTESIAN_POINT ( 'NONE',  ( 26.00733979467591794, -19.49283408063435274, -41.77525437782440321 ) ) ;
#9446 = ORIENTED_EDGE ( 'NONE', *, *, #2213, .T. ) ;
#9447 = CARTESIAN_POINT ( 'NONE',  ( -39.70281020921834170, -16.79644075247828283, -27.99341432419882025 ) ) ;
#9448 = EDGE_LOOP ( 'NONE', ( #10756, #6425, #954, #7061 ) ) ;
#9449 = LINE ( 'NONE', #4901, #3636 ) ;
#9450 = ADVANCED_FACE ( 'NONE', ( #8809 ), #4436, .F. ) ;
#9451 = EDGE_LOOP ( 'NONE', ( #1627, #8759, #3027, #539 ) ) ;
#9452 = EDGE_LOOP ( 'NONE', ( #1936, #7904, #7246, #4046 ) ) ;
#9453 = CARTESIAN_POINT ( 'NONE',  ( 11.20756853013231868, -19.51145944895224815, -41.62778188315304817 ) ) ;
#9454 = CARTESIAN_POINT ( 'NONE',  ( -37.75000000000000000, -16.50534825036275066, -30.94999999999999929 ) ) ;
#9455 = EDGE_CURVE ( 'NONE', #8991, #467, #3426, .T. ) ;
#9456 = LINE ( 'NONE', #7672, #3769 ) ;
#9457 = DIRECTION ( 'NONE',  ( 7.001322103090887394E-17, -0.9083415329249426851, 0.4182291950158013027 ) ) ;
#9458 = ORIENTED_EDGE ( 'NONE', *, *, #2992, .T. ) ;
#9459 = CARTESIAN_POINT ( 'NONE',  ( 39.47402740632246321, -7.693141371029184938, -27.95782500368756018 ) ) ;
#9460 = ORIENTED_EDGE ( 'NONE', *, *, #3612, .F. ) ;
#9461 = CYLINDRICAL_SURFACE ( 'NONE', #1691, 0.5000000000000004441 ) ;
#9462 = DIRECTION ( 'NONE',  ( 0.000000000000000000, 0.000000000000000000, -1.000000000000000000 ) ) ;
#9463 = EDGE_CURVE ( 'NONE', #3956, #6011, #9706, .T. ) ;
#9464 = B_SPLINE_CURVE_WITH_KNOTS ( 'NONE', 3,
 ( #5635, #159, #9234, #7500, #4681, #10290, #8333, #5689, #2953, #11184, #8390, #221, #6596, #10233, #2054, #3009 ),
 .UNSPECIFIED., .F., .F.,
 ( 4, 2, 2, 2, 2, 2, 2, 4 ),
 ( 0.000000000000000000, 0.0009516729530753769524, 0.001427509429613054099, 0.001903345906150734823, 0.002379182382688409692, 0.002855018859226089983, 0.003330855335763770273, 0.003806691812301444926 ),
 .UNSPECIFIED. ) ;
#9465 = EDGE_CURVE ( 'NONE', #8501, #2862, #5270, .T. ) ;
#9466 = CARTESIAN_POINT ( 'NONE',  ( 10.14633590111509065, -20.26273871431009965, -41.17284722173876332 ) ) ;
#9467 = CARTESIAN_POINT ( 'NONE',  ( -40.94999999999998153, -8.005348250362780860, -33.16879324820065733 ) ) ;
#9468 = ORIENTED_EDGE ( 'NONE', *, *, #869, .T. ) ;
#9469 = CARTESIAN_POINT ( 'NONE',  ( 27.62963360958149295, -19.50534825036276132, -40.21794919243114919 ) ) ;
#9470 = ADVANCED_FACE ( 'NONE', ( #11609 ), #1814, .F. ) ;
#9471 = CARTESIAN_POINT ( 'NONE',  ( 41.45000000000000284, -19.50534825036275066, 41.45000000000000284 ) ) ;
#9472 = ORIENTED_EDGE ( 'NONE', *, *, #1117, .F. ) ;
#9473 = CARTESIAN_POINT ( 'NONE',  ( 39.95000000000000284, -7.005348250362779972, 32.13743420870385137 ) ) ;
#9474 = DIRECTION ( 'NONE',  ( -1.000000000000000000, 0.000000000000000000, 0.000000000000000000 ) ) ;
#9475 = VERTEX_POINT ( 'NONE', #7019 ) ;
#9476 = CARTESIAN_POINT ( 'NONE',  ( 11.11731797243288078, -19.49883045517945135, -41.83600838798495403 ) ) ;
#9477 = EDGE_LOOP ( 'NONE', ( #4324, #6972, #98, #8400 ) ) ;
#9478 = DIRECTION ( 'NONE',  ( 0.000000000000000000, 0.000000000000000000, -1.000000000000000000 ) ) ;
#9479 = ORIENTED_EDGE ( 'NONE', *, *, #3874, .F. ) ;
#9480 = EDGE_CURVE ( 'NONE', #3975, #5075, #10071, .T. ) ;
#9481 = DIRECTION ( 'NONE',  ( 0.000000000000000000, 0.000000000000000000, -1.000000000000000000 ) ) ;
#9482 = DIRECTION ( 'NONE',  ( 0.000000000000000000, -1.000000000000000000, 0.000000000000000000 ) ) ;
#9483 = CARTESIAN_POINT ( 'NONE',  ( 40.95000000000000284, -6.005348250362779972, -29.44554925754300356 ) ) ;
#9484 = FACE_BOUND ( 'NONE', #1370, .T. ) ;
#9485 = EDGE_LOOP ( 'NONE', ( #11035, #5030, #7449, #5514 ) ) ;
#9486 = DIRECTION ( 'NONE',  ( 0.000000000000000000, 1.000000000000000000, 0.000000000000000000 ) ) ;
#9487 = CARTESIAN_POINT ( 'NONE',  ( 23.94999999999999929, -17.50534825036275066, 27.17781907207880110 ) ) ;
#9488 = VERTEX_POINT ( 'NONE', #3374 ) ;
#9489 = CARTESIAN_POINT ( 'NONE',  ( 9.910625808782150159, -19.71710130965099950, -41.74967094060320250 ) ) ;
#9490 = VECTOR ( 'NONE', #7016, 1000.000000000000000 ) ;
#9491 = EDGE_LOOP ( 'NONE', ( #1398, #1926, #7834, #7426 ) ) ;
#9492 = ADVANCED_FACE ( 'NONE', ( #908 ), #8921, .F. ) ;
#9493 = CARTESIAN_POINT ( 'NONE',  ( 28.12963360958149650, -19.50534825036275066, -26.55000000000000071 ) ) ;
#9494 = CARTESIAN_POINT ( 'NONE',  ( 40.95000000000000284, -13.35186151901900153, 6.232087024634219929 ) ) ;
#9495 = EDGE_CURVE ( 'NONE', #6096, #2232, #10706, .T. ) ;
#9496 = CARTESIAN_POINT ( 'NONE',  ( 42.95000000000000284, -13.35186151901900153, 6.591574292756630093 ) ) ;
#9497 = CIRCLE ( 'NONE', #6828, 1.000000000000000888 ) ;
#9498 = CARTESIAN_POINT ( 'NONE',  ( 9.629438245245227179, -19.99585444912594312, -40.47809765886805167 ) ) ;
#9499 = CARTESIAN_POINT ( 'NONE',  ( -20.15000000000000213, -19.50534825036275066, 26.55000000000000071 ) ) ;
#9500 = CYLINDRICAL_SURFACE ( 'NONE', #10504, 2.100000000000000977 ) ;
#9501 = LINE ( 'NONE', #7588, #237 ) ;
#9502 = CARTESIAN_POINT ( 'NONE',  ( 25.77939944465279964, -19.59572363525414929, -41.73560707190220143 ) ) ;
#9503 = ORIENTED_EDGE ( 'NONE', *, *, #3488, .F. ) ;
#9504 = CARTESIAN_POINT ( 'NONE',  ( -22.84999999999999787, -19.50534825036275066, 25.55000000000000071 ) ) ;
#9505 = ORIENTED_EDGE ( 'NONE', *, *, #4720, .T. ) ;
#9506 = EDGE_CURVE ( 'NONE', #230, #2924, #10450, .T. ) ;
#9507 = DIRECTION ( 'NONE',  ( 0.000000000000000000, -1.000000000000000000, 0.000000000000000000 ) ) ;
#9508 = ORIENTED_EDGE ( 'NONE', *, *, #6354, .F. ) ;
#9509 = AXIS2_PLACEMENT_3D ( 'NONE', #7075, #2587, #9821 ) ;
#9510 = VECTOR ( 'NONE', #3606, 1000.000000000000000 ) ;
#9511 = ORIENTED_EDGE ( 'NONE', *, *, #7600, .T. ) ;
#9512 = EDGE_LOOP ( 'NONE', ( #11211, #2291, #5316, #11381, #1883 ) ) ;
#9513 = CIRCLE ( 'NONE', #8560, 0.8999999999999980238 ) ;
#9514 = CARTESIAN_POINT ( 'NONE',  ( 10.21889906725538033, -19.94358999630884810, -41.61381420341170667 ) ) ;
#9515 = CIRCLE ( 'NONE', #10821, 1.999999999999998224 ) ;
#9516 = FACE_BOUND ( 'NONE', #5954, .T. ) ;
#9517 = CARTESIAN_POINT ( 'NONE',  ( -40.95000000000000284, -19.50534825036275066, 34.87555728527809151 ) ) ;
#9518 = DIRECTION ( 'NONE',  ( 0.000000000000000000, -1.000000000000000000, 0.000000000000000000 ) ) ;
#9519 = ORIENTED_EDGE ( 'NONE', *, *, #7494, .T. ) ;
#9520 = LINE ( 'NONE', #2231, #11205 ) ;
#9521 = ORIENTED_EDGE ( 'NONE', *, *, #993, .T. ) ;
#9522 = LINE ( 'NONE', #1461, #1507 ) ;
#9523 = CARTESIAN_POINT ( 'NONE',  ( 9.203385084599378985, -19.50534825036275066, -41.42824064197719736 ) ) ;
#9524 = CIRCLE ( 'NONE', #762, 0.3594872681224057231 ) ;
#9525 =( NAMED_UNIT ( * ) SI_UNIT ( $, .STERADIAN. ) SOLID_ANGLE_UNIT ( ) );
#9526 = CARTESIAN_POINT ( 'NONE',  ( 41.45000000000000284, -19.50534825036275066, 41.45000000000000284 ) ) ;
#9527 = FACE_OUTER_BOUND ( 'NONE', #4374, .T. ) ;
#9528 = VECTOR ( 'NONE', #2255, 1000.000000000000000 ) ;
#9529 = ORIENTED_EDGE ( 'NONE', *, *, #6615, .F. ) ;
#9530 = CARTESIAN_POINT ( 'NONE',  ( 27.53968218177950078, -19.50534825036274711, -41.75298099236225369 ) ) ;
#9531 = CARTESIAN_POINT ( 'NONE',  ( 27.12924200133907959, -20.47112446375342643, -40.58755989906809702 ) ) ;
#9532 = CARTESIAN_POINT ( 'NONE',  ( 40.66934358502793145, -17.49701362885916822, 27.72300032583131468 ) ) ;
#9533 = AXIS2_PLACEMENT_3D ( 'NONE', #1213, #97, #8499 ) ;
#9534 = VERTEX_POINT ( 'NONE', #6225 ) ;
#9535 = CIRCLE ( 'NONE', #4377, 1.500000000000001332 ) ;
#9536 = CARTESIAN_POINT ( 'NONE',  ( -42.95000000000000284, -6.511642939418550213, -10.52160390712534088 ) ) ;
#9537 = DIRECTION ( 'NONE',  ( 0.000000000000000000, 0.000000000000000000, 1.000000000000000000 ) ) ;
#9538 = ORIENTED_EDGE ( 'NONE', *, *, #7164, .F. ) ;
#9539 = CARTESIAN_POINT ( 'NONE',  ( 42.95000000000000284, -13.35186151901900153, -0.7679129753657750745 ) ) ;
#9540 = ORIENTED_EDGE ( 'NONE', *, *, #2821, .F. ) ;
#9541 = AXIS2_PLACEMENT_3D ( 'NONE', #5160, #8815, #5224 ) ;
#9542 = FACE_OUTER_BOUND ( 'NONE', #3085, .T. ) ;
#9543 = B_SPLINE_CURVE_WITH_KNOTS ( 'NONE', 3,
 ( #6436, #1904, #3706, #638, #6045, #4258, #11553, #7352, #9697, #10640, #9139, #2463, #10923, #7224, #2688, #5216, #8867, #951, #8126, #11760, #4586, #8244, #6327, #78, #10976, #2799, #5546, #9307, #4762, #11098, #7573, #3882, #3035, #7706 ),
 .UNSPECIFIED., .F., .F.,
 ( 4, 2, 2, 1, 1, 1, 2, 2, 2, 2, 1, 1, 2, 2, 2, 2, 1, 2, 2, 4 ),
 ( 0.000000000000000000, 0.1250000000001283973, 0.1875000000001947054, 0.2187500000002233491, 0.2343750000002303990, 0.2421875000002284839, 0.2460937500002281231, 0.2500000000002277623, 0.3750000000002286504, 0.4375000000002271516, 0.4687500000002263190, 0.4843750000002229328, 0.4921875000002209344, 0.5000000000002189360, 0.6250000000001834088, 0.6875000000001634248, 0.7187500000001485478, 0.7343750000001436629, 0.7500000000001388889, 1.000000000000000000 ),
 .UNSPECIFIED. ) ;
#9544 = ADVANCED_FACE ( 'NONE', ( #1634 ), #1688, .F. ) ;
#9545 = VECTOR ( 'NONE', #2280, 1000.000000000000000 ) ;
#9546 = AXIS2_PLACEMENT_3D ( 'NONE', #4840, #3114, #369 ) ;
#9547 = FACE_OUTER_BOUND ( 'NONE', #5278, .T. ) ;
#9548 = ORIENTED_EDGE ( 'NONE', *, *, #7964, .F. ) ;
#9549 = LINE ( 'NONE', #9620, #10172 ) ;
#9550 = FACE_BOUND ( 'NONE', #9605, .T. ) ;
#9551 = EDGE_CURVE ( 'NONE', #6230, #9102, #8030, .T. ) ;
#9552 = AXIS2_PLACEMENT_3D ( 'NONE', #4412, #4472, #8123 ) ;
#9553 = ORIENTED_EDGE ( 'NONE', *, *, #4564, .F. ) ;
#9554 = CARTESIAN_POINT ( 'NONE',  ( 10.63292228250283777, -19.94722737483092700, -40.79985166784003781 ) ) ;
#9555 = CARTESIAN_POINT ( 'NONE',  ( 26.29629102328302892, -19.52817025965058662, -41.96954009643945227 ) ) ;
#9556 = EDGE_CURVE ( 'NONE', #8445, #945, #9513, .T. ) ;
#9557 = CARTESIAN_POINT ( 'NONE',  ( -39.54725500684016026, -7.308531440958289771, 33.62336385789394910 ) ) ;
#9558 = VECTOR ( 'NONE', #6924, 1000.000000000000000 ) ;
#9559 = AXIS2_PLACEMENT_3D ( 'NONE', #2747, #10026, #4524 ) ;
#9560 = EDGE_LOOP ( 'NONE', ( #817, #2101, #4643, #4709 ) ) ;
#9561 = CARTESIAN_POINT ( 'NONE',  ( -40.95000000000000284, -8.005348250362779083, -27.02444271472190351 ) ) ;
#9562 = CIRCLE ( 'NONE', #5159, 1.000000000000000888 ) ;
#9563 = LINE ( 'NONE', #3229, #3864 ) ;
#9564 = DIRECTION ( 'NONE',  ( 0.000000000000000000, 0.000000000000000000, 1.000000000000000000 ) ) ;
#9565 = VECTOR ( 'NONE', #770, 1000.000000000000000 ) ;
#9566 = DIRECTION ( 'NONE',  ( 0.000000000000000000, 0.000000000000000000, -1.000000000000000000 ) ) ;
#9567 = AXIS2_PLACEMENT_3D ( 'NONE', #3181, #3847, #1334 ) ;
#9568 = CARTESIAN_POINT ( 'NONE',  ( 40.95000000000000284, -17.50534825036275066, 34.87555728527809151 ) ) ;
#9569 = DIRECTION ( 'NONE',  ( 0.000000000000000000, 0.000000000000000000, 1.000000000000000000 ) ) ;
#9570 = EDGE_CURVE ( 'NONE', #8625, #513, #9875, .T. ) ;
#9571 = CARTESIAN_POINT ( 'NONE',  ( 25.92835458009555083, -19.53651203890830246, -41.70287035977435153 ) ) ;
#9572 = VERTEX_POINT ( 'NONE', #4545 ) ;
#9573 = LINE ( 'NONE', #7773, #11024 ) ;
#9574 = EDGE_CURVE ( 'NONE', #6096, #10461, #7043, .T. ) ;
#9575 = EDGE_LOOP ( 'NONE', ( #6960, #3311, #7509, #10745 ) ) ;
#9576 = LINE ( 'NONE', #1450, #10297 ) ;
#9577 = ORIENTED_EDGE ( 'NONE', *, *, #7266, .T. ) ;
#9578 = AXIS2_PLACEMENT_3D ( 'NONE', #4448, #3330, #7087 ) ;
#9579 = AXIS2_PLACEMENT_3D ( 'NONE', #8097, #9107, #9163 ) ;
#9580 = ORIENTED_EDGE ( 'NONE', *, *, #8096, .T. ) ;
#9581 = CIRCLE ( 'NONE', #992, 2.399999999999999467 ) ;
#9582 = ORIENTED_EDGE ( 'NONE', *, *, #7941, .F. ) ;
#9583 = AXIS2_PLACEMENT_3D ( 'NONE', #7193, #10176, #3732 ) ;
#9584 = CARTESIAN_POINT ( 'NONE',  ( 26.62829255600730605, -19.96864341842749724, -40.68182032950642224 ) ) ;
#9585 = STYLED_ITEM ( 'NONE', ( #1010 ), #3723 ) ;
#9586 = DIRECTION ( 'NONE',  ( 0.000000000000000000, 0.000000000000000000, 1.000000000000000000 ) ) ;
#9587 = VECTOR ( 'NONE', #6605, 1000.000000000000000 ) ;
#9588 = DIRECTION ( 'NONE',  ( 0.000000000000000000, 1.000000000000000000, 0.000000000000000000 ) ) ;
#9589 = LINE ( 'NONE', #8385, #9783 ) ;
#9590 = VERTEX_POINT ( 'NONE', #10816 ) ;
#9591 = CARTESIAN_POINT ( 'NONE',  ( 39.48165284103092176, -7.620694738669623547, -27.99336688811830953 ) ) ;
#9592 = ORIENTED_EDGE ( 'NONE', *, *, #11484, .T. ) ;
#9593 = FACE_OUTER_BOUND ( 'NONE', #9451, .T. ) ;
#9594 = DIRECTION ( 'NONE',  ( -1.000000000000000000, 0.000000000000000000, 0.000000000000000000 ) ) ;
#9595 = AXIS2_PLACEMENT_3D ( 'NONE', #7630, #7697, #533 ) ;
#9596 = AXIS2_PLACEMENT_3D ( 'NONE', #1356, #5945, #4992 ) ;
#9597 = CARTESIAN_POINT ( 'NONE',  ( 11.24572455659891901, -19.50534825036275066, -41.77136523820526293 ) ) ;
#9598 = CARTESIAN_POINT ( 'NONE',  ( 41.45000000000000284, -1.705348250362779927, 41.45000000000000284 ) ) ;
#9599 = VERTEX_POINT ( 'NONE', #2640 ) ;
#9600 = EDGE_CURVE ( 'NONE', #1053, #794, #693, .T. ) ;
#9601 = CARTESIAN_POINT ( 'NONE',  ( -42.95000000000000284, -6.511642939418550213, -10.52160390712534088 ) ) ;
#9602 = CARTESIAN_POINT ( 'NONE',  ( 27.28992776945462140, -19.70273733948132744, -41.78691371738172222 ) ) ;
#9603 = B_SPLINE_CURVE_WITH_KNOTS ( 'NONE', 3,
 ( #3697, #7281, #10968, #4644, #10245, #4577, #10073, #121, #2968, #8294, #8345, #1893, #2913, #239 ),
 .UNSPECIFIED., .F., .F.,
 ( 4, 2, 2, 1, 1, 2, 2, 4 ),
 ( 0.000000000000000000, 0.2500000000000478506, 0.3750000000000717759, 0.4375000000000865974, 0.4687500000000939249, 0.4843750000000938138, 0.5000000000000937028, 1.000000000000000000 ),
 .UNSPECIFIED. ) ;
#9604 = CARTESIAN_POINT ( 'NONE',  ( 40.44160051696361791, -17.40885561297555739, 27.89529780921567337 ) ) ;
#9605 = EDGE_LOOP ( 'NONE', ( #8131, #217 ) ) ;
#9606 = VECTOR ( 'NONE', #7933, 1000.000000000000000 ) ;
#9607 = CARTESIAN_POINT ( 'NONE',  ( -40.95000000000000284, -19.50534825036275066, -40.95000000000000284 ) ) ;
#9608 = CARTESIAN_POINT ( 'NONE',  ( 24.35000000000000142, -16.51385150205409857, 27.17781907207880110 ) ) ;
#9609 = AXIS2_PLACEMENT_3D ( 'NONE', #6266, #7295, #952 ) ;
#9610 = EDGE_CURVE ( 'NONE', #8680, #7207, #1754, .T. ) ;
#9611 = ORIENTED_EDGE ( 'NONE', *, *, #2888, .F. ) ;
#9612 = DIRECTION ( 'NONE',  ( -1.000000000000000000, 0.000000000000000000, 0.000000000000000000 ) ) ;
#9613 = DIRECTION ( 'NONE',  ( 0.000000000000000000, -1.000000000000000000, 0.000000000000000000 ) ) ;
#9614 = ORIENTED_EDGE ( 'NONE', *, *, #102, .T. ) ;
#9615 = DIRECTION ( 'NONE',  ( 0.000000000000000000, 1.000000000000000000, 0.000000000000000000 ) ) ;
#9616 = EDGE_CURVE ( 'NONE', #1500, #8589, #9049, .T. ) ;
#9617 = DIRECTION ( 'NONE',  ( 0.000000000000000000, 0.000000000000000000, -1.000000000000000000 ) ) ;
#9618 = CIRCLE ( 'NONE', #10553, 0.3594872681224057231 ) ;
#9619 = CARTESIAN_POINT ( 'NONE',  ( 18.62963360958150005, -22.50590349045295113, -39.15288073737649910 ) ) ;
#9620 = CARTESIAN_POINT ( 'NONE',  ( -28.25000000000000000, -17.50534825036275066, 26.55000000000000071 ) ) ;
#9621 = CARTESIAN_POINT ( 'NONE',  ( 41.95000000000000284, -18.50534825036275421, -41.45000000000000284 ) ) ;
#9622 = VERTEX_POINT ( 'NONE', #95 ) ;
#9623 = CARTESIAN_POINT ( 'NONE',  ( 10.65133834056911866, -19.85961722796275808, -41.10647687050256849 ) ) ;
#9624 = FACE_OUTER_BOUND ( 'NONE', #3274, .T. ) ;
#9625 = EDGE_CURVE ( 'NONE', #354, #5087, #11169, .T. ) ;
#9626 = CARTESIAN_POINT ( 'NONE',  ( -39.68687365923259591, -7.082876106798339677, 33.09814382815009992 ) ) ;
#9627 = ORIENTED_EDGE ( 'NONE', *, *, #5450, .T. ) ;
#9628 = DIRECTION ( 'NONE',  ( 0.000000000000000000, 0.000000000000000000, 1.000000000000000000 ) ) ;
#9629 = EDGE_CURVE ( 'NONE', #6378, #2052, #6637, .T. ) ;
#9630 = LINE ( 'NONE', #1439, #1953 ) ;
#9631 = DIRECTION ( 'NONE',  ( -1.000000000000000000, 0.000000000000000000, 1.674039542559039894E-16 ) ) ;
#9632 = DIRECTION ( 'NONE',  ( 0.000000000000000000, 0.000000000000000000, -1.000000000000000000 ) ) ;
#9633 = CARTESIAN_POINT ( 'NONE',  ( -39.71674008408594148, -7.061271269277156648, 28.90642211375240223 ) ) ;
#9634 = DIRECTION ( 'NONE',  ( 0.000000000000000000, -1.000000000000000000, 0.000000000000000000 ) ) ;
#9635 = CARTESIAN_POINT ( 'NONE',  ( 27.75000000000000000, -19.50534825036275066, 19.94999999999999929 ) ) ;
#9636 = ORIENTED_EDGE ( 'NONE', *, *, #3605, .T. ) ;
#9637 = ORIENTED_EDGE ( 'NONE', *, *, #4740, .T. ) ;
#9638 = CARTESIAN_POINT ( 'NONE',  ( 25.44999999999999929, -10.00534825036277908, 40.95000000000000284 ) ) ;
#9639 = ORIENTED_EDGE ( 'NONE', *, *, #1762, .F. ) ;
#9640 = CARTESIAN_POINT ( 'NONE',  ( -39.55765296173553480, -16.63083516121488259, 33.94910627424397376 ) ) ;
#9641 = ORIENTED_EDGE ( 'NONE', *, *, #793, .T. ) ;
#9642 = ORIENTED_EDGE ( 'NONE', *, *, #6375, .T. ) ;
#9643 = ADVANCED_FACE ( 'NONE', ( #8374 ), #2765, .T. ) ;
#9644 = DIRECTION ( 'NONE',  ( -1.000000000000000000, 0.000000000000000000, 0.000000000000000000 ) ) ;
#9645 = CYLINDRICAL_SURFACE ( 'NONE', #8423, 0.3594872681224065558 ) ;
#9646 = CARTESIAN_POINT ( 'NONE',  ( 21.94999999999999929, -19.50534825036275066, 20.75000000000000000 ) ) ;
#9647 = CARTESIAN_POINT ( 'NONE',  ( -40.95000000000000284, -34.31703084865290521, 9.280876856838688127 ) ) ;
#9648 = VERTEX_POINT ( 'NONE', #4719 ) ;
#9649 = CARTESIAN_POINT ( 'NONE',  ( 39.46368585746501623, -7.846266129617203156, -27.90919889383371100 ) ) ;
#9650 = EDGE_LOOP ( 'NONE', ( #205, #5487, #8137, #2457 ) ) ;
#9651 = FACE_OUTER_BOUND ( 'NONE', #6569, .T. ) ;
#9652 = CARTESIAN_POINT ( 'NONE',  ( 9.629633609581468079, -20.00534825036275066, -40.21794919243114919 ) ) ;
#9653 = EDGE_CURVE ( 'NONE', #9830, #6417, #3722, .T. ) ;
#9654 = EDGE_CURVE ( 'NONE', #5343, #4478, #11117, .T. ) ;
#9655 = CARTESIAN_POINT ( 'NONE',  ( -40.95000000000000284, -13.35186151901900153, 20.23208702463425368 ) ) ;
#9656 = EDGE_CURVE ( 'NONE', #1818, #8556, #9270, .T. ) ;
#9657 = CARTESIAN_POINT ( 'NONE',  ( 9.129633609581478737, -19.50534825036275066, -40.21794919243114919 ) ) ;
#9658 = CARTESIAN_POINT ( 'NONE',  ( 39.50946817837274239, -16.56820367471286914, 33.97611047153230857 ) ) ;
#9659 = CARTESIAN_POINT ( 'NONE',  ( 39.75025387441232994, -16.84830614712079111, 28.00429216863836146 ) ) ;
#9660 = EDGE_LOOP ( 'NONE', ( #10942, #4791 ) ) ;
#9661 = DIRECTION ( 'NONE',  ( 0.000000000000000000, 0.000000000000000000, -1.000000000000000000 ) ) ;
#9662 = DIRECTION ( 'NONE',  ( -1.674039542559039894E-16, 0.000000000000000000, -1.000000000000000000 ) ) ;
#9663 = ORIENTED_EDGE ( 'NONE', *, *, #7118, .T. ) ;
#9664 = DIRECTION ( 'NONE',  ( 0.000000000000000000, 0.000000000000000000, -1.000000000000000000 ) ) ;
#9665 = CYLINDRICAL_SURFACE ( 'NONE', #7619, 1.000000000000000888 ) ;
#9666 = VERTEX_POINT ( 'NONE', #5672 ) ;
#9667 = ADVANCED_FACE ( 'NONE', ( #970, #10100 ), #5565, .F. ) ;
#9668 = CARTESIAN_POINT ( 'NONE',  ( 42.95000000000000284, -6.812339080949070258, 9.825321660488031128 ) ) ;
#9669 = LINE ( 'NONE', #9893, #6352 ) ;
#9670 = FACE_OUTER_BOUND ( 'NONE', #4672, .T. ) ;
#9671 = DIRECTION ( 'NONE',  ( 0.000000000000000000, -1.000000000000000000, 0.000000000000000000 ) ) ;
#9672 = FACE_BOUND ( 'NONE', #7204, .T. ) ;
#9673 = ORIENTED_EDGE ( 'NONE', *, *, #5014, .F. ) ;
#9674 = CARTESIAN_POINT ( 'NONE',  ( 10.65250370853292061, -19.85584589996400595, -41.11665279666915751 ) ) ;
#9675 = CARTESIAN_POINT ( 'NONE',  ( 28.12963360958149650, -20.00534825036275066, -40.21794919243114919 ) ) ;
#9676 = CARTESIAN_POINT ( 'NONE',  ( -39.46111111413635086, -7.925270358654159963, 34.00321122018755204 ) ) ;
#9677 = ORIENTED_EDGE ( 'NONE', *, *, #4508, .F. ) ;
#9678 = CARTESIAN_POINT ( 'NONE',  ( -25.55000000000000071, -19.50534825036275066, 22.84999999999999787 ) ) ;
#9679 = LINE ( 'NONE', #7112, #4048 ) ;
#9680 = CARTESIAN_POINT ( 'NONE',  ( 40.94999999999998863, -7.998409371094902021, 28.72561155987702719 ) ) ;
#9681 = DIRECTION ( 'NONE',  ( 0.000000000000000000, 0.9083415329249426851, -0.4182291950158013027 ) ) ;
#9682 = DIRECTION ( 'NONE',  ( 0.000000000000000000, 0.000000000000000000, 1.000000000000000000 ) ) ;
#9683 = DIRECTION ( 'NONE',  ( 0.000000000000000000, 0.000000000000000000, 1.000000000000000000 ) ) ;
#9684 = CARTESIAN_POINT ( 'NONE',  ( 37.75000000000000000, -8.005348250362779083, -28.44999999999999929 ) ) ;
#9685 = PLANE ( 'NONE',  #7691 ) ;
#9686 = ORIENTED_EDGE ( 'NONE', *, *, #5440, .F. ) ;
#9687 = DIRECTION ( 'NONE',  ( 0.000000000000000000, 0.000000000000000000, -1.000000000000000000 ) ) ;
#9688 = VERTEX_POINT ( 'NONE', #2040 ) ;
#9689 = DIRECTION ( 'NONE',  ( 1.000000000000000000, 0.000000000000000000, 0.000000000000000000 ) ) ;
#9690 = ORIENTED_EDGE ( 'NONE', *, *, #9696, .F. ) ;
#9691 = EDGE_LOOP ( 'NONE', ( #5435, #3124 ) ) ;
#9692 = AXIS2_PLACEMENT_3D ( 'NONE', #9730, #10434, #667 ) ;
#9693 = EDGE_CURVE ( 'NONE', #7599, #2575, #7367, .T. ) ;
#9694 = DIRECTION ( 'NONE',  ( 0.000000000000000000, -1.000000000000000000, 0.000000000000000000 ) ) ;
#9695 = CARTESIAN_POINT ( 'NONE',  ( -42.95000000000000284, -13.35186151901900153, -0.4084257072433545299 ) ) ;
#9696 = EDGE_CURVE ( 'NONE', #9112, #8202, #6272, .T. ) ;
#9697 = CARTESIAN_POINT ( 'NONE',  ( -39.73914312092982470, -16.83629330555440973, 28.00196402406701424 ) ) ;
#9698 = FACE_OUTER_BOUND ( 'NONE', #5809, .T. ) ;
#9699 = CIRCLE ( 'NONE', #6443, 1.000000000000000888 ) ;
#9700 = ORIENTED_EDGE ( 'NONE', *, *, #9051, .T. ) ;
#9701 = DIRECTION ( 'NONE',  ( 0.000000000000000000, 0.000000000000000000, -1.000000000000000000 ) ) ;
#9702 = ORIENTED_EDGE ( 'NONE', *, *, #1591, .F. ) ;
#9703 = DIRECTION ( 'NONE',  ( 0.000000000000000000, 0.000000000000000000, -1.000000000000000000 ) ) ;
#9704 = CARTESIAN_POINT ( 'NONE',  ( 40.95000000000000284, -6.812339080949070258, 16.82532166048799738 ) ) ;
#9705 = ORIENTED_EDGE ( 'NONE', *, *, #1625, .T. ) ;
#9706 = CIRCLE ( 'NONE', #9509, 0.3594872681224082767 ) ;
#9707 = CIRCLE ( 'NONE', #11217, 4.650000000000001243 ) ;
#9708 = CYLINDRICAL_SURFACE ( 'NONE', #7067, 1.000000000000000888 ) ;
#9709 = ORIENTED_EDGE ( 'NONE', *, *, #1079, .T. ) ;
#9710 = CARTESIAN_POINT ( 'NONE',  ( -40.95000000000000284, -6.023019247625789774, 32.77068808561924840 ) ) ;
#9711 = DIRECTION ( 'NONE',  ( -1.000000000000000000, 0.000000000000000000, 0.000000000000000000 ) ) ;
#9712 = CARTESIAN_POINT ( 'NONE',  ( 40.15402921834542838, -17.22232891674335420, 28.00354105858654918 ) ) ;
#9713 = ORIENTED_EDGE ( 'NONE', *, *, #6338, .F. ) ;
#9714 = DIRECTION ( 'NONE',  ( 0.000000000000000000, -1.000000000000000000, 0.000000000000000000 ) ) ;
#9715 = CARTESIAN_POINT ( 'NONE',  ( 25.44999999999999929, -11.50534825036277908, 40.95000000000000284 ) ) ;
#9716 = ORIENTED_EDGE ( 'NONE', *, *, #10065, .F. ) ;
#9717 = EDGE_CURVE ( 'NONE', #11700, #4185, #1314, .T. ) ;
#9718 = CYLINDRICAL_SURFACE ( 'NONE', #5408, 1.000000000000000888 ) ;
#9719 = CARTESIAN_POINT ( 'NONE',  ( -39.95000000000000284, -7.005348250362779972, -27.02444271472190351 ) ) ;
#9720 = EDGE_CURVE ( 'NONE', #4919, #5312, #7483, .T. ) ;
#9721 =( NAMED_UNIT ( * ) SI_UNIT ( $, .STERADIAN. ) SOLID_ANGLE_UNIT ( ) );
#9722 = CARTESIAN_POINT ( 'NONE',  ( 40.76262350019269576, -17.50534825036275066, -34.29276826090094943 ) ) ;
#9723 = DIRECTION ( 'NONE',  ( 1.000000000000000000, -3.635804631495415109E-16, 0.000000000000000000 ) ) ;
#9724 = B_SPLINE_CURVE_WITH_KNOTS ( 'NONE', 3,
 ( #6927, #4280, #8890, #10554 ),
 .UNSPECIFIED., .F., .F.,
 ( 4, 4 ),
 ( 0.000000000000000000, 1.000000000000000000 ),
 .UNSPECIFIED. ) ;
#9725 = CARTESIAN_POINT ( 'NONE',  ( 4.450745019243995237, -12.50534825036277908, 42.95000000000000284 ) ) ;
#9726 = CARTESIAN_POINT ( 'NONE',  ( -42.95000000000000284, -13.35186151901900153, -14.76791297536576053 ) ) ;
#9727 = EDGE_CURVE ( 'NONE', #3431, #1306, #10079, .T. ) ;
#9728 = ORIENTED_EDGE ( 'NONE', *, *, #2511, .T. ) ;
#9729 = FACE_OUTER_BOUND ( 'NONE', #11172, .T. ) ;
#9730 = CARTESIAN_POINT ( 'NONE',  ( 42.95000000000000284, -13.35186151901900153, -14.76791297536578007 ) ) ;
#9731 = VECTOR ( 'NONE', #7054, 1000.000000000000000 ) ;
#9732 = CARTESIAN_POINT ( 'NONE',  ( -39.51564569539500127, -7.420678533526299248, 33.75556260419409682 ) ) ;
#9733 = ORIENTED_EDGE ( 'NONE', *, *, #1625, .F. ) ;
#9734 = LINE ( 'NONE', #671, #1550 ) ;
#9735 = VECTOR ( 'NONE', #5333, 1000.000000000000000 ) ;
#9736 = CARTESIAN_POINT ( 'NONE',  ( 26.12963360958150005, -20.00534825036275066, -25.94999999999999929 ) ) ;
#9737 = CARTESIAN_POINT ( 'NONE',  ( 40.95000000000000284, -6.160403962206129513, 28.51209304007469925 ) ) ;
#9738 = VECTOR ( 'NONE', #7569, 1000.000000000000000 ) ;
#9739 = CARTESIAN_POINT ( 'NONE',  ( 26.65188425722925558, -19.63714830594021876, -41.81068693816480675 ) ) ;
#9740 = CARTESIAN_POINT ( 'NONE',  ( 27.75000000000000711, -19.50875861181796012, -23.54700699022380306 ) ) ;
#9741 = DIRECTION ( 'NONE',  ( 0.000000000000000000, 0.000000000000000000, -1.000000000000000000 ) ) ;
#9742 = EDGE_CURVE ( 'NONE', #9862, #5507, #3031, .T. ) ;
#9743 = AXIS2_PLACEMENT_3D ( 'NONE', #2172, #3310, #5856 ) ;
#9744 = CARTESIAN_POINT ( 'NONE',  ( 27.61988760961240175, -19.91846729891760859, -40.96466309355625413 ) ) ;
#9745 = CARTESIAN_POINT ( 'NONE',  ( 25.44999999999999929, -10.00534825036277908, 40.95000000000000284 ) ) ;
#9746 = ORIENTED_EDGE ( 'NONE', *, *, #8406, .F. ) ;
#9747 = FACE_OUTER_BOUND ( 'NONE', #11801, .T. ) ;
#9748 = ORIENTED_EDGE ( 'NONE', *, *, #11231, .T. ) ;
#9749 = DIRECTION ( 'NONE',  ( 0.000000000000000000, 0.000000000000000000, -1.000000000000000000 ) ) ;
#9750 = VERTEX_POINT ( 'NONE', #5501 ) ;
#9751 = ORIENTED_EDGE ( 'NONE', *, *, #2541, .F. ) ;
#9752 = AXIS2_PLACEMENT_3D ( 'NONE', #3635, #1007, #9297 ) ;
#9753 = AXIS2_PLACEMENT_3D ( 'NONE', #8288, #10064, #9291 ) ;
#9754 = ADVANCED_FACE ( 'NONE', ( #143 ), #10941, .F. ) ;
#9755 = CIRCLE ( 'NONE', #4587, 0.3594872681224082767 ) ;
#9756 = CARTESIAN_POINT ( 'NONE',  ( 41.45000000000000284, -18.50534825036275421, -41.95000000000000284 ) ) ;
#9757 = CARTESIAN_POINT ( 'NONE',  ( 25.97196811716344911, -19.50534825036275066, -41.95000000000000284 ) ) ;
#9758 = DIRECTION ( 'NONE',  ( 0.000000000000000000, 0.000000000000000000, 1.000000000000000000 ) ) ;
#9759 = CARTESIAN_POINT ( 'NONE',  ( 40.95000000000000284, -13.50220958978423980, -15.09445019155910117 ) ) ;
#9760 = AXIS2_PLACEMENT_3D ( 'NONE', #3834, #8368, #195 ) ;
#9761 = EDGE_LOOP ( 'NONE', ( #1825, #10705 ) ) ;
#9762 = DIRECTION ( 'NONE',  ( 0.000000000000000000, 1.000000000000000000, 0.000000000000000000 ) ) ;
#9763 = CIRCLE ( 'NONE', #4405, 8.500000000000000000 ) ;
#9764 = EDGE_CURVE ( 'NONE', #187, #6772, #3899, .T. ) ;
#9765 = ORIENTED_EDGE ( 'NONE', *, *, #2316, .F. ) ;
#9766 = CARTESIAN_POINT ( 'NONE',  ( 40.95000000000000284, -13.35186151901900153, -7.408425707243370795 ) ) ;
#9767 = PLANE ( 'NONE',  #6672 ) ;
#9768 = ADVANCED_FACE ( 'NONE', ( #11049 ), #6526, .F. ) ;
#9769 = AXIS2_PLACEMENT_3D ( 'NONE', #7345, #9130, #10139 ) ;
#9770 = DIRECTION ( 'NONE',  ( 0.000000000000000000, 0.000000000000000000, -1.000000000000000000 ) ) ;
#9771 = VECTOR ( 'NONE', #9569, 1000.000000000000000 ) ;
#9772 = EDGE_CURVE ( 'NONE', #10288, #3165, #1145, .T. ) ;
#9773 = DIRECTION ( 'NONE',  ( -1.000000000000000000, 0.000000000000000000, 0.000000000000000000 ) ) ;
#9774 = AXIS2_PLACEMENT_3D ( 'NONE', #10856, #10799, #4471 ) ;
#9775 = DIRECTION ( 'NONE',  ( 2.168404344971010347E-16, 0.000000000000000000, -1.000000000000000000 ) ) ;
#9776 = CARTESIAN_POINT ( 'NONE',  ( -37.75000000000000000, -16.50534825036275066, 30.94999999999999929 ) ) ;
#9777 = ORIENTED_EDGE ( 'NONE', *, *, #10697, .F. ) ;
#9778 = CARTESIAN_POINT ( 'NONE',  ( 26.14194924672880305, -19.49883045517939806, -41.83600838798435007 ) ) ;
#9779 = DIRECTION ( 'NONE',  ( -1.000000000000000000, 0.000000000000000000, 0.000000000000000000 ) ) ;
#9780 = VERTEX_POINT ( 'NONE', #500 ) ;
#9781 = CARTESIAN_POINT ( 'NONE',  ( 28.12437861724029986, -19.50534825036275066, -40.82447927943675126 ) ) ;
#9782 = CARTESIAN_POINT ( 'NONE',  ( -40.95000000000000284, -19.50534825036275066, -34.87555728527809151 ) ) ;
#9783 = VECTOR ( 'NONE', #9457, 1000.000000000000227 ) ;
#9784 = AXIS2_PLACEMENT_3D ( 'NONE', #8530, #6856, #10249 ) ;
#9785 = AXIS2_PLACEMENT_3D ( 'NONE', #4512, #11639, #7208 ) ;
#9786 = DIRECTION ( 'NONE',  ( 0.000000000000000000, 0.000000000000000000, 1.000000000000000000 ) ) ;
#9787 = DIRECTION ( 'NONE',  ( 0.000000000000000000, -1.000000000000000000, 0.000000000000000000 ) ) ;
#9788 =( BOUNDED_SURFACE ( )  B_SPLINE_SURFACE ( 3, 2, ( 
 ( #9652, #1585, #11317 ),
 ( #8813, #4265, #1462 ),
 ( #2360, #10647, #3326 ),
 ( #6111, #397, #10592 ),
 ( #8571, #7919, #3140 ),
 ( #10409, #6051, #9523 ),
 ( #6783, #4028, #8643 ),
 ( #5092, #2234, #5871 ) ),
 .UNSPECIFIED., .F., .F., .F. ) 
 B_SPLINE_SURFACE_WITH_KNOTS ( ( 4, 2, 2, 4 ),
 ( 3, 3 ),
 ( 0.005718198247337540063, 0.006171466917871969854, 0.006624735588406399645, 0.007531272929475260093 ),
 ( 0.000000000000000000, 1.000000000000000000 ),
 .UNSPECIFIED. ) 
 GEOMETRIC_REPRESENTATION_ITEM ( )  RATIONAL_B_SPLINE_SURFACE ( (
 ( 1.000000000000000000, 0.7071067811865480168, 1.000000000000000000),
 ( 1.000000000000000000, 0.7069274535582510399, 1.000000000000000000),
 ( 1.000000000000000000, 0.7157829236705459675, 1.000000000000000000),
 ( 1.000000000000000000, 0.7434024615938619185, 1.000000000000000000),
 ( 1.000000000000000000, 0.7617863401983969718, 1.000000000000000000),
 ( 1.000000000000000000, 0.8167171927917900032, 1.000000000000000000),
 ( 1.000000000000000000, 0.8518901428681979748, 1.000000000000000000),
 ( 1.000000000000000000, 0.8712116545185889516, 1.000000000000000000) ) ) 
 REPRESENTATION_ITEM ( '' )  SURFACE ( )  );
#9789 = EDGE_CURVE ( 'NONE', #8970, #2201, #11615, .T. ) ;
#9790 = VECTOR ( 'NONE', #7051, 1000.000000000000000 ) ;
#9791 = DIRECTION ( 'NONE',  ( 0.000000000000000000, -1.000000000000000000, 0.000000000000000000 ) ) ;
#9792 = CIRCLE ( 'NONE', #4433, 1.500000000000001332 ) ;
#9793 = CARTESIAN_POINT ( 'NONE',  ( -40.95000000000000284, -36.97629548545519640, 3.505286473783640222 ) ) ;
#9794 = VERTEX_POINT ( 'NONE', #11354 ) ;
#9795 = FACE_OUTER_BOUND ( 'NONE', #1724, .T. ) ;
#9796 = FACE_BOUND ( 'NONE', #5114, .T. ) ;
#9797 = DIRECTION ( 'NONE',  ( 0.000000000000000000, -1.000000000000000000, 0.000000000000000000 ) ) ;
#9798 = ORIENTED_EDGE ( 'NONE', *, *, #3120, .T. ) ;
#9799 = DIRECTION ( 'NONE',  ( 0.000000000000000000, 0.000000000000000000, -1.000000000000000000 ) ) ;
#9800 = AXIS2_PLACEMENT_3D ( 'NONE', #4589, #1905, #5310 ) ;
#9801 = FACE_OUTER_BOUND ( 'NONE', #705, .T. ) ;
#9802 = DIRECTION ( 'NONE',  ( 0.000000000000000000, -1.000000000000000000, 0.000000000000000000 ) ) ;
#9803 = CARTESIAN_POINT ( 'NONE',  ( 26.42308774778953762, -19.57275907674102911, -41.71699081865339309 ) ) ;
#9804 = CARTESIAN_POINT ( 'NONE',  ( 27.75000000000000000, -17.50534825036275066, 19.94999999999999929 ) ) ;
#9805 = EDGE_CURVE ( 'NONE', #6839, #9326, #750, .T. ) ;
#9806 = DIRECTION ( 'NONE',  ( 0.000000000000000000, 0.000000000000000000, -1.000000000000000000 ) ) ;
#9807 = CIRCLE ( 'NONE', #3884, 3.500000000000003109 ) ;
#9808 = LINE ( 'NONE', #10507, #4413 ) ;
#9809 = CARTESIAN_POINT ( 'NONE',  ( 42.95000000000000284, -6.511642939418550213, 10.47839609287463958 ) ) ;
#9810 = ORIENTED_EDGE ( 'NONE', *, *, #8629, .T. ) ;
#9811 = DIRECTION ( 'NONE',  ( -1.000000000000000000, 0.000000000000000000, 0.000000000000000000 ) ) ;
#9812 = ORIENTED_EDGE ( 'NONE', *, *, #8257, .T. ) ;
#9813 = CARTESIAN_POINT ( 'NONE',  ( 41.45000000000000284, -19.97730839475075015, -42.23867513459479994 ) ) ;
#9814 = ORIENTED_EDGE ( 'NONE', *, *, #4790, .T. ) ;
#9815 = ORIENTED_EDGE ( 'NONE', *, *, #9625, .T. ) ;
#9816 = EDGE_CURVE ( 'NONE', #9794, #1232, #2267, .T. ) ;
#9817 = CARTESIAN_POINT ( 'NONE',  ( -40.95000000000000284, -6.963290903386679886, 34.54422770184360303 ) ) ;
#9818 = CARTESIAN_POINT ( 'NONE',  ( 18.62963360958150005, -17.50534825036275066, -34.03619997939700426 ) ) ;
#9819 = DIRECTION ( 'NONE',  ( 0.000000000000000000, 0.000000000000000000, -1.000000000000000000 ) ) ;
#9820 = VERTEX_POINT ( 'NONE', #2220 ) ;
#9821 = DIRECTION ( 'NONE',  ( 0.000000000000000000, 0.000000000000000000, 1.000000000000000000 ) ) ;
#9822 = EDGE_CURVE ( 'NONE', #11158, #10560, #4551, .T. ) ;
#9823 = EDGE_LOOP ( 'NONE', ( #9429, #10208, #9399, #1874 ) ) ;
#9824 = DIRECTION ( 'NONE',  ( 0.000000000000000000, 0.000000000000000000, 1.000000000000000000 ) ) ;
#9825 = FACE_OUTER_BOUND ( 'NONE', #6884, .T. ) ;
#9826 = DIRECTION ( 'NONE',  ( -7.001322103090887394E-17, 0.9083415329249426851, -0.4182291950158013027 ) ) ;
#9827 = DIRECTION ( 'NONE',  ( 0.000000000000000000, 0.000000000000000000, -1.000000000000000000 ) ) ;
#9828 = DIRECTION ( 'NONE',  ( 0.000000000000000000, -1.000000000000000000, 0.000000000000000000 ) ) ;
#9829 = FACE_BOUND ( 'NONE', #8444, .T. ) ;
#9830 = VERTEX_POINT ( 'NONE', #8622 ) ;
#9831 = CARTESIAN_POINT ( 'NONE',  ( 26.68162389801929990, -19.64216589927345069, -41.82272261413589831 ) ) ;
#9832 = CARTESIAN_POINT ( 'NONE',  ( -39.50253182032953703, -7.483710778396370777, -33.81297386397683624 ) ) ;
#9833 = EDGE_CURVE ( 'NONE', #11784, #2841, #2647, .T. ) ;
#9834 = ORIENTED_EDGE ( 'NONE', *, *, #5877, .F. ) ;
#9835 = CARTESIAN_POINT ( 'NONE',  ( -40.94999999999996021, -7.908741767324770855, -28.67708905489431004 ) ) ;
#9836 = CARTESIAN_POINT ( 'NONE',  ( -40.95000000000000284, -6.117194291692070074, 28.66652874326879896 ) ) ;
#9837 = DIRECTION ( 'NONE',  ( 0.000000000000000000, 0.000000000000000000, -1.000000000000000000 ) ) ;
#9838 = LINE ( 'NONE', #6191, #9606 ) ;
#9839 = DIRECTION ( 'NONE',  ( -1.000000000000000000, 0.000000000000000000, 0.000000000000000000 ) ) ;
#9840 = ADVANCED_FACE ( 'NONE', ( #6036 ), #378, .F. ) ;
#9841 = DIRECTION ( 'NONE',  ( 0.000000000000000000, 0.000000000000000000, -1.000000000000000000 ) ) ;
#9842 = CYLINDRICAL_SURFACE ( 'NONE', #2502, 2.399999999999999467 ) ;
#9843 = ORIENTED_EDGE ( 'NONE', *, *, #9463, .T. ) ;
#9844 = CIRCLE ( 'NONE', #4682, 0.9999999999999991118 ) ;
#9845 = CARTESIAN_POINT ( 'NONE',  ( 39.54725500684005368, -7.308531440958559777, -33.62336385789434701 ) ) ;
#9846 = CARTESIAN_POINT ( 'NONE',  ( 11.16350251933441307, -19.50031696745477916, -41.84980380244294906 ) ) ;
#9847 = ORIENTED_EDGE ( 'NONE', *, *, #5736, .F. ) ;
#9848 = EDGE_CURVE ( 'NONE', #3144, #5431, #9573, .T. ) ;
#9849 = CARTESIAN_POINT ( 'NONE',  ( 10.71356781858571949, -19.61569387263599751, -41.76648723556040466 ) ) ;
#9850 = EDGE_LOOP ( 'NONE', ( #1741, #5986, #10758, #2976, #2141 ) ) ;
#9851 = DIRECTION ( 'NONE',  ( 1.000000000000000000, 0.000000000000000000, 0.000000000000000000 ) ) ;
#9852 = FACE_OUTER_BOUND ( 'NONE', #1938, .T. ) ;
#9853 = CARTESIAN_POINT ( 'NONE',  ( 40.95000000000000284, -8.005348250362779083, 27.02444271472185022 ) ) ;
#9854 = CARTESIAN_POINT ( 'NONE',  ( 26.07379022264695934, -19.50274389250977691, -41.70323371470302476 ) ) ;
#9855 = DIRECTION ( 'NONE',  ( 1.050198315463631445E-16, -0.9083415329249426851, 0.4182291950158013027 ) ) ;
#9856 = CARTESIAN_POINT ( 'NONE',  ( 27.43535551852555088, -19.74633850339374774, -41.65092130572944740 ) ) ;
#9857 = CARTESIAN_POINT ( 'NONE',  ( 40.48997162295805907, -17.43268076912816511, -34.03352541667432263 ) ) ;
#9858 = EDGE_CURVE ( 'NONE', #6008, #1999, #2170, .T. ) ;
#9859 = CARTESIAN_POINT ( 'NONE',  ( -40.06949140574147350, -17.15422834692573772, -33.88271358493943097 ) ) ;
#9860 = ORIENTED_EDGE ( 'NONE', *, *, #5300, .F. ) ;
#9861 = CARTESIAN_POINT ( 'NONE',  ( 10.12963360958148051, -19.48665501328809668, -42.14245008972989837 ) ) ;
#9862 = VERTEX_POINT ( 'NONE', #3945 ) ;
#9863 = EDGE_CURVE ( 'NONE', #503, #2084, #6850, .T. ) ;
#9864 = CARTESIAN_POINT ( 'NONE',  ( -40.43534112465229668, -17.40585288253533136, -27.89922750711436450 ) ) ;
#9865 = VERTEX_POINT ( 'NONE', #6699 ) ;
#9866 = EDGE_CURVE ( 'NONE', #10499, #10272, #4898, .T. ) ;
#9867 = EDGE_LOOP ( 'NONE', ( #1696, #7942, #2398, #8534 ) ) ;
#9868 = CARTESIAN_POINT ( 'NONE',  ( -39.51564569539500127, -7.420678533526299248, 33.75556260419409682 ) ) ;
#9869 = B_SPLINE_CURVE_WITH_KNOTS ( 'NONE', 3,
 ( #7024, #10653, #6115, #965, #4378, #1138, #2809, #8037, #6448, #5558, #9881, #6519, #1699, #5667 ),
 .UNSPECIFIED., .F., .F.,
 ( 4, 2, 2, 1, 1, 2, 2, 4 ),
 ( 0.000000000000000000, 0.2500000000000875966, 0.3750000000001313949, 0.4375000000001533218, 0.4687500000001555978, 0.4843750000001478817, 0.5000000000001402212, 1.000000000000000000 ),
 .UNSPECIFIED. ) ;
#9870 = FACE_OUTER_BOUND ( 'NONE', #7758, .T. ) ;
#9871 = CARTESIAN_POINT ( 'NONE',  ( -42.95000000000000284, -6.661991010183810680, 10.15185887668133979 ) ) ;
#9872 = CARTESIAN_POINT ( 'NONE',  ( 41.45000000000000284, -3.705348250362780149, -41.45000000000000284 ) ) ;
#9873 = EDGE_CURVE ( 'NONE', #4860, #11384, #9322, .T. ) ;
#9874 = VERTEX_POINT ( 'NONE', #4068 ) ;
#9875 = LINE ( 'NONE', #8090, #7601 ) ;
#9876 = ORIENTED_EDGE ( 'NONE', *, *, #207, .T. ) ;
#9877 = DIRECTION ( 'NONE',  ( 0.000000000000000000, 0.000000000000000000, 1.000000000000000000 ) ) ;
#9878 = LINE ( 'NONE', #8989, #5519 ) ;
#9879 = CIRCLE ( 'NONE', #4359, 1.000000000000000888 ) ;
#9880 = VERTEX_POINT ( 'NONE', #11225 ) ;
#9881 = CARTESIAN_POINT ( 'NONE',  ( 40.36343340244188482, -17.36555547549427558, -27.93499278545358067 ) ) ;
#9882 = CIRCLE ( 'NONE', #1866, 7.500000000000000000 ) ;
#9883 = CARTESIAN_POINT ( 'NONE',  ( 10.63113705551140065, -19.96089652184794971, -40.73745707054055032 ) ) ;
#9884 = CARTESIAN_POINT ( 'NONE',  ( -39.95000000000000284, -17.50534825036275066, -34.87555728527809151 ) ) ;
#9885 = LINE ( 'NONE', #5341, #4607 ) ;
#9886 = ORIENTED_EDGE ( 'NONE', *, *, #3566, .T. ) ;
#9887 = FACE_OUTER_BOUND ( 'NONE', #4452, .T. ) ;
#9888 = ORIENTED_EDGE ( 'NONE', *, *, #2249, .F. ) ;
#9889 = CARTESIAN_POINT ( 'NONE',  ( -40.95000000000054996, -7.780785202909118681, -28.67703168524463919 ) ) ;
#9890 = CARTESIAN_POINT ( 'NONE',  ( -40.95000000000001705, -7.998361893814564638, 28.72554653697673643 ) ) ;
#9891 = AXIS2_PLACEMENT_3D ( 'NONE', #9231, #7377, #11064 ) ;
#9892 = VECTOR ( 'NONE', #8282, 1000.000000000000000 ) ;
#9893 = CARTESIAN_POINT ( 'NONE',  ( 40.95000000000000284, -19.50534825036275066, 27.02444271472185022 ) ) ;
#9894 = ADVANCED_FACE ( 'NONE', ( #5804 ), #5690, .T. ) ;
#9895 = DIRECTION ( 'NONE',  ( -1.000000000000000000, 0.000000000000000000, 0.000000000000000000 ) ) ;
#9896 = CARTESIAN_POINT ( 'NONE',  ( 26.01619876917937191, -19.50534825036275066, -41.76532448215341731 ) ) ;
#9897 = DIRECTION ( 'NONE',  ( 0.000000000000000000, -1.000000000000000000, 0.000000000000000000 ) ) ;
#9898 = VECTOR ( 'NONE', #6583, 1000.000000000000000 ) ;
#9899 = ORIENTED_EDGE ( 'NONE', *, *, #4962, .F. ) ;
#9900 = DIRECTION ( 'NONE',  ( 0.000000000000000000, 0.000000000000000000, -1.000000000000000000 ) ) ;
#9901 = DIRECTION ( 'NONE',  ( 0.000000000000000000, 0.000000000000000000, -1.000000000000000000 ) ) ;
#9902 = ORIENTED_EDGE ( 'NONE', *, *, #7210, .T. ) ;
#9903 = CARTESIAN_POINT ( 'NONE',  ( 10.94068877448991017, -19.49717502542490521, -41.79421358174999312 ) ) ;
#9904 = EDGE_CURVE ( 'NONE', #6572, #2691, #92, .T. ) ;
#9905 = EDGE_LOOP ( 'NONE', ( #2791, #1868 ) ) ;
#9906 = DIRECTION ( 'NONE',  ( 0.000000000000000000, -1.000000000000000000, 0.000000000000000000 ) ) ;
#9907 = AXIS2_PLACEMENT_3D ( 'NONE', #9090, #4532, #8183 ) ;
#9908 = CARTESIAN_POINT ( 'NONE',  ( 14.44999999999999929, -17.50534825036275066, 41.45000000000000284 ) ) ;
#9909 = CARTESIAN_POINT ( 'NONE',  ( 40.95000000000000284, -8.005348250362779083, 28.73120675179927375 ) ) ;
#9910 = CARTESIAN_POINT ( 'NONE',  ( 37.75000000000000000, -19.00534825036275421, -28.35000000000000142 ) ) ;
#9911 = LINE ( 'NONE', #7948, #1146 ) ;
#9912 = ORIENTED_EDGE ( 'NONE', *, *, #10120, .T. ) ;
#9913 = VECTOR ( 'NONE', #7879, 1000.000000000000000 ) ;
#9914 = EDGE_CURVE ( 'NONE', #3975, #130, #7233, .T. ) ;
#9915 = DIRECTION ( 'NONE',  ( -1.000000000000000000, 0.000000000000000000, 0.000000000000000000 ) ) ;
#9916 = DIRECTION ( 'NONE',  ( 0.000000000000000000, -1.000000000000000000, 0.000000000000000000 ) ) ;
#9917 = CIRCLE ( 'NONE', #6289, 2.000000000000001776 ) ;
#9918 = EDGE_LOOP ( 'NONE', ( #11369, #11416 ) ) ;
#9919 = EDGE_LOOP ( 'NONE', ( #6270, #5049, #936, #5040 ) ) ;
#9920 = CARTESIAN_POINT ( 'NONE',  ( -41.45000000000000284, -18.50534825036275421, -42.95000000000000284 ) ) ;
#9921 = VERTEX_POINT ( 'NONE', #2577 ) ;
#9922 = CARTESIAN_POINT ( 'NONE',  ( -40.71206690267604245, -17.50534825036278264, -27.67772633922604442 ) ) ;
#9923 = CIRCLE ( 'NONE', #4753, 2.599999999999998312 ) ;
#9924 = CYLINDRICAL_SURFACE ( 'NONE', #586, 0.3594872681224074440 ) ;
#9925 = EDGE_CURVE ( 'NONE', #8501, #3253, #1678, .T. ) ;
#9926 = CARTESIAN_POINT ( 'NONE',  ( 14.44999999999999929, -16.51385150205409857, 20.75000000000000000 ) ) ;
#9927 = CYLINDRICAL_SURFACE ( 'NONE', #8816, 1.000000000000000888 ) ;
#9928 = EDGE_CURVE ( 'NONE', #8600, #1473, #625, .T. ) ;
#9929 = CARTESIAN_POINT ( 'NONE',  ( 40.95000000000000284, -6.661991010183810680, -17.84814112331865132 ) ) ;
#9930 = VERTEX_POINT ( 'NONE', #792 ) ;
#9931 = DIRECTION ( 'NONE',  ( 2.511059313838565264E-16, 0.000000000000000000, 1.000000000000000000 ) ) ;
#9932 = VERTEX_POINT ( 'NONE', #2693 ) ;
#9933 = DIRECTION ( 'NONE',  ( -1.674039542559039894E-16, 0.000000000000000000, -1.000000000000000000 ) ) ;
#9934 = DIRECTION ( 'NONE',  ( 1.000000000000000000, 0.000000000000000000, 0.000000000000000000 ) ) ;
#9935 = AXIS2_PLACEMENT_3D ( 'NONE', #6316, #610, #10795 ) ;
#9936 = VERTEX_POINT ( 'NONE', #3361 ) ;
#9937 = AXIS2_PLACEMENT_3D ( 'NONE', #2273, #4175, #5910 ) ;
#9938 = VERTEX_POINT ( 'NONE', #731 ) ;
#9939 = VECTOR ( 'NONE', #880, 1000.000000000000000 ) ;
#9940 = CARTESIAN_POINT ( 'NONE',  ( 10.12963360958148051, -20.50534825036275066, -40.21794919243114919 ) ) ;
#9941 = CARTESIAN_POINT ( 'NONE',  ( 42.95000000000000284, -6.511642939418550213, 3.478396092874644907 ) ) ;
#9942 = VECTOR ( 'NONE', #1859, 1000.000000000000000 ) ;
#9943 = DIRECTION ( 'NONE',  ( -1.000000000000000000, 0.000000000000000000, 0.000000000000000000 ) ) ;
#9944 = ORIENTED_EDGE ( 'NONE', *, *, #3377, .T. ) ;
#9945 = CARTESIAN_POINT ( 'NONE',  ( -40.95000000000000284, -3.705348250362780149, 40.95000000000000284 ) ) ;
#9946 = ORIENTED_EDGE ( 'NONE', *, *, #1900, .F. ) ;
#9947 = CARTESIAN_POINT ( 'NONE',  ( -40.95000000000001705, -7.542337520376454663, -28.78504541300503305 ) ) ;
#9948 = DIRECTION ( 'NONE',  ( 1.000000000000000000, 0.000000000000000000, 0.000000000000000000 ) ) ;
#9949 = CIRCLE ( 'NONE', #4795, 0.3594872681224057231 ) ;
#9950 = AXIS2_PLACEMENT_3D ( 'NONE', #9386, #1321, #10162 ) ;
#9951 = ADVANCED_FACE ( 'NONE', ( #6215 ), #10755, .F. ) ;
#9952 = DIRECTION ( 'NONE',  ( 0.000000000000000000, 0.000000000000000000, -1.000000000000000000 ) ) ;
#9953 = DIRECTION ( 'NONE',  ( 0.000000000000000000, 0.000000000000000000, -1.000000000000000000 ) ) ;
#9954 = EDGE_LOOP ( 'NONE', ( #3224, #4183, #1406, #685 ) ) ;
#9955 = DIRECTION ( 'NONE',  ( 1.000000000000000000, 0.000000000000000000, 0.000000000000000000 ) ) ;
#9956 = CARTESIAN_POINT ( 'NONE',  ( -25.55000000000000071, -17.50534825036275066, 30.94999999999999929 ) ) ;
#9957 = CIRCLE ( 'NONE', #3855, 3.499999999999999556 ) ;
#9958 = ORIENTED_EDGE ( 'NONE', *, *, #3194, .F. ) ;
#9959 = CARTESIAN_POINT ( 'NONE',  ( 40.94999999999996021, -7.780785202909632048, -33.22296831475471635 ) ) ;
#9960 = FACE_OUTER_BOUND ( 'NONE', #2530, .T. ) ;
#9961 = AXIS2_PLACEMENT_3D ( 'NONE', #11663, #11769, #7238 ) ;
#9962 = ORIENTED_EDGE ( 'NONE', *, *, #437, .F. ) ;
#9963 = AXIS2_PLACEMENT_3D ( 'NONE', #5790, #10201, #9369 ) ;
#9964 = CARTESIAN_POINT ( 'NONE',  ( 10.96000176964891892, -19.50561509227879853, -41.95952527935190091 ) ) ;
#9965 = ADVANCED_FACE ( 'NONE', ( #8079 ), #4250, .F. ) ;
#9966 = B_SPLINE_CURVE_WITH_KNOTS ( 'NONE', 3,
 ( #8988, #807, #7021, #4439, #7187, #8092, #10646, #11727, #3551, #10819, #6964 ),
 .UNSPECIFIED., .F., .F.,
 ( 4, 2, 1, 2, 2, 4 ),
 ( 0.000000000000000000, 0.2500000000000561773, 0.3750000000000891509, 0.4375000000000838773, 0.5000000000000786038, 1.000000000000000000 ),
 .UNSPECIFIED. ) ;
#9967 = EDGE_LOOP ( 'NONE', ( #5671, #8569, #5208, #3946 ) ) ;
#9968 = DIRECTION ( 'NONE',  ( 0.000000000000000000, 0.000000000000000000, -1.000000000000000000 ) ) ;
#9969 = AXIS2_PLACEMENT_3D ( 'NONE', #547, #11589, #6944 ) ;
#9970 = CARTESIAN_POINT ( 'NONE',  ( -22.84999999999999787, -17.50534825036275066, 23.85000000000000142 ) ) ;
#9971 = B_SPLINE_CURVE_WITH_KNOTS ( 'NONE', 3,
 ( #6628, #5493, #10091, #3892, #3714, #9315, #7360, #10981, #7413, #8309, #11038, #6444, #1912, #2867, #5613, #6515 ),
 .UNSPECIFIED., .F., .F.,
 ( 4, 2, 2, 2, 2, 2, 2, 4 ),
 ( 0.000000000000000000, 0.1250000000000005274, 0.2500000000000000555, 0.3749999999999996669, 0.5000000000000005551, 0.6250000000000001110, 0.7500000000000007772, 1.000000000000000000 ),
 .UNSPECIFIED. ) ;
#9972 = VECTOR ( 'NONE', #6397, 1000.000000000000227 ) ;
#9973 = ORIENTED_EDGE ( 'NONE', *, *, #5350, .F. ) ;
#9974 = CARTESIAN_POINT ( 'NONE',  ( 42.95000000000000284, -13.35186151901900153, 20.23208702463425368 ) ) ;
#9975 = LINE ( 'NONE', #1124, #2673 ) ;
#9976 = EDGE_CURVE ( 'NONE', #5281, #5766, #1742, .T. ) ;
#9977 = DIRECTION ( 'NONE',  ( -1.000000000000000000, 0.000000000000000000, 1.674039542559039894E-16 ) ) ;
#9978 = FACE_BOUND ( 'NONE', #585, .T. ) ;
#9979 = CARTESIAN_POINT ( 'NONE',  ( -25.55000000000000071, -19.50534825036275066, 31.94999999999999929 ) ) ;
#9980 = DIRECTION ( 'NONE',  ( 0.000000000000000000, 0.000000000000000000, 1.000000000000000000 ) ) ;
#9981 = ORIENTED_EDGE ( 'NONE', *, *, #6869, .T. ) ;
#9982 = ORIENTED_EDGE ( 'NONE', *, *, #5505, .F. ) ;
#9983 = VECTOR ( 'NONE', #11525, 1000.000000000000227 ) ;
#9984 = CARTESIAN_POINT ( 'NONE',  ( 40.95000000000056417, -7.606392753684639629, -28.74424986627047574 ) ) ;
#9985 = AXIS2_PLACEMENT_3D ( 'NONE', #2263, #7820, #3290 ) ;
#9986 = EDGE_CURVE ( 'NONE', #10913, #11627, #2759, .T. ) ;
#9987 = ORIENTED_EDGE ( 'NONE', *, *, #313, .F. ) ;
#9988 = DIRECTION ( 'NONE',  ( 0.000000000000000000, -1.000000000000000000, 0.000000000000000000 ) ) ;
#9989 = EDGE_CURVE ( 'NONE', #2116, #11173, #10663, .T. ) ;
#9990 = FACE_OUTER_BOUND ( 'NONE', #7212, .T. ) ;
#9991 = CARTESIAN_POINT ( 'NONE',  ( 21.94999999999999929, -12.30534825036276025, 20.75000000000000000 ) ) ;
#9992 = FACE_BOUND ( 'NONE', #9918, .T. ) ;
#9993 = ORIENTED_EDGE ( 'NONE', *, *, #7225, .F. ) ;
#9994 = DIRECTION ( 'NONE',  ( 0.000000000000000000, 0.000000000000000000, -1.000000000000000000 ) ) ;
#9995 = ORIENTED_EDGE ( 'NONE', *, *, #10562, .F. ) ;
#9996 = CARTESIAN_POINT ( 'NONE',  ( -40.95000000000000284, -28.99850157504824821, 20.83205762294874930 ) ) ;
#9997 = ORIENTED_EDGE ( 'NONE', *, *, #3909, .F. ) ;
#9998 = ORIENTED_EDGE ( 'NONE', *, *, #9495, .T. ) ;
#9999 = EDGE_CURVE ( 'NONE', #2346, #2818, #10090, .T. ) ;
#10000 = CARTESIAN_POINT ( 'NONE',  ( 10.62963360958146808, -20.50534825036275066, -40.21794919243112076 ) ) ;
#10001 = DIRECTION ( 'NONE',  ( -1.000000000000000000, 0.000000000000000000, 0.000000000000000000 ) ) ;
#10002 = FACE_OUTER_BOUND ( 'NONE', #8237, .T. ) ;
#10003 = ORIENTED_EDGE ( 'NONE', *, *, #5255, .F. ) ;
#10004 = CARTESIAN_POINT ( 'NONE',  ( 42.95000000000000284, -13.50220958978423980, 5.905549808440919257 ) ) ;
#10005 = ORIENTED_EDGE ( 'NONE', *, *, #11594, .T. ) ;
#10006 = ADVANCED_FACE ( 'NONE', ( #9747 ), #10806, .T. ) ;
#10007 = CARTESIAN_POINT ( 'NONE',  ( -39.68687365923259591, -7.082876106798459581, -28.80185617184959668 ) ) ;
#10008 = CARTESIAN_POINT ( 'NONE',  ( -39.54715864813390169, -7.308857265899419531, 28.27623564306870207 ) ) ;
#10009 = EDGE_CURVE ( 'NONE', #5156, #7866, #848, .T. ) ;
#10010 = DIRECTION ( 'NONE',  ( 0.000000000000000000, -1.000000000000000000, 0.000000000000000000 ) ) ;
#10011 = FACE_OUTER_BOUND ( 'NONE', #3384, .T. ) ;
#10012 = EDGE_LOOP ( 'NONE', ( #8756, #969, #8987, #5795 ) ) ;
#10013 = LINE ( 'NONE', #2837, #3454 ) ;
#10014 = FACE_OUTER_BOUND ( 'NONE', #2648, .T. ) ;
#10015 = VERTEX_POINT ( 'NONE', #9920 ) ;
#10016 = CARTESIAN_POINT ( 'NONE',  ( 39.51564569539510785, -7.420678533526039011, -33.75556260419379839 ) ) ;
#10017 = DIRECTION ( 'NONE',  ( 0.000000000000000000, -1.000000000000000000, 0.000000000000000000 ) ) ;
#10018 = EDGE_CURVE ( 'NONE', #10015, #10151, #11630, .T. ) ;
#10019 = CARTESIAN_POINT ( 'NONE',  ( 11.06320167825885825, -19.49128442047318899, -41.76949341824769135 ) ) ;
#10020 = VERTEX_POINT ( 'NONE', #4479 ) ;
#10021 = DIRECTION ( 'NONE',  ( 0.000000000000000000, 0.000000000000000000, 1.000000000000000000 ) ) ;
#10022 = CARTESIAN_POINT ( 'NONE',  ( -39.95000000000000284, -7.005348250362779972, -29.53225531212424926 ) ) ;
#10023 = ORIENTED_EDGE ( 'NONE', *, *, #1248, .T. ) ;
#10024 = FACE_OUTER_BOUND ( 'NONE', #4679, .T. ) ;
#10025 = DIRECTION ( 'NONE',  ( 0.000000000000000000, 1.000000000000000000, 0.000000000000000000 ) ) ;
#10026 = DIRECTION ( 'NONE',  ( 0.000000000000000000, -1.000000000000000000, 0.000000000000000000 ) ) ;
#10027 = CARTESIAN_POINT ( 'NONE',  ( 40.08168750907409361, -17.16439170380076717, -33.88425754679244761 ) ) ;
#10028 = CARTESIAN_POINT ( 'NONE',  ( -39.95000000000000284, -8.005348250362779083, -27.02444271472190351 ) ) ;
#10029 = CARTESIAN_POINT ( 'NONE',  ( 41.45000000000000284, -17.50534825036275066, 27.17781907207880110 ) ) ;
#10030 = ORIENTED_EDGE ( 'NONE', *, *, #9254, .T. ) ;
#10031 = ORIENTED_EDGE ( 'NONE', *, *, #10630, .F. ) ;
#10032 = LINE ( 'NONE', #1852, #932 ) ;
#10033 = ORIENTED_EDGE ( 'NONE', *, *, #4720, .F. ) ;
#10034 = CARTESIAN_POINT ( 'NONE',  ( -40.95000000000000284, -6.611723396119110419, -27.67853653398299940 ) ) ;
#10035 = ADVANCED_FACE ( 'NONE', ( #4301 ), #3225, .F. ) ;
#10036 = DIRECTION ( 'NONE',  ( 0.000000000000000000, -1.000000000000000000, 0.000000000000000000 ) ) ;
#10037 = CARTESIAN_POINT ( 'NONE',  ( 39.54715864813439907, -7.308857265899450617, 33.62376435693099808 ) ) ;
#10038 = DIRECTION ( 'NONE',  ( 0.000000000000000000, -1.000000000000000000, 0.000000000000000000 ) ) ;
#10039 = CARTESIAN_POINT ( 'NONE',  ( -41.45000000000000284, -18.50534825036275421, 42.95000000000000284 ) ) ;
#10040 = CARTESIAN_POINT ( 'NONE',  ( 26.23426148436555039, -19.50460057000994851, -41.90918820643680220 ) ) ;
#10041 = VERTEX_POINT ( 'NONE', #188 ) ;
#10042 = DIRECTION ( 'NONE',  ( 0.000000000000000000, 0.000000000000000000, -1.000000000000000000 ) ) ;
#10043 = VERTEX_POINT ( 'NONE', #8426 ) ;
#10044 = LINE ( 'NONE', #9996, #6098 ) ;
#10045 = ORIENTED_EDGE ( 'NONE', *, *, #10062, .T. ) ;
#10047 = VERTEX_POINT ( 'NONE', #3710 ) ;
#10046 = ADVANCED_FACE ( 'NONE', ( #5661 ), #5322, .T. ) ;
#10048 = EDGE_CURVE ( 'NONE', #4284, #6914, #2657, .T. ) ;
#10049 = CARTESIAN_POINT ( 'NONE',  ( -42.95000000000000284, -6.812339080949070258, -18.17467833951194933 ) ) ;
#10050 = FACE_OUTER_BOUND ( 'NONE', #10305, .T. ) ;
#10051 = CARTESIAN_POINT ( 'NONE',  ( -20.15000000000000213, -17.50534825036275066, 29.25000000000000000 ) ) ;
#10052 = EDGE_CURVE ( 'NONE', #10231, #3637, #6859, .T. ) ;
#10053 = ORIENTED_EDGE ( 'NONE', *, *, #6100, .T. ) ;
#10054 = DIRECTION ( 'NONE',  ( 0.000000000000000000, -1.000000000000000000, 0.000000000000000000 ) ) ;
#10055 = ORIENTED_EDGE ( 'NONE', *, *, #8897, .T. ) ;
#10056 = CARTESIAN_POINT ( 'NONE',  ( -39.46365580493079506, -7.847056268996659867, -27.90905428329154958 ) ) ;
#10057 = CARTESIAN_POINT ( 'NONE',  ( -40.94999999999993889, -7.726441658010536173, 28.68945424094792074 ) ) ;
#10058 = VECTOR ( 'NONE', #3803, 1000.000000000000000 ) ;
#10059 = DIRECTION ( 'NONE',  ( 0.000000000000000000, 0.000000000000000000, 1.000000000000000000 ) ) ;
#10060 = CARTESIAN_POINT ( 'NONE',  ( 37.75000000000000000, -8.005348250362779083, -33.45000000000000284 ) ) ;
#10061 = ORIENTED_EDGE ( 'NONE', *, *, #8635, .F. ) ;
#10062 = EDGE_CURVE ( 'NONE', #4693, #6867, #2088, .T. ) ;
#10063 = CARTESIAN_POINT ( 'NONE',  ( -37.75000000000000000, -8.005348250362779083, -30.94999999999999929 ) ) ;
#10064 = DIRECTION ( 'NONE',  ( 1.000000000000000000, 0.000000000000000000, 0.000000000000000000 ) ) ;
#10065 = EDGE_CURVE ( 'NONE', #7954, #173, #10032, .T. ) ;
#10066 = ORIENTED_EDGE ( 'NONE', *, *, #9986, .F. ) ;
#10067 = LINE ( 'NONE', #8469, #9587 ) ;
#10068 = LINE ( 'NONE', #4816, #3209 ) ;
#10069 = ADVANCED_FACE ( 'NONE', ( #81 ), #191, .F. ) ;
#10070 = CARTESIAN_POINT ( 'NONE',  ( 10.88662642287033577, -19.50211140696726275, -41.81926143775111626 ) ) ;
#10071 = CIRCLE ( 'NONE', #6835, 0.5000000000000004441 ) ;
#10072 = ORIENTED_EDGE ( 'NONE', *, *, #3351, .T. ) ;
#10073 = CARTESIAN_POINT ( 'NONE',  ( 40.31300408877449115, -17.33467765650286552, 33.94348897385720676 ) ) ;
#10074 = ORIENTED_EDGE ( 'NONE', *, *, #8575, .T. ) ;
#10075 = FILL_AREA_STYLE ('',( #4756 ) ) ;
#10076 = ORIENTED_EDGE ( 'NONE', *, *, #10500, .T. ) ;
#10077 = ADVANCED_FACE ( 'NONE', ( #2802 ), #131, .F. ) ;
#10078 = CARTESIAN_POINT ( 'NONE',  ( 37.75000000000000000, -16.50534825036275066, 26.45000000000000284 ) ) ;
#10079 = CIRCLE ( 'NONE', #6656, 2.399999999999999467 ) ;
#10080 = CARTESIAN_POINT ( 'NONE',  ( 27.75000000000001421, -19.65198054809872730, -25.27470026386621171 ) ) ;
#10081 = AXIS2_PLACEMENT_3D ( 'NONE', #1409, #4913, #5041 ) ;
#10082 = CARTESIAN_POINT ( 'NONE',  ( 3.950745019243990352, -14.50534825036277908, 42.95000000000000284 ) ) ;
#10083 = DIRECTION ( 'NONE',  ( 1.000000000000000000, 0.000000000000000000, 0.000000000000000000 ) ) ;
#10084 = DIRECTION ( 'NONE',  ( 0.000000000000000000, 0.000000000000000000, 1.000000000000000000 ) ) ;
#10085 = CARTESIAN_POINT ( 'NONE',  ( -11.84999999999999964, -10.00534825036277908, 42.95000000000000284 ) ) ;
#10086 = ORIENTED_EDGE ( 'NONE', *, *, #3937, .F. ) ;
#10087 = CARTESIAN_POINT ( 'NONE',  ( 39.46111111167630270, -7.926895583125069145, -27.89678877843374849 ) ) ;
#10088 = VERTEX_POINT ( 'NONE', #11572 ) ;
#10089 = CARTESIAN_POINT ( 'NONE',  ( 42.95000000000000284, -6.661991010183810680, 10.15185887668133979 ) ) ;
#10090 = CIRCLE ( 'NONE', #8191, 1.000000000000000888 ) ;
#10091 = CARTESIAN_POINT ( 'NONE',  ( -39.46365580493079506, -7.847056268996659867, -27.90905428329154958 ) ) ;
#10092 = EDGE_CURVE ( 'NONE', #9154, #976, #6463, .T. ) ;
#10093 = CARTESIAN_POINT ( 'NONE',  ( 39.46111111167590479, -7.926895583125158851, 34.00321122156645259 ) ) ;
#10094 = DIRECTION ( 'NONE',  ( 0.000000000000000000, 1.000000000000000000, 0.000000000000000000 ) ) ;
#10095 = VECTOR ( 'NONE', #10883, 1000.000000000000000 ) ;
#10096 = DIRECTION ( 'NONE',  ( 0.000000000000000000, -1.000000000000000000, 0.000000000000000000 ) ) ;
#10097 = CARTESIAN_POINT ( 'NONE',  ( 42.95000000000000284, -13.50220958978423980, -15.09445019155910117 ) ) ;
#10098 = CARTESIAN_POINT ( 'NONE',  ( 26.33236926906990050, -19.53703527255600036, -41.70294278780239949 ) ) ;
#10099 = VERTEX_POINT ( 'NONE', #8486 ) ;
#10100 = FACE_OUTER_BOUND ( 'NONE', #4590, .T. ) ;
#10101 = CIRCLE ( 'NONE', #5521, 0.8999999999999980238 ) ;
#10102 = VERTEX_POINT ( 'NONE', #658 ) ;
#10103 = DIRECTION ( 'NONE',  ( 0.000000000000000000, -1.000000000000000000, 0.000000000000000000 ) ) ;
#10104 = EDGE_CURVE ( 'NONE', #8376, #11121, #1, .T. ) ;
#10105 = ORIENTED_EDGE ( 'NONE', *, *, #9848, .F. ) ;
#10106 = B_SPLINE_CURVE_WITH_KNOTS ( 'NONE', 3,
 ( #252, #7468, #11344, #11280, #5659, #4945, #8424, #3164, #2209, #11100, #11155, #6568, #1196, #5721, #2925, #10205 ),
 .UNSPECIFIED., .F., .F.,
 ( 4, 2, 2, 2, 2, 2, 2, 4 ),
 ( 0.000000000000000000, 0.1249999999999996253, 0.2499999999999992506, 0.3749999999999989453, 0.5000000000000000000, 0.6249999999999996669, 0.7499999999999992228, 1.000000000000000000 ),
 .UNSPECIFIED. ) ;
#10107 = VERTEX_POINT ( 'NONE', #8886 ) ;
#10108 = AXIS2_PLACEMENT_3D ( 'NONE', #545, #8671, #9628 ) ;
#10109 = AXIS2_PLACEMENT_3D ( 'NONE', #9621, #3159, #5008 ) ;
#10110 = CARTESIAN_POINT ( 'NONE',  ( 10.13264048847712040, -20.38681030886079881, -40.91062636482190129 ) ) ;
#10111 = DIRECTION ( 'NONE',  ( 0.000000000000000000, 0.000000000000000000, -1.000000000000000000 ) ) ;
#10112 = EDGE_CURVE ( 'NONE', #10643, #45, #3276, .T. ) ;
#10113 = DIRECTION ( 'NONE',  ( 0.000000000000000000, 0.000000000000000000, -1.000000000000000000 ) ) ;
#10114 = ORIENTED_EDGE ( 'NONE', *, *, #2117, .F. ) ;
#10115 = CARTESIAN_POINT ( 'NONE',  ( 13.12963360958147874, -17.50534825036275066, -39.53619997939700426 ) ) ;
#10116 = AXIS2_PLACEMENT_3D ( 'NONE', #6210, #8177, #10921 ) ;
#10117 = VERTEX_POINT ( 'NONE', #10549 ) ;
#10118 = CARTESIAN_POINT ( 'NONE',  ( 39.95000000000000284, -7.005348250362779972, 29.76256579129615076 ) ) ;
#10119 = EDGE_CURVE ( 'NONE', #6770, #3852, #707, .T. ) ;
#10120 = EDGE_CURVE ( 'NONE', #2924, #836, #8708, .T. ) ;
#10121 = AXIS2_PLACEMENT_3D ( 'NONE', #6742, #10307, #1298 ) ;
#10122 = CIRCLE ( 'NONE', #11660, 1.000000000000000888 ) ;
#10123 = LINE ( 'NONE', #11007, #5134 ) ;
#10124 = DIRECTION ( 'NONE',  ( 0.000000000000000000, -1.000000000000000000, 0.000000000000000000 ) ) ;
#10125 = AXIS2_PLACEMENT_3D ( 'NONE', #7192, #1770, #7374 ) ;
#10126 = ORIENTED_EDGE ( 'NONE', *, *, #2121, .T. ) ;
#10127 = DIRECTION ( 'NONE',  ( 0.000000000000000000, 1.000000000000000000, 0.000000000000000000 ) ) ;
#10128 = FACE_OUTER_BOUND ( 'NONE', #6883, .T. ) ;
#10129 = VERTEX_POINT ( 'NONE', #7931 ) ;
#10130 = DIRECTION ( 'NONE',  ( 0.000000000000000000, 0.000000000000000000, 1.000000000000000000 ) ) ;
#10131 = CARTESIAN_POINT ( 'NONE',  ( 27.12963360958150005, -20.50534825036275066, -40.21794919243114919 ) ) ;
#10132 = CARTESIAN_POINT ( 'NONE',  ( 11.15436043929519982, -19.50007743633729618, -41.70358057305484323 ) ) ;
#10133 = VECTOR ( 'NONE', #5697, 1000.000000000000000 ) ;
#10134 = AXIS2_PLACEMENT_3D ( 'NONE', #7653, #1141, #4895 ) ;
#10135 = ORIENTED_EDGE ( 'NONE', *, *, #4128, .T. ) ;
#10136 = CARTESIAN_POINT ( 'NONE',  ( 21.94999999999999929, -19.50534825036275066, 20.75000000000000000 ) ) ;
#10137 = ORIENTED_EDGE ( 'NONE', *, *, #1442, .T. ) ;
#10138 = EDGE_CURVE ( 'NONE', #6230, #11570, #2488, .T. ) ;
#10139 = DIRECTION ( 'NONE',  ( 0.000000000000000000, 0.000000000000000000, -1.000000000000000000 ) ) ;
#10140 = VERTEX_POINT ( 'NONE', #4152 ) ;
#10141 = CYLINDRICAL_SURFACE ( 'NONE', #3514, 1.500000000000001332 ) ;
#10142 = VECTOR ( 'NONE', #6965, 1000.000000000000000 ) ;
#10143 = LINE ( 'NONE', #6380, #3261 ) ;
#10144 = VECTOR ( 'NONE', #7804, 1000.000000000000000 ) ;
#10145 = AXIS2_PLACEMENT_3D ( 'NONE', #10147, #4652, #7523 ) ;
#10146 = CARTESIAN_POINT ( 'NONE',  ( 27.12963360958149650, -20.50534825036274711, -40.33679119709052685 ) ) ;
#10147 = CARTESIAN_POINT ( 'NONE',  ( -30.94999999999999929, -19.50534825036275066, 22.84999999999999787 ) ) ;
#10148 = CARTESIAN_POINT ( 'NONE',  ( -11.84999999999999964, -10.00534825036277908, 42.95000000000000284 ) ) ;
#10149 = ORIENTED_EDGE ( 'NONE', *, *, #11582, .T. ) ;
#10150 = DIRECTION ( 'NONE',  ( -1.000000000000000000, 0.000000000000000000, 1.674039542559039894E-16 ) ) ;
#10151 = VERTEX_POINT ( 'NONE', #11629 ) ;
#10152 = CARTESIAN_POINT ( 'NONE',  ( 40.94999999999991758, -7.871977774763801783, -28.67059648875957123 ) ) ;
#10153 = ORIENTED_EDGE ( 'NONE', *, *, #4015, .F. ) ;
#10154 = DIRECTION ( 'NONE',  ( 0.000000000000000000, 0.000000000000000000, 1.000000000000000000 ) ) ;
#10155 = AXIS2_PLACEMENT_3D ( 'NONE', #11588, #8002, #8849 ) ;
#10156 = AXIS2_PLACEMENT_3D ( 'NONE', #3121, #6764, #4959 ) ;
#10157 = CARTESIAN_POINT ( 'NONE',  ( 37.75000000000000000, -19.00534825036275421, 33.05000000000000426 ) ) ;
#10158 = ADVANCED_FACE ( 'NONE', ( #6010 ), #9665, .F. ) ;
#10159 = CARTESIAN_POINT ( 'NONE',  ( 39.56585625884540036, -7.259024777604299317, 33.54818012015459772 ) ) ;
#10160 = CARTESIAN_POINT ( 'NONE',  ( 26.91673478471594905, -19.48665501328809668, -42.14245008972989837 ) ) ;
#10161 = DIRECTION ( 'NONE',  ( 0.000000000000000000, -1.000000000000000000, 0.000000000000000000 ) ) ;
#10162 = DIRECTION ( 'NONE',  ( 0.000000000000000000, 0.000000000000000000, -1.000000000000000000 ) ) ;
#10163 = AXIS2_PLACEMENT_3D ( 'NONE', #3708, #11032, #8246 ) ;
#10164 = CARTESIAN_POINT ( 'NONE',  ( 26.31857844467200991, -19.49717502542483416, -41.79421358174957390 ) ) ;
#10165 = ORIENTED_EDGE ( 'NONE', *, *, #4456, .T. ) ;
#10166 = DIRECTION ( 'NONE',  ( 0.000000000000000000, -1.000000000000000000, 0.000000000000000000 ) ) ;
#10167 = VERTEX_POINT ( 'NONE', #2374 ) ;
#10168 = EDGE_CURVE ( 'NONE', #1689, #6561, #529, .T. ) ;
#10169 = DIRECTION ( 'NONE',  ( -1.000000000000000000, 0.000000000000000000, 0.000000000000000000 ) ) ;
#10170 = EDGE_LOOP ( 'NONE', ( #11353, #8196, #4926, #1239 ) ) ;
#10171 = ORIENTED_EDGE ( 'NONE', *, *, #4832, .T. ) ;
#10172 = VECTOR ( 'NONE', #4935, 1000.000000000000000 ) ;
#10173 = CARTESIAN_POINT ( 'NONE',  ( 26.60494290626783354, -19.85007717685608597, -41.13200355558230115 ) ) ;
#10174 = ADVANCED_FACE ( 'NONE', ( #311 ), #1599, .F. ) ;
#10175 = CARTESIAN_POINT ( 'NONE',  ( 39.55393012985526724, -16.62284049302187938, -27.94360323114116440 ) ) ;
#10176 = DIRECTION ( 'NONE',  ( 0.000000000000000000, -1.000000000000000000, 0.000000000000000000 ) ) ;
#10177 = ORIENTED_EDGE ( 'NONE', *, *, #8344, .T. ) ;
#10178 = CIRCLE ( 'NONE', #6558, 4.499999999999997335 ) ;
#10179 = CARTESIAN_POINT ( 'NONE',  ( 11.20460472383940065, -19.50534825036275066, -41.70296010330904579 ) ) ;
#10180 = ORIENTED_EDGE ( 'NONE', *, *, #4426, .T. ) ;
#10181 = CARTESIAN_POINT ( 'NONE',  ( 42.95000000000000284, -13.20151344825372064, 13.55862424082752149 ) ) ;
#10182 = FACE_OUTER_BOUND ( 'NONE', #5579, .T. ) ;
#10183 = CARTESIAN_POINT ( 'NONE',  ( -37.75000000000000000, -8.005348250362779083, 30.94999999999999929 ) ) ;
#10184 = CYLINDRICAL_SURFACE ( 'NONE', #3436, 0.3594872681224082767 ) ;
#10185 = VERTEX_POINT ( 'NONE', #6983 ) ;
#10186 = DIRECTION ( 'NONE',  ( 0.000000000000000000, 0.000000000000000000, -1.000000000000000000 ) ) ;
#10187 = EDGE_CURVE ( 'NONE', #9102, #9170, #10604, .T. ) ;
#10188 = ORIENTED_EDGE ( 'NONE', *, *, #11557, .F. ) ;
#10189 = CARTESIAN_POINT ( 'NONE',  ( 3.950745019243990352, -13.00534825036277908, 40.95000000000000284 ) ) ;
#10190 = DIRECTION ( 'NONE',  ( 0.000000000000000000, 0.000000000000000000, -1.000000000000000000 ) ) ;
#10191 = CARTESIAN_POINT ( 'NONE',  ( -25.55000000000000071, -17.50534825036275066, 22.84999999999999787 ) ) ;
#10192 = EDGE_LOOP ( 'NONE', ( #11033, #11048, #1772, #11762 ) ) ;
#10193 = DIRECTION ( 'NONE',  ( -1.000000000000000000, 0.000000000000000000, 0.000000000000000000 ) ) ;
#10194 = EDGE_CURVE ( 'NONE', #4437, #6729, #8380, .T. ) ;
#10195 = DIRECTION ( 'NONE',  ( 0.000000000000000000, 0.000000000000000000, -1.000000000000000000 ) ) ;
#10196 = VERTEX_POINT ( 'NONE', #2427 ) ;
#10197 = CARTESIAN_POINT ( 'NONE',  ( 40.95000000000000284, -6.005348250362779972, 32.45445074245694883 ) ) ;
#10198 = CARTESIAN_POINT ( 'NONE',  ( 37.75000000000000000, -7.005348250362779972, -30.94999999999999929 ) ) ;
#10199 = ADVANCED_FACE ( 'NONE', ( #10259, #2085 ), #5724, .T. ) ;
#10200 = DIRECTION ( 'NONE',  ( 0.000000000000000000, -1.000000000000000000, 0.000000000000000000 ) ) ;
#10201 = DIRECTION ( 'NONE',  ( -1.000000000000000000, 0.000000000000000000, 0.000000000000000000 ) ) ;
#10202 = CARTESIAN_POINT ( 'NONE',  ( 27.12834370175240295, -20.43153078069379802, -40.77428511986470028 ) ) ;
#10203 = VERTEX_POINT ( 'NONE', #5173 ) ;
#10204 = EDGE_CURVE ( 'NONE', #8150, #467, #6089, .T. ) ;
#10205 = CARTESIAN_POINT ( 'NONE',  ( 39.95000000000000284, -7.005348250362779972, 29.76256579129615076 ) ) ;
#10206 = EDGE_LOOP ( 'NONE', ( #1270, #6642, #1922, #7280 ) ) ;
#10207 = CARTESIAN_POINT ( 'NONE',  ( 40.95000000000000284, -8.005348250362779083, -27.02444271472185022 ) ) ;
#10208 = ORIENTED_EDGE ( 'NONE', *, *, #352, .T. ) ;
#10209 = CARTESIAN_POINT ( 'NONE',  ( 4.450745019243995237, -13.00534825036277908, 40.95000000000000284 ) ) ;
#10210 = CARTESIAN_POINT ( 'NONE',  ( 27.24480199141120096, -19.69169171068060109, -41.81552818307059738 ) ) ;
#10211 = CARTESIAN_POINT ( 'NONE',  ( -40.38764571207853038, -17.37959716046985292, 33.97639385007625634 ) ) ;
#10212 = FACE_OUTER_BOUND ( 'NONE', #2914, .T. ) ;
#10213 = EDGE_CURVE ( 'NONE', #2169, #1470, #5103, .T. ) ;
#10214 = DIRECTION ( 'NONE',  ( 0.000000000000000000, 0.000000000000000000, -1.000000000000000000 ) ) ;
#10215 = DIRECTION ( 'NONE',  ( 0.000000000000000000, -1.000000000000000000, 0.000000000000000000 ) ) ;
#10216 = EDGE_CURVE ( 'NONE', #7821, #9154, #4936, .T. ) ;
#10217 = CARTESIAN_POINT ( 'NONE',  ( 26.11795776729060137, -19.49879875206195123, -41.83573286813309977 ) ) ;
#10218 = ORIENTED_EDGE ( 'NONE', *, *, #5056, .T. ) ;
#10219 = CARTESIAN_POINT ( 'NONE',  ( -22.84999999999999787, -17.50534825036275066, 20.15000000000000213 ) ) ;
#10220 = EDGE_CURVE ( 'NONE', #450, #9323, #2459, .T. ) ;
#10221 = ORIENTED_EDGE ( 'NONE', *, *, #7357, .F. ) ;
#10222 = CARTESIAN_POINT ( 'NONE',  ( -42.95000000000000284, -13.35186151901900153, 20.23208702463425368 ) ) ;
#10223 = VERTEX_POINT ( 'NONE', #989 ) ;
#10224 = VERTEX_POINT ( 'NONE', #3683 ) ;
#10225 = ADVANCED_FACE ( 'NONE', ( #5348 ), #5412, .F. ) ;
#10226 = CARTESIAN_POINT ( 'NONE',  ( 26.61591584616774853, -19.88653312545596563, -41.03203797396749053 ) ) ;
#10227 = LINE ( 'NONE', #8449, #4978 ) ;
#10228 = LINE ( 'NONE', #2229, #6136 ) ;
#10229 = ORIENTED_EDGE ( 'NONE', *, *, #5648, .T. ) ;
#10230 = DIRECTION ( 'NONE',  ( -1.000000000000000000, 0.000000000000000000, 1.674039542559039894E-16 ) ) ;
#10231 = VERTEX_POINT ( 'NONE', #10898 ) ;
#10232 = CARTESIAN_POINT ( 'NONE',  ( 42.95000000000000284, -6.661991010183810680, -10.84814112331866021 ) ) ;
#10233 = CARTESIAN_POINT ( 'NONE',  ( 40.95000000000000284, -7.688766927756640612, -34.85385460240844679 ) ) ;
#10234 = CARTESIAN_POINT ( 'NONE',  ( -41.45000000000000284, -18.50534825036275421, -41.45000000000000284 ) ) ;
#10235 = CARTESIAN_POINT ( 'NONE',  ( 42.95000000000000284, -13.35186151901900153, 20.23208702463425368 ) ) ;
#10236 = ORIENTED_EDGE ( 'NONE', *, *, #2035, .F. ) ;
#10237 = DIRECTION ( 'NONE',  ( 0.000000000000000000, -1.000000000000000000, 0.000000000000000000 ) ) ;
#10238 = LINE ( 'NONE', #2192, #7857 ) ;
#10239 = ORIENTED_EDGE ( 'NONE', *, *, #1863, .F. ) ;
#10240 = DIRECTION ( 'NONE',  ( 0.000000000000000000, 0.000000000000000000, -1.000000000000000000 ) ) ;
#10241 = DIRECTION ( 'NONE',  ( 0.000000000000000000, -1.000000000000000000, 0.000000000000000000 ) ) ;
#10242 = ORIENTED_EDGE ( 'NONE', *, *, #9833, .F. ) ;
#10243 = CARTESIAN_POINT ( 'NONE',  ( 11.16809014436129921, -19.50067167045660099, -41.85334646395885017 ) ) ;
#10244 = ORIENTED_EDGE ( 'NONE', *, *, #1019, .F. ) ;
#10245 = CARTESIAN_POINT ( 'NONE',  ( 40.23869400688193565, -17.28498934947229415, 33.91749403951971686 ) ) ;
#10246 = CIRCLE ( 'NONE', #2832, 1.000000000000000888 ) ;
#10247 = ADVANCED_FACE ( 'NONE', ( #7198 ), #4443, .F. ) ;
#10248 = VERTEX_POINT ( 'NONE', #8456 ) ;
#10249 = DIRECTION ( 'NONE',  ( -3.965082230804126670E-15, 0.000000000000000000, -1.000000000000000000 ) ) ;
#10250 = EDGE_LOOP ( 'NONE', ( #274, #1161, #1311, #5638 ) ) ;
#10251 = DIRECTION ( 'NONE',  ( 0.000000000000000000, 0.000000000000000000, -1.000000000000000000 ) ) ;
#10252 = LINE ( 'NONE', #2077, #11058 ) ;
#10253 = AXIS2_PLACEMENT_3D ( 'NONE', #8758, #2308, #588 ) ;
#10254 = ORIENTED_EDGE ( 'NONE', *, *, #9147, .F. ) ;
#10255 = LINE ( 'NONE', #2025, #9209 ) ;
#10256 = FACE_OUTER_BOUND ( 'NONE', #3441, .T. ) ;
#10257 = EDGE_CURVE ( 'NONE', #3393, #10776, #7611, .T. ) ;
#10258 = ORIENTED_EDGE ( 'NONE', *, *, #10168, .T. ) ;
#10259 = FACE_BOUND ( 'NONE', #4227, .T. ) ;
#10260 = VERTEX_POINT ( 'NONE', #6472 ) ;
#10261 = CARTESIAN_POINT ( 'NONE',  ( -42.95000000000000284, -13.50220958978423980, 19.90554980844094857 ) ) ;
#10262 = EDGE_CURVE ( 'NONE', #2835, #1689, #8001, .T. ) ;
#10263 = CIRCLE ( 'NONE', #4537, 1.000000000000000888 ) ;
#10264 = CARTESIAN_POINT ( 'NONE',  ( 37.75000000000000000, -17.50534825036275066, 30.94999999999999929 ) ) ;
#10265 = CIRCLE ( 'NONE', #5117, 0.5000000000000004441 ) ;
#10266 = EDGE_CURVE ( 'NONE', #6186, #6640, #9342, .T. ) ;
#10267 = DIRECTION ( 'NONE',  ( 0.000000000000000000, -1.000000000000000000, 0.000000000000000000 ) ) ;
#10268 = CARTESIAN_POINT ( 'NONE',  ( 26.19854741341250914, -19.50281872865928179, -41.87888782850796332 ) ) ;
#10269 = DIRECTION ( 'NONE',  ( 0.000000000000000000, -1.000000000000000000, 0.000000000000000000 ) ) ;
#10270 = CARTESIAN_POINT ( 'NONE',  ( 26.06543229090546276, -19.49125194201057809, -41.76938843849615779 ) ) ;
#10271 = AXIS2_PLACEMENT_3D ( 'NONE', #8497, #6885, #2400 ) ;
#10272 = VERTEX_POINT ( 'NONE', #5583 ) ;
#10273 = CARTESIAN_POINT ( 'NONE',  ( -20.15000000000000213, -17.50534825036275066, 22.84999999999999787 ) ) ;
#10274 = ORIENTED_EDGE ( 'NONE', *, *, #4588, .T. ) ;
#10275 = CYLINDRICAL_SURFACE ( 'NONE', #5905, 1.000000000000000888 ) ;
#10276 = ORIENTED_EDGE ( 'NONE', *, *, #3627, .F. ) ;
#10277 = VERTEX_POINT ( 'NONE', #1940 ) ;
#10278 = ORIENTED_EDGE ( 'NONE', *, *, #2868, .F. ) ;
#10279 = ADVANCED_FACE ( 'NONE', ( #1166 ), #1280, .F. ) ;
#10280 = AXIS2_PLACEMENT_3D ( 'NONE', #6188, #49, #11788 ) ;
#10281 = EDGE_CURVE ( 'NONE', #11772, #4302, #4179, .T. ) ;
#10282 = CARTESIAN_POINT ( 'NONE',  ( 10.86366709168899902, -19.21229327562154765, -42.08899640279629750 ) ) ;
#10283 = CYLINDRICAL_SURFACE ( 'NONE', #6130, 0.5000000000000004441 ) ;
#10284 = VECTOR ( 'NONE', #9442, 1000.000000000000000 ) ;
#10285 = CARTESIAN_POINT ( 'NONE',  ( 39.51569538602424103, -7.420518306689620758, 33.75535728747124153 ) ) ;
#10286 = VERTEX_POINT ( 'NONE', #11005 ) ;
#10287 = DIRECTION ( 'NONE',  ( 1.577021341797100025E-16, 0.000000000000000000, 1.000000000000000000 ) ) ;
#10288 = VERTEX_POINT ( 'NONE', #11245 ) ;
#10289 = LINE ( 'NONE', #1049, #2641 ) ;
#10290 = CARTESIAN_POINT ( 'NONE',  ( 40.95000000000000284, -6.273563507398599803, -33.68462619775214506 ) ) ;
#10291 = AXIS2_PLACEMENT_3D ( 'NONE', #7425, #3901, #1992 ) ;
#10292 = VECTOR ( 'NONE', #4398, 1000.000000000000000 ) ;
#10293 = CARTESIAN_POINT ( 'NONE',  ( 10.12963360958148051, -20.50534825036275066, -40.21794919243114919 ) ) ;
#10294 = CARTESIAN_POINT ( 'NONE',  ( -39.71674008408589884, -7.061271269277150431, -32.99357788624759991 ) ) ;
#10295 = ADVANCED_FACE ( 'NONE', ( #10182 ), #3983, .F. ) ;
#10296 = ORIENTED_EDGE ( 'NONE', *, *, #8323, .F. ) ;
#10297 = VECTOR ( 'NONE', #5917, 1000.000000000000000 ) ;
#10298 = CARTESIAN_POINT ( 'NONE',  ( 28.11737829023715207, -19.50534825036275066, -40.97603712345965477 ) ) ;
#10299 = CARTESIAN_POINT ( 'NONE',  ( 42.95000000000000284, -6.511642939418550213, -17.52160390712534621 ) ) ;
#10300 = ORIENTED_EDGE ( 'NONE', *, *, #3647, .T. ) ;
#10301 = DIRECTION ( 'NONE',  ( 0.000000000000000000, -1.000000000000000000, 0.000000000000000000 ) ) ;
#10302 = CARTESIAN_POINT ( 'NONE',  ( 27.12963360958150005, -20.00534825036275066, -40.21794919243114919 ) ) ;
#10303 = ORIENTED_EDGE ( 'NONE', *, *, #2839, .F. ) ;
#10304 = CARTESIAN_POINT ( 'NONE',  ( -37.75000000000000000, -7.005348250362779972, 30.94999999999999929 ) ) ;
#10305 = EDGE_LOOP ( 'NONE', ( #2497, #7801, #1756, #2044 ) ) ;
#10306 = EDGE_CURVE ( 'NONE', #4153, #3253, #3912, .T. ) ;
#10307 = DIRECTION ( 'NONE',  ( 1.520599644265049812E-16, 0.4182291950158013583, 0.9083415329249427961 ) ) ;
#10308 = AXIS2_PLACEMENT_3D ( 'NONE', #10679, #11537, #6999 ) ;
#10309 = AXIS2_PLACEMENT_3D ( 'NONE', #1513, #5144, #9644 ) ;
#10310 = AXIS2_PLACEMENT_3D ( 'NONE', #4583, #4473, #11708 ) ;
#10311 = VERTEX_POINT ( 'NONE', #4914 ) ;
#10312 = LINE ( 'NONE', #4101, #7122 ) ;
#10313 = FACE_OUTER_BOUND ( 'NONE', #3751, .T. ) ;
#10314 = CARTESIAN_POINT ( 'NONE',  ( 40.95000000000000284, -6.005348250362779972, -29.76256579129610103 ) ) ;
#10315 = FACE_BOUND ( 'NONE', #6165, .T. ) ;
#10316 = CIRCLE ( 'NONE', #615, 1.000000000000000888 ) ;
#10317 = ORIENTED_EDGE ( 'NONE', *, *, #1224, .F. ) ;
#10318 = ADVANCED_FACE ( 'NONE', ( #2004 ), #4737, .T. ) ;
#10319 = FACE_OUTER_BOUND ( 'NONE', #7389, .T. ) ;
#10320 = CARTESIAN_POINT ( 'NONE',  ( 26.62963361371389936, -20.50534823949978502, -40.36025900394225374 ) ) ;
#10321 = ORIENTED_EDGE ( 'NONE', *, *, #6869, .F. ) ;
#10322 = AXIS2_PLACEMENT_3D ( 'NONE', #5145, #11423, #2353 ) ;
#10323 = CARTESIAN_POINT ( 'NONE',  ( 10.12963360958147518, -19.52439758109290224, -41.95000000000002416 ) ) ;
#10324 = ORIENTED_EDGE ( 'NONE', *, *, #878, .F. ) ;
#10325 = EDGE_LOOP ( 'NONE', ( #3709, #2152, #4768, #3871 ) ) ;
#10326 = CYLINDRICAL_SURFACE ( 'NONE', #2491, 1.000000000000000888 ) ;
#10327 = AXIS2_PLACEMENT_3D ( 'NONE', #70, #3700, #3 ) ;
#10328 = CARTESIAN_POINT ( 'NONE',  ( -22.84999999999999787, -17.50534825036275066, 20.15000000000000213 ) ) ;
#10329 = CIRCLE ( 'NONE', #2325, 4.500000000000000888 ) ;
#10330 = ADVANCED_FACE ( 'NONE', ( #2895 ), #7050, .T. ) ;
#10331 = CARTESIAN_POINT ( 'NONE',  ( 37.75000000000000000, -8.505348250362779083, 30.94999999999999929 ) ) ;
#10332 = DIRECTION ( 'NONE',  ( 0.000000000000000000, 0.000000000000000000, 1.000000000000000000 ) ) ;
#10333 = DIRECTION ( 'NONE',  ( 0.000000000000000000, 0.000000000000000000, 1.000000000000000000 ) ) ;
#10334 = PLANE ( 'NONE',  #4985 ) ;
#10335 = EDGE_CURVE ( 'NONE', #8600, #11578, #9464, .T. ) ;
#10336 = CARTESIAN_POINT ( 'NONE',  ( 37.75000000000000000, -8.505348250362779083, -31.85000000000000497 ) ) ;
#10337 = CIRCLE ( 'NONE', #5191, 2.599999999999998312 ) ;
#10338 = ORIENTED_EDGE ( 'NONE', *, *, #8597, .T. ) ;
#10339 = DIRECTION ( 'NONE',  ( 0.000000000000000000, -1.000000000000000000, 0.000000000000000000 ) ) ;
#10340 = CIRCLE ( 'NONE', #7264, 0.8999999999999980238 ) ;
#10341 = CIRCLE ( 'NONE', #1767, 1.000000000000000888 ) ;
#10342 = ORIENTED_EDGE ( 'NONE', *, *, #7210, .F. ) ;
#10343 = CARTESIAN_POINT ( 'NONE',  ( -37.75000000000000000, -16.50534825036275066, -34.45000000000000284 ) ) ;
#10344 = ORIENTED_EDGE ( 'NONE', *, *, #10974, .F. ) ;
#10345 = CIRCLE ( 'NONE', #1386, 3.499999999999999556 ) ;
#10346 = ORIENTED_EDGE ( 'NONE', *, *, #5816, .T. ) ;
#10347 = EDGE_LOOP ( 'NONE', ( #3456, #4248 ) ) ;
#10348 = AXIS2_PLACEMENT_3D ( 'NONE', #10624, #6878, #11477 ) ;
#10349 = EDGE_CURVE ( 'NONE', #3238, #4119, #2119, .T. ) ;
#10350 = AXIS2_PLACEMENT_3D ( 'NONE', #5727, #5906, #315 ) ;
#10351 = AXIS2_PLACEMENT_3D ( 'NONE', #6033, #11595, #1499 ) ;
#10352 = CARTESIAN_POINT ( 'NONE',  ( 10.94565108893922023, -19.53753974459064935, -41.60870787944089955 ) ) ;
#10353 = CARTESIAN_POINT ( 'NONE',  ( 10.12963360958148051, -19.68291636587315097, -41.83452994616209963 ) ) ;
#10354 = CARTESIAN_POINT ( 'NONE',  ( 41.45000000000000284, -19.48665501328809668, -42.14245008972989837 ) ) ;
#10355 = DIRECTION ( 'NONE',  ( 2.511059313838565264E-16, 0.000000000000000000, 1.000000000000000000 ) ) ;
#10356 = ORIENTED_EDGE ( 'NONE', *, *, #10880, .F. ) ;
#10357 = DIRECTION ( 'NONE',  ( 0.000000000000000000, 0.000000000000000000, -1.000000000000000000 ) ) ;
#10358 = ORIENTED_EDGE ( 'NONE', *, *, #944, .F. ) ;
#10359 = EDGE_CURVE ( 'NONE', #8226, #8845, #9524, .T. ) ;
#10360 = LINE ( 'NONE', #5933, #10836 ) ;
#10361 = DIRECTION ( 'NONE',  ( -1.000000000000000000, 0.000000000000000000, 0.000000000000000000 ) ) ;
#10362 = VECTOR ( 'NONE', #10150, 1000.000000000000000 ) ;
#10363 = DIRECTION ( 'NONE',  ( 1.000000000000000000, -3.635804631495415109E-16, 0.000000000000000000 ) ) ;
#10364 = CARTESIAN_POINT ( 'NONE',  ( -39.51569538602440446, -7.420518306689499077, -33.75535728747100706 ) ) ;
#10365 = DIRECTION ( 'NONE',  ( 1.000000000000000000, 0.000000000000000000, 0.000000000000000000 ) ) ;
#10366 = CARTESIAN_POINT ( 'NONE',  ( -30.94999999999999929, -17.50534825036275066, 29.25000000000000000 ) ) ;
#10367 = ADVANCED_FACE ( 'NONE', ( #5819 ), #9767, .F. ) ;
#10368 = ORIENTED_EDGE ( 'NONE', *, *, #508, .T. ) ;
#10369 = DIRECTION ( 'NONE',  ( 0.000000000000000000, 0.000000000000000000, -1.000000000000000000 ) ) ;
#10370 = FACE_BOUND ( 'NONE', #652, .T. ) ;
#10371 = ORIENTED_EDGE ( 'NONE', *, *, #4172, .F. ) ;
#10372 = DIRECTION ( 'NONE',  ( 0.000000000000000000, 0.000000000000000000, 1.000000000000000000 ) ) ;
#10373 = ADVANCED_FACE ( 'NONE', ( #5998 ), #9788, .F. ) ;
#10374 = ORIENTED_EDGE ( 'NONE', *, *, #10677, .T. ) ;
#10375 = CARTESIAN_POINT ( 'NONE',  ( -19.25000000000000000, -17.50534825036275066, -26.55000000000000071 ) ) ;
#10376 = ORIENTED_EDGE ( 'NONE', *, *, #563, .T. ) ;
#10377 = DIRECTION ( 'NONE',  ( 0.000000000000000000, -1.000000000000000000, 0.000000000000000000 ) ) ;
#10378 = DIRECTION ( 'NONE',  ( 0.000000000000000000, -1.000000000000000000, 0.000000000000000000 ) ) ;
#10379 = CARTESIAN_POINT ( 'NONE',  ( -42.05481555856610498, -1.705348250362779927, 41.45000000000000284 ) ) ;
#10380 = DIRECTION ( 'NONE',  ( 0.000000000000000000, 0.000000000000000000, -1.000000000000000000 ) ) ;
#10381 = ORIENTED_EDGE ( 'NONE', *, *, #1436, .T. ) ;
#10382 = CARTESIAN_POINT ( 'NONE',  ( 21.94999999999999929, -17.50534825036275066, 20.75000000000000000 ) ) ;
#10383 = CARTESIAN_POINT ( 'NONE',  ( 27.12981373849510192, -20.49034245928835318, -40.49988321811405712 ) ) ;
#10384 = DIRECTION ( 'NONE',  ( -1.000000000000000000, 0.000000000000000000, 1.674039542559039894E-16 ) ) ;
#10385 = ORIENTED_EDGE ( 'NONE', *, *, #1179, .F. ) ;
#10386 = CARTESIAN_POINT ( 'NONE',  ( -22.84999999999999787, -17.50534825036275066, 27.25000000000000000 ) ) ;
#10387 = DIRECTION ( 'NONE',  ( 0.000000000000000000, -1.000000000000000000, 0.000000000000000000 ) ) ;
#10388 = DIRECTION ( 'NONE',  ( 7.001322103090877533E-17, -0.9083415329249426851, 0.4182291950158013027 ) ) ;
#10389 = CARTESIAN_POINT ( 'NONE',  ( 9.636514522558679019, -19.93067683970305026, -40.90650903222788060 ) ) ;
#10390 = DIRECTION ( 'NONE',  ( 0.000000000000000000, 0.000000000000000000, -1.000000000000000000 ) ) ;
#10391 = CARTESIAN_POINT ( 'NONE',  ( -20.15000000000000213, -19.50534825036275066, 27.25000000000000000 ) ) ;
#10392 = FACE_OUTER_BOUND ( 'NONE', #9065, .T. ) ;
#10393 = ORIENTED_EDGE ( 'NONE', *, *, #9076, .T. ) ;
#10394 = CARTESIAN_POINT ( 'NONE',  ( 37.75000000000000000, -19.50534825036275066, 30.94999999999999929 ) ) ;
#10395 = ADVANCED_FACE ( 'NONE', ( #7736 ), #7678, .F. ) ;
#10396 = EDGE_LOOP ( 'NONE', ( #2708, #4274, #9273, #203 ) ) ;
#10397 = CARTESIAN_POINT ( 'NONE',  ( -39.71140050274164679, -16.80598193278301622, 33.90440789906998731 ) ) ;
#10398 = ORIENTED_EDGE ( 'NONE', *, *, #1738, .F. ) ;
#10399 = VERTEX_POINT ( 'NONE', #4981 ) ;
#10400 = ORIENTED_EDGE ( 'NONE', *, *, #3694, .T. ) ;
#10401 = CARTESIAN_POINT ( 'NONE',  ( 26.47024505609017098, -19.63923772011644786, -41.50656454044793975 ) ) ;
#10402 = CARTESIAN_POINT ( 'NONE',  ( 11.20460472383940065, -19.50534825036275066, -41.70296010330904579 ) ) ;
#10403 = DIRECTION ( 'NONE',  ( 0.000000000000000000, 0.000000000000000000, 1.000000000000000000 ) ) ;
#10404 = DIRECTION ( 'NONE',  ( 0.000000000000000000, 0.000000000000000000, 1.000000000000000000 ) ) ;
#10405 = ORIENTED_EDGE ( 'NONE', *, *, #3273, .F. ) ;
#10406 = CARTESIAN_POINT ( 'NONE',  ( 42.95000000000000284, -6.661991010183810680, 3.151858876681335353 ) ) ;
#10407 = ORIENTED_EDGE ( 'NONE', *, *, #8356, .T. ) ;
#10408 = DIRECTION ( 'NONE',  ( 0.000000000000000000, -0.9083415329249426851, 0.4182291950158013027 ) ) ;
#10409 = CARTESIAN_POINT ( 'NONE',  ( 9.666509334419448152, -19.83966234606665324, -41.30603813687959303 ) ) ;
#10410 = ADVANCED_FACE ( 'NONE', ( #11560, #6971 ), #2471, .F. ) ;
#10411 = DIRECTION ( 'NONE',  ( -1.000000000000000000, 0.000000000000000000, 0.000000000000000000 ) ) ;
#10412 = CYLINDRICAL_SURFACE ( 'NONE', #8189, 0.5000000000000004441 ) ;
#10414 = VERTEX_POINT ( 'NONE', #6833 ) ;
#10413 = ADVANCED_FACE ( 'NONE', ( #461 ), #4085, .F. ) ;
#10415 = CARTESIAN_POINT ( 'NONE',  ( 27.64668755760303398, -19.50534825036275421, -42.01432432166610909 ) ) ;
#10416 = CARTESIAN_POINT ( 'NONE',  ( 27.12801931390976762, -20.42629014042314850, -40.78293882307337270 ) ) ;
#10417 = CARTESIAN_POINT ( 'NONE',  ( 40.55779783946177020, -17.46159148746880518, 27.81938260779298844 ) ) ;
#10418 = VERTEX_POINT ( 'NONE', #9704 ) ;
#10419 = DIRECTION ( 'NONE',  ( 1.000000000000000000, -3.635804631495415109E-16, 0.000000000000000000 ) ) ;
#10420 = CARTESIAN_POINT ( 'NONE',  ( 18.62963360958150005, -22.50590349045295113, -38.15288073737649910 ) ) ;
#10421 = VERTEX_POINT ( 'NONE', #10466 ) ;
#10422 = DIRECTION ( 'NONE',  ( 0.000000000000000000, 0.000000000000000000, -1.000000000000000000 ) ) ;
#10423 = ORIENTED_EDGE ( 'NONE', *, *, #3974, .T. ) ;
#10424 = DIRECTION ( 'NONE',  ( 0.000000000000000000, 0.000000000000000000, 1.000000000000000000 ) ) ;
#10425 = ADVANCED_FACE ( 'NONE', ( #5154 ), #10864, .T. ) ;
#10426 = DIRECTION ( 'NONE',  ( 0.000000000000000000, -1.000000000000000000, 0.000000000000000000 ) ) ;
#10427 = ORIENTED_EDGE ( 'NONE', *, *, #9303, .F. ) ;
#10428 = EDGE_CURVE ( 'NONE', #1583, #7103, #9917, .T. ) ;
#10429 = CARTESIAN_POINT ( 'NONE',  ( 9.129633609581468079, -20.00534825036275066, -25.94999999999999929 ) ) ;
#10430 = DIRECTION ( 'NONE',  ( 0.000000000000000000, 0.000000000000000000, -1.000000000000000000 ) ) ;
#10431 = EDGE_CURVE ( 'NONE', #11700, #8427, #4198, .T. ) ;
#10432 = ORIENTED_EDGE ( 'NONE', *, *, #1245, .F. ) ;
#10433 = DIRECTION ( 'NONE',  ( 0.000000000000000000, 0.000000000000000000, 1.000000000000000000 ) ) ;
#10434 = DIRECTION ( 'NONE',  ( -1.000000000000000000, 0.000000000000000000, 0.000000000000000000 ) ) ;
#10435 = DIRECTION ( 'NONE',  ( 0.000000000000000000, 0.000000000000000000, -1.000000000000000000 ) ) ;
#10436 = CIRCLE ( 'NONE', #5285, 0.3594872681224082767 ) ;
#10437 = EDGE_LOOP ( 'NONE', ( #9777, #6122, #9636, #1483 ) ) ;
#10438 = CARTESIAN_POINT ( 'NONE',  ( 40.95000000000000284, -5.783700428283910178, -11.64829613642253925 ) ) ;
#10439 = CARTESIAN_POINT ( 'NONE',  ( -37.75000000000000000, -8.505348250362779083, -33.05000000000000426 ) ) ;
#10440 = LINE ( 'NONE', #1384, #11096 ) ;
#10441 = AXIS2_PLACEMENT_3D ( 'NONE', #6980, #6794, #3150 ) ;
#10442 = DIRECTION ( 'NONE',  ( -1.000000000000000000, 0.000000000000000000, 0.000000000000000000 ) ) ;
#10443 = FACE_OUTER_BOUND ( 'NONE', #3550, .T. ) ;
#10444 = CARTESIAN_POINT ( 'NONE',  ( 27.75000000000000000, -19.67995875686899865, -25.94999999999999929 ) ) ;
#10445 = CARTESIAN_POINT ( 'NONE',  ( 26.16049094165749977, -19.50038817647459766, -41.70353983995245528 ) ) ;
#10446 = ORIENTED_EDGE ( 'NONE', *, *, #7427, .F. ) ;
#10447 = CARTESIAN_POINT ( 'NONE',  ( -42.95000000000000284, -19.50534825036275066, 41.45000000000000284 ) ) ;
#10448 = ORIENTED_EDGE ( 'NONE', *, *, #4474, .T. ) ;
#10449 = PLANE ( 'NONE',  #596 ) ;
#10450 = CIRCLE ( 'NONE', #5303, 5.116680757979496619 ) ;
#10451 = AXIS2_PLACEMENT_3D ( 'NONE', #9171, #2003, #8332 ) ;
#10452 = VERTEX_POINT ( 'NONE', #10533 ) ;
#10453 = ORIENTED_EDGE ( 'NONE', *, *, #3160, .F. ) ;
#10454 = EDGE_CURVE ( 'NONE', #5221, #327, #7022, .T. ) ;
#10455 = VECTOR ( 'NONE', #7718, 1000.000000000000000 ) ;
#10456 = DIRECTION ( 'NONE',  ( 0.000000000000000000, 0.000000000000000000, -1.000000000000000000 ) ) ;
#10457 = VECTOR ( 'NONE', #2207, 1000.000000000000227 ) ;
#10458 = DIRECTION ( 'NONE',  ( 0.000000000000000000, -1.000000000000000000, 0.000000000000000000 ) ) ;
#10459 = CARTESIAN_POINT ( 'NONE',  ( -41.95000000000000284, -3.705348250362780149, -41.45000000000000284 ) ) ;
#10460 = DIRECTION ( 'NONE',  ( 0.000000000000000000, 0.000000000000000000, -1.000000000000000000 ) ) ;
#10461 = VERTEX_POINT ( 'NONE', #1758 ) ;
#10462 = CYLINDRICAL_SURFACE ( 'NONE', #357, 0.3594872681224074440 ) ;
#10463 = EDGE_CURVE ( 'NONE', #8281, #3956, #9878, .T. ) ;
#10464 = EDGE_LOOP ( 'NONE', ( #4557, #8934, #2794, #7230 ) ) ;
#10465 = CARTESIAN_POINT ( 'NONE',  ( 37.75000000000000000, -8.505348250362779083, -30.94999999999999929 ) ) ;
#10466 = CARTESIAN_POINT ( 'NONE',  ( -28.25000000000000000, -19.50534825036275066, 21.85000000000000142 ) ) ;
#10467 = AXIS2_PLACEMENT_3D ( 'NONE', #9203, #10928, #7298 ) ;
#10468 = CARTESIAN_POINT ( 'NONE',  ( 10.14926157571243692, -20.24263207040397106, -41.20932558757743891 ) ) ;
#10469 = CARTESIAN_POINT ( 'NONE',  ( 39.95000000000000284, -8.005348250362779083, -28.02444271472184667 ) ) ;
#10470 = EDGE_CURVE ( 'NONE', #10399, #3012, #861, .T. ) ;
#10471 = AXIS2_PLACEMENT_3D ( 'NONE', #7099, #3516, #10731 ) ;
#10472 = ORIENTED_EDGE ( 'NONE', *, *, #5465, .T. ) ;
#10473 = DIRECTION ( 'NONE',  ( 0.000000000000000000, 1.000000000000000000, 0.000000000000000000 ) ) ;
#10474 = CARTESIAN_POINT ( 'NONE',  ( 27.12933524139679164, -20.47741784021790323, -40.55338274881945893 ) ) ;
#10475 = DIRECTION ( 'NONE',  ( 0.000000000000000000, 0.000000000000000000, 1.000000000000000000 ) ) ;
#10476 = VECTOR ( 'NONE', #6905, 1000.000000000000000 ) ;
#10477 = ORIENTED_EDGE ( 'NONE', *, *, #6995, .T. ) ;
#10478 = DIRECTION ( 'NONE',  ( 0.000000000000000000, 0.9083415329249426851, -0.4182291950158013027 ) ) ;
#10479 = CYLINDRICAL_SURFACE ( 'NONE', #162, 3.499999999999999556 ) ;
#10480 = EDGE_CURVE ( 'NONE', #4224, #3144, #10044, .T. ) ;
#10481 = ORIENTED_EDGE ( 'NONE', *, *, #8188, .F. ) ;
#10482 = CARTESIAN_POINT ( 'NONE',  ( -42.95000000000000284, -13.35186151901900153, -0.7679129753657610857 ) ) ;
#10483 = DIRECTION ( 'NONE',  ( -1.000000000000000000, 0.000000000000000000, 0.000000000000000000 ) ) ;
#10484 = ORIENTED_EDGE ( 'NONE', *, *, #72, .F. ) ;
#10485 = CIRCLE ( 'NONE', #11050, 0.3594872681224082767 ) ;
#10486 = LINE ( 'NONE', #1182, #2696 ) ;
#10487 = AXIS2_PLACEMENT_3D ( 'NONE', #5612, #8428, #2804 ) ;
#10488 = DIRECTION ( 'NONE',  ( -7.001322103090884929E-17, 0.9083415329249424630, -0.4182291950158018023 ) ) ;
#10489 = CARTESIAN_POINT ( 'NONE',  ( 40.95000000000000284, -13.35186151901900153, -7.767912975365779182 ) ) ;
#10490 = DIRECTION ( 'NONE',  ( 0.000000000000000000, 1.000000000000000000, 0.000000000000000000 ) ) ;
#10491 = CARTESIAN_POINT ( 'NONE',  ( 37.75000000000000000, -19.50534825036275066, -28.35000000000000142 ) ) ;
#10492 = CIRCLE ( 'NONE', #10109, 1.000000000000000888 ) ;
#10493 = ORIENTED_EDGE ( 'NONE', *, *, #7646, .F. ) ;
#10494 = PLANE ( 'NONE',  #247 ) ;
#10495 = CARTESIAN_POINT ( 'NONE',  ( 19.55000000000000071, -19.50534825036275066, 27.17781907207880110 ) ) ;
#10496 = LINE ( 'NONE', #3223, #9038 ) ;
#10497 = CIRCLE ( 'NONE', #5351, 1.000000000000000888 ) ;
#10498 = AXIS2_PLACEMENT_3D ( 'NONE', #9884, #1468, #10597 ) ;
#10499 = VERTEX_POINT ( 'NONE', #11728 ) ;
#10500 = EDGE_CURVE ( 'NONE', #5396, #10140, #7629, .T. ) ;
#10501 = DIRECTION ( 'NONE',  ( 0.000000000000000000, -1.000000000000000000, 0.000000000000000000 ) ) ;
#10502 = DIRECTION ( 'NONE',  ( 0.000000000000000000, -1.000000000000000000, 0.000000000000000000 ) ) ;
#10503 = LINE ( 'NONE', #2334, #8832 ) ;
#10504 = AXIS2_PLACEMENT_3D ( 'NONE', #7478, #2936, #10390 ) ;
#10505 = CARTESIAN_POINT ( 'NONE',  ( 40.95000000000000284, -17.50534825036275066, -34.87555728527814836 ) ) ;
#10506 = CARTESIAN_POINT ( 'NONE',  ( 39.95000000000000284, -7.005348250362779972, -29.76256579129610103 ) ) ;
#10507 = CARTESIAN_POINT ( 'NONE',  ( 19.55000000000000071, -16.51385150205409857, 20.75000000000000000 ) ) ;
#10508 = EDGE_CURVE ( 'NONE', #1306, #3334, #953, .T. ) ;
#10509 = CARTESIAN_POINT ( 'NONE',  ( -40.40752813248484188, -17.39071804409547184, -33.98632828519951943 ) ) ;
#10510 = ORIENTED_EDGE ( 'NONE', *, *, #1557, .T. ) ;
#10511 = CARTESIAN_POINT ( 'NONE',  ( -39.80391514337440384, -16.90515819066462910, -28.01395503524232922 ) ) ;
#10512 = ORIENTED_EDGE ( 'NONE', *, *, #3978, .T. ) ;
#10513 = DIRECTION ( 'NONE',  ( 0.000000000000000000, 1.000000000000000000, 0.000000000000000000 ) ) ;
#10514 = CIRCLE ( 'NONE', #1944, 0.3594872681224057231 ) ;
#10515 = ORIENTED_EDGE ( 'NONE', *, *, #4811, .F. ) ;
#10516 = EDGE_CURVE ( 'NONE', #4406, #6287, #8391, .T. ) ;
#10517 = VECTOR ( 'NONE', #5325, 1000.000000000000000 ) ;
#10518 = ORIENTED_EDGE ( 'NONE', *, *, #8480, .T. ) ;
#10519 = AXIS2_PLACEMENT_3D ( 'NONE', #9776, #1592, #8820 ) ;
#10520 = DIRECTION ( 'NONE',  ( 0.000000000000000000, -1.000000000000000000, 0.000000000000000000 ) ) ;
#10521 = AXIS2_PLACEMENT_3D ( 'NONE', #839, #780, #10619 ) ;
#10522 = VECTOR ( 'NONE', #5389, 1000.000000000000000 ) ;
#10523 = PLANE ( 'NONE',  #9187 ) ;
#10524 = VECTOR ( 'NONE', #359, 1000.000000000000000 ) ;
#10525 = CYLINDRICAL_SURFACE ( 'NONE', #11400, 1.000000000000000888 ) ;
#10526 = DIRECTION ( 'NONE',  ( 0.000000000000000000, 0.000000000000000000, -1.000000000000000000 ) ) ;
#10527 = EDGE_CURVE ( 'NONE', #513, #2575, #4440, .T. ) ;
#10528 = ORIENTED_EDGE ( 'NONE', *, *, #9495, .F. ) ;
#10529 = VECTOR ( 'NONE', #9681, 1000.000000000000227 ) ;
#10530 = CARTESIAN_POINT ( 'NONE',  ( -25.55000000000000071, -17.50534825036275066, 24.54999999999999716 ) ) ;
#10531 = ORIENTED_EDGE ( 'NONE', *, *, #6820, .T. ) ;
#10532 = CARTESIAN_POINT ( 'NONE',  ( 25.44999999999999929, -12.50534825036277908, 40.95000000000000284 ) ) ;
#10533 = CARTESIAN_POINT ( 'NONE',  ( 37.75000000000000000, -7.005348250362779972, -31.85000000000000497 ) ) ;
#10534 = ORIENTED_EDGE ( 'NONE', *, *, #9106, .F. ) ;
#10535 = AXIS2_PLACEMENT_3D ( 'NONE', #10328, #2160, #7710 ) ;
#10536 = AXIS2_PLACEMENT_3D ( 'NONE', #3271, #10369, #9714 ) ;
#10537 = CARTESIAN_POINT ( 'NONE',  ( 11.23962017734061902, -19.50534825036275066, -41.75573433428246517 ) ) ;
#10538 = AXIS2_PLACEMENT_3D ( 'NONE', #9910, #2569, #1795 ) ;
#10539 = CARTESIAN_POINT ( 'NONE',  ( -20.15000000000000213, -17.50534825036275066, 22.84999999999999787 ) ) ;
#10540 = FACE_OUTER_BOUND ( 'NONE', #8293, .T. ) ;
#10541 = DIRECTION ( 'NONE',  ( 0.000000000000000000, -1.000000000000000000, 0.000000000000000000 ) ) ;
#10542 = CARTESIAN_POINT ( 'NONE',  ( 40.23232391195434587, -17.28048757893796150, 27.98429075285551093 ) ) ;
#10543 = ORIENTED_EDGE ( 'NONE', *, *, #9764, .T. ) ;
#10544 = DIRECTION ( 'NONE',  ( -0.05233595624294379994, -0.9986295347545739443, 0.000000000000000000 ) ) ;
#10545 = DIRECTION ( 'NONE',  ( 0.000000000000000000, 0.000000000000000000, 1.000000000000000000 ) ) ;
#10546 = CIRCLE ( 'NONE', #266, 1.000000000000000888 ) ;
#10547 = VERTEX_POINT ( 'NONE', #5448 ) ;
#10548 = CARTESIAN_POINT ( 'NONE',  ( 42.95000000000000284, -13.35186151901900153, -7.767912975365779182 ) ) ;
#10549 = CARTESIAN_POINT ( 'NONE',  ( -40.95000000000000284, -6.812339080949070258, -18.17467833951194933 ) ) ;
#10550 = ORIENTED_EDGE ( 'NONE', *, *, #7170, .T. ) ;
#10551 = CARTESIAN_POINT ( 'NONE',  ( -22.84999999999999787, -17.50534825036275066, 29.94999999999999929 ) ) ;
#10552 = CARTESIAN_POINT ( 'NONE',  ( 37.75000000000000000, -19.50534825036275066, 33.55000000000000426 ) ) ;
#10553 = AXIS2_PLACEMENT_3D ( 'NONE', #10548, #7871, #11519 ) ;
#10554 = CARTESIAN_POINT ( 'NONE',  ( 26.12963360958150005, -19.50534825036275066, -41.63216275480425566 ) ) ;
#10555 = CARTESIAN_POINT ( 'NONE',  ( 19.94999999999999929, -19.50534825036275066, 20.75000000000000000 ) ) ;
#10556 = CARTESIAN_POINT ( 'NONE',  ( 42.95000000000000284, -6.511642939418550213, 17.47839609287465024 ) ) ;
#10557 = EDGE_LOOP ( 'NONE', ( #9962, #8821, #1774, #4549 ) ) ;
#10558 = CARTESIAN_POINT ( 'NONE',  ( 10.68092660640238201, -19.78391237642427214, -41.28331943774379198 ) ) ;
#10559 = CARTESIAN_POINT ( 'NONE',  ( 26.48013235352786054, -19.63187127623643491, -41.89377263946788332 ) ) ;
#10560 = VERTEX_POINT ( 'NONE', #910 ) ;
#10561 = CARTESIAN_POINT ( 'NONE',  ( -39.48171950751544301, -7.620278669526710402, 33.90633538178244777 ) ) ;
#10562 = EDGE_CURVE ( 'NONE', #10117, #1704, #1695, .T. ) ;
#10563 = EDGE_LOOP ( 'NONE', ( #5488, #11154, #10053, #4979 ) ) ;
#10564 = CARTESIAN_POINT ( 'NONE',  ( -25.55000000000000071, -17.50534825036275066, 28.25000000000000000 ) ) ;
#10565 = DIRECTION ( 'NONE',  ( 0.000000000000000000, 0.000000000000000000, -1.000000000000000000 ) ) ;
#10566 = ADVANCED_FACE ( 'NONE', ( #7319 ), #8874, .F. ) ;
#10567 = CARTESIAN_POINT ( 'NONE',  ( -37.75000000000000000, -19.50534825036275066, 33.55000000000000426 ) ) ;
#10568 = DIRECTION ( 'NONE',  ( -1.000000000000000000, 0.000000000000000000, 0.000000000000000000 ) ) ;
#10569 = LINE ( 'NONE', #6031, #6894 ) ;
#10570 = ADVANCED_FACE ( 'NONE', ( #4373 ), #696, .F. ) ;
#10571 = CARTESIAN_POINT ( 'NONE',  ( 13.12963360958147874, -33.06169743646680104, -39.53619997939700426 ) ) ;
#10572 = CARTESIAN_POINT ( 'NONE',  ( -39.74478397843270727, -16.84240571281736365, -33.89683880441653940 ) ) ;
#10573 = ORIENTED_EDGE ( 'NONE', *, *, #10092, .T. ) ;
#10574 = VERTEX_POINT ( 'NONE', #10710 ) ;
#10575 = CARTESIAN_POINT ( 'NONE',  ( -39.73134999202542161, -16.82794064858695648, -28.00036831368804968 ) ) ;
#10576 = ORIENTED_EDGE ( 'NONE', *, *, #4605, .T. ) ;
#10577 = DIRECTION ( 'NONE',  ( 0.000000000000000000, 0.000000000000000000, -1.000000000000000000 ) ) ;
#10578 = ORIENTED_EDGE ( 'NONE', *, *, #7748, .T. ) ;
#10579 = ORIENTED_EDGE ( 'NONE', *, *, #631, .T. ) ;
#10580 = ORIENTED_EDGE ( 'NONE', *, *, #3647, .F. ) ;
#10581 = EDGE_CURVE ( 'NONE', #1039, #5645, #386, .T. ) ;
#10582 = ADVANCED_FACE ( 'NONE', ( #6176 ), #8925, .T. ) ;
#10583 = CARTESIAN_POINT ( 'NONE',  ( -37.75000000000000000, -2.505348250362775087, 30.94999999999999929 ) ) ;
#10584 = DIRECTION ( 'NONE',  ( 0.000000000000000000, 0.000000000000000000, -1.000000000000000000 ) ) ;
#10585 = ADVANCED_FACE ( 'NONE', ( #9825 ), #5398, .F. ) ;
#10586 = DIRECTION ( 'NONE',  ( 0.000000000000000000, 0.000000000000000000, -1.000000000000000000 ) ) ;
#10587 = CARTESIAN_POINT ( 'NONE',  ( 37.75000000000000000, -8.505348250362779083, -30.94999999999999929 ) ) ;
#10588 = EDGE_LOOP ( 'NONE', ( #5651, #1328, #5600, #713 ) ) ;
#10589 = DIRECTION ( 'NONE',  ( -1.000000000000000000, 0.000000000000000000, 0.000000000000000000 ) ) ;
#10590 = ORIENTED_EDGE ( 'NONE', *, *, #1987, .F. ) ;
#10591 = DIRECTION ( 'NONE',  ( 0.000000000000000000, -1.000000000000000000, 0.000000000000000000 ) ) ;
#10592 = CARTESIAN_POINT ( 'NONE',  ( 9.134894107981072153, -19.50534825036275066, -40.82464186537399797 ) ) ;
#10593 = EDGE_CURVE ( 'NONE', #2835, #1897, #3433, .T. ) ;
#10594 = CARTESIAN_POINT ( 'NONE',  ( 19.94999999999999929, -17.50534825036275066, 20.75000000000000000 ) ) ;
#10595 = ORIENTED_EDGE ( 'NONE', *, *, #10877, .F. ) ;
#10596 = CARTESIAN_POINT ( 'NONE',  ( 18.62963360958150005, -19.50534825036275066, -38.18619997939700283 ) ) ;
#10597 = DIRECTION ( 'NONE',  ( 0.000000000000000000, 0.000000000000000000, -1.000000000000000000 ) ) ;
#10598 = CARTESIAN_POINT ( 'NONE',  ( -37.75000000000000000, -17.50534825036275066, 30.94999999999999929 ) ) ;
#10599 = EDGE_LOOP ( 'NONE', ( #1802, #3696, #3861, #6601 ) ) ;
#10600 = CARTESIAN_POINT ( 'NONE',  ( -25.55000000000000071, -17.50534825036275066, 19.14999999999999858 ) ) ;
#10601 = CARTESIAN_POINT ( 'NONE',  ( 40.95000000000000284, -6.661991010183810680, 17.15185887668135223 ) ) ;
#10602 = EDGE_LOOP ( 'NONE', ( #1323, #2382, #1284, #499 ) ) ;
#10603 = DIRECTION ( 'NONE',  ( 0.000000000000000000, 0.000000000000000000, -1.000000000000000000 ) ) ;
#10604 = LINE ( 'NONE', #7982, #9146 ) ;
#10605 = DIRECTION ( 'NONE',  ( 0.000000000000000000, -1.000000000000000000, 0.000000000000000000 ) ) ;
#10606 = ADVANCED_FACE ( 'NONE', ( #33 ), #3669, .F. ) ;
#10607 = CARTESIAN_POINT ( 'NONE',  ( 37.75000000000000000, -17.50534825036275066, -30.94999999999999929 ) ) ;
#10608 = DIRECTION ( 'NONE',  ( 0.000000000000000000, 0.000000000000000000, 1.000000000000000000 ) ) ;
#10609 = LINE ( 'NONE', #3340, #5715 ) ;
#10610 = FACE_OUTER_BOUND ( 'NONE', #889, .T. ) ;
#10611 = CARTESIAN_POINT ( 'NONE',  ( 39.95000000000000284, -8.005348250362779083, -27.02444271472185022 ) ) ;
#10612 = ORIENTED_EDGE ( 'NONE', *, *, #3999, .F. ) ;
#10613 = CARTESIAN_POINT ( 'NONE',  ( 10.63185254478166009, -19.95816652508318967, -40.74217182468503751 ) ) ;
#10614 = CARTESIAN_POINT ( 'NONE',  ( 26.18640450324064872, -19.16668538707589775, -42.10559908681239705 ) ) ;
#10615 = CARTESIAN_POINT ( 'NONE',  ( -41.45000000000000284, -1.705348250362779927, -41.45000000000000284 ) ) ;
#10616 = EDGE_CURVE ( 'NONE', #9055, #2116, #3607, .T. ) ;
#10617 = ORIENTED_EDGE ( 'NONE', *, *, #4564, .T. ) ;
#10618 = PLANE ( 'NONE',  #8604 ) ;
#10619 = DIRECTION ( 'NONE',  ( 0.000000000000000000, 0.000000000000000000, -1.000000000000000000 ) ) ;
#10620 = CARTESIAN_POINT ( 'NONE',  ( 39.68687365923249644, -7.082876106798509319, 28.80185617184934799 ) ) ;
#10621 = CARTESIAN_POINT ( 'NONE',  ( 26.50903623422442479, -19.60514663880445241, -41.74881256687365294 ) ) ;
#10622 = DIRECTION ( 'NONE',  ( -1.000000000000000000, 0.000000000000000000, 0.000000000000000000 ) ) ;
#10623 = EDGE_CURVE ( 'NONE', #8172, #2828, #1088, .T. ) ;
#10624 = CARTESIAN_POINT ( 'NONE',  ( -41.95000000000000284, -3.705348250362780149, 41.45000000000000284 ) ) ;
#10625 = CARTESIAN_POINT ( 'NONE',  ( 27.62963360958150361, -20.00534825036274711, -40.48472919632354916 ) ) ;
#10626 = CARTESIAN_POINT ( 'NONE',  ( 41.45000000000000284, -19.48665501328809668, -42.14245008972989837 ) ) ;
#10627 = VERTEX_POINT ( 'NONE', #146 ) ;
#10628 = ORIENTED_EDGE ( 'NONE', *, *, #2458, .F. ) ;
#10629 = DIRECTION ( 'NONE',  ( 1.334402673828311860E-16, 0.000000000000000000, 1.000000000000000000 ) ) ;
#10630 = EDGE_CURVE ( 'NONE', #11103, #4133, #9160, .T. ) ;
#10631 = EDGE_LOOP ( 'NONE', ( #3604, #7217, #4657, #3285 ) ) ;
#10632 = CARTESIAN_POINT ( 'NONE',  ( -40.55270260726906173, -17.45970162999750386, -27.82357116849719247 ) ) ;
#10633 = ORIENTED_EDGE ( 'NONE', *, *, #1762, .T. ) ;
#10634 = AXIS2_PLACEMENT_3D ( 'NONE', #8159, #3626, #7270 ) ;
#10635 = VERTEX_POINT ( 'NONE', #7595 ) ;
#10636 = EDGE_CURVE ( 'NONE', #1195, #6125, #5142, .T. ) ;
#10637 = VECTOR ( 'NONE', #7868, 1000.000000000000000 ) ;
#10638 = FACE_OUTER_BOUND ( 'NONE', #7797, .T. ) ;
#10639 = FACE_OUTER_BOUND ( 'NONE', #9448, .T. ) ;
#10640 = CARTESIAN_POINT ( 'NONE',  ( -39.74236618135882537, -16.83978748503184519, 28.00264994537034369 ) ) ;
#10641 = CARTESIAN_POINT ( 'NONE',  ( 18.62963360958150005, -17.50534825036275066, -29.38619997939699857 ) ) ;
#10642 = AXIS2_PLACEMENT_3D ( 'NONE', #6048, #3136, #1459 ) ;
#10643 = VERTEX_POINT ( 'NONE', #5504 ) ;
#10644 = DIRECTION ( 'NONE',  ( 0.000000000000000000, 0.000000000000000000, 1.000000000000000000 ) ) ;
#10645 = ORIENTED_EDGE ( 'NONE', *, *, #1366, .F. ) ;
#10646 = CARTESIAN_POINT ( 'NONE',  ( 9.943940885996344292, -19.70913377599054783, -41.77014009208486556 ) ) ;
#10647 = CARTESIAN_POINT ( 'NONE',  ( 9.616969873022869209, -19.50534825036275421, -40.51795114181964408 ) ) ;
#10648 = EDGE_LOOP ( 'NONE', ( #4902, #457, #5077, #8454 ) ) ;
#10649 = EDGE_CURVE ( 'NONE', #3618, #4419, #2102, .T. ) ;
#10650 = EDGE_CURVE ( 'NONE', #3810, #1994, #4722, .T. ) ;
#10651 = VECTOR ( 'NONE', #9155, 1000.000000000000000 ) ;
#10652 = AXIS2_PLACEMENT_3D ( 'NONE', #11430, #4084, #3139 ) ;
#10653 = CARTESIAN_POINT ( 'NONE',  ( 40.02553000924220328, -17.11877934644583377, -28.02444271472183956 ) ) ;
#10654 = DIRECTION ( 'NONE',  ( 0.000000000000000000, 0.000000000000000000, 1.000000000000000000 ) ) ;
#10655 = CARTESIAN_POINT ( 'NONE',  ( 39.46111111111110148, -16.50534825036275066, 34.00321122188300649 ) ) ;
#10656 = CARTESIAN_POINT ( 'NONE',  ( 39.74765028742665152, -16.84549973424049440, 28.00375663042847663 ) ) ;
#10657 = VERTEX_POINT ( 'NONE', #2042 ) ;
#10658 = CARTESIAN_POINT ( 'NONE',  ( 26.54858840966155853, -19.51499392654786291, -41.90504226855775727 ) ) ;
#10659 = DIRECTION ( 'NONE',  ( -1.000000000000000000, 0.000000000000000000, 0.000000000000000000 ) ) ;
#10660 = ORIENTED_EDGE ( 'NONE', *, *, #2703, .F. ) ;
#10661 = CARTESIAN_POINT ( 'NONE',  ( 42.95000000000000284, -6.812339080949070258, -11.17467833951197953 ) ) ;
#10662 = DIRECTION ( 'NONE',  ( 1.000000000000000000, 0.000000000000000000, 0.000000000000000000 ) ) ;
#10663 = CIRCLE ( 'NONE', #3042, 0.9999999999999991118 ) ;
#10664 = CARTESIAN_POINT ( 'NONE',  ( 42.95000000000000284, -13.35186151901900153, -14.40842570724336014 ) ) ;
#10665 = EDGE_CURVE ( 'NONE', #2924, #230, #9343, .T. ) ;
#10666 = AXIS2_PLACEMENT_3D ( 'NONE', #2781, #4633, #4459 ) ;
#10667 = CARTESIAN_POINT ( 'NONE',  ( 42.95000000000000284, -6.511642939418550213, -17.52160390712534621 ) ) ;
#10668 = DIRECTION ( 'NONE',  ( 1.520599644265049812E-16, 0.4182291950158013583, 0.9083415329249427961 ) ) ;
#10669 = CIRCLE ( 'NONE', #5336, 0.3594872681224082767 ) ;
#10670 = CARTESIAN_POINT ( 'NONE',  ( 26.00503516818143623, -19.50534825036275066, -41.80786582773462356 ) ) ;
#10671 = AXIS2_PLACEMENT_3D ( 'NONE', #2901, #5636, #3622 ) ;
#10672 = DIRECTION ( 'NONE',  ( 0.000000000000000000, 0.000000000000000000, -1.000000000000000000 ) ) ;
#10673 = VERTEX_POINT ( 'NONE', #5568 ) ;
#10674 = DIRECTION ( 'NONE',  ( -1.000000000000000000, 0.000000000000000000, 1.674039542559039894E-16 ) ) ;
#10675 = CARTESIAN_POINT ( 'NONE',  ( 26.26261686807449891, -19.52045263653240070, -41.62123459430110017 ) ) ;
#10676 = AXIS2_PLACEMENT_3D ( 'NONE', #3263, #11509, #7738 ) ;
#10677 = EDGE_CURVE ( 'NONE', #11125, #444, #10669, .T. ) ;
#10678 = EDGE_LOOP ( 'NONE', ( #6216, #4180, #531, #8780 ) ) ;
#10679 = CARTESIAN_POINT ( 'NONE',  ( -20.15000000000000213, -19.50534825036275066, 25.55000000000000071 ) ) ;
#10680 = CIRCLE ( 'NONE', #7068, 4.499999999999997335 ) ;
#10681 = DIRECTION ( 'NONE',  ( 0.000000000000000000, 0.000000000000000000, -1.000000000000000000 ) ) ;
#10682 = CARTESIAN_POINT ( 'NONE',  ( 40.94999999999998863, -7.978381175066782127, 28.70773097885412994 ) ) ;
#10683 = VECTOR ( 'NONE', #11204, 1000.000000000000000 ) ;
#10684 = CARTESIAN_POINT ( 'NONE',  ( 26.18801986831014617, -19.50305517982256731, -41.70277751286437251 ) ) ;
#10685 = LINE ( 'NONE', #2509, #4561 ) ;
#10686 = CARTESIAN_POINT ( 'NONE',  ( -39.46368585746503754, -7.846266129617132101, 27.90919889383371455 ) ) ;
#10687 = CIRCLE ( 'NONE', #2107, 1.000000000000000888 ) ;
#10688 = CARTESIAN_POINT ( 'NONE',  ( 40.95000000000000284, -7.688766927756640612, 27.04614539759155178 ) ) ;
#10689 = CIRCLE ( 'NONE', #1916, 1.000000000000000888 ) ;
#10690 = CARTESIAN_POINT ( 'NONE',  ( -39.70070412905068480, -16.79392587052918984, -33.90707112528698985 ) ) ;
#10691 = VERTEX_POINT ( 'NONE', #5741 ) ;
#10692 = ORIENTED_EDGE ( 'NONE', *, *, #9379, .T. ) ;
#10693 = DIRECTION ( 'NONE',  ( -1.000000000000000000, 0.000000000000000000, 0.000000000000000000 ) ) ;
#10694 = EDGE_LOOP ( 'NONE', ( #8321, #310, #2278, #7421 ) ) ;
#10695 = CARTESIAN_POINT ( 'NONE',  ( -40.40206925763428103, -17.38775471078894341, -27.91653806787507008 ) ) ;
#10696 = VERTEX_POINT ( 'NONE', #3059 ) ;
#10697 = EDGE_CURVE ( 'NONE', #3508, #5805, #1148, .T. ) ;
#10698 = AXIS2_PLACEMENT_3D ( 'NONE', #6248, #8948, #6070 ) ;
#10699 = AXIS2_PLACEMENT_3D ( 'NONE', #11664, #689, #3423 ) ;
#10700 = ADVANCED_FACE ( 'NONE', ( #6529 ), #9395, .F. ) ;
#10701 = DIRECTION ( 'NONE',  ( 0.000000000000000000, 1.000000000000000000, 0.000000000000000000 ) ) ;
#10702 = DIRECTION ( 'NONE',  ( 0.000000000000000000, 0.000000000000000000, -1.000000000000000000 ) ) ;
#10703 = CARTESIAN_POINT ( 'NONE',  ( 37.75000000000000000, -19.50534825036275066, -33.55000000000000426 ) ) ;
#10704 = CIRCLE ( 'NONE', #423, 1.000000000000000888 ) ;
#10705 = ORIENTED_EDGE ( 'NONE', *, *, #8878, .T. ) ;
#10706 = LINE ( 'NONE', #2531, #3782 ) ;
#10707 = CIRCLE ( 'NONE', #9950, 0.3594872681224065558 ) ;
#10708 = ORIENTED_EDGE ( 'NONE', *, *, #3713, .F. ) ;
#10709 = LINE ( 'NONE', #11672, #5875 ) ;
#10710 = CARTESIAN_POINT ( 'NONE',  ( 14.44999999999999929, -19.50534825036275066, 20.75000000000000000 ) ) ;
#10711 = EDGE_CURVE ( 'NONE', #11536, #8923, #4948, .T. ) ;
#10712 = CIRCLE ( 'NONE', #1763, 3.499999999999999556 ) ;
#10713 = ADVANCED_FACE ( 'NONE', ( #10993 ), #10275, .F. ) ;
#10714 = CARTESIAN_POINT ( 'NONE',  ( 23.94999999999999929, -19.50534825036275066, 27.17781907207880110 ) ) ;
#10715 = VECTOR ( 'NONE', #1918, 1000.000000000000227 ) ;
#10716 = CARTESIAN_POINT ( 'NONE',  ( 9.518189791693229651, -19.50534825036275066, -41.95000000000000284 ) ) ;
#10717 = DIRECTION ( 'NONE',  ( -1.000000000000000000, 0.000000000000000000, 0.000000000000000000 ) ) ;
#10718 = CARTESIAN_POINT ( 'NONE',  ( -37.75000000000000000, -8.005348250362779083, -30.94999999999999929 ) ) ;
#10719 = EDGE_CURVE ( 'NONE', #10015, #6171, #1038, .T. ) ;
#10720 = ORIENTED_EDGE ( 'NONE', *, *, #1117, .T. ) ;
#10721 = CARTESIAN_POINT ( 'NONE',  ( 26.42151341649883989, -19.50651497126544598, -41.84427933731068094 ) ) ;
#10722 = CARTESIAN_POINT ( 'NONE',  ( -39.56585625884554247, -7.259024777604381917, -33.54818012015462614 ) ) ;
#10723 = ORIENTED_EDGE ( 'NONE', *, *, #7757, .T. ) ;
#10724 = CARTESIAN_POINT ( 'NONE',  ( -40.95000000000000284, -13.20151344825372064, 6.558624240827549912 ) ) ;
#10725 = CARTESIAN_POINT ( 'NONE',  ( -39.51569538602475262, -7.420518306689640298, 28.14464271252905192 ) ) ;
#10726 = VECTOR ( 'NONE', #9802, 1000.000000000000000 ) ;
#10727 = VECTOR ( 'NONE', #1841, 1000.000000000000000 ) ;
#10728 = CIRCLE ( 'NONE', #10145, 1.000000000000000888 ) ;
#10729 =( LENGTH_UNIT ( ) NAMED_UNIT ( * ) SI_UNIT ( .MILLI., .METRE. ) );
#10730 = CARTESIAN_POINT ( 'NONE',  ( 40.95000000000000284, -13.35186151901900153, 6.591574292756630093 ) ) ;
#10731 = DIRECTION ( 'NONE',  ( 0.000000000000000000, -0.9083415329249427961, 0.4182291950158013583 ) ) ;
#10732 = B_SPLINE_CURVE_WITH_KNOTS ( 'NONE', 3,
 ( #3764, #4769, #8250, #9261, #256, #7411, #9145, #2985, #10034, #2756, #1854, #959, #4595, #7359, #10980, #9561 ),
 .UNSPECIFIED., .F., .F.,
 ( 4, 2, 2, 2, 2, 2, 2, 4 ),
 ( 0.000000000000000000, 0.0009516729530753829155, 0.001427509429613074048, 0.001903345906150764964, 0.002379182382688454795, 0.002855018859226149831, 0.003330855335763840096, 0.003806691812301529927 ),
 .UNSPECIFIED. ) ;
#10733 = ADVANCED_FACE ( 'NONE', ( #6585 ), #3840, .T. ) ;
#10734 = CARTESIAN_POINT ( 'NONE',  ( 26.00912634244235377, -19.50534825036274711, -41.78954574511500653 ) ) ;
#10735 = VECTOR ( 'NONE', #8550, 1000.000000000000000 ) ;
#10736 = DIRECTION ( 'NONE',  ( 7.001322103090887394E-17, -0.9083415329249426851, 0.4182291950158013027 ) ) ;
#10737 = EDGE_LOOP ( 'NONE', ( #4400, #10918 ) ) ;
#10738 = CARTESIAN_POINT ( 'NONE',  ( 10.93930763755956903, -19.50518884186110569, -41.97193330915211362 ) ) ;
#10739 = ORIENTED_EDGE ( 'NONE', *, *, #917, .T. ) ;
#10740 = EDGE_CURVE ( 'NONE', #7915, #7556, #5674, .T. ) ;
#10741 = CARTESIAN_POINT ( 'NONE',  ( 10.91534610224422153, -19.54130649441744794, -41.70364882234945014 ) ) ;
#10742 = ORIENTED_EDGE ( 'NONE', *, *, #11725, .T. ) ;
#10743 = DIRECTION ( 'NONE',  ( 0.000000000000000000, 1.000000000000000000, 0.000000000000000000 ) ) ;
#10744 = CIRCLE ( 'NONE', #4065, 0.3594872681224082767 ) ;
#10745 = ORIENTED_EDGE ( 'NONE', *, *, #5877, .T. ) ;
#10746 = CARTESIAN_POINT ( 'NONE',  ( -28.25000000000000000, -17.50534825036275066, 29.94999999999999929 ) ) ;
#10747 = CARTESIAN_POINT ( 'NONE',  ( 40.95000000000002416, -7.542337520376658944, 28.78504541300527819 ) ) ;
#10748 = FACE_OUTER_BOUND ( 'NONE', #10325, .T. ) ;
#10749 = DIRECTION ( 'NONE',  ( 0.000000000000000000, 0.000000000000000000, -1.000000000000000000 ) ) ;
#10750 = CARTESIAN_POINT ( 'NONE',  ( 41.45000000000000284, -19.50534825036275066, 27.17781907207880110 ) ) ;
#10751 = DIRECTION ( 'NONE',  ( 0.000000000000000000, 0.000000000000000000, 1.000000000000000000 ) ) ;
#10752 = CARTESIAN_POINT ( 'NONE',  ( 37.75000000000000000, -16.50534825036275066, -30.94999999999999929 ) ) ;
#10753 = ORIENTED_EDGE ( 'NONE', *, *, #417, .F. ) ;
#10754 = ORIENTED_EDGE ( 'NONE', *, *, #9189, .F. ) ;
#10755 = CYLINDRICAL_SURFACE ( 'NONE', #6079, 1.000000000000000888 ) ;
#10756 = ORIENTED_EDGE ( 'NONE', *, *, #811, .T. ) ;
#10757 = CARTESIAN_POINT ( 'NONE',  ( -40.46315700576325725, -17.41976083717788271, -27.88300605048550551 ) ) ;
#10758 = ORIENTED_EDGE ( 'NONE', *, *, #9463, .F. ) ;
#10759 = ORIENTED_EDGE ( 'NONE', *, *, #9229, .T. ) ;
#10760 = CARTESIAN_POINT ( 'NONE',  ( -40.95000000000000284, -6.160403962205989181, 33.38790695992469892 ) ) ;
#10761 = DIRECTION ( 'NONE',  ( 0.000000000000000000, 0.000000000000000000, -1.000000000000000000 ) ) ;
#10762 = LINE ( 'NONE', #4191, #7278 ) ;
#10763 = DIRECTION ( 'NONE',  ( 0.000000000000000000, -1.000000000000000000, 0.000000000000000000 ) ) ;
#10764 = VERTEX_POINT ( 'NONE', #973 ) ;
#10765 = CARTESIAN_POINT ( 'NONE',  ( 37.75000000000000000, -19.00534825036275421, 33.55000000000000426 ) ) ;
#10766 = ORIENTED_EDGE ( 'NONE', *, *, #4083, .F. ) ;
#10767 = CARTESIAN_POINT ( 'NONE',  ( 37.75000000000000000, -19.00534825036275421, -33.05000000000000426 ) ) ;
#10768 = CARTESIAN_POINT ( 'NONE',  ( -37.75000000000000000, -8.505348250362779083, 33.05000000000000426 ) ) ;
#10769 = ORIENTED_EDGE ( 'NONE', *, *, #6497, .T. ) ;
#10770 = ORIENTED_EDGE ( 'NONE', *, *, #11695, .F. ) ;
#10771 = CYLINDRICAL_SURFACE ( 'NONE', #9335, 1.000000000000000888 ) ;
#10772 = CARTESIAN_POINT ( 'NONE',  ( 9.410723062373429926, -19.50534825036275066, -41.84014619140375402 ) ) ;
#10773 = CARTESIAN_POINT ( 'NONE',  ( 41.45000000000000284, -17.50534825036275066, 27.17781907207880110 ) ) ;
#10774 = EDGE_CURVE ( 'NONE', #7366, #5075, #271, .T. ) ;
#10775 = CARTESIAN_POINT ( 'NONE',  ( -25.55000000000000071, -17.50534825036275066, 29.25000000000000000 ) ) ;
#10776 = VERTEX_POINT ( 'NONE', #7542 ) ;
#10777 = DIRECTION ( 'NONE',  ( 0.000000000000000000, 0.000000000000000000, -1.000000000000000000 ) ) ;
#10778 = ORIENTED_EDGE ( 'NONE', *, *, #11725, .F. ) ;
#10779 = DIRECTION ( 'NONE',  ( 1.000000000000000000, 0.000000000000000000, 0.000000000000000000 ) ) ;
#10780 = CARTESIAN_POINT ( 'NONE',  ( -40.94999999999993179, -7.978179378534531629, 28.70757351286184189 ) ) ;
#10781 = ADVANCED_FACE ( 'NONE', ( #11171 ), #1923, .F. ) ;
#10782 = CYLINDRICAL_SURFACE ( 'NONE', #11273, 1.000000000000000888 ) ;
#10783 = ORIENTED_EDGE ( 'NONE', *, *, #316, .T. ) ;
#10784 = ADVANCED_FACE ( 'NONE', ( #11485 ), #627, .F. ) ;
#10785 = CARTESIAN_POINT ( 'NONE',  ( 10.12963360958146097, -20.50534825036275066, 1.098257076599039944E-15 ) ) ;
#10786 = CARTESIAN_POINT ( 'NONE',  ( 18.62963360958150005, -19.50534825036275066, -29.38619997939699857 ) ) ;
#10787 = PLANE ( 'NONE',  #4770 ) ;
#10788 = DIRECTION ( 'NONE',  ( 0.000000000000000000, 0.000000000000000000, -1.000000000000000000 ) ) ;
#10789 = ORIENTED_EDGE ( 'NONE', *, *, #10065, .T. ) ;
#10790 = CARTESIAN_POINT ( 'NONE',  ( 40.94999999999999574, -7.726371301304844508, -33.21052485845450519 ) ) ;
#10791 = CYLINDRICAL_SURFACE ( 'NONE', #3779, 1.000000000000000888 ) ;
#10792 = CARTESIAN_POINT ( 'NONE',  ( 10.34253243444682013, -19.48665501328799721, -42.14245008973034601 ) ) ;
#10793 = ORIENTED_EDGE ( 'NONE', *, *, #2821, .T. ) ;
#10794 = EDGE_CURVE ( 'NONE', #8081, #10635, #3811, .T. ) ;
#10795 = DIRECTION ( 'NONE',  ( 0.000000000000000000, 0.000000000000000000, 1.000000000000000000 ) ) ;
#10796 = CARTESIAN_POINT ( 'NONE',  ( -19.25000000000000000, -17.50534825036275066, 19.94999999999999929 ) ) ;
#10797 = EDGE_CURVE ( 'NONE', #3986, #2413, #10680, .T. ) ;
#10798 = CARTESIAN_POINT ( 'NONE',  ( 40.95000000000000284, -6.611714630254289737, 27.67854659741125189 ) ) ;
#10799 = DIRECTION ( 'NONE',  ( -1.520599644265049566E-16, -0.4182291950158013583, -0.9083415329249427961 ) ) ;
#10800 = DIRECTION ( 'NONE',  ( 0.000000000000000000, 1.000000000000000000, 0.000000000000000000 ) ) ;
#10801 = LINE ( 'NONE', #6325, #8605 ) ;
#10802 = CARTESIAN_POINT ( 'NONE',  ( 40.46652305568841257, -17.42135089302169604, -34.01923514481475763 ) ) ;
#10803 = CARTESIAN_POINT ( 'NONE',  ( 27.75000000000000000, -17.50534825036275066, 19.94999999999999929 ) ) ;
#10804 = VERTEX_POINT ( 'NONE', #6039 ) ;
#10805 = VERTEX_POINT ( 'NONE', #3125 ) ;
#10806 = PLANE ( 'NONE',  #5894 ) ;
#10807 = ORIENTED_EDGE ( 'NONE', *, *, #10335, .T. ) ;
#10808 = CARTESIAN_POINT ( 'NONE',  ( -30.94999999999999929, -19.50534825036275066, 22.84999999999999787 ) ) ;
#10809 = ORIENTED_EDGE ( 'NONE', *, *, #1008, .F. ) ;
#10810 = CARTESIAN_POINT ( 'NONE',  ( -40.95000000000000284, -6.005348226926189525, 32.45510812647804499 ) ) ;
#10811 = DIRECTION ( 'NONE',  ( 0.000000000000000000, -1.000000000000000000, 0.000000000000000000 ) ) ;
#10812 = LINE ( 'NONE', #3546, #10517 ) ;
#10813 = FACE_BOUND ( 'NONE', #10347, .T. ) ;
#10814 = AXIS2_PLACEMENT_3D ( 'NONE', #6788, #11255, #1233 ) ;
#10815 = ORIENTED_EDGE ( 'NONE', *, *, #28, .F. ) ;
#10816 = CARTESIAN_POINT ( 'NONE',  ( -37.75000000000000000, -19.00534825036275421, -33.05000000000000426 ) ) ;
#10817 = EDGE_LOOP ( 'NONE', ( #8607, #3511, #5881, #11608 ) ) ;
#10818 = EDGE_CURVE ( 'NONE', #736, #4406, #10687, .T. ) ;
#10819 = CARTESIAN_POINT ( 'NONE',  ( 10.07200905801016866, -19.68291636587315097, -41.83452994616209253 ) ) ;
#10820 = CARTESIAN_POINT ( 'NONE',  ( -19.25000000000000000, -17.50534825036275066, 19.94999999999999929 ) ) ;
#10821 = AXIS2_PLACEMENT_3D ( 'NONE', #9646, #11237, #6897 ) ;
#10822 = ORIENTED_EDGE ( 'NONE', *, *, #10649, .T. ) ;
#10823 = ORIENTED_EDGE ( 'NONE', *, *, #8022, .F. ) ;
#10824 = AXIS2_PLACEMENT_3D ( 'NONE', #1054, #1832, #4635 ) ;
#10825 = ORIENTED_EDGE ( 'NONE', *, *, #8399, .F. ) ;
#10826 = CARTESIAN_POINT ( 'NONE',  ( 10.14415394533171799, -20.27161948651430023, -41.16662567209250057 ) ) ;
#10827 = DIRECTION ( 'NONE',  ( 0.000000000000000000, -1.000000000000000000, 0.000000000000000000 ) ) ;
#10828 = DIRECTION ( 'NONE',  ( 0.000000000000000000, 1.000000000000000000, 0.000000000000000000 ) ) ;
#10829 = ORIENTED_EDGE ( 'NONE', *, *, #6925, .T. ) ;
#10830 = DIRECTION ( 'NONE',  ( -1.000000000000000000, 0.000000000000000000, 1.674039542559039894E-16 ) ) ;
#10831 = ORIENTED_EDGE ( 'NONE', *, *, #4342, .F. ) ;
#10832 = DIRECTION ( 'NONE',  ( 0.000000000000000000, 0.000000000000000000, 1.000000000000000000 ) ) ;
#10833 = CARTESIAN_POINT ( 'NONE',  ( -40.95000000000000995, -7.005348250362778195, 29.76256579129616853 ) ) ;
#10834 = AXIS2_PLACEMENT_3D ( 'NONE', #2653, #818, #4450 ) ;
#10835 = ORIENTED_EDGE ( 'NONE', *, *, #5381, .F. ) ;
#10836 = VECTOR ( 'NONE', #5153, 1000.000000000000227 ) ;
#10837 = EDGE_CURVE ( 'NONE', #10804, #5139, #9576, .T. ) ;
#10838 = CARTESIAN_POINT ( 'NONE',  ( 41.45000000000000284, -18.50534825036275421, -40.21794919243114919 ) ) ;
#10839 = CARTESIAN_POINT ( 'NONE',  ( 3.950745019243990352, -13.00534825036277908, 40.95000000000000284 ) ) ;
#10840 = ORIENTED_EDGE ( 'NONE', *, *, #2365, .F. ) ;
#10841 = DIRECTION ( 'NONE',  ( 0.000000000000000000, 0.000000000000000000, 1.000000000000000000 ) ) ;
#10842 = ADVANCED_FACE ( 'NONE', ( #4009 ), #5722, .T. ) ;
#10843 = DIRECTION ( 'NONE',  ( -1.000000000000000000, 0.000000000000000000, 0.000000000000000000 ) ) ;
#10844 = VECTOR ( 'NONE', #8197, 1000.000000000000000 ) ;
#10845 = ORIENTED_EDGE ( 'NONE', *, *, #157, .F. ) ;
#10846 = CARTESIAN_POINT ( 'NONE',  ( 40.95000000000000284, -6.023016204667300144, -32.77066170077984708 ) ) ;
#10847 = CARTESIAN_POINT ( 'NONE',  ( 10.88726655117229747, -19.50385980704155742, -42.00475446596319529 ) ) ;
#10848 = CARTESIAN_POINT ( 'NONE',  ( 10.81203541149731961, -19.50145632883774738, -42.04830454543235163 ) ) ;
#10849 = ORIENTED_EDGE ( 'NONE', *, *, #686, .F. ) ;
#10850 = CIRCLE ( 'NONE', #2082, 2.499999999999998668 ) ;
#10851 = CARTESIAN_POINT ( 'NONE',  ( 37.75000000000000000, -16.50534825036275066, 30.94999999999999929 ) ) ;
#10852 = EDGE_CURVE ( 'NONE', #2751, #2642, #6889, .T. ) ;
#10853 = AXIS2_PLACEMENT_3D ( 'NONE', #1227, #11070, #4862 ) ;
#10854 = CARTESIAN_POINT ( 'NONE',  ( 25.12963360958150005, -14.50534825036275954, -40.53619997939700426 ) ) ;
#10855 = ORIENTED_EDGE ( 'NONE', *, *, #811, .F. ) ;
#10856 = CARTESIAN_POINT ( 'NONE',  ( 42.95000000000000284, -6.812339080949070258, 16.82532166048805067 ) ) ;
#10857 = DIRECTION ( 'NONE',  ( -1.000000000000000000, 0.000000000000000000, 1.674039542559039894E-16 ) ) ;
#10858 = CARTESIAN_POINT ( 'NONE',  ( 18.62963360958150005, -20.00534825036275066, -25.94999999999999929 ) ) ;
#10859 = AXIS2_PLACEMENT_3D ( 'NONE', #3406, #11650, #675 ) ;
#10860 = DIRECTION ( 'NONE',  ( 0.000000000000000000, 0.000000000000000000, -1.000000000000000000 ) ) ;
#10861 = DIRECTION ( 'NONE',  ( -1.000000000000000000, 0.000000000000000000, 0.000000000000000000 ) ) ;
#10862 = ADVANCED_FACE ( 'NONE', ( #4184 ), #10449, .T. ) ;
#10863 = DIRECTION ( 'NONE',  ( 0.000000000000000000, 0.000000000000000000, -1.000000000000000000 ) ) ;
#10864 = TOROIDAL_SURFACE ( 'NONE', #8012, 2.500000000000000000, 1.000000000000000000 ) ;
#10865 = EDGE_LOOP ( 'NONE', ( #2820, #734, #1151, #1721 ) ) ;
#10866 = VERTEX_POINT ( 'NONE', #1504 ) ;
#10867 = DIRECTION ( 'NONE',  ( 0.000000000000000000, 1.000000000000000000, 0.000000000000000000 ) ) ;
#10868 = VERTEX_POINT ( 'NONE', #4123 ) ;
#10869 = CARTESIAN_POINT ( 'NONE',  ( 42.95000000000000284, -13.35186151901900153, -14.76791297536578007 ) ) ;
#10870 = CIRCLE ( 'NONE', #8976, 1.750000000000001554 ) ;
#10871 = VECTOR ( 'NONE', #947, 1000.000000000000000 ) ;
#10872 = CARTESIAN_POINT ( 'NONE',  ( -40.95000000000001705, -7.606298602109706763, 33.15569630259139444 ) ) ;
#10873 = CIRCLE ( 'NONE', #1727, 0.3594872681224082767 ) ;
#10874 = DIRECTION ( 'NONE',  ( 1.000000000000000000, 0.000000000000000000, 0.000000000000000000 ) ) ;
#10875 = DIRECTION ( 'NONE',  ( 0.000000000000000000, -1.000000000000000000, 0.000000000000000000 ) ) ;
#10876 = DIRECTION ( 'NONE',  ( -1.000000000000000000, 0.000000000000000000, 0.000000000000000000 ) ) ;
#10877 = EDGE_CURVE ( 'NONE', #1677, #8498, #6112, .T. ) ;
#10878 = EDGE_LOOP ( 'NONE', ( #2176, #10427, #1000, #4821 ) ) ;
#10879 = DIRECTION ( 'NONE',  ( 1.000000000000000000, 0.000000000000000000, 0.000000000000000000 ) ) ;
#10880 = EDGE_CURVE ( 'NONE', #11224, #11125, #7720, .T. ) ;
#10881 = ORIENTED_EDGE ( 'NONE', *, *, #10104, .T. ) ;
#10882 = CARTESIAN_POINT ( 'NONE',  ( 42.95000000000000284, -13.50220958978423980, -8.094450191559078078 ) ) ;
#10883 = DIRECTION ( 'NONE',  ( -1.000000000000000000, 0.000000000000000000, 0.000000000000000000 ) ) ;
#10884 = AXIS2_PLACEMENT_3D ( 'NONE', #4603, #4540, #5496 ) ;
#10885 = EDGE_LOOP ( 'NONE', ( #9580, #7665, #3993, #7466 ) ) ;
#10886 = CIRCLE ( 'NONE', #10498, 1.000000000000000888 ) ;
#10887 = ORIENTED_EDGE ( 'NONE', *, *, #7325, .T. ) ;
#10888 = EDGE_CURVE ( 'NONE', #2652, #3687, #1152, .T. ) ;
#10889 = CIRCLE ( 'NONE', #8231, 1.000000000000000888 ) ;
#10890 = CARTESIAN_POINT ( 'NONE',  ( 10.55961393688864192, -20.09420809056972956, -41.44144051912987692 ) ) ;
#10891 = CARTESIAN_POINT ( 'NONE',  ( 42.95000000000000284, -13.50220958978423980, -8.094450191559078078 ) ) ;
#10892 = VECTOR ( 'NONE', #6825, 1000.000000000000000 ) ;
#10893 = CARTESIAN_POINT ( 'NONE',  ( -37.75000000000000000, -16.50534825036275066, -30.94999999999999929 ) ) ;
#10894 = ORIENTED_EDGE ( 'NONE', *, *, #10062, .F. ) ;
#10895 = CARTESIAN_POINT ( 'NONE',  ( -39.81137610787308745, -7.014110170997534865, -32.66388069926733806 ) ) ;
#10896 = EDGE_LOOP ( 'NONE', ( #2219, #7496, #11151, #10576, #9054 ) ) ;
#10897 = DIRECTION ( 'NONE',  ( 0.000000000000000000, 0.000000000000000000, -1.000000000000000000 ) ) ;
#10898 = CARTESIAN_POINT ( 'NONE',  ( 40.95000000000000284, -13.35186151901900153, 13.59157429275662032 ) ) ;
#10899 = CIRCLE ( 'NONE', #3469, 3.500000000000003109 ) ;
#10900 = ORIENTED_EDGE ( 'NONE', *, *, #1826, .F. ) ;
#10901 = CIRCLE ( 'NONE', #7671, 1.000000000000000888 ) ;
#10902 = DIRECTION ( 'NONE',  ( 0.000000000000000000, -1.000000000000000000, 0.000000000000000000 ) ) ;
#10903 = CARTESIAN_POINT ( 'NONE',  ( 42.95000000000000284, -13.35186151901900153, -7.767912975365779182 ) ) ;
#10904 = VERTEX_POINT ( 'NONE', #10343 ) ;
#10905 = PLANE ( 'NONE',  #6302 ) ;
#10906 = CARTESIAN_POINT ( 'NONE',  ( -30.94999999999999929, -17.50534825036275066, 28.25000000000000000 ) ) ;
#10907 = ORIENTED_EDGE ( 'NONE', *, *, #4647, .T. ) ;
#10908 = CARTESIAN_POINT ( 'NONE',  ( 40.95000000000000284, -6.343066956795469835, -33.82668975389825050 ) ) ;
#10909 = CARTESIAN_POINT ( 'NONE',  ( 10.89578869787640159, -19.50412822595663087, -41.99967038828874166 ) ) ;
#10910 = CIRCLE ( 'NONE', #635, 1.000000000000000888 ) ;
#10911 = AXIS2_PLACEMENT_3D ( 'NONE', #7119, #10922, #10751 ) ;
#10912 = CARTESIAN_POINT ( 'NONE',  ( 10.63175597827025953, -19.63431063855239600, -41.80340584675654725 ) ) ;
#10913 = VERTEX_POINT ( 'NONE', #5806 ) ;
#10914 = LINE ( 'NONE', #11019, #8034 ) ;
#10915 = AXIS2_PLACEMENT_3D ( 'NONE', #5249, #9026, #6026 ) ;
#10916 = CARTESIAN_POINT ( 'NONE',  ( -20.15000000000000213, -17.50534825036275066, 27.25000000000000000 ) ) ;
#10917 = AXIS2_PLACEMENT_3D ( 'NONE', #11328, #3149, #1471 ) ;
#10918 = ORIENTED_EDGE ( 'NONE', *, *, #8406, .T. ) ;
#10919 = CARTESIAN_POINT ( 'NONE',  ( 40.95000000000000284, -8.005348250362779083, 34.87555728527809151 ) ) ;
#10920 = CARTESIAN_POINT ( 'NONE',  ( 27.75000000000001066, -19.65015710298058593, -25.25065993760312111 ) ) ;
#10921 = DIRECTION ( 'NONE',  ( 0.000000000000000000, 0.000000000000000000, -1.000000000000000000 ) ) ;
#10922 = DIRECTION ( 'NONE',  ( -1.000000000000000000, 0.000000000000000000, 0.000000000000000000 ) ) ;
#10923 = CARTESIAN_POINT ( 'NONE',  ( -39.80506042590781135, -16.90747198388072547, 28.01568251145256383 ) ) ;
#10924 = EDGE_CURVE ( 'NONE', #1306, #3151, #9449, .T. ) ;
#10925 = DIRECTION ( 'NONE',  ( 0.000000000000000000, 0.000000000000000000, -1.000000000000000000 ) ) ;
#10926 = ORIENTED_EDGE ( 'NONE', *, *, #11586, .T. ) ;
#10927 = ORIENTED_EDGE ( 'NONE', *, *, #5607, .T. ) ;
#10928 = DIRECTION ( 'NONE',  ( 0.000000000000000000, -1.000000000000000000, 0.000000000000000000 ) ) ;
#10929 = AXIS2_PLACEMENT_3D ( 'NONE', #7226, #129, #5434 ) ;
#10930 = ORIENTED_EDGE ( 'NONE', *, *, #8566, .T. ) ;
#10931 = FACE_BOUND ( 'NONE', #11666, .T. ) ;
#10932 = CIRCLE ( 'NONE', #261, 1.000000000000000888 ) ;
#10933 = CARTESIAN_POINT ( 'NONE',  ( 27.56764921004074864, -19.50062731880125355, -42.05315423253169627 ) ) ;
#10934 = EDGE_CURVE ( 'NONE', #9938, #6137, #5309, .T. ) ;
#10935 = CARTESIAN_POINT ( 'NONE',  ( -40.95000000000000284, -6.343066956795460065, 33.82668975389874788 ) ) ;
#10936 = PLANE ( 'NONE',  #4237 ) ;
#10937 = CARTESIAN_POINT ( 'NONE',  ( 37.75000000000000000, -19.50534825036275066, 30.94999999999999929 ) ) ;
#10938 = DIRECTION ( 'NONE',  ( 0.000000000000000000, 0.000000000000000000, 1.000000000000000000 ) ) ;
#10939 = CARTESIAN_POINT ( 'NONE',  ( 26.45220555003288609, -19.50894955483991211, -41.86040595700967515 ) ) ;
#10940 = EDGE_LOOP ( 'NONE', ( #4005, #2066, #2929, #1358 ) ) ;
#10941 = CYLINDRICAL_SURFACE ( 'NONE', #7420, 1.000000000000000888 ) ;
#10942 = ORIENTED_EDGE ( 'NONE', *, *, #3153, .T. ) ;
#10943 = DIRECTION ( 'NONE',  ( 0.000000000000000000, 0.000000000000000000, -1.000000000000000000 ) ) ;
#10944 = ORIENTED_EDGE ( 'NONE', *, *, #72, .T. ) ;
#10945 = ORIENTED_EDGE ( 'NONE', *, *, #6018, .F. ) ;
#10946 = ADVANCED_FACE ( 'NONE', ( #7837 ), #4534, .F. ) ;
#10947 = EDGE_CURVE ( 'NONE', #501, #10248, #1568, .T. ) ;
#10948 = CARTESIAN_POINT ( 'NONE',  ( 10.63027855986072012, -19.97766669865259814, -40.63520113780809595 ) ) ;
#10949 = CARTESIAN_POINT ( 'NONE',  ( 42.95000000000000284, -6.511642939418550213, -10.52160390712536042 ) ) ;
#10950 = CARTESIAN_POINT ( 'NONE',  ( -42.95000000000000284, -13.35186151901900153, 6.232087024634239469 ) ) ;
#10951 = ORIENTED_EDGE ( 'NONE', *, *, #5777, .T. ) ;
#10952 = DIRECTION ( 'NONE',  ( 0.000000000000000000, 0.000000000000000000, -1.000000000000000000 ) ) ;
#10953 = ORIENTED_EDGE ( 'NONE', *, *, #5212, .F. ) ;
#10954 = CARTESIAN_POINT ( 'NONE',  ( -39.51564569539460337, -7.420678533525999043, -28.14443739580594794 ) ) ;
#10955 = CARTESIAN_POINT ( 'NONE',  ( -40.95000000000003126, -7.174063434578824783, 29.23676454431134530 ) ) ;
#10956 = ADVANCED_FACE ( 'NONE', ( #4357 ), #4000, .T. ) ;
#10957 = DIRECTION ( 'NONE',  ( 0.000000000000000000, 0.000000000000000000, -1.000000000000000000 ) ) ;
#10958 = CARTESIAN_POINT ( 'NONE',  ( -37.75000000000000000, -16.50534825036275066, -35.45000000000000284 ) ) ;
#10959 = ORIENTED_EDGE ( 'NONE', *, *, #6938, .F. ) ;
#10960 = LINE ( 'NONE', #113, #9115 ) ;
#10961 = DIRECTION ( 'NONE',  ( 0.000000000000000000, 0.000000000000000000, -1.000000000000000000 ) ) ;
#10962 = ORIENTED_EDGE ( 'NONE', *, *, #5603, .F. ) ;
#10963 = CARTESIAN_POINT ( 'NONE',  ( 40.95000000000000284, -6.273555727846470198, -33.68460920588294982 ) ) ;
#10964 = CARTESIAN_POINT ( 'NONE',  ( 11.27633036093587116, -19.50534825036275421, -41.94205770534086497 ) ) ;
#10965 = CARTESIAN_POINT ( 'NONE',  ( 11.09475340659128051, -19.50039081108105066, -41.85050154936444500 ) ) ;
#10966 = VERTEX_POINT ( 'NONE', #6333 ) ;
#10967 = EDGE_CURVE ( 'NONE', #11723, #9112, #5260, .T. ) ;
#10968 = CARTESIAN_POINT ( 'NONE',  ( 40.09921184908933611, -17.18050290285056647, 33.88413943101555503 ) ) ;
#10969 = CARTESIAN_POINT ( 'NONE',  ( 18.62963360958150005, -23.50534825036275066, -38.18619997939700283 ) ) ;
#10970 = VERTEX_POINT ( 'NONE', #6271 ) ;
#10971 = CARTESIAN_POINT ( 'NONE',  ( -25.55000000000000071, -19.50534825036275066, 29.25000000000000000 ) ) ;
#10972 = CARTESIAN_POINT ( 'NONE',  ( -37.75000000000000000, -7.005348250362779972, 30.94999999999999929 ) ) ;
#10973 = CARTESIAN_POINT ( 'NONE',  ( 27.12907416923517800, -20.46221017255040309, -40.63136601162260320 ) ) ;
#10974 = EDGE_CURVE ( 'NONE', #10248, #9874, #8980, .T. ) ;
#10975 = CARTESIAN_POINT ( 'NONE',  ( 39.75937565458229983, -16.85810157817057942, -33.89388192126516230 ) ) ;
#10976 = CARTESIAN_POINT ( 'NONE',  ( -40.29279160771371693, -17.32173101535481052, 27.96439427887056084 ) ) ;
#10977 = FACE_OUTER_BOUND ( 'NONE', #7400, .T. ) ;
#10978 = ORIENTED_EDGE ( 'NONE', *, *, #6292, .F. ) ;
#10979 = ORIENTED_EDGE ( 'NONE', *, *, #4651, .T. ) ;
#10980 = CARTESIAN_POINT ( 'NONE',  ( -40.95000000000000284, -7.845171262107431431, -27.02444271472194970 ) ) ;
#10981 = CARTESIAN_POINT ( 'NONE',  ( -39.54725500684060080, -7.308531440958579317, -28.27663614210604948 ) ) ;
#10982 = EDGE_CURVE ( 'NONE', #11146, #6572, #8606, .T. ) ;
#10983 = CARTESIAN_POINT ( 'NONE',  ( 39.51569538602420550, -7.420518306689609211, 33.75535728747125575 ) ) ;
#10984 = CARTESIAN_POINT ( 'NONE',  ( 26.42440720179715541, -19.50190292587809537, -42.03306992120562313 ) ) ;
#10985 = LINE ( 'NONE', #904, #1189 ) ;
#10986 = CARTESIAN_POINT ( 'NONE',  ( 18.45000000000000284, -16.51385150205409857, 0.000000000000000000 ) ) ;
#10987 = EDGE_CURVE ( 'NONE', #272, #3107, #10873, .T. ) ;
#10988 = CARTESIAN_POINT ( 'NONE',  ( 26.15187029042910183, -19.49942748935055192, -41.84130866941765703 ) ) ;
#10989 = VERTEX_POINT ( 'NONE', #795 ) ;
#10990 = DIRECTION ( 'NONE',  ( -1.000000000000000000, 0.000000000000000000, 0.000000000000000000 ) ) ;
#10991 = VERTEX_POINT ( 'NONE', #5439 ) ;
#10992 = EDGE_CURVE ( 'NONE', #1500, #9830, #2454, .T. ) ;
#10993 = FACE_OUTER_BOUND ( 'NONE', #6707, .T. ) ;
#10994 = ORIENTED_EDGE ( 'NONE', *, *, #576, .F. ) ;
#10995 = EDGE_LOOP ( 'NONE', ( #3763, #80, #8793, #909 ) ) ;
#10996 = DIRECTION ( 'NONE',  ( 0.000000000000000000, -1.000000000000000000, 0.000000000000000000 ) ) ;
#10997 = CARTESIAN_POINT ( 'NONE',  ( 39.65492247423798489, -16.74227197228013964, -27.97995524209095564 ) ) ;
#10998 = CARTESIAN_POINT ( 'NONE',  ( 18.62963360958150005, -19.50534825036275066, -38.18619997939700283 ) ) ;
#10999 = VECTOR ( 'NONE', #4078, 1000.000000000000000 ) ;
#11000 = ORIENTED_EDGE ( 'NONE', *, *, #4877, .T. ) ;
#11001 = CARTESIAN_POINT ( 'NONE',  ( 10.76725424447458757, -19.59929180081574174, -41.74143634251947077 ) ) ;
#11002 = VERTEX_POINT ( 'NONE', #8082 ) ;
#11003 = EDGE_CURVE ( 'NONE', #3789, #6528, #8018, .T. ) ;
#11004 = CARTESIAN_POINT ( 'NONE',  ( -37.75000000000000000, -8.505348250362779083, -30.94999999999999929 ) ) ;
#11005 = CARTESIAN_POINT ( 'NONE',  ( 10.62963360958148051, -20.00534825036275066, -40.21794919243114919 ) ) ;
#11006 = AXIS2_PLACEMENT_3D ( 'NONE', #10601, #6846, #10545 ) ;
#11007 = CARTESIAN_POINT ( 'NONE',  ( 42.95000000000000284, -18.50534825036275421, -41.45000000000000284 ) ) ;
#11008 = ORIENTED_EDGE ( 'NONE', *, *, #5247, .T. ) ;
#11009 = DIRECTION ( 'NONE',  ( 0.000000000000000000, 0.000000000000000000, 1.000000000000000000 ) ) ;
#11010 = DIRECTION ( 'NONE',  ( 1.520599644265049812E-16, 0.4182291950158013583, 0.9083415329249427961 ) ) ;
#11011 = ORIENTED_EDGE ( 'NONE', *, *, #10213, .T. ) ;
#11012 = CARTESIAN_POINT ( 'NONE',  ( 41.45000000000000284, -3.705348250362780149, 41.45000000000000284 ) ) ;
#11013 = FACE_OUTER_BOUND ( 'NONE', #7092, .T. ) ;
#11014 = CARTESIAN_POINT ( 'NONE',  ( 11.22638386372065789, -19.50458643437340100, -41.90279988415179702 ) ) ;
#11015 = AXIS2_PLACEMENT_3D ( 'NONE', #9060, #10777, #9779 ) ;
#11016 = AXIS2_PLACEMENT_3D ( 'NONE', #8642, #460, #6050 ) ;
#11017 = ADVANCED_FACE ( 'NONE', ( #8974 ), #6879, .T. ) ;
#11018 = ORIENTED_EDGE ( 'NONE', *, *, #6440, .F. ) ;
#11019 = CARTESIAN_POINT ( 'NONE',  ( 42.95000000000000284, -13.20151344825372064, -0.4413757591724690177 ) ) ;
#11020 = EDGE_LOOP ( 'NONE', ( #6267, #7228, #7435, #8553 ) ) ;
#11021 = DIRECTION ( 'NONE',  ( 0.000000000000000000, -1.000000000000000000, 0.000000000000000000 ) ) ;
#11022 = ORIENTED_EDGE ( 'NONE', *, *, #3013, .F. ) ;
#11023 = DIRECTION ( 'NONE',  ( 0.000000000000000000, 0.000000000000000000, 1.000000000000000000 ) ) ;
#11024 = VECTOR ( 'NONE', #4846, 1000.000000000000000 ) ;
#11025 = CARTESIAN_POINT ( 'NONE',  ( 37.75000000000000000, -8.005348250362779083, -34.45000000000000284 ) ) ;
#11026 = AXIS2_PLACEMENT_3D ( 'NONE', #3371, #1579, #9086 ) ;
#11027 = CARTESIAN_POINT ( 'NONE',  ( 27.11034285893843787, -20.24141116781267158, -41.21498473952794228 ) ) ;
#11028 = EDGE_CURVE ( 'NONE', #11601, #6729, #900, .T. ) ;
#11029 = DIRECTION ( 'NONE',  ( 0.000000000000000000, 0.000000000000000000, -1.000000000000000000 ) ) ;
#11030 = CARTESIAN_POINT ( 'NONE',  ( 33.75000000000000000, -19.50534825036275066, -26.55000000000000071 ) ) ;
#11031 = EDGE_LOOP ( 'NONE', ( #7486, #8555, #3007, #5549, #5963 ) ) ;
#11032 = DIRECTION ( 'NONE',  ( 0.000000000000000000, -1.000000000000000000, 0.000000000000000000 ) ) ;
#11033 = ORIENTED_EDGE ( 'NONE', *, *, #7013, .F. ) ;
#11034 = CARTESIAN_POINT ( 'NONE',  ( 40.94999999999997442, -7.781058823003593083, -28.67700385100576099 ) ) ;
#11035 = ORIENTED_EDGE ( 'NONE', *, *, #2980, .T. ) ;
#11036 = DIRECTION ( 'NONE',  ( -1.000000000000000000, 0.000000000000000000, 1.674039542559039894E-16 ) ) ;
#11037 = VECTOR ( 'NONE', #6849, 1000.000000000000000 ) ;
#11038 = CARTESIAN_POINT ( 'NONE',  ( -39.63296566873724913, -7.139451988590590048, -28.60764822026099807 ) ) ;
#11039 = ADVANCED_FACE ( 'NONE', ( #5206 ), #7445, .T. ) ;
#11040 = VECTOR ( 'NONE', #11692, 1000.000000000000000 ) ;
#11041 = CARTESIAN_POINT ( 'NONE',  ( 40.95000000000000284, -8.005348250362779083, 34.87555728527809151 ) ) ;
#11042 = CARTESIAN_POINT ( 'NONE',  ( 26.11550657523133623, -19.49893126264178989, -41.83689162348029811 ) ) ;
#11043 = VECTOR ( 'NONE', #4670, 1000.000000000000000 ) ;
#11044 = CARTESIAN_POINT ( 'NONE',  ( 25.12963360958150005, -14.50534825036275954, -27.53619997939699715 ) ) ;
#11045 = AXIS2_PLACEMENT_3D ( 'NONE', #1346, #1168, #4030 ) ;
#11046 = CARTESIAN_POINT ( 'NONE',  ( -30.94999999999999929, -17.50534825036275066, 29.25000000000000000 ) ) ;
#11047 = CARTESIAN_POINT ( 'NONE',  ( 26.29926544951315037, -19.50561509227879853, -41.95952527935135379 ) ) ;
#11048 = ORIENTED_EDGE ( 'NONE', *, *, #7869, .F. ) ;
#11049 = FACE_OUTER_BOUND ( 'NONE', #9274, .T. ) ;
#11050 = AXIS2_PLACEMENT_3D ( 'NONE', #9655, #7922, #5094 ) ;
#11051 = ORIENTED_EDGE ( 'NONE', *, *, #8208, .F. ) ;
#11052 = CARTESIAN_POINT ( 'NONE',  ( -37.75000000000000000, -2.505348250362775087, 30.94999999999999929 ) ) ;
#11053 = VERTEX_POINT ( 'NONE', #3416 ) ;
#11054 = ORIENTED_EDGE ( 'NONE', *, *, #1798, .T. ) ;
#11055 = AXIS2_PLACEMENT_3D ( 'NONE', #5726, #2865, #1076 ) ;
#11056 = ADVANCED_FACE ( 'NONE', ( #2519 ), #6163, .F. ) ;
#11057 =( BOUNDED_SURFACE ( )  B_SPLINE_SURFACE ( 3, 2, ( 
 ( #2124, #5764, #8515 ),
 ( #2188, #5820, #1281 ),
 ( #4916, #8574, #6785 ),
 ( #6000, #2582, #2633 ),
 ( #7794, #9042, #1683 ),
 ( #9817, #7236, #7307 ),
 ( #11662, #4539, #9868 ),
 ( #851, #5043, #11436 ),
 ( #8697, #8916, #3544 ),
 ( #10935, #10872, #517 ),
 ( #3656, #8133, #4483 ),
 ( #10760, #11719, #5387 ),
 ( #9095, #3262, #5264 ),
 ( #6220, #738, #8023 ),
 ( #10810, #7130, #6274 ),
 ( #4363, #3486, #23 ) ),
 .UNSPECIFIED., .F., .F., .F. ) 
 B_SPLINE_SURFACE_WITH_KNOTS ( ( 4, 2, 2, 2, 2, 2, 2, 4 ),
 ( 3, 3 ),
 ( 0.001199374304475624197, 0.001673077667029974902, 0.002146781029584329727, 0.002620484392138679782, 0.003094187754693035041, 0.003567891117247385096, 0.004041594479801739921, 0.004989001204910440031 ),
 ( 0.000000000000000000, 1.000000000000000000 ),
 .UNSPECIFIED. ) 
 GEOMETRIC_REPRESENTATION_ITEM ( )  RATIONAL_B_SPLINE_SURFACE ( (
 ( 1.000000000000000000, 0.5055250296034369262, 1.000000000000000000),
 ( 1.000000000000000000, 0.5055357619159039917, 1.000000000000000000),
 ( 1.000000000000000000, 0.5067881805099679893, 1.000000000000000000),
 ( 1.000000000000000000, 0.5118308550128510825, 1.000000000000000000),
 ( 1.000000000000000000, 0.5156398884651240966, 1.000000000000000000),
 ( 1.000000000000000000, 0.5255878917605609768, 1.000000000000000000),
 ( 1.000000000000000000, 0.5318613981606169494, 1.000000000000000000),
 ( 1.000000000000000000, 0.5465173396839010378, 1.000000000000000000),
 ( 1.000000000000000000, 0.5550054062776420549, 1.000000000000000000),
 ( 1.000000000000000000, 0.5740512815401890290, 1.000000000000000000),
 ( 1.000000000000000000, 0.5844747702795640709, 1.000000000000000000),
 ( 1.000000000000000000, 0.6070953401083269974, 1.000000000000000000),
 ( 1.000000000000000000, 0.6192658652618679982, 1.000000000000000000),
 ( 1.000000000000000000, 0.6566619271706990446, 1.000000000000000000),
 ( 1.000000000000000000, 0.6834271474990939454, 1.000000000000000000),
 ( 1.000000000000000000, 0.7071067811865480168, 1.000000000000000000) ) ) 
 REPRESENTATION_ITEM ( '' )  SURFACE ( )  );
#11058 = VECTOR ( 'NONE', #536, 1000.000000000000000 ) ;
#11059 = CARTESIAN_POINT ( 'NONE',  ( 18.62963360958150005, -19.50534825036275066, -34.03619997939700426 ) ) ;
#11060 = DIRECTION ( 'NONE',  ( -1.000000000000000000, 0.000000000000000000, 1.674039542559039894E-16 ) ) ;
#11061 = DIRECTION ( 'NONE',  ( 0.000000000000000000, 0.000000000000000000, -1.000000000000000000 ) ) ;
#11062 = AXIS2_PLACEMENT_3D ( 'NONE', #5189, #9851, #3465 ) ;
#11063 = ORIENTED_EDGE ( 'NONE', *, *, #6396, .F. ) ;
#11064 = DIRECTION ( 'NONE',  ( 0.000000000000000000, 0.000000000000000000, -1.000000000000000000 ) ) ;
#11065 = VERTEX_POINT ( 'NONE', #3827 ) ;
#11066 = CIRCLE ( 'NONE', #9169, 1.000000000000000888 ) ;
#11067 = EDGE_CURVE ( 'NONE', #9035, #8912, #4578, .T. ) ;
#11068 = ORIENTED_EDGE ( 'NONE', *, *, #7354, .T. ) ;
#11069 = FACE_OUTER_BOUND ( 'NONE', #11387, .T. ) ;
#11070 = DIRECTION ( 'NONE',  ( 0.000000000000000000, 1.000000000000000000, 0.000000000000000000 ) ) ;
#11071 = EDGE_CURVE ( 'NONE', #10088, #10117, #1200, .T. ) ;
#11072 = VECTOR ( 'NONE', #1320, 1000.000000000000000 ) ;
#11073 = CARTESIAN_POINT ( 'NONE',  ( -40.95000000000000284, -6.511642939418550213, 10.47839609287466089 ) ) ;
#11074 = CARTESIAN_POINT ( 'NONE',  ( -40.95000000000002416, -7.348531069086283729, -32.92509086992745893 ) ) ;
#11075 = TOROIDAL_SURFACE ( 'NONE', #5746, 4.500000000000000000, 1.000000000000000000 ) ;
#11077 = EDGE_CURVE ( 'NONE', #10167, #1666, #84, .T. ) ;
#11076 = ORIENTED_EDGE ( 'NONE', *, *, #9833, .T. ) ;
#11078 = DIRECTION ( 'NONE',  ( 1.000000000000000000, 0.000000000000000000, 0.000000000000000000 ) ) ;
#11079 = VECTOR ( 'NONE', #4159, 1000.000000000000000 ) ;
#11080 = CARTESIAN_POINT ( 'NONE',  ( 24.35000000000000142, -19.50534825036275066, 27.17781907207880110 ) ) ;
#11081 = ORIENTED_EDGE ( 'NONE', *, *, #9610, .T. ) ;
#11082 = DIRECTION ( 'NONE',  ( 0.000000000000000000, -1.000000000000000000, 0.000000000000000000 ) ) ;
#11083 = DIRECTION ( 'NONE',  ( 0.000000000000000000, 0.000000000000000000, -1.000000000000000000 ) ) ;
#11084 = CARTESIAN_POINT ( 'NONE',  ( 11.51091080618035889, -19.60535140444269686, -41.74992278606269736 ) ) ;
#11085 = EDGE_LOOP ( 'NONE', ( #10381, #8705, #9751, #3499 ) ) ;
#11086 = DIRECTION ( 'NONE',  ( -1.000000000000000000, 0.000000000000000000, 1.577021341797100025E-16 ) ) ;
#11087 = EDGE_CURVE ( 'NONE', #10047, #2835, #8363, .T. ) ;
#11088 = ORIENTED_EDGE ( 'NONE', *, *, #6042, .T. ) ;
#11089 = CARTESIAN_POINT ( 'NONE',  ( -42.95000000000000284, -6.661991010183810680, -17.84814112331865132 ) ) ;
#11090 = AXIS2_PLACEMENT_3D ( 'NONE', #9279, #9943, #4554 ) ;
#11091 = CYLINDRICAL_SURFACE ( 'NONE', #4007, 1.000000000000000888 ) ;
#11092 = VECTOR ( 'NONE', #10701, 1000.000000000000000 ) ;
#11093 = EDGE_CURVE ( 'NONE', #3128, #1176, #1538, .T. ) ;
#11094 = VECTOR ( 'NONE', #10674, 1000.000000000000000 ) ;
#11095 = CARTESIAN_POINT ( 'NONE',  ( 27.12877543683151416, -20.45013817497608599, -40.68463302356102673 ) ) ;
#11096 = VECTOR ( 'NONE', #10388, 1000.000000000000227 ) ;
#11097 = CARTESIAN_POINT ( 'NONE',  ( -39.95000000000000284, -17.04862882735370277, -28.02444271472189996 ) ) ;
#11098 = CARTESIAN_POINT ( 'NONE',  ( -40.42127178564269485, -17.39817973850770372, 27.90646488601520403 ) ) ;
#11099 = ORIENTED_EDGE ( 'NONE', *, *, #3420, .F. ) ;
#11100 = CARTESIAN_POINT ( 'NONE',  ( 39.60888837482429636, -7.174207604926570170, 28.51802659721380095 ) ) ;
#11101 = VERTEX_POINT ( 'NONE', #190 ) ;
#11102 = CARTESIAN_POINT ( 'NONE',  ( 40.94999999999627960, -8.002012673546989419, -28.73120675136754443 ) ) ;
#11103 = VERTEX_POINT ( 'NONE', #10261 ) ;
#11104 = CARTESIAN_POINT ( 'NONE',  ( -39.46111111111115122, -7.005348250362779972, -34.00321122188300649 ) ) ;
#11105 = AXIS2_PLACEMENT_3D ( 'NONE', #6898, #3252, #10526 ) ;
#11106 = AXIS2_PLACEMENT_3D ( 'NONE', #4878, #5956, #5834 ) ;
#11107 = ADVANCED_FACE ( 'NONE', ( #1978 ), #2678, .F. ) ;
#11108 = DIRECTION ( 'NONE',  ( 0.000000000000000000, -1.000000000000000000, 0.000000000000000000 ) ) ;
#11109 = CARTESIAN_POINT ( 'NONE',  ( -40.43534112467062158, -17.40585288253540241, 34.00077249289555681 ) ) ;
#11110 = CARTESIAN_POINT ( 'NONE',  ( 25.99386313468485810, -19.50534825036275777, -41.93414615864119810 ) ) ;
#11111 = CARTESIAN_POINT ( 'NONE',  ( 0.000000000000000000, -14.50534825036275954, 0.000000000000000000 ) ) ;
#11112 = CIRCLE ( 'NONE', #9400, 1.500000000000001332 ) ;
#11113 = CARTESIAN_POINT ( 'NONE',  ( 37.75000000000000000, -8.505348250362779083, -28.85000000000000142 ) ) ;
#11114 = CIRCLE ( 'NONE', #10163, 2.100000000000000977 ) ;
#11115 = CARTESIAN_POINT ( 'NONE',  ( 25.87068380539379930, -19.55880669666905192, -41.70857291882730067 ) ) ;
#11116 = ORIENTED_EDGE ( 'NONE', *, *, #825, .F. ) ;
#11117 = LINE ( 'NONE', #6399, #8949 ) ;
#11118 = EDGE_LOOP ( 'NONE', ( #10481, #9540 ) ) ;
#11119 = DIRECTION ( 'NONE',  ( 0.000000000000000000, 0.000000000000000000, -1.000000000000000000 ) ) ;
#11120 = ORIENTED_EDGE ( 'NONE', *, *, #2611, .F. ) ;
#11121 = VERTEX_POINT ( 'NONE', #5491 ) ;
#11122 = CARTESIAN_POINT ( 'NONE',  ( 26.60859947097712563, -19.86184215873438319, -41.10037985447286957 ) ) ;
#11123 = CARTESIAN_POINT ( 'NONE',  ( -40.95000000000000284, -6.812339080949070258, 16.82532166048805067 ) ) ;
#11124 = LINE ( 'NONE', #3906, #2145 ) ;
#11125 = VERTEX_POINT ( 'NONE', #7472 ) ;
#11126 = CARTESIAN_POINT ( 'NONE',  ( 11.16606175975412540, -19.50009872611010664, -41.70351119418598529 ) ) ;
#11127 = EDGE_CURVE ( 'NONE', #10020, #354, #11254, .T. ) ;
#11128 = ORIENTED_EDGE ( 'NONE', *, *, #149, .T. ) ;
#11129 = CARTESIAN_POINT ( 'NONE',  ( -40.95000000000000284, -19.50534825036275066, -27.02444271472190351 ) ) ;
#11130 = CARTESIAN_POINT ( 'NONE',  ( 37.75000000000000000, -7.005348250362779972, 30.94999999999999929 ) ) ;
#11131 = DIRECTION ( 'NONE',  ( 0.000000000000000000, 0.000000000000000000, -1.000000000000000000 ) ) ;
#11132 = CARTESIAN_POINT ( 'NONE',  ( -40.95000000000000284, -6.612366280724240042, -34.22212808121994243 ) ) ;
#11133 = EDGE_CURVE ( 'NONE', #5139, #4181, #3259, .T. ) ;
#11134 = ORIENTED_EDGE ( 'NONE', *, *, #4379, .T. ) ;
#11135 = CARTESIAN_POINT ( 'NONE',  ( 27.43535551852555088, -19.74633850339374774, -41.65092130572944740 ) ) ;
#11136 = CARTESIAN_POINT ( 'NONE',  ( -37.75000000000000000, -8.505348250362779083, 30.94999999999999929 ) ) ;
#11137 = EDGE_LOOP ( 'NONE', ( #6094, #11459, #4752, #7739 ) ) ;
#11138 = PLANE ( 'NONE',  #11508 ) ;
#11139 = FACE_OUTER_BOUND ( 'NONE', #9560, .T. ) ;
#11140 = ORIENTED_EDGE ( 'NONE', *, *, #6084, .T. ) ;
#11141 = CARTESIAN_POINT ( 'NONE',  ( 11.11472573424050125, -19.49897488104944898, -41.83727044099815373 ) ) ;
#11142 = AXIS2_PLACEMENT_3D ( 'NONE', #4562, #10957, #2005 ) ;
#11143 = EDGE_LOOP ( 'NONE', ( #9158, #32, #10720, #10376 ) ) ;
#11144 = ADVANCED_FACE ( 'NONE', ( #7300 ), #2931, .T. ) ;
#11145 = FACE_OUTER_BOUND ( 'NONE', #4417, .T. ) ;
#11146 = VERTEX_POINT ( 'NONE', #5663 ) ;
#11147 = LINE ( 'NONE', #6613, #11494 ) ;
#11148 = ORIENTED_EDGE ( 'NONE', *, *, #7286, .F. ) ;
#11149 = FACE_OUTER_BOUND ( 'NONE', #8388, .T. ) ;
#11150 = CARTESIAN_POINT ( 'NONE',  ( -13.25000000000000000, -17.50534825036275066, 19.94999999999999929 ) ) ;
#11151 = ORIENTED_EDGE ( 'NONE', *, *, #8062, .T. ) ;
#11152 = CARTESIAN_POINT ( 'NONE',  ( 40.95000000000000284, -17.50534825036275066, -41.45000000000000284 ) ) ;
#11153 = DIRECTION ( 'NONE',  ( 1.000000000000000000, 0.000000000000000000, 0.000000000000000000 ) ) ;
#11154 = ORIENTED_EDGE ( 'NONE', *, *, #11534, .T. ) ;
#11155 = CARTESIAN_POINT ( 'NONE',  ( 39.63296566873729887, -7.139451988590559850, 28.60764822026114729 ) ) ;
#11156 = ORIENTED_EDGE ( 'NONE', *, *, #3153, .F. ) ;
#11157 = CARTESIAN_POINT ( 'NONE',  ( 40.95000000000000284, -13.35186151901900153, 13.23208702463421993 ) ) ;
#11158 = VERTEX_POINT ( 'NONE', #8488 ) ;
#11159 = ADVANCED_FACE ( 'NONE', ( #10931, #3712 ), #11160, .T. ) ;
#11160 = PLANE ( 'NONE',  #8593 ) ;
#11161 = EDGE_CURVE ( 'NONE', #3652, #8496, #3063, .T. ) ;
#11162 = CARTESIAN_POINT ( 'NONE',  ( 41.45000000000000284, -3.705348250362780149, 41.45000000000000284 ) ) ;
#11163 = CARTESIAN_POINT ( 'NONE',  ( -40.37216878872842329, -17.37068427135968562, 33.96902999237655507 ) ) ;
#11164 = CARTESIAN_POINT ( 'NONE',  ( 26.15012105720857960, -19.49939125749884639, -41.84096760209013866 ) ) ;
#11165 = CARTESIAN_POINT ( 'NONE',  ( -37.75000000000000000, -7.005348250362779972, 30.94999999999999929 ) ) ;
#11166 = CARTESIAN_POINT ( 'NONE',  ( 27.61461689590741742, -19.90049014429240515, -41.04494463355108991 ) ) ;
#11167 = CYLINDRICAL_SURFACE ( 'NONE', #9401, 0.5000000000000004441 ) ;
#11168 = EDGE_LOOP ( 'NONE', ( #3381, #6214, #4625 ) ) ;
#11169 = LINE ( 'NONE', #2814, #2831 ) ;
#11170 = EDGE_LOOP ( 'NONE', ( #5738, #10645, #747, #5832 ) ) ;
#11171 = FACE_OUTER_BOUND ( 'NONE', #4023, .T. ) ;
#11172 = EDGE_LOOP ( 'NONE', ( #10778, #147, #3306, #6829 ) ) ;
#11173 = VERTEX_POINT ( 'NONE', #134 ) ;
#11174 = EDGE_CURVE ( 'NONE', #681, #11449, #10732, .T. ) ;
#11175 = VERTEX_POINT ( 'NONE', #432 ) ;
#11176 = CARTESIAN_POINT ( 'NONE',  ( 11.15571969466011915, -19.50327777959340025, -41.63372701858705227 ) ) ;
#11177 = DIRECTION ( 'NONE',  ( 0.000000000000000000, -1.000000000000000000, 0.000000000000000000 ) ) ;
#11178 = CARTESIAN_POINT ( 'NONE',  ( 37.75000000000000000, -16.50534825036275066, 30.94999999999999929 ) ) ;
#11179 = EDGE_CURVE ( 'NONE', #11101, #11298, #7640, .T. ) ;
#11180 = VERTEX_POINT ( 'NONE', #4057 ) ;
#11181 = CARTESIAN_POINT ( 'NONE',  ( 10.88775599398748994, -19.55160763075003061, -41.70701546860308895 ) ) ;
#11182 = EDGE_LOOP ( 'NONE', ( #3425, #5241, #8558, #9886, #8128 ) ) ;
#11183 = DIRECTION ( 'NONE',  ( 0.000000000000000000, 0.000000000000000000, -1.000000000000000000 ) ) ;
#11184 = CARTESIAN_POINT ( 'NONE',  ( 40.95000000000000284, -6.836017084063950477, -34.44474723087375168 ) ) ;
#11185 = CARTESIAN_POINT ( 'NONE',  ( 41.45000000000000284, -19.50534825036275066, -41.95000000000000284 ) ) ;
#11186 = ADVANCED_FACE ( 'NONE', ( #3994 ), #10326, .F. ) ;
#11187 = DIRECTION ( 'NONE',  ( 1.000000000000000000, 0.000000000000000000, 0.000000000000000000 ) ) ;
#11188 = ORIENTED_EDGE ( 'NONE', *, *, #9331, .F. ) ;
#11189 = CARTESIAN_POINT ( 'NONE',  ( 27.67462717114320370, -19.50534825036277908, -40.80431539899462479 ) ) ;
#11190 = DIRECTION ( 'NONE',  ( 0.000000000000000000, -1.000000000000000000, 0.000000000000000000 ) ) ;
#11191 = ORIENTED_EDGE ( 'NONE', *, *, #505, .T. ) ;
#11192 = DIRECTION ( 'NONE',  ( 0.000000000000000000, -1.000000000000000000, 0.000000000000000000 ) ) ;
#11193 = LINE ( 'NONE', #2065, #4338 ) ;
#11194 = ORIENTED_EDGE ( 'NONE', *, *, #8994, .F. ) ;
#11195 = CARTESIAN_POINT ( 'NONE',  ( 11.18773761747116069, -19.50214149037940103, -41.86970500255500127 ) ) ;
#11196 = ADVANCED_FACE ( 'NONE', ( #7709 ), #3166, .F. ) ;
#11197 = ORIENTED_EDGE ( 'NONE', *, *, #10092, .F. ) ;
#11198 = PLANE ( 'NONE',  #10121 ) ;
#11199 = AXIS2_PLACEMENT_3D ( 'NONE', #9675, #1485, #5116 ) ;
#11200 = CARTESIAN_POINT ( 'NONE',  ( -40.95000000000000284, -13.35186151901900153, -14.76791297536576053 ) ) ;
#11201 = CYLINDRICAL_SURFACE ( 'NONE', #6865, 1.000000000000000888 ) ;
#11202 = EDGE_CURVE ( 'NONE', #9328, #2282, #8789, .T. ) ;
#11203 = DIRECTION ( 'NONE',  ( 0.000000000000000000, 0.000000000000000000, 1.000000000000000000 ) ) ;
#11204 = DIRECTION ( 'NONE',  ( 1.000000000000000000, 0.000000000000000000, 0.000000000000000000 ) ) ;
#11205 = VECTOR ( 'NONE', #1277, 1000.000000000000000 ) ;
#11206 = ORIENTED_EDGE ( 'NONE', *, *, #9848, .T. ) ;
#11207 = DIRECTION ( 'NONE',  ( 0.000000000000000000, 1.000000000000000000, 0.000000000000000000 ) ) ;
#11208 = CARTESIAN_POINT ( 'NONE',  ( 40.95000000000000284, -6.005348250362779972, -32.13743420870390111 ) ) ;
#11209 = ORIENTED_EDGE ( 'NONE', *, *, #7354, .F. ) ;
#11210 = LINE ( 'NONE', #1253, #2917 ) ;
#11211 = ORIENTED_EDGE ( 'NONE', *, *, #10623, .T. ) ;
#11212 = EDGE_CURVE ( 'NONE', #5702, #11278, #4947, .T. ) ;
#11213 = VERTEX_POINT ( 'NONE', #9493 ) ;
#11214 = DIRECTION ( 'NONE',  ( 0.000000000000000000, -0.9083415329249425740, 0.4182291950158018023 ) ) ;
#11215 = VECTOR ( 'NONE', #10629, 1000.000000000000000 ) ;
#11216 = CARTESIAN_POINT ( 'NONE',  ( 2.950745019243989908, -13.50534825036277908, 40.95000000000000284 ) ) ;
#11217 = AXIS2_PLACEMENT_3D ( 'NONE', #7853, #11504, #9703 ) ;
#11218 = CARTESIAN_POINT ( 'NONE',  ( 40.95000000000000284, -6.511642939418550213, -10.52160390712536042 ) ) ;
#11219 = CARTESIAN_POINT ( 'NONE',  ( 9.638513123396243998, -19.92193553429488517, -40.94849597289425702 ) ) ;
#11220 = EDGE_CURVE ( 'NONE', #9572, #10991, #11453, .T. ) ;
#11221 = DIRECTION ( 'NONE',  ( 1.334402673828311860E-16, 0.000000000000000000, 1.000000000000000000 ) ) ;
#11222 = DIRECTION ( 'NONE',  ( 0.000000000000000000, 0.000000000000000000, -1.000000000000000000 ) ) ;
#11223 = CARTESIAN_POINT ( 'NONE',  ( 26.10365264617295011, -19.49971228440975324, -41.84393457540824812 ) ) ;
#11224 = VERTEX_POINT ( 'NONE', #490 ) ;
#11225 = CARTESIAN_POINT ( 'NONE',  ( -13.25000000000000000, -17.50534825036275066, 19.94999999999999929 ) ) ;
#11226 = EDGE_LOOP ( 'NONE', ( #11008, #1965, #4876, #4533 ) ) ;
#11227 = DIRECTION ( 'NONE',  ( 0.000000000000000000, 0.000000000000000000, -1.000000000000000000 ) ) ;
#11228 = VERTEX_POINT ( 'NONE', #11402 ) ;
#11229 = ORIENTED_EDGE ( 'NONE', *, *, #229, .F. ) ;
#11230 = VERTEX_POINT ( 'NONE', #4111 ) ;
#11231 = EDGE_CURVE ( 'NONE', #8720, #4477, #11346, .T. ) ;
#11232 = AXIS2_PLACEMENT_3D ( 'NONE', #3854, #7381, #6655 ) ;
#11233 = ADVANCED_FACE ( 'NONE', ( #6870 ), #3293, .F. ) ;
#11234 = CARTESIAN_POINT ( 'NONE',  ( 11.10124816229856037, -19.50334967493260052, -41.63368661912100066 ) ) ;
#11235 = DIRECTION ( 'NONE',  ( 0.000000000000000000, -1.000000000000000000, 0.000000000000000000 ) ) ;
#11236 = ADVANCED_FACE ( 'NONE', ( #7581 ), #2329, .F. ) ;
#11237 = DIRECTION ( 'NONE',  ( 0.000000000000000000, -1.000000000000000000, 0.000000000000000000 ) ) ;
#11238 = CIRCLE ( 'NONE', #1336, 0.5000000000000004441 ) ;
#11239 = CARTESIAN_POINT ( 'NONE',  ( 37.75000000000000000, -8.005348250362779083, 28.44999999999999929 ) ) ;
#11240 = ORIENTED_EDGE ( 'NONE', *, *, #3337, .F. ) ;
#11241 = CARTESIAN_POINT ( 'NONE',  ( 11.05250029142429113, -19.50538789410561691, -41.70256949471979624 ) ) ;
#11242 = EDGE_LOOP ( 'NONE', ( #83, #8735, #9614, #9202 ) ) ;
#11243 = B_SPLINE_CURVE_WITH_KNOTS ( 'NONE', 3,
 ( #4867, #10415, #2241, #8397, #3965, #290 ),
 .UNSPECIFIED., .F., .F.,
 ( 4, 2, 4 ),
 ( 0.000000000000000000, 0.5000000000000000000, 1.000000000000000000 ),
 .UNSPECIFIED. ) ;
#11244 = DIRECTION ( 'NONE',  ( 0.000000000000000000, 0.000000000000000000, 1.000000000000000000 ) ) ;
#11245 = CARTESIAN_POINT ( 'NONE',  ( 40.95000000000000284, -6.812339080949070258, -18.17467833951199907 ) ) ;
#11246 = AXIS2_PLACEMENT_3D ( 'NONE', #3189, #3258, #11371 ) ;
#11247 = CIRCLE ( 'NONE', #6103, 0.5000000000000004441 ) ;
#11248 = B_SPLINE_CURVE_WITH_KNOTS ( 'NONE', 3,
 ( #10919, #2022, #1898, #2919, #1843, #6562, #124, #2854, #8238, #3702, #9132, #3878, #10197, #4521 ),
 .UNSPECIFIED., .F., .F.,
 ( 4, 2, 2, 2, 2, 2, 4 ),
 ( 0.000000000000000000, 0.0004788934484331910089, 0.0009577868968663808252, 0.001915573793732749941, 0.002394467242165934824, 0.002873360690599114937, 0.003831147587465484703 ),
 .UNSPECIFIED. ) ;
#11249 = CIRCLE ( 'NONE', #4573, 1.000000000000000888 ) ;
#11250 = EDGE_CURVE ( 'NONE', #467, #8150, #3450, .T. ) ;
#11251 = CARTESIAN_POINT ( 'NONE',  ( 10.24354685419761957, -19.88027154190129764, -41.67862370938485839 ) ) ;
#11252 = CARTESIAN_POINT ( 'NONE',  ( -39.60885351933599452, -7.174264602943200231, -33.38210503028225418 ) ) ;
#11253 = VERTEX_POINT ( 'NONE', #7822 ) ;
#11254 = CIRCLE ( 'NONE', #206, 1.000000000000000888 ) ;
#11255 = DIRECTION ( 'NONE',  ( 1.000000000000000000, 0.000000000000000000, 0.000000000000000000 ) ) ;
#11256 = PLANE ( 'NONE',  #3662 ) ;
#11257 = ORIENTED_EDGE ( 'NONE', *, *, #7213, .T. ) ;
#11258 = FACE_OUTER_BOUND ( 'NONE', #9650, .T. ) ;
#11259 = FACE_BOUND ( 'NONE', #680, .T. ) ;
#11260 = VERTEX_POINT ( 'NONE', #2157 ) ;
#11261 = CARTESIAN_POINT ( 'NONE',  ( 11.37375371822721881, -19.55262924800325308, -41.70617184395184296 ) ) ;
#11262 = EDGE_LOOP ( 'NONE', ( #219, #11798, #7777, #10153 ) ) ;
#11263 = DIRECTION ( 'NONE',  ( 0.000000000000000000, 0.000000000000000000, -1.000000000000000000 ) ) ;
#11264 = AXIS2_PLACEMENT_3D ( 'NONE', #10136, #8168, #9078 ) ;
#11265 = AXIS2_PLACEMENT_3D ( 'NONE', #4222, #11694, #7156 ) ;
#11266 = VECTOR ( 'NONE', #10200, 1000.000000000000000 ) ;
#11267 = ORIENTED_EDGE ( 'NONE', *, *, #2175, .F. ) ;
#11268 = CARTESIAN_POINT ( 'NONE',  ( 33.75000000000000000, -17.50534825036275066, 19.94999999999999929 ) ) ;
#11269 = CARTESIAN_POINT ( 'NONE',  ( -19.25000000000000000, -17.50534825036275066, 19.94999999999999929 ) ) ;
#11270 = DIRECTION ( 'NONE',  ( 0.000000000000000000, 0.000000000000000000, -1.000000000000000000 ) ) ;
#11271 = FACE_BOUND ( 'NONE', #1781, .T. ) ;
#11272 = ADVANCED_FACE ( 'NONE', ( #1313 ), #2266, .F. ) ;
#11273 = AXIS2_PLACEMENT_3D ( 'NONE', #11632, #8831, #3448 ) ;
#11274 = AXIS2_PLACEMENT_3D ( 'NONE', #10718, #2544, #2479 ) ;
#11275 = ORIENTED_EDGE ( 'NONE', *, *, #5972, .F. ) ;
#11276 = CARTESIAN_POINT ( 'NONE',  ( 3.950745019243990352, -14.50534825036277908, 40.95000000000000284 ) ) ;
#11277 = DIRECTION ( 'NONE',  ( 0.000000000000000000, 0.000000000000000000, -1.000000000000000000 ) ) ;
#11278 = VERTEX_POINT ( 'NONE', #1438 ) ;
#11279 = VECTOR ( 'NONE', #151, 1000.000000000000000 ) ;
#11280 = CARTESIAN_POINT ( 'NONE',  ( 39.47392893459864638, -7.694258541291590703, 27.95736525026195096 ) ) ;
#11281 = VERTEX_POINT ( 'NONE', #5904 ) ;
#11282 = DIRECTION ( 'NONE',  ( -1.000000000000000000, 0.000000000000000000, 0.000000000000000000 ) ) ;
#11283 = CIRCLE ( 'NONE', #9578, 0.5000000000000004441 ) ;
#11284 = CARTESIAN_POINT ( 'NONE',  ( -37.75000000000000000, -19.50534825036275066, -33.55000000000000426 ) ) ;
#11285 = AXIS2_PLACEMENT_3D ( 'NONE', #9871, #6451, #8135 ) ;
#11286 = DIRECTION ( 'NONE',  ( 0.000000000000000000, 0.000000000000000000, -1.000000000000000000 ) ) ;
#11287 = CARTESIAN_POINT ( 'NONE',  ( 9.631283282186375416, -19.96420453760893921, -40.72200382493255688 ) ) ;
#11288 = ADVANCED_FACE ( 'NONE', ( #5067 ), #5796, .F. ) ;
#11289 = PLANE ( 'NONE',  #8807 ) ;
#11290 = CARTESIAN_POINT ( 'NONE',  ( 27.43535551852555088, -19.74633850339374774, -41.65092130572944740 ) ) ;
#11291 = LINE ( 'NONE', #1262, #10735 ) ;
#11292 = TOROIDAL_SURFACE ( 'NONE', #3294, 4.500000000000000000, 1.000000000000000000 ) ;
#11293 = VERTEX_POINT ( 'NONE', #4888 ) ;
#11294 = VECTOR ( 'NONE', #8661, 1000.000000000000000 ) ;
#11295 = CARTESIAN_POINT ( 'NONE',  ( -39.63777136925190092, -16.72359168830855580, -27.97606610985701536 ) ) ;
#11296 = EDGE_CURVE ( 'NONE', #1215, #1085, #3108, .T. ) ;
#11297 = CIRCLE ( 'NONE', #6150, 1.000000000000000888 ) ;
#11298 = VERTEX_POINT ( 'NONE', #5844 ) ;
#11299 = CARTESIAN_POINT ( 'NONE',  ( -39.91042562696512874, -17.01187306842884794, 33.87555728527810572 ) ) ;
#11300 = EDGE_LOOP ( 'NONE', ( #5424, #8280, #1605, #7329 ) ) ;
#11301 = VECTOR ( 'NONE', #8351, 1000.000000000000000 ) ;
#11302 = ORIENTED_EDGE ( 'NONE', *, *, #1652, .F. ) ;
#11303 = ORIENTED_EDGE ( 'NONE', *, *, #1895, .F. ) ;
#11304 = ADVANCED_FACE ( 'NONE', ( #5248 ), #11750, .F. ) ;
#11305 = CIRCLE ( 'NONE', #9207, 1.500000000000001332 ) ;
#11306 = VECTOR ( 'NONE', #11479, 1000.000000000000000 ) ;
#11307 = CARTESIAN_POINT ( 'NONE',  ( 26.49117295839531039, -19.65991752994339237, -41.48103712496941853 ) ) ;
#11308 = VECTOR ( 'NONE', #7401, 1000.000000000000227 ) ;
#11309 = DIRECTION ( 'NONE',  ( 0.000000000000000000, -1.000000000000000000, 0.000000000000000000 ) ) ;
#11310 = LINE ( 'NONE', #3068, #2049 ) ;
#11311 = CARTESIAN_POINT ( 'NONE',  ( -42.95000000000000284, -6.812339080949070258, 16.82532166048805067 ) ) ;
#11312 = ORIENTED_EDGE ( 'NONE', *, *, #1863, .T. ) ;
#11313 = CARTESIAN_POINT ( 'NONE',  ( 42.95000000000000284, -13.35186151901900153, 6.591574292756630093 ) ) ;
#11314 = ORIENTED_EDGE ( 'NONE', *, *, #1700, .F. ) ;
#11315 = EDGE_CURVE ( 'NONE', #4766, #10452, #6690, .T. ) ;
#11316 = CARTESIAN_POINT ( 'NONE',  ( -28.25000000000000000, -19.50534825036275066, 29.25000000000000000 ) ) ;
#11317 = CARTESIAN_POINT ( 'NONE',  ( 9.129633609581468079, -19.50534825036275066, -40.21794919243114919 ) ) ;
#11318 = ADVANCED_FACE ( 'NONE', ( #3400 ), #4340, .F. ) ;
#11319 = EDGE_CURVE ( 'NONE', #8017, #8583, #9734, .T. ) ;
#11320 = FILL_AREA_STYLE_COLOUR ( '', #1929 ) ;
#11321 = CIRCLE ( 'NONE', #6170, 0.3594872681224082767 ) ;
#11322 = DIRECTION ( 'NONE',  ( -1.000000000000000000, 0.000000000000000000, 0.000000000000000000 ) ) ;
#11323 = CARTESIAN_POINT ( 'NONE',  ( -39.81137610787304482, -7.014110170997530425, -32.66388069926735227 ) ) ;
#11324 = PLANE ( 'NONE',  #10814 ) ;
#11325 = DIRECTION ( 'NONE',  ( 0.000000000000000000, -1.000000000000000000, 0.000000000000000000 ) ) ;
#11326 = DIRECTION ( 'NONE',  ( 0.000000000000000000, 0.000000000000000000, -1.000000000000000000 ) ) ;
#11327 = EDGE_LOOP ( 'NONE', ( #3944, #4026, #1293, #1851 ) ) ;
#11328 = CARTESIAN_POINT ( 'NONE',  ( -37.75000000000000000, -7.005348250362779972, 30.94999999999999929 ) ) ;
#11329 = CARTESIAN_POINT ( 'NONE',  ( -42.95000000000000284, -18.50534825036275421, 41.45000000000000284 ) ) ;
#11330 = EDGE_LOOP ( 'NONE', ( #6284, #10030, #4986, #6389, #7816 ) ) ;
#11331 = EDGE_CURVE ( 'NONE', #11627, #4910, #4394, .T. ) ;
#11332 = DIRECTION ( 'NONE',  ( 0.000000000000000000, -0.9083415329249424630, 0.4182291950158018023 ) ) ;
#11333 = ORIENTED_EDGE ( 'NONE', *, *, #7357, .T. ) ;
#11334 = DIRECTION ( 'NONE',  ( 0.000000000000000000, -1.000000000000000000, 0.000000000000000000 ) ) ;
#11335 = CARTESIAN_POINT ( 'NONE',  ( -39.95000000000000284, -8.005348250362779083, 33.87555728527809862 ) ) ;
#11336 = EDGE_LOOP ( 'NONE', ( #5000, #8797, #9519, #10242, #9705 ) ) ;
#11337 = ORIENTED_EDGE ( 'NONE', *, *, #8977, .T. ) ;
#11338 = CARTESIAN_POINT ( 'NONE',  ( 40.95000000000000284, -6.022847113998490265, -29.13077031055625099 ) ) ;
#11339 = FACE_BOUND ( 'NONE', #6315, .T. ) ;
#11340 = VERTEX_POINT ( 'NONE', #8781 ) ;
#11341 = DIRECTION ( 'NONE',  ( -1.000000000000000000, 0.000000000000000000, 0.000000000000000000 ) ) ;
#11342 = CARTESIAN_POINT ( 'NONE',  ( 26.40578769756110233, -19.58530862643814885, -41.56600053000074979 ) ) ;
#11343 = ADVANCED_FACE ( 'NONE', ( #4290 ), #4774, .T. ) ;
#11344 = CARTESIAN_POINT ( 'NONE',  ( 39.46365580493074532, -7.847056268996659867, 27.90905428329154958 ) ) ;
#11345 = ORIENTED_EDGE ( 'NONE', *, *, #2406, .T. ) ;
#11346 = LINE ( 'NONE', #10438, #7456 ) ;
#11347 = DIRECTION ( 'NONE',  ( 0.000000000000000000, -1.000000000000000000, 0.000000000000000000 ) ) ;
#11348 = DIRECTION ( 'NONE',  ( -1.000000000000000000, 0.000000000000000000, 0.000000000000000000 ) ) ;
#11349 = CYLINDRICAL_SURFACE ( 'NONE', #6476, 1.000000000000000888 ) ;
#11350 = CARTESIAN_POINT ( 'NONE',  ( -39.56585625884552826, -7.259024777604250467, 28.35181987984560692 ) ) ;
#11351 = LINE ( 'NONE', #10571, #6910 ) ;
#11352 = CARTESIAN_POINT ( 'NONE',  ( 26.00129645454879679, -19.50542777868154687, -41.92904941851040235 ) ) ;
#11353 = ORIENTED_EDGE ( 'NONE', *, *, #11127, .F. ) ;
#11354 = CARTESIAN_POINT ( 'NONE',  ( -30.94999999999999929, -19.50534825036275066, 26.55000000000000071 ) ) ;
#11355 = ORIENTED_EDGE ( 'NONE', *, *, #9120, .T. ) ;
#11356 = CARTESIAN_POINT ( 'NONE',  ( -39.70281020923583526, -16.79644075248958757, 33.90658567579671967 ) ) ;
#11357 = ORIENTED_EDGE ( 'NONE', *, *, #1292, .F. ) ;
#11358 = ORIENTED_EDGE ( 'NONE', *, *, #9136, .T. ) ;
#11360 = ORIENTED_EDGE ( 'NONE', *, *, #6694, .T. ) ;
#11359 = EDGE_CURVE ( 'NONE', #3157, #10657, #8218, .T. ) ;
#11361 = EDGE_CURVE ( 'NONE', #5149, #6024, #4200, .T. ) ;
#11362 = DIRECTION ( 'NONE',  ( 0.000000000000000000, 0.000000000000000000, 1.000000000000000000 ) ) ;
#11363 = CARTESIAN_POINT ( 'NONE',  ( 18.62963360958150005, -21.50534825036274711, -34.03619997939700426 ) ) ;
#11364 = DIRECTION ( 'NONE',  ( 0.000000000000000000, 0.000000000000000000, -1.000000000000000000 ) ) ;
#11365 = CARTESIAN_POINT ( 'NONE',  ( -40.95000000000000284, -13.50220958978423980, 19.90554980844094857 ) ) ;
#11366 = ADVANCED_FACE ( 'NONE', ( #3577 ), #10618, .F. ) ;
#11367 = EDGE_LOOP ( 'NONE', ( #7751, #4763, #9553, #1503, #9611 ) ) ;
#11368 = DIRECTION ( 'NONE',  ( 0.000000000000000000, -1.000000000000000000, 0.000000000000000000 ) ) ;
#11369 = ORIENTED_EDGE ( 'NONE', *, *, #1077, .T. ) ;
#11370 = DIRECTION ( 'NONE',  ( 0.000000000000000000, 0.000000000000000000, -1.000000000000000000 ) ) ;
#11371 = DIRECTION ( 'NONE',  ( 0.000000000000000000, 0.000000000000000000, -1.000000000000000000 ) ) ;
#11372 = SURFACE_SIDE_STYLE ('',( #6114 ) ) ;
#11373 = CARTESIAN_POINT ( 'NONE',  ( 41.45000000000000284, -1.705348250362779927, 42.05481555856610498 ) ) ;
#11374 = LINE ( 'NONE', #4266, #8590 ) ;
#11375 = ORIENTED_EDGE ( 'NONE', *, *, #10052, .T. ) ;
#11376 = CARTESIAN_POINT ( 'NONE',  ( 41.45000000000000284, -18.50534825036275421, 41.45000000000000284 ) ) ;
#11377 = CARTESIAN_POINT ( 'NONE',  ( 18.62963360958150005, -23.50534825036275066, -34.03619997939700426 ) ) ;
#11378 =( BOUNDED_SURFACE ( )  B_SPLINE_SURFACE ( 3, 2, ( 
 ( #4606, #5279, #11568 ),
 ( #7031, #29, #6184 ),
 ( #7978, #93, #757 ),
 ( #4717, #2546, #9831 ),
 ( #3720, #10658, #4665 ),
 ( #4322, #10939, #5498 ),
 ( #11047, #10721, #4386 ),
 ( #6123, #11625, #1646 ),
 ( #10040, #8315, #8935 ),
 ( #141, #10164, #2763 ),
 ( #9217, #8195, #6452 ),
 ( #3661, #1860, #9153 ),
 ( #968, #7419, #10098 ),
 ( #7365, #6522, #3382 ),
 ( #10988, #2812, #2875 ),
 ( #1033, #1919, #5561 ),
 ( #9778, #1988, #1084 ),
 ( #5619, #9268, #1594 ),
 ( #5229, #8882, #10445 ),
 ( #2218, #5912, #197 ),
 ( #5802, #321, #3943 ),
 ( #10217, #443, #375 ),
 ( #7590, #10270, #2938 ),
 ( #7480, #4004, #4896 ),
 ( #11223, #5737, #7654 ),
 ( #3836, #9445, #9571 ),
 ( #9387, #8620, #4066 ),
 ( #6581, #2168, #2275 ),
 ( #5852, #1390, #11115 ),
 ( #8371, #2038, #7716 ),
 ( #11352, #5670, #9502 ),
 ( #3897, #3172, #2993 ) ),
 .UNSPECIFIED., .F., .F., .F. ) 
 B_SPLINE_SURFACE_WITH_KNOTS ( ( 4, 2, 2, 2, 2, 2, 2, 2, 2, 2, 2, 2, 2, 2, 2, 4 ),
 ( 3, 3 ),
 ( -1.386152477522715940E-16, 0.0002964656078537630259, 0.0005929312157076650465, 0.0007411640196346159755, 0.0008152804215980910063, 0.0008893968235615670129, 0.0009079259240524350117, 0.0009264550245433039862, 0.0009357195747887389614, 0.0009449841250341729608, 0.0009542486752796080444, 0.0009635132255250420438, 0.0009820423260159111267, 0.001000571426506779993, 0.001037629627488518159, 0.001185862431415469955 ),
 ( 0.000000000000000000, 1.000000000000000000 ),
 .UNSPECIFIED. ) 
 GEOMETRIC_REPRESENTATION_ITEM ( )  RATIONAL_B_SPLINE_SURFACE ( (
 ( 1.000000000000000000, 0.9309493362511819248, 1.000000000000000000),
 ( 1.000000000000000000, 0.9365631572111420278, 1.000000000000000000),
 ( 1.000000000000000000, 0.9397298241230480631, 1.000000000000000000),
 ( 1.000000000000000000, 0.9434897367030239401, 1.000000000000000000),
 ( 1.000000000000000000, 0.9438676905252980642, 1.000000000000000000),
 ( 1.000000000000000000, 0.9467501041674750706, 1.000000000000000000),
 ( 1.000000000000000000, 0.9480547585242921071, 1.000000000000000000),
 ( 1.000000000000000000, 0.9524849950643249352, 1.000000000000000000),
 ( 1.000000000000000000, 0.9543745502860490060, 1.000000000000000000),
 ( 1.000000000000000000, 0.9601082215532100728, 1.000000000000000000),
 ( 1.000000000000000000, 0.9637204531922939355, 1.000000000000000000),
 ( 1.000000000000000000, 0.9721790067196079965, 1.000000000000000000),
 ( 1.000000000000000000, 0.9740915521799289323, 1.000000000000000000),
 ( 1.000000000000000000, 0.9785963965522180841, 1.000000000000000000),
 ( 1.000000000000000000, 0.9812182723528339867, 1.000000000000000000),
 ( 1.000000000000000000, 0.9857641521168739596, 1.000000000000000000),
 ( 1.000000000000000000, 0.9874006998683390046, 1.000000000000000000),
 ( 1.000000000000000000, 0.9902669491695440529, 1.000000000000000000),
 ( 1.000000000000000000, 0.9914652021044809693, 1.000000000000000000),
 ( 1.000000000000000000, 0.9916181820618239495, 1.000000000000000000),
 ( 1.000000000000000000, 0.9905440893982719874, 1.000000000000000000),
 ( 1.000000000000000000, 0.9877798743743360088, 1.000000000000000000),
 ( 1.000000000000000000, 0.9861341024111839326, 1.000000000000000000),
 ( 1.000000000000000000, 0.9815943096534639478, 1.000000000000000000),
 ( 1.000000000000000000, 0.9789180396811330009, 1.000000000000000000),
 ( 1.000000000000000000, 0.9743279115333050022, 1.000000000000000000),
 ( 1.000000000000000000, 0.9723744312530420153, 1.000000000000000000),
 ( 1.000000000000000000, 0.9672098559437609655, 1.000000000000000000),
 ( 1.000000000000000000, 0.9646549613524220135, 1.000000000000000000),
 ( 1.000000000000000000, 0.9539716696256499429, 1.000000000000000000),
 ( 1.000000000000000000, 0.9515962359350560451, 1.000000000000000000),
 ( 1.000000000000000000, 0.9490545219751389538, 1.000000000000000000) ) ) 
 REPRESENTATION_ITEM ( '' )  SURFACE ( )  );
#11379 = CARTESIAN_POINT ( 'NONE',  ( 40.71927233612261432, -17.50534825036277908, 27.66767929938336223 ) ) ;
#11380 = EDGE_CURVE ( 'NONE', #5805, #4406, #5730, .T. ) ;
#11381 = ORIENTED_EDGE ( 'NONE', *, *, #10220, .T. ) ;
#11382 = CARTESIAN_POINT ( 'NONE',  ( 42.95000000000000284, -6.511642939418550213, 3.478396092874644907 ) ) ;
#11383 = DIRECTION ( 'NONE',  ( 1.674039542559039894E-16, 0.000000000000000000, 1.000000000000000000 ) ) ;
#11384 = VERTEX_POINT ( 'NONE', #1611 ) ;
#11385 = CARTESIAN_POINT ( 'NONE',  ( 28.13032932867849922, -19.50534825036275066, -40.52137684238334714 ) ) ;
#11386 = DIRECTION ( 'NONE',  ( 0.000000000000000000, 0.000000000000000000, 1.000000000000000000 ) ) ;
#11387 = EDGE_LOOP ( 'NONE', ( #11611, #10573, #6460, #11643 ) ) ;
#11388 = CARTESIAN_POINT ( 'NONE',  ( 39.50243578279824419, -7.484319576945080321, -33.81340334905680578 ) ) ;
#11389 = CARTESIAN_POINT ( 'NONE',  ( -40.95000000000000284, -17.50534825036275066, 41.45000000000000284 ) ) ;
#11390 = CARTESIAN_POINT ( 'NONE',  ( 42.95000000000000284, -6.511642939418550213, 17.47839609287465024 ) ) ;
#11391 = EDGE_CURVE ( 'NONE', #1583, #11293, #5536, .T. ) ;
#11392 = DIRECTION ( 'NONE',  ( -1.000000000000000000, 0.000000000000000000, 1.674039542559039894E-16 ) ) ;
#11393 = LINE ( 'NONE', #5895, #10683 ) ;
#11394 = ORIENTED_EDGE ( 'NONE', *, *, #10982, .T. ) ;
#11395 = CARTESIAN_POINT ( 'NONE',  ( 10.73264541829694352, -19.69791036506320125, -41.43161027470894453 ) ) ;
#11396 = CARTESIAN_POINT ( 'NONE',  ( 26.09733482838842988, -19.50213853379494466, -41.98800176988796551 ) ) ;
#11397 = ORIENTED_EDGE ( 'NONE', *, *, #9629, .F. ) ;
#11398 = EDGE_CURVE ( 'NONE', #4036, #794, #404, .T. ) ;
#11399 = CARTESIAN_POINT ( 'NONE',  ( -22.84999999999999787, -17.50534825036275066, 22.84999999999999787 ) ) ;
#11400 = AXIS2_PLACEMENT_3D ( 'NONE', #2228, #4131, #2180 ) ;
#11401 = EDGE_LOOP ( 'NONE', ( #7065, #7571, #4869, #3761 ) ) ;
#11402 = CARTESIAN_POINT ( 'NONE',  ( 41.45000000000000284, -18.50534825036275421, -42.95000000000000284 ) ) ;
#11403 = CIRCLE ( 'NONE', #5093, 3.500000000000003109 ) ;
#11404 = FACE_OUTER_BOUND ( 'NONE', #10995, .T. ) ;
#11405 = EDGE_CURVE ( 'NONE', #3151, #3000, #7080, .T. ) ;
#11406 = DIRECTION ( 'NONE',  ( 2.511059313838565264E-16, 0.000000000000000000, 1.000000000000000000 ) ) ;
#11407 = AXIS2_PLACEMENT_3D ( 'NONE', #3631, #7274, #2787 ) ;
#11408 = CARTESIAN_POINT ( 'NONE',  ( 23.94999999999999929, -16.51385150205409857, 20.75000000000000000 ) ) ;
#11409 = CARTESIAN_POINT ( 'NONE',  ( -39.88358918499842787, -7.005348250362783524, 29.48063793972025337 ) ) ;
#11410 = FACE_OUTER_BOUND ( 'NONE', #185, .T. ) ;
#11411 = CARTESIAN_POINT ( 'NONE',  ( -40.02963287196229203, -17.12027862218867114, -33.87859028489540947 ) ) ;
#11412 = EDGE_LOOP ( 'NONE', ( #9191, #3036 ) ) ;
#11413 = CARTESIAN_POINT ( 'NONE',  ( 18.62963360958150005, -20.00534825036275066, -25.94999999999999929 ) ) ;
#11414 = ORIENTED_EDGE ( 'NONE', *, *, #2557, .T. ) ;
#11415 = CARTESIAN_POINT ( 'NONE',  ( -39.69707467210309915, -16.79005100961096630, 33.90806694881615613 ) ) ;
#11416 = ORIENTED_EDGE ( 'NONE', *, *, #11161, .T. ) ;
#11417 = VECTOR ( 'NONE', #7436, 1000.000000000000000 ) ;
#11418 = EDGE_LOOP ( 'NONE', ( #2890, #640, #10823, #2533 ) ) ;
#11419 = ORIENTED_EDGE ( 'NONE', *, *, #7644, .F. ) ;
#11420 = AXIS2_PLACEMENT_3D ( 'NONE', #5854, #4961, #4006 ) ;
#11421 = CARTESIAN_POINT ( 'NONE',  ( 26.62579103834155703, -19.94299992311858816, -40.81847022332171804 ) ) ;
#11422 = CIRCLE ( 'NONE', #5095, 0.5000000000000004441 ) ;
#11423 = DIRECTION ( 'NONE',  ( 0.000000000000000000, -1.000000000000000000, 0.000000000000000000 ) ) ;
#11424 = CARTESIAN_POINT ( 'NONE',  ( -22.84999999999999787, -17.50534825036275066, 21.85000000000000142 ) ) ;
#11425 = CYLINDRICAL_SURFACE ( 'NONE', #11105, 3.500000000000003109 ) ;
#11426 = ORIENTED_EDGE ( 'NONE', *, *, #11448, .T. ) ;
#11427 = CARTESIAN_POINT ( 'NONE',  ( 39.88358918499827155, -7.005348250362781748, -29.48063793971954638 ) ) ;
#11428 = AXIS2_PLACEMENT_3D ( 'NONE', #5237, #6192, #2493 ) ;
#11429 = ORIENTED_EDGE ( 'NONE', *, *, #4342, .T. ) ;
#11430 = CARTESIAN_POINT ( 'NONE',  ( -42.95000000000000284, -13.35186151901900153, 6.232087024634239469 ) ) ;
#11431 = DIRECTION ( 'NONE',  ( 0.000000000000000000, 0.000000000000000000, 1.000000000000000000 ) ) ;
#11432 = ADVANCED_FACE ( 'NONE', ( #719 ), #1726, .F. ) ;
#11433 = AXIS2_PLACEMENT_3D ( 'NONE', #822, #8105, #7153 ) ;
#11434 = AXIS2_PLACEMENT_3D ( 'NONE', #464, #11131, #8461 ) ;
#11435 = APPLICATION_PROTOCOL_DEFINITION ( 'draft international standard', 'automotive_design', 1998, #1908 ) ;
#11436 = CARTESIAN_POINT ( 'NONE',  ( -39.54725500684016026, -7.308531440958289771, 33.62336385789394910 ) ) ;
#11437 = DIRECTION ( 'NONE',  ( 0.000000000000000000, -1.000000000000000000, 0.000000000000000000 ) ) ;
#11438 = LINE ( 'NONE', #1416, #8847 ) ;
#11439 = CARTESIAN_POINT ( 'NONE',  ( 27.06140427788464109, -20.02127078259585247, -41.52255942318365101 ) ) ;
#11440 = ADVANCED_FACE ( 'NONE', ( #5297 ), #4407, .T. ) ;
#11441 = CARTESIAN_POINT ( 'NONE',  ( -39.46111111111115122, -16.50534825036275066, -27.89678877811705249 ) ) ;
#11442 = VERTEX_POINT ( 'NONE', #11701 ) ;
#11443 = CARTESIAN_POINT ( 'NONE',  ( 37.75000000000000000, -19.00534825036275421, 30.94999999999999929 ) ) ;
#11444 = DIRECTION ( 'NONE',  ( 0.000000000000000000, 1.000000000000000000, 0.000000000000000000 ) ) ;
#11445 = VERTEX_POINT ( 'NONE', #3528 ) ;
#11446 = LINE ( 'NONE', #5886, #1943 ) ;
#11447 = DIRECTION ( 'NONE',  ( 0.000000000000000000, 0.000000000000000000, -1.000000000000000000 ) ) ;
#11448 = EDGE_CURVE ( 'NONE', #4547, #3012, #5921, .T. ) ;
#11449 = VERTEX_POINT ( 'NONE', #5535 ) ;
#11450 = VECTOR ( 'NONE', #8876, 1000.000000000000000 ) ;
#11451 = DIRECTION ( 'NONE',  ( 0.000000000000000000, 1.000000000000000000, 0.000000000000000000 ) ) ;
#11452 = EDGE_CURVE ( 'NONE', #1414, #2116, #2792, .T. ) ;
#11453 = CIRCLE ( 'NONE', #6296, 1.000000000000000888 ) ;
#11454 = DIRECTION ( 'NONE',  ( 0.000000000000000000, 0.000000000000000000, 1.000000000000000000 ) ) ;
#11455 = CYLINDRICAL_SURFACE ( 'NONE', #11428, 3.499999999999999556 ) ;
#11456 = CARTESIAN_POINT ( 'NONE',  ( 40.95000000000000284, -6.342611832186990206, -28.07418392959355202 ) ) ;
#11457 = DIRECTION ( 'NONE',  ( 0.000000000000000000, 0.000000000000000000, -1.000000000000000000 ) ) ;
#11458 = AXIS2_PLACEMENT_3D ( 'NONE', #828, #7100, #7814 ) ;
#11459 = ORIENTED_EDGE ( 'NONE', *, *, #2659, .F. ) ;
#11460 = DIRECTION ( 'NONE',  ( 0.000000000000000000, -1.000000000000000000, 0.000000000000000000 ) ) ;
#11461 = CARTESIAN_POINT ( 'NONE',  ( 26.95805483538229907, -19.75031767349904754, -41.78862725750924767 ) ) ;
#11462 = CYLINDRICAL_SURFACE ( 'NONE', #82, 1.000000000000000888 ) ;
#11463 = AXIS2_PLACEMENT_3D ( 'NONE', #7162, #2677, #6256 ) ;
#11464 = AXIS2_PLACEMENT_3D ( 'NONE', #41, #4619, #6356 ) ;
#11465 = VECTOR ( 'NONE', #7350, 1000.000000000000000 ) ;
#11466 = ORIENTED_EDGE ( 'NONE', *, *, #10018, .F. ) ;
#11467 = EDGE_CURVE ( 'NONE', #10224, #16, #3872, .T. ) ;
#11468 = DIRECTION ( 'NONE',  ( 0.000000000000000000, 0.000000000000000000, -1.000000000000000000 ) ) ;
#11469 = CYLINDRICAL_SURFACE ( 'NONE', #5572, 1.000000000000000888 ) ;
#11470 = ADVANCED_FACE ( 'NONE', ( #7515 ), #6557, .T. ) ;
#11471 = CARTESIAN_POINT ( 'NONE',  ( 27.62963360958149650, -20.00534825036275066, -40.21794919243114919 ) ) ;
#11472 = DIRECTION ( 'NONE',  ( 0.000000000000000000, 0.000000000000000000, -1.000000000000000000 ) ) ;
#11473 = AXIS2_PLACEMENT_3D ( 'NONE', #4327, #8048, #5235 ) ;
#11474 = AXIS2_PLACEMENT_3D ( 'NONE', #2010, #6483, #2905 ) ;
#11475 = CARTESIAN_POINT ( 'NONE',  ( -40.95000000000000284, -3.705348250362780149, -40.95000000000000284 ) ) ;
#11476 = CIRCLE ( 'NONE', #7467, 5.499999999999998224 ) ;
#11477 = DIRECTION ( 'NONE',  ( 0.000000000000000000, -3.194257733223110508E-15, -1.000000000000000000 ) ) ;
#11478 = CARTESIAN_POINT ( 'NONE',  ( -37.75000000000000000, -7.005348250362779972, -30.05000000000000071 ) ) ;
#11479 = DIRECTION ( 'NONE',  ( 1.492235248152091785E-16, 0.000000000000000000, -1.000000000000000000 ) ) ;
#11480 = ORIENTED_EDGE ( 'NONE', *, *, #10888, .F. ) ;
#11481 = ORIENTED_EDGE ( 'NONE', *, *, #6042, .F. ) ;
#11482 = DIRECTION ( 'NONE',  ( -1.000000000000000000, 0.000000000000000000, 0.000000000000000000 ) ) ;
#11483 = ORIENTED_EDGE ( 'NONE', *, *, #7279, .F. ) ;
#11484 = EDGE_CURVE ( 'NONE', #6038, #5529, #5476, .T. ) ;
#11485 = FACE_OUTER_BOUND ( 'NONE', #11020, .T. ) ;
#11486 = ORIENTED_EDGE ( 'NONE', *, *, #9311, .T. ) ;
#11487 = CIRCLE ( 'NONE', #8632, 1.999999999999998224 ) ;
#11488 = VECTOR ( 'NONE', #11732, 1000.000000000000000 ) ;
#11489 = ORIENTED_EDGE ( 'NONE', *, *, #3082, .T. ) ;
#11490 = VECTOR ( 'NONE', #5072, 1000.000000000000000 ) ;
#11491 = ORIENTED_EDGE ( 'NONE', *, *, #9805, .T. ) ;
#11492 = VECTOR ( 'NONE', #456, 1000.000000000000227 ) ;
#11493 = DIRECTION ( 'NONE',  ( 0.7148306199367081559, 0.000000000000000000, -0.6992976367762882006 ) ) ;
#11494 = VECTOR ( 'NONE', #3156, 1000.000000000000000 ) ;
#11495 = CIRCLE ( 'NONE', #8800, 4.650000000000001243 ) ;
#11496 = DIRECTION ( 'NONE',  ( 0.000000000000000000, 1.000000000000000000, 0.000000000000000000 ) ) ;
#11497 = AXIS2_PLACEMENT_3D ( 'NONE', #7273, #6371, #1057 ) ;
#11498 = LINE ( 'NONE', #2409, #2621 ) ;
#11499 = CARTESIAN_POINT ( 'NONE',  ( 27.75000000000000000, -19.67995875686899865, -5.665026536007099479E-17 ) ) ;
#11500 = ORIENTED_EDGE ( 'NONE', *, *, #4683, .T. ) ;
#11501 = CARTESIAN_POINT ( 'NONE',  ( 39.71674008408537304, -7.061271269277104246, -28.90642211375204695 ) ) ;
#11502 = VERTEX_POINT ( 'NONE', #8408 ) ;
#11503 = EDGE_CURVE ( 'NONE', #9820, #4181, #9603, .T. ) ;
#11504 = DIRECTION ( 'NONE',  ( 0.000000000000000000, 1.000000000000000000, 0.000000000000000000 ) ) ;
#11505 = DIRECTION ( 'NONE',  ( 1.000000000000000000, -3.635804631495415109E-16, 0.000000000000000000 ) ) ;
#11506 = CIRCLE ( 'NONE', #3109, 0.5000000000000004441 ) ;
#11507 = CIRCLE ( 'NONE', #4804, 2.100000000000000977 ) ;
#11508 = AXIS2_PLACEMENT_3D ( 'NONE', #5594, #5642, #4748 ) ;
#11509 = DIRECTION ( 'NONE',  ( -1.520599644265049566E-16, -0.4182291950158013583, -0.9083415329249427961 ) ) ;
#11510 = CARTESIAN_POINT ( 'NONE',  ( -40.95000000000000284, -6.160410503181789288, 33.38792751836795247 ) ) ;
#11511 = EDGE_CURVE ( 'NONE', #3753, #7620, #6303, .T. ) ;
#11512 = CARTESIAN_POINT ( 'NONE',  ( 39.66672680839881338, -16.75582633072870209, 33.91646366630406106 ) ) ;
#11513 = CARTESIAN_POINT ( 'NONE',  ( 40.10195310396833435, -17.18105550754023270, 28.01288962426330187 ) ) ;
#11514 = ORIENTED_EDGE ( 'NONE', *, *, #7998, .T. ) ;
#11515 = DIRECTION ( 'NONE',  ( 0.000000000000000000, 0.000000000000000000, -1.000000000000000000 ) ) ;
#11516 = CARTESIAN_POINT ( 'NONE',  ( -10.84999999999999964, -14.50534825036277908, 42.95000000000000284 ) ) ;
#11517 = CIRCLE ( 'NONE', #1207, 0.9000000000000014655 ) ;
#11518 = VERTEX_POINT ( 'NONE', #3750 ) ;
#11519 = DIRECTION ( 'NONE',  ( 0.000000000000000000, 0.000000000000000000, 1.000000000000000000 ) ) ;
#11520 = DIRECTION ( 'NONE',  ( 0.000000000000000000, 0.000000000000000000, -1.000000000000000000 ) ) ;
#11521 = VERTEX_POINT ( 'NONE', #7455 ) ;
#11522 = AXIS2_PLACEMENT_3D ( 'NONE', #7347, #1966, #10251 ) ;
#11523 = DIRECTION ( 'NONE',  ( -1.000000000000000000, 0.000000000000000000, 1.674039542559039894E-16 ) ) ;
#11524 = CIRCLE ( 'NONE', #86, 1.000000000000000888 ) ;
#11525 = DIRECTION ( 'NONE',  ( -1.050198315463631445E-16, 0.9083415329249426851, -0.4182291950158013027 ) ) ;
#11526 = PLANE ( 'NONE',  #10471 ) ;
#11527 = DIRECTION ( 'NONE',  ( -1.000000000000000000, 0.000000000000000000, 0.000000000000000000 ) ) ;
#11528 = DIRECTION ( 'NONE',  ( 0.000000000000000000, -1.000000000000000000, 0.000000000000000000 ) ) ;
#11529 = ADVANCED_FACE ( 'NONE', ( #9190, #11145 ), #9128, .T. ) ;
#11530 = CARTESIAN_POINT ( 'NONE',  ( -22.84999999999999787, -19.50534825036275066, 22.84999999999999787 ) ) ;
#11531 = ORIENTED_EDGE ( 'NONE', *, *, #1811, .T. ) ;
#11532 = CARTESIAN_POINT ( 'NONE',  ( 11.12963360958147874, -19.50534825036275066, -41.63216275480425566 ) ) ;
#11533 = CARTESIAN_POINT ( 'NONE',  ( 26.69804246333174547, -20.22813314146246810, -41.24214236903121389 ) ) ;
#11534 = EDGE_CURVE ( 'NONE', #7722, #4008, #10914, .T. ) ;
#11535 = DIRECTION ( 'NONE',  ( 1.000000000000000000, 0.000000000000000000, 0.000000000000000000 ) ) ;
#11536 = VERTEX_POINT ( 'NONE', #2848 ) ;
#11537 = DIRECTION ( 'NONE',  ( 0.000000000000000000, -1.000000000000000000, 0.000000000000000000 ) ) ;
#11538 = CARTESIAN_POINT ( 'NONE',  ( -22.84999999999999787, -19.50534825036275066, 28.25000000000000000 ) ) ;
#11539 = CARTESIAN_POINT ( 'NONE',  ( 40.95000000000000995, -7.005348250362778195, 29.76256579129609747 ) ) ;
#11540 = DIRECTION ( 'NONE',  ( 2.511059313838565264E-16, 0.000000000000000000, 1.000000000000000000 ) ) ;
#11541 = CARTESIAN_POINT ( 'NONE',  ( 18.45000000000000284, -16.51385150205409857, 20.75000000000000000 ) ) ;
#11542 = CARTESIAN_POINT ( 'NONE',  ( -40.95000000000000284, -13.35186151901900153, -0.7679129753657610857 ) ) ;
#11543 = CARTESIAN_POINT ( 'NONE',  ( 42.95000000000000284, -6.661991010183810680, -3.848141123318665091 ) ) ;
#11544 = CARTESIAN_POINT ( 'NONE',  ( -39.73146401355216284, -16.82793330118651909, -33.89970994468355769 ) ) ;
#11545 = ORIENTED_EDGE ( 'NONE', *, *, #726, .T. ) ;
#11546 = CARTESIAN_POINT ( 'NONE',  ( 40.94999999999998863, -7.348531069087218981, -28.97490913007275637 ) ) ;
#11547 = EDGE_CURVE ( 'NONE', #9780, #104, #5425, .T. ) ;
#11548 = ORIENTED_EDGE ( 'NONE', *, *, #8322, .F. ) ;
#11549 = DIRECTION ( 'NONE',  ( 0.000000000000000000, -1.000000000000000000, 0.000000000000000000 ) ) ;
#11550 = ORIENTED_EDGE ( 'NONE', *, *, #10581, .F. ) ;
#11551 = ORIENTED_EDGE ( 'NONE', *, *, #9032, .T. ) ;
#11552 = CARTESIAN_POINT ( 'NONE',  ( 26.62963360958150716, -20.00533974349020383, -40.37019573618461976 ) ) ;
#11553 = CARTESIAN_POINT ( 'NONE',  ( -39.71547528403767302, -16.81038561622743899, 27.99663492050025226 ) ) ;
#11554 = CARTESIAN_POINT ( 'NONE',  ( 42.95000000000000284, -6.812339080949070258, 2.825321660488030240 ) ) ;
#11555 = ORIENTED_EDGE ( 'NONE', *, *, #1816, .F. ) ;
#11556 = CARTESIAN_POINT ( 'NONE',  ( 37.75000000000000000, -7.005348250362779972, 30.94999999999999929 ) ) ;
#11557 = EDGE_CURVE ( 'NONE', #4919, #6219, #7263, .T. ) ;
#11558 = ORIENTED_EDGE ( 'NONE', *, *, #4932, .F. ) ;
#11559 = CARTESIAN_POINT ( 'NONE',  ( 42.95000000000000284, -6.812339080949070258, 16.82532166048805067 ) ) ;
#11560 = FACE_BOUND ( 'NONE', #3950, .T. ) ;
#11561 = ORIENTED_EDGE ( 'NONE', *, *, #4740, .F. ) ;
#11562 = FILL_AREA_STYLE ('',( #11320 ) ) ;
#11563 = FACE_OUTER_BOUND ( 'NONE', #2411, .T. ) ;
#11564 = DIRECTION ( 'NONE',  ( 0.000000000000000000, 1.000000000000000000, 0.000000000000000000 ) ) ;
#11565 = PLANE ( 'NONE',  #8801 ) ;
#11566 = FACE_OUTER_BOUND ( 'NONE', #8139, .T. ) ;
#11567 = VERTEX_POINT ( 'NONE', #9246 ) ;
#11568 = CARTESIAN_POINT ( 'NONE',  ( 26.91673478471615155, -19.68291636587339966, -41.83452994616255438 ) ) ;
#11569 = CARTESIAN_POINT ( 'NONE',  ( -40.95000000000000284, -6.596454582002400535, 27.67034757990264993 ) ) ;
#11570 = VERTEX_POINT ( 'NONE', #4517 ) ;
#11571 = DIRECTION ( 'NONE',  ( 1.000000000000000000, 0.000000000000000000, 0.000000000000000000 ) ) ;
#11572 = CARTESIAN_POINT ( 'NONE',  ( -40.95000000000000284, -13.50220958978423980, -15.09445019155904966 ) ) ;
#11573 = DIRECTION ( 'NONE',  ( 0.000000000000000000, 0.000000000000000000, -1.000000000000000000 ) ) ;
#11574 = LINE ( 'NONE', #5177, #4444 ) ;
#11575 = DIRECTION ( 'NONE',  ( 0.000000000000000000, -1.000000000000000000, 0.000000000000000000 ) ) ;
#11576 = PLANE ( 'NONE',  #2866 ) ;
#11577 = FACE_OUTER_BOUND ( 'NONE', #4747, .T. ) ;
#11578 = VERTEX_POINT ( 'NONE', #1963 ) ;
#11579 = CARTESIAN_POINT ( 'NONE',  ( 10.63097295193257352, -19.96866683699710165, -40.68170501120332005 ) ) ;
#11580 = CARTESIAN_POINT ( 'NONE',  ( 26.39560012747415030, -19.21229327562154765, -42.08899640279629750 ) ) ;
#11581 = ORIENTED_EDGE ( 'NONE', *, *, #3818, .F. ) ;
#11582 = EDGE_CURVE ( 'NONE', #4133, #9688, #7842, .T. ) ;
#11583 = FACE_OUTER_BOUND ( 'NONE', #573, .T. ) ;
#11584 = EDGE_LOOP ( 'NONE', ( #11481, #9061, #9296, #8029 ) ) ;
#11585 = CARTESIAN_POINT ( 'NONE',  ( 16.44999999999999929, -19.50534825036275066, 20.75000000000000000 ) ) ;
#11586 = EDGE_CURVE ( 'NONE', #11772, #11065, #1061, .T. ) ;
#11587 = ADVANCED_FACE ( 'NONE', ( #8234 ), #174, .F. ) ;
#11588 = CARTESIAN_POINT ( 'NONE',  ( -22.84999999999999787, -17.50534825036275066, 28.25000000000000000 ) ) ;
#11589 = DIRECTION ( 'NONE',  ( 0.000000000000000000, 1.000000000000000000, 0.000000000000000000 ) ) ;
#11590 = CARTESIAN_POINT ( 'NONE',  ( 26.09228602165235955, -19.50121437284671799, -41.70332194748076660 ) ) ;
#11591 = DIRECTION ( 'NONE',  ( -1.000000000000000000, 0.000000000000000000, 0.000000000000000000 ) ) ;
#11592 = CARTESIAN_POINT ( 'NONE',  ( -39.47402740632252716, -7.693141371029246223, 27.95782500368756729 ) ) ;
#11593 = CARTESIAN_POINT ( 'NONE',  ( 40.95000000000000284, -6.005348250362779972, 29.76256579129615076 ) ) ;
#11594 = EDGE_CURVE ( 'NONE', #3618, #7866, #6449, .T. ) ;
#11595 = DIRECTION ( 'NONE',  ( -1.000000000000000000, 0.000000000000000000, 0.000000000000000000 ) ) ;
#11596 = VERTEX_POINT ( 'NONE', #6854 ) ;
#11597 = ORIENTED_EDGE ( 'NONE', *, *, #10194, .F. ) ;
#11598 = CARTESIAN_POINT ( 'NONE',  ( 40.95000000000000284, -6.022872084631200273, -29.13032723018649861 ) ) ;
#11599 = EDGE_LOOP ( 'NONE', ( #145, #8296, #11375, #4206 ) ) ;
#11600 = EDGE_LOOP ( 'NONE', ( #2813, #5814, #1624, #5929 ) ) ;
#11601 = VERTEX_POINT ( 'NONE', #4100 ) ;
#11602 = CIRCLE ( 'NONE', #11199, 0.5000000000000004441 ) ;
#11603 = EDGE_CURVE ( 'NONE', #3687, #8680, #8528, .T. ) ;
#11604 = DIRECTION ( 'NONE',  ( 0.000000000000000000, -1.000000000000000000, 0.000000000000000000 ) ) ;
#11605 = CARTESIAN_POINT ( 'NONE',  ( 27.75000000000000000, -17.50534825036275066, 19.94999999999999929 ) ) ;
#11606 = LINE ( 'NONE', #568, #10142 ) ;
#11607 = CIRCLE ( 'NONE', #2068, 0.5000000000000004441 ) ;
#11608 = ORIENTED_EDGE ( 'NONE', *, *, #3757, .F. ) ;
#11609 = FACE_OUTER_BOUND ( 'NONE', #4781, .T. ) ;
#11610 = AXIS2_PLACEMENT_3D ( 'NONE', #7078, #4491, #2534 ) ;
#11611 = ORIENTED_EDGE ( 'NONE', *, *, #2469, .F. ) ;
#11612 = CARTESIAN_POINT ( 'NONE',  ( 41.45000000000000284, -3.705348250362780149, -41.45000000000000284 ) ) ;
#11613 = CARTESIAN_POINT ( 'NONE',  ( 41.45000000000000284, -19.50534825036275066, 27.17781907207880110 ) ) ;
#11614 = EDGE_CURVE ( 'NONE', #8414, #10088, #2301, .T. ) ;
#11615 = CIRCLE ( 'NONE', #2076, 1.000000000000000888 ) ;
#11616 = AXIS2_PLACEMENT_3D ( 'NONE', #10465, #6970, #2294 ) ;
#11617 = CARTESIAN_POINT ( 'NONE',  ( -30.94999999999999929, -17.50534825036275066, 21.85000000000000142 ) ) ;
#11618 = EDGE_CURVE ( 'NONE', #4185, #11700, #10497, .T. ) ;
#11619 = ORIENTED_EDGE ( 'NONE', *, *, #7342, .T. ) ;
#11620 = CARTESIAN_POINT ( 'NONE',  ( -22.84999999999999787, -19.50534825036275066, 20.15000000000000213 ) ) ;
#11621 = AXIS2_PLACEMENT_3D ( 'NONE', #8429, #11108, #9093 ) ;
#11622 = FACE_OUTER_BOUND ( 'NONE', #8958, .T. ) ;
#11623 = CARTESIAN_POINT ( 'NONE',  ( 39.46111111111110148, -16.50534825036275066, 27.89678877811699920 ) ) ;
#11624 = ORIENTED_EDGE ( 'NONE', *, *, #2235, .T. ) ;
#11625 = CARTESIAN_POINT ( 'NONE',  ( 26.37264079629179392, -19.50211140696723433, -41.81926143775071125 ) ) ;
#11626 = PLANE ( 'NONE',  #10834 ) ;
#11627 = VERTEX_POINT ( 'NONE', #7627 ) ;
#11628 = CARTESIAN_POINT ( 'NONE',  ( -39.48171950751549986, -7.620278669526820536, -27.99366461821750107 ) ) ;
#11629 = CARTESIAN_POINT ( 'NONE',  ( -41.45000000000000284, -19.50534825036275066, -41.95000000000000284 ) ) ;
#11630 = CIRCLE ( 'NONE', #2276, 1.000000000000000888 ) ;
#11631 = EDGE_CURVE ( 'NONE', #4734, #6195, #213, .T. ) ;
#11632 = CARTESIAN_POINT ( 'NONE',  ( 39.95000000000000284, -7.005348250362779972, -27.02444271472185022 ) ) ;
#11633 = VECTOR ( 'NONE', #10378, 1000.000000000000000 ) ;
#11634 = CARTESIAN_POINT ( 'NONE',  ( -37.75000000000000000, -8.005348250362779083, -27.44999999999999929 ) ) ;
#11635 = DIRECTION ( 'NONE',  ( 0.000000000000000000, 1.000000000000000000, 0.000000000000000000 ) ) ;
#11636 = DIRECTION ( 'NONE',  ( -1.000000000000000000, 0.000000000000000000, -1.492235248152091785E-16 ) ) ;
#11637 = CARTESIAN_POINT ( 'NONE',  ( -25.55000000000000071, -17.50534825036275066, 27.25000000000000000 ) ) ;
#11638 = EDGE_LOOP ( 'NONE', ( #322, #2028 ) ) ;
#11639 = DIRECTION ( 'NONE',  ( 1.000000000000000000, 0.000000000000000000, 1.492235248152091785E-16 ) ) ;
#11640 = CARTESIAN_POINT ( 'NONE',  ( 21.94999999999999929, -17.50534825036275066, 20.75000000000000000 ) ) ;
#11641 = AXIS2_PLACEMENT_3D ( 'NONE', #8614, #7767, #9632 ) ;
#11642 = CARTESIAN_POINT ( 'NONE',  ( -39.88349853401835077, -7.005348250362779972, 32.41974689511465613 ) ) ;
#11643 = ORIENTED_EDGE ( 'NONE', *, *, #2888, .T. ) ;
#11644 = DIRECTION ( 'NONE',  ( 0.000000000000000000, -1.000000000000000000, 0.000000000000000000 ) ) ;
#11645 = AXIS2_PLACEMENT_3D ( 'NONE', #365, #3936, #4168 ) ;
#11646 = CARTESIAN_POINT ( 'NONE',  ( -42.95000000000000284, -13.50220958978423980, 5.905549808440929915 ) ) ;
#11647 = CARTESIAN_POINT ( 'NONE',  ( -42.95000000000000284, -13.35186151901900153, -7.767912975365759642 ) ) ;
#11648 = VECTOR ( 'NONE', #3453, 1000.000000000000114 ) ;
#11649 = CARTESIAN_POINT ( 'NONE',  ( 40.95000000000000284, -6.005348250362779972, 32.36774468787584880 ) ) ;
#11650 = DIRECTION ( 'NONE',  ( 0.000000000000000000, -1.000000000000000000, 0.000000000000000000 ) ) ;
#11651 = LINE ( 'NONE', #10750, #1737 ) ;
#11652 = FACE_BOUND ( 'NONE', #3411, .T. ) ;
#11653 = CARTESIAN_POINT ( 'NONE',  ( -39.64734104653214075, -16.73338455849556894, -33.92211730525440316 ) ) ;
#11654 = ORIENTED_EDGE ( 'NONE', *, *, #5190, .T. ) ;
#11655 = VERTEX_POINT ( 'NONE', #5831 ) ;
#11656 = ORIENTED_EDGE ( 'NONE', *, *, #301, .F. ) ;
#11657 = CARTESIAN_POINT ( 'NONE',  ( -39.95000000000000284, -17.04862882735370277, -28.02444271472189996 ) ) ;
#11658 = ORIENTED_EDGE ( 'NONE', *, *, #4298, .F. ) ;
#11659 = EDGE_LOOP ( 'NONE', ( #11491, #10580, #3195, #3203 ) ) ;
#11660 = AXIS2_PLACEMENT_3D ( 'NONE', #228, #4510, #8338 ) ;
#11661 = ADVANCED_FACE ( 'NONE', ( #2140 ), #1735, .T. ) ;
#11662 = CARTESIAN_POINT ( 'NONE',  ( -40.95000000000000284, -6.836008817989620567, 34.44474033895004794 ) ) ;
#11663 = CARTESIAN_POINT ( 'NONE',  ( -28.25000000000000000, -17.50534825036275066, 22.84999999999999787 ) ) ;
#11664 = CARTESIAN_POINT ( 'NONE',  ( 18.62963360958150005, -20.00534825036275066, -25.94999999999999929 ) ) ;
#11665 = DIRECTION ( 'NONE',  ( 1.000000000000000000, 0.000000000000000000, 0.000000000000000000 ) ) ;
#11666 = EDGE_LOOP ( 'NONE', ( #7428, #6307 ) ) ;
#11667 = DIRECTION ( 'NONE',  ( -7.001322103090887394E-17, 0.9083415329249426851, -0.4182291950158013027 ) ) ;
#11668 = CIRCLE ( 'NONE', #3288, 3.500000000000003109 ) ;
#11669 = AXIS2_PLACEMENT_3D ( 'NONE', #4117, #4177, #5023 ) ;
#11670 = VERTEX_POINT ( 'NONE', #3094 ) ;
#11671 = ADVANCED_FACE ( 'NONE', ( #9542 ), #11198, .F. ) ;
#11672 = CARTESIAN_POINT ( 'NONE',  ( -41.95000000000000284, -19.50534825036275066, -41.45000000000000284 ) ) ;
#11673 = DIRECTION ( 'NONE',  ( 7.001322103090877533E-17, -0.9083415329249426851, 0.4182291950158013027 ) ) ;
#11674 = AXIS2_PLACEMENT_3D ( 'NONE', #2529, #11665, #8868 ) ;
#11675 = CARTESIAN_POINT ( 'NONE',  ( 26.47274096122719911, -19.49979616417344985, -42.05587177923958109 ) ) ;
#11676 = AXIS2_PLACEMENT_3D ( 'NONE', #8009, #9915, #844 ) ;
#11677 = CARTESIAN_POINT ( 'NONE',  ( 26.45000000000000284, -9.005348250362779083, 40.95000000000000284 ) ) ;
#11678 = DIRECTION ( 'NONE',  ( 0.000000000000000000, -1.000000000000000000, 0.000000000000000000 ) ) ;
#11679 = LINE ( 'NONE', #6004, #2705 ) ;
#11680 = EDGE_CURVE ( 'NONE', #4825, #7838, #10486, .T. ) ;
#11681 = ORIENTED_EDGE ( 'NONE', *, *, #5665, .T. ) ;
#11682 = DIRECTION ( 'NONE',  ( 0.000000000000000000, -1.000000000000000000, 0.000000000000000000 ) ) ;
#11683 = VERTEX_POINT ( 'NONE', #6670 ) ;
#11684 = ADVANCED_FACE ( 'NONE', ( #4930 ), #5001, .F. ) ;
#11685 = CARTESIAN_POINT ( 'NONE',  ( 39.95000000000000284, -6.005348250362779972, 32.13743420870385137 ) ) ;
#11686 = CARTESIAN_POINT ( 'NONE',  ( -40.95000000000000284, -7.236041226059480636, 27.19419778189069703 ) ) ;
#11687 = CIRCLE ( 'NONE', #7309, 1.000000000000000888 ) ;
#11688 = VECTOR ( 'NONE', #10488, 1000.000000000000114 ) ;
#11689 = EDGE_CURVE ( 'NONE', #3127, #1664, #9426, .T. ) ;
#11690 = AXIS2_PLACEMENT_3D ( 'NONE', #5169, #472, #7927 ) ;
#11691 = DIRECTION ( 'NONE',  ( 0.000000000000000000, -1.000000000000000000, 0.000000000000000000 ) ) ;
#11692 = DIRECTION ( 'NONE',  ( -1.674039542559039894E-16, 0.000000000000000000, -1.000000000000000000 ) ) ;
#11693 = AXIS2_PLACEMENT_3D ( 'NONE', #2623, #9916, #10863 ) ;
#11694 = DIRECTION ( 'NONE',  ( 0.000000000000000000, -1.000000000000000000, 0.000000000000000000 ) ) ;
#11695 = EDGE_CURVE ( 'NONE', #3810, #7296, #1240, .T. ) ;
#11696 = ORIENTED_EDGE ( 'NONE', *, *, #881, .F. ) ;
#11697 = CARTESIAN_POINT ( 'NONE',  ( 40.94999999999990337, -8.005348250362779083, -33.16879324820069996 ) ) ;
#11698 = CARTESIAN_POINT ( 'NONE',  ( 11.07298378334004596, -19.50202183537368228, -41.86847582812579560 ) ) ;
#11699 = CARTESIAN_POINT ( 'NONE',  ( 11.09075341392355796, -19.50070448390809830, -41.85368584660084679 ) ) ;
#11700 = VERTEX_POINT ( 'NONE', #415 ) ;
#11701 = CARTESIAN_POINT ( 'NONE',  ( -25.55000000000000071, -17.50534825036275066, 29.94999999999999929 ) ) ;
#11702 = ORIENTED_EDGE ( 'NONE', *, *, #11067, .T. ) ;
#11703 = DIRECTION ( 'NONE',  ( 1.000000000000000000, 0.000000000000000000, 0.000000000000000000 ) ) ;
#11704 = CARTESIAN_POINT ( 'NONE',  ( 39.46111111413579664, -7.925270358654119995, 27.89678877981215166 ) ) ;
#11705 = AXIS2_PLACEMENT_3D ( 'NONE', #1122, #946, #1013 ) ;
#11706 = CARTESIAN_POINT ( 'NONE',  ( 4.450745019243995237, -12.50534825036277908, 42.95000000000000284 ) ) ;
#11707 = PLANE ( 'NONE',  #4380 ) ;
#11708 = DIRECTION ( 'NONE',  ( 0.000000000000000000, 0.000000000000000000, -1.000000000000000000 ) ) ;
#11709 = ADVANCED_FACE ( 'NONE', ( #7696 ), #7660, .F. ) ;
#11710 = FACE_BOUND ( 'NONE', #8271, .T. ) ;
#11711 = CYLINDRICAL_SURFACE ( 'NONE', #9800, 3.500000000000003109 ) ;
#11712 = ORIENTED_EDGE ( 'NONE', *, *, #2975, .T. ) ;
#11713 = ORIENTED_EDGE ( 'NONE', *, *, #9480, .T. ) ;
#11714 = CARTESIAN_POINT ( 'NONE',  ( -25.55000000000000071, -17.50534825036275066, 28.25000000000000000 ) ) ;
#11715 = ORIENTED_EDGE ( 'NONE', *, *, #10740, .T. ) ;
#11716 = CARTESIAN_POINT ( 'NONE',  ( -41.45000000000000284, -18.50534825036275421, 41.45000000000000284 ) ) ;
#11717 = ORIENTED_EDGE ( 'NONE', *, *, #11603, .T. ) ;
#11718 = ADVANCED_FACE ( 'NONE', ( #478 ), #2553, .T. ) ;
#11719 = CARTESIAN_POINT ( 'NONE',  ( -40.94999999999993179, -7.413187704329557981, 32.99906065233092534 ) ) ;
#11720 = LINE ( 'NONE', #9926, #10522 ) ;
#11721 = DIRECTION ( 'NONE',  ( 0.000000000000000000, -1.000000000000000000, 0.000000000000000000 ) ) ;
#11722 = FACE_BOUND ( 'NONE', #3360, .T. ) ;
#11723 = VERTEX_POINT ( 'NONE', #659 ) ;
#11724 = CARTESIAN_POINT ( 'NONE',  ( 42.95000000000000284, -13.35186151901900153, 13.23208702463421993 ) ) ;
#11725 = EDGE_CURVE ( 'NONE', #9375, #10185, #8941, .T. ) ;
#11726 = ORIENTED_EDGE ( 'NONE', *, *, #10187, .F. ) ;
#11727 = CARTESIAN_POINT ( 'NONE',  ( 9.947561926715531300, -19.70816229384466212, -41.77273889518279049 ) ) ;
#11728 = CARTESIAN_POINT ( 'NONE',  ( -42.95000000000000284, -18.50534825036275421, 41.45000000000000284 ) ) ;
#11729 = ORIENTED_EDGE ( 'NONE', *, *, #3313, .F. ) ;
#11730 = EDGE_LOOP ( 'NONE', ( #3898, #4946, #4702, #3629 ) ) ;
#11731 = EDGE_CURVE ( 'NONE', #4224, #240, #7932, .T. ) ;
#11732 = DIRECTION ( 'NONE',  ( 0.000000000000000000, -1.000000000000000000, 0.000000000000000000 ) ) ;
#11733 = CYLINDRICAL_SURFACE ( 'NONE', #2315, 0.3594872681224082767 ) ;
#11734 = DIRECTION ( 'NONE',  ( 0.000000000000000000, -1.000000000000000000, 0.000000000000000000 ) ) ;
#11735 = EDGE_LOOP ( 'NONE', ( #3638, #4634, #5776, #4976 ) ) ;
#11736 = DIRECTION ( 'NONE',  ( 0.000000000000000000, 0.000000000000000000, 1.000000000000000000 ) ) ;
#11737 = ORIENTED_EDGE ( 'NONE', *, *, #3707, .T. ) ;
#11738 = CARTESIAN_POINT ( 'NONE',  ( -39.60888837482379898, -7.174207604926520432, -28.51802659721355226 ) ) ;
#11739 = CARTESIAN_POINT ( 'NONE',  ( -40.95000000000000284, -6.343180952845919762, 28.07309985272129893 ) ) ;
#11740 = DIRECTION ( 'NONE',  ( 0.000000000000000000, -1.000000000000000000, 0.000000000000000000 ) ) ;
#11741 = CARTESIAN_POINT ( 'NONE',  ( -40.95000000000000284, -7.844848116524460124, -34.87555728527809151 ) ) ;
#11742 = DIRECTION ( 'NONE',  ( -1.334402673828311860E-16, 0.000000000000000000, -1.000000000000000000 ) ) ;
#11743 = CARTESIAN_POINT ( 'NONE',  ( -37.75000000000000000, -19.00534825036275421, -28.85000000000000142 ) ) ;
#11744 = EDGE_LOOP ( 'NONE', ( #8884, #1976, #9702, #8652 ) ) ;
#11745 = CARTESIAN_POINT ( 'NONE',  ( 39.71666965375894875, -7.061322562860270047, -32.99382386298140091 ) ) ;
#11746 = CARTESIAN_POINT ( 'NONE',  ( 10.87042408135579485, -19.50328361815265055, -42.01440793490003500 ) ) ;
#11747 = ORIENTED_EDGE ( 'NONE', *, *, #1884, .T. ) ;
#11748 = CARTESIAN_POINT ( 'NONE',  ( 10.46159411227643865, -19.66051713550099933, -41.84289829815814699 ) ) ;
#11749 = ORIENTED_EDGE ( 'NONE', *, *, #4850, .T. ) ;
#11750 = PLANE ( 'NONE',  #3265 ) ;
#11751 = EDGE_CURVE ( 'NONE', #8912, #10277, #4214, .T. ) ;
#11752 = CARTESIAN_POINT ( 'NONE',  ( 18.84999999999999787, -16.51385150205409857, 0.000000000000000000 ) ) ;
#11753 = ORIENTED_EDGE ( 'NONE', *, *, #4518, .F. ) ;
#11754 = EDGE_CURVE ( 'NONE', #6195, #4734, #1924, .T. ) ;
#11755 = CYLINDRICAL_SURFACE ( 'NONE', #8064, 1.000000000000000888 ) ;
#11756 = CYLINDRICAL_SURFACE ( 'NONE', #7072, 0.3594872681224082767 ) ;
#11757 = ADVANCED_FACE ( 'NONE', ( #5174 ), #10782, .F. ) ;
#11758 = FACE_OUTER_BOUND ( 'NONE', #9260, .T. ) ;
#11759 = CARTESIAN_POINT ( 'NONE',  ( 40.76262350019269576, -17.50534825036275066, -34.29276826090094943 ) ) ;
#11760 = CARTESIAN_POINT ( 'NONE',  ( -40.06113218787692887, -17.14718896918921587, 28.01825329563097711 ) ) ;
#11761 = CARTESIAN_POINT ( 'NONE',  ( 21.94999999999999929, -12.30534825036276025, 20.75000000000000000 ) ) ;
#11762 = ORIENTED_EDGE ( 'NONE', *, *, #160, .T. ) ;
#11763 = VERTEX_POINT ( 'NONE', #2490 ) ;
#11764 = CARTESIAN_POINT ( 'NONE',  ( 40.94999999999993889, -7.005348250362778195, -29.76256579129609747 ) ) ;
#11765 = ORIENTED_EDGE ( 'NONE', *, *, #5919, .T. ) ;
#11766 = CARTESIAN_POINT ( 'NONE',  ( -40.24422740955529321, -17.29558016224833494, -27.98988895256947629 ) ) ;
#11767 = EDGE_CURVE ( 'NONE', #3477, #10223, #5284, .T. ) ;
#11768 = CARTESIAN_POINT ( 'NONE',  ( 11.23171783727470441, -19.50534825036274711, -41.73818920458073478 ) ) ;
#11769 = DIRECTION ( 'NONE',  ( 0.000000000000000000, -1.000000000000000000, 0.000000000000000000 ) ) ;
#11770 = DIRECTION ( 'NONE',  ( 0.000000000000000000, 0.000000000000000000, -1.000000000000000000 ) ) ;
#11771 = FACE_OUTER_BOUND ( 'NONE', #4465, .T. ) ;
#11772 = VERTEX_POINT ( 'NONE', #4393 ) ;
#11773 = DIRECTION ( 'NONE',  ( -1.520599644265049319E-16, -0.4182291950158018023, -0.9083415329249425740 ) ) ;
#11774 = ORIENTED_EDGE ( 'NONE', *, *, #2163, .F. ) ;
#11775 = CARTESIAN_POINT ( 'NONE',  ( 42.95000000000000284, -6.812339080949070258, -4.174678339511975089 ) ) ;
#11776 = DIRECTION ( 'NONE',  ( 0.000000000000000000, -1.000000000000000000, 0.000000000000000000 ) ) ;
#11777 = CIRCLE ( 'NONE', #6456, 2.099999999999997868 ) ;
#11778 = ORIENTED_EDGE ( 'NONE', *, *, #9384, .T. ) ;
#11779 = ORIENTED_EDGE ( 'NONE', *, *, #912, .T. ) ;
#11780 = CIRCLE ( 'NONE', #8930, 1.000000000000000888 ) ;
#11781 = CARTESIAN_POINT ( 'NONE',  ( 10.13092351741046038, -20.43153078069374828, -40.77428511986504844 ) ) ;
#11782 = CARTESIAN_POINT ( 'NONE',  ( 39.78334712982196919, -16.88677259738899394, -28.01502933575087084 ) ) ;
#11783 = DIRECTION ( 'NONE',  ( 0.000000000000000000, 0.000000000000000000, 1.000000000000000000 ) ) ;
#11784 = VERTEX_POINT ( 'NONE', #763 ) ;
#11785 = DIRECTION ( 'NONE',  ( -1.000000000000000000, 0.000000000000000000, 0.000000000000000000 ) ) ;
#11786 = ORIENTED_EDGE ( 'NONE', *, *, #1856, .F. ) ;
#11787 = CARTESIAN_POINT ( 'NONE',  ( 39.95000000000000284, -7.005348250362779972, -32.13743420870390111 ) ) ;
#11788 = DIRECTION ( 'NONE',  ( 0.000000000000000000, 0.000000000000000000, 1.000000000000000000 ) ) ;
#11789 = VECTOR ( 'NONE', #7244, 1000.000000000000000 ) ;
#11790 = CIRCLE ( 'NONE', #10652, 0.3594872681224065558 ) ;
#11791 = CARTESIAN_POINT ( 'NONE',  ( 40.76262350019274550, -17.50534825036275066, 34.29276826090094943 ) ) ;
#11792 = CYLINDRICAL_SURFACE ( 'NONE', #4176, 1.000000000000000888 ) ;
#11793 = EDGE_CURVE ( 'NONE', #8414, #4570, #708, .T. ) ;
#11794 = ORIENTED_EDGE ( 'NONE', *, *, #10649, .F. ) ;
#11795 = CARTESIAN_POINT ( 'NONE',  ( 41.45000000000000284, -19.50534825036275066, 41.45000000000000284 ) ) ;
#11796 = FACE_OUTER_BOUND ( 'NONE', #7958, .T. ) ;
#11797 = VECTOR ( 'NONE', #5395, 1000.000000000000000 ) ;
#11798 = ORIENTED_EDGE ( 'NONE', *, *, #1557, .F. ) ;
#11799 = FACE_BOUND ( 'NONE', #6937, .T. ) ;
#11800 = CARTESIAN_POINT ( 'NONE',  ( 37.75000000000000000, -7.005348250362779972, -27.44999999999999929 ) ) ;
#11801 = EDGE_LOOP ( 'NONE', ( #10368, #5506 ) ) ;
#11802 = ADVANCED_FACE ( 'NONE', ( #2376 ), #7097, .F. ) ;
#11803 = CARTESIAN_POINT ( 'NONE',  ( 10.80706166912941235, -19.50894955484008975, -41.86040595701031464 ) ) ;
#11804 = VERTEX_POINT ( 'NONE', #1477 ) ;
#11805 = AXIS2_PLACEMENT_3D ( 'NONE', #2059, #11187, #3011 ) ;
#11806 = EDGE_CURVE ( 'NONE', #3970, #11158, #10704, .T. ) ;
#11807 = DIRECTION ( 'NONE',  ( 0.000000000000000000, 0.000000000000000000, 1.000000000000000000 ) ) ;
#11808 = ORIENTED_EDGE ( 'NONE', *, *, #8370, .F. ) ;
ENDSEC;
END-ISO-10303-21;
